STATE;STATENAME;ST_CASE;VE_TOTAL;VE_FORMS;PVH_INVL;PEDS;PERSONS;PERMVIT;PERNOTMVIT;COUNTY;COUNTYNAME;CITY;CITYNAME;DAY;DAYNAME;MONTH;MONTHNAME;YEAR;DAY_WEEK;DAY_WEEKNAME;HOUR;HOURNAME;MINUTE;MINUTENAME;NHS;NHSNAME;ROUTE;ROUTENAME;TWAY_ID;TWAY_ID2;RUR_URB;RUR_URBNAME;FUNC_SYS;FUNC_SYSNAME;RD_OWNER;RD_OWNERNAME;MILEPT;MILEPTNAME;LATITUDE;LATITUDENAME;LONGITUD;LONGITUDNAME;SP_JUR;SP_JURNAME;HARM_EV;HARM_EVNAME;MAN_COLL;MAN_COLLNAME;RELJCT1;RELJCT1NAME;RELJCT2;RELJCT2NAME;TYP_INT;TYP_INTNAME;WRK_ZONE;WRK_ZONENAME;REL_ROAD;REL_ROADNAME;LGT_COND;LGT_CONDNAME;WEATHER1;WEATHER1NAME;WEATHER2;WEATHER2NAME;WEATHER;WEATHERNAME;SCH_BUS;SCH_BUSNAME;RAIL;RAILNAME;NOT_HOUR;NOT_HOURNAME;NOT_MIN;NOT_MINNAME;ARR_HOUR;ARR_HOURNAME;ARR_MIN;ARR_MINNAME;HOSP_HR;HOSP_HRNAME;HOSP_MN;HOSP_MNNAME;CF1;CF1NAME;CF2;CF2NAME;CF3;CF3NAME;FATALS;DRUNK_DR
4;Arizona;40074;1;1;0;0;1;1;0;13;MARICOPA (13);370;PHOENIX;26;26;1;January;2019;7;Saturday;8;8:00am-8:59am;38;38;0;This section IS NOT on the NHS;6;Local Street - Municipality;CORONA AVE;25TH ST;2;Urban;7;Local;4;City or Municipal Highway Agency;0;None;33.40602222;33.40602222;-112.0269194;-112.02691944;0;No Special Jurisdiction;33;Curb;0;The First Harmful Event was Not a Collision with a Motor Vehicle in Transport;0;No;3;Intersection-Related;3;T-Intersection;0;None;4;On Roadside;3;Dark - Lighted;1;Clear;0;No Additional Atmospheric Conditions;1;Clear;0;No;0;Not Applicable;99;Unknown;99;Unknown;99;Unknown EMS Scene Arrival Hour;99;Unknown EMS Scene Arrival Minutes;88;Not Applicable (Not Transported);88;Not Applicable (Not Transported);0;None;0;None;0;None;1;1
4;Arizona;40075;2;2;0;0;2;2;0;13;MARICOPA (13);370;PHOENIX;27;27;1;January;2019;1;Sunday;12;12:00pm-12:59pm;38;38;0;This section IS NOT on the NHS;6;Local Street - Municipality;VIRGINIA AVE;65TH AVE;2;Urban;99;Unknown;4;City or Municipal Highway Agency;0;None;33.47697778;33.47697778;-112.1994333;-112.19943333;0;No Special Jurisdiction;12;Motor Vehicle In-Transport;6;Angle;0;No;3;Intersection-Related;3;T-Intersection;0;None;1;On Roadway;1;Daylight;1;Clear;0;No Additional Atmospheric Conditions;1;Clear;0;No;0;Not Applicable;12;12:00pm-12:59pm;38;38;12;12:00pm-12:59pm;43;43;13;1:00pm-1:59pm;6;6;0;None;0;None;0;None;1;0
4;Arizona;40076;2;2;0;0;2;2;0;13;MARICOPA (13);370;PHOENIX;29;29;1;January;2019;3;Tuesday;1;1:00am-1:59am;40;40;0;This section IS NOT on the NHS;6;Local Street - Municipality;GREENWAY RD;36TH AVE;2;Urban;6;Minor Collector;4;City or Municipal Highway Agency;0;None;33.62513611;33.62513611;-112.1359;-112.1359;0;No Special Jurisdiction;12;Motor Vehicle In-Transport;6;Angle;0;No;2;Intersection;3;T-Intersection;0;None;1;On Roadway;3;Dark - Lighted;1;Clear;0;No Additional Atmospheric Conditions;1;Clear;0;No;0;Not Applicable;1;1:00am-1:59am;41;41;1;1:00am-1:59am;44;44;1;1:00am-1:59am;55;55;0;None;0;None;0;None;1;1
4;Arizona;40086;2;2;0;0;2;2;0;21;PINAL (21);297;MARICOPA WELLS;7;7;2;February;2019;5;Thursday;18;6:00pm-6:59pm;4;4;0;This section IS NOT on the NHS;3;State Highway;SR-238 MARICOPA CASA GRANDE HY;MARICOPA GROVES PKWY;1;Rural;4;Minor Arterial;4;City or Municipal Highway Agency;0;None;33.04979444;33.04979444;-112.0359444;-112.03594444;0;No Special Jurisdiction;12;Motor Vehicle In-Transport;2;Front-to-Front;0;No;2;Intersection;3;T-Intersection;0;None;1;On Roadway;1;Daylight;1;Clear;0;No Additional Atmospheric Conditions;1;Clear;0;No;0;Not Applicable;18;6:00pm-6:59pm;4;4;18;6:00pm-6:59pm;11;11;99;Unknown;99;Unknown EMS Hospital Arrival Time;0;None;0;None;0;None;1;0
4;Arizona;40106;2;2;0;0;2;2;0;13;MARICOPA (13);368;PEORIA;19;19;2;February;2019;3;Tuesday;16;4:00pm-4:59pm;0;0;1;This section IS ON the NHS;2;U.S. Highway;US-60 W GRAND AVE;N 87TH AVE;2;Urban;3;Principal Arterial - Other;1;State Highway Agency;0;None;33.58793333;33.58793333;-112.2454556;-112.24545556;0;No Special Jurisdiction;12;Motor Vehicle In-Transport;6;Angle;0;No;2;Intersection;3;T-Intersection;0;None;1;On Roadway;3;Dark - Lighted;1;Clear;0;No Additional Atmospheric Conditions;1;Clear;0;No;0;Not Applicable;99;Unknown;99;Unknown;99;Unknown EMS Scene Arrival Hour;99;Unknown EMS Scene Arrival Minutes;99;Unknown;99;Unknown EMS Hospital Arrival Time;0;None;0;None;0;None;1;0
4;Arizona;40118;1;1;0;1;2;2;1;19;PIMA (19);530;TUCSON;28;28;2;February;2019;5;Thursday;7;7:00am-7:59am;34;34;0;This section IS NOT on the NHS;6;Local Street - Municipality;W SILVERLAKE RD W 29TH ST;S COTTONWOOD LN;2;Urban;4;Minor Arterial;4;City or Municipal Highway Agency;0;None;32.19956389;32.19956389;-110.99035;-110.99035;0;No Special Jurisdiction;8;Pedestrian;0;The First Harmful Event was Not a Collision with a Motor Vehicle in Transport;0;No;3;Intersection-Related;3;T-Intersection;0;None;1;On Roadway;1;Daylight;1;Clear;0;No Additional Atmospheric Conditions;1;Clear;0;No;0;Not Applicable;7;7:00am-7:59am;34;34;7;7:00am-7:59am;40;40;8;8:00am-8:59am;0;0;0;None;0;None;0;None;1;0
4;Arizona;40120;2;2;0;0;4;4;0;21;PINAL (21);0;NOT APPLICABLE;1;1;3;March;2019;6;Friday;12;12:00pm-12:59pm;40;40;0;This section IS NOT on the NHS;3;State Highway;SR-87;W BLACKWATER SCHOOL RD;1;Rural;4;Minor Arterial;1;State Highway Agency;1423;1423;33.02924167;33.02924167;-111.6463167;-111.64631667;3;Indian Reservation;12;Motor Vehicle In-Transport;6;Angle;0;No;2;Intersection;3;T-Intersection;0;None;1;On Roadway;1;Daylight;1;Clear;0;No Additional Atmospheric Conditions;1;Clear;0;No;0;Not Applicable;12;12:00pm-12:59pm;40;40;12;12:00pm-12:59pm;45;45;99;Unknown;99;Unknown EMS Hospital Arrival Time;0;None;0;None;0;None;1;0
4;Arizona;40121;2;2;0;0;2;2;0;13;MARICOPA (13);290;MESA;1;1;3;March;2019;6;Friday;18;6:00pm-6:59pm;1;1;1;This section IS ON the NHS;6;Local Street - Municipality;N POWER RD;E DALLAS ST;2;Urban;3;Principal Arterial - Other;4;City or Municipal Highway Agency;0;None;33.42831667;33.42831667;-111.6844333;-111.68443333;0;No Special Jurisdiction;12;Motor Vehicle In-Transport;6;Angle;0;No;2;Intersection;3;T-Intersection;0;None;1;On Roadway;5;Dusk;1;Clear;0;No Additional Atmospheric Conditions;1;Clear;0;No;0;Not Applicable;99;Unknown;99;Unknown;99;Unknown EMS Scene Arrival Hour;99;Unknown EMS Scene Arrival Minutes;99;Unknown;99;Unknown EMS Hospital Arrival Time;0;None;0;None;0;None;1;1
4;Arizona;40155;1;1;0;1;1;1;1;19;PIMA (19);530;TUCSON;26;26;3;March;2019;3;Tuesday;21;9:00pm-9:59pm;57;57;0;This section IS NOT on the NHS;6;Local Street - Municipality;PIMA ST E;ROOK AVE N;2;Urban;4;Minor Arterial;4;City or Municipal Highway Agency;0;None;32.24335556;32.24335556;-110.8601861;-110.86018611;0;No Special Jurisdiction;8;Pedestrian;0;The First Harmful Event was Not a Collision with a Motor Vehicle in Transport;0;No;3;Intersection-Related;3;T-Intersection;0;None;1;On Roadway;3;Dark - Lighted;1;Clear;0;No Additional Atmospheric Conditions;1;Clear;0;No;0;Not Applicable;21;9:00pm-9:59pm;57;57;22;10:00pm-10:59pm;1;1;22;10:00pm-10:59pm;30;30;0;None;0;None;0;None;1;0
4;Arizona;40158;1;1;0;1;1;1;1;19;PIMA (19);530;TUCSON;27;27;3;March;2019;4;Wednesday;21;9:00pm-9:59pm;31;31;0;This section IS NOT on the NHS;6;Local Street - Municipality;12TH AVE;CALLE RAMONA;2;Urban;4;Minor Arterial;4;City or Municipal Highway Agency;0;None;32.14628611;32.14628611;-110.9776306;-110.97763056;0;No Special Jurisdiction;8;Pedestrian;0;The First Harmful Event was Not a Collision with a Motor Vehicle in Transport;0;No;3;Intersection-Related;3;T-Intersection;0;None;1;On Roadway;3;Dark - Lighted;1;Clear;0;No Additional Atmospheric Conditions;1;Clear;0;No;0;Not Applicable;21;9:00pm-9:59pm;33;33;21;9:00pm-9:59pm;37;37;22;10:00pm-10:59pm;17;17;0;None;0;None;0;None;1;0
4;Arizona;40171;1;1;0;1;1;1;1;13;MARICOPA (13);370;PHOENIX;1;1;2;February;2019;6;Friday;5;5:00am-5:59am;56;56;0;This section IS NOT on the NHS;6;Local Street - Municipality;MCDOWELL RD;48TH AVE;2;Urban;4;Minor Arterial;4;City or Municipal Highway Agency;0;None;33.46602222;33.46602222;-112.1615417;-112.16154167;0;No Special Jurisdiction;8;Pedestrian;0;The First Harmful Event was Not a Collision with a Motor Vehicle in Transport;0;No;3;Intersection-Related;3;T-Intersection;0;None;1;On Roadway;3;Dark - Lighted;1;Clear;0;No Additional Atmospheric Conditions;1;Clear;0;No;0;Not Applicable;5;5:00am-5:59am;56;56;6;6:00am-6:59am;1;1;88;Not Applicable (Not Transported);88;Not Applicable (Not Transported);0;None;0;None;0;None;1;0
4;Arizona;40175;1;1;0;1;1;1;1;13;MARICOPA (13);200;GLENDALE;4;4;2;February;2019;2;Monday;18;6:00pm-6:59pm;45;45;0;This section IS NOT on the NHS;6;Local Street - Municipality;MISSOURI AVE;71ST AVE;2;Urban;99;Unknown;4;City or Municipal Highway Agency;0;None;33.51642222;33.51642222;-112.2114;-112.2114;0;No Special Jurisdiction;8;Pedestrian;0;The First Harmful Event was Not a Collision with a Motor Vehicle in Transport;0;No;3;Intersection-Related;3;T-Intersection;0;None;1;On Roadway;8;Not Reported;98;Not Reported;0;No Additional Atmospheric Conditions;98;Not Reported;0;No;0;Not Applicable;99;Unknown;99;Unknown;99;Unknown EMS Scene Arrival Hour;99;Unknown EMS Scene Arrival Minutes;99;Unknown;99;Unknown EMS Hospital Arrival Time;0;None;0;None;0;None;1;0
4;Arizona;40213;3;3;0;0;6;6;0;13;MARICOPA (13);370;PHOENIX;15;15;3;March;2019;6;Friday;16;4:00pm-4:59pm;16;16;0;This section IS NOT on the NHS;6;Local Street - Municipality;BROADWAY;63RD AVE;2;Urban;4;Minor Arterial;4;City or Municipal Highway Agency;0;None;33.40827778;33.40827778;-112.1953694;-112.19536944;0;No Special Jurisdiction;12;Motor Vehicle In-Transport;6;Angle;0;No;2;Intersection;3;T-Intersection;0;None;1;On Roadway;1;Daylight;1;Clear;0;No Additional Atmospheric Conditions;1;Clear;0;No;0;Not Applicable;16;4:00pm-4:59pm;16;16;16;4:00pm-4:59pm;21;21;16;4:00pm-4:59pm;52;52;14;Motor Vehicle struck by falling cargo,or something that came loose from or something that was set in motion by a vehicle;0;None;0;None;1;0
4;Arizona;40216;1;1;0;1;1;1;1;3;COCHISE (3);431;SIERRA VISTA;20;20;3;March;2019;4;Wednesday;22;10:00pm-10:59pm;30;30;1;This section IS ON the NHS;3;State Highway;SR-90;RAINBOW WAY;2;Urban;3;Principal Arterial - Other;1;State Highway Agency;0;None;31.55461944;31.55461944;-110.2441389;-110.24413889;0;No Special Jurisdiction;8;Pedestrian;0;The First Harmful Event was Not a Collision with a Motor Vehicle in Transport;0;No;3;Intersection-Related;3;T-Intersection;0;None;1;On Roadway;3;Dark - Lighted;1;Clear;0;No Additional Atmospheric Conditions;1;Clear;0;No;0;Not Applicable;99;Unknown;99;Unknown;99;Unknown EMS Scene Arrival Hour;99;Unknown EMS Scene Arrival Minutes;88;Not Applicable (Not Transported);88;Not Applicable (Not Transported);0;None;0;None;0;None;1;0
4;Arizona;40241;3;3;0;0;7;7;0;13;MARICOPA (13);420;SCOTTSDALE;7;7;4;April;2019;1;Sunday;13;1:00pm-1:59pm;54;54;0;This section IS NOT on the NHS;6;Local Street - Municipality;HAYDEN RD;SR-101 EXIT RAMP;2;Urban;4;Minor Arterial;1;State Highway Agency;154;154;33.65511667;33.65511667;-111.9078417;-111.90784167;0;No Special Jurisdiction;33;Curb;0;The First Harmful Event was Not a Collision with a Motor Vehicle in Transport;1;Yes;3;Intersection-Related;3;T-Intersection;0;None;4;On Roadside;1;Daylight;1;Clear;0;No Additional Atmospheric Conditions;1;Clear;0;No;0;Not Applicable;13;1:00pm-1:59pm;54;54;14;2:00pm-2:59pm;2;2;99;Unknown;99;Unknown EMS Hospital Arrival Time;0;None;0;None;0;None;1;1
4;Arizona;40283;1;1;0;0;1;1;0;21;PINAL (21);70;CASA GRANDE;27;27;4;April;2019;7;Saturday;2;2:00am-2:59am;33;33;0;This section IS NOT on the NHS;6;Local Street - Municipality;PEART RD;RODEO RD;1;Rural;4;Minor Arterial;4;City or Municipal Highway Agency;0;None;32.92366389;32.92366389;-111.72245;-111.72245;0;No Special Jurisdiction;35;Embankment;0;The First Harmful Event was Not a Collision with a Motor Vehicle in Transport;0;No;3;Intersection-Related;3;T-Intersection;0;None;4;On Roadside;2;Dark - Not Lighted;1;Clear;0;No Additional Atmospheric Conditions;1;Clear;0;No;0;Not Applicable;2;2:00am-2:59am;33;33;2;2:00am-2:59am;41;41;88;Not Applicable (Not Transported);88;Not Applicable (Not Transported);0;None;0;None;0;None;1;1
4;Arizona;40302;2;2;0;0;2;2;0;13;MARICOPA (13);370;PHOENIX;20;20;4;April;2019;7;Saturday;6;6:00am-6:59am;13;13;0;This section IS NOT on the NHS;6;Local Street - Municipality;24TH ST;RIVERVIEW DR;2;Urban;3;Principal Arterial - Other;4;City or Municipal Highway Agency;0;None;33.41879444;33.41879444;-112.0300778;-112.03007778;0;No Special Jurisdiction;12;Motor Vehicle In-Transport;6;Angle;0;No;2;Intersection;3;T-Intersection;0;None;1;On Roadway;1;Daylight;1;Clear;0;No Additional Atmospheric Conditions;1;Clear;0;No;0;Not Applicable;6;6:00am-6:59am;15;15;6;6:00am-6:59am;23;23;6;6:00am-6:59am;38;38;0;None;0;None;0;None;1;0
4;Arizona;40306;1;1;0;1;1;1;1;13;MARICOPA (13);370;PHOENIX;26;26;4;April;2019;6;Friday;21;9:00pm-9:59pm;27;27;0;This section IS NOT on the NHS;6;Local Street - Municipality;35TH AVE;VERNON AVE;2;Urban;3;Principal Arterial - Other;4;City or Municipal Highway Agency;0;None;33.47334167;33.47334167;-112.1343778;-112.13437778;0;No Special Jurisdiction;8;Pedestrian;0;The First Harmful Event was Not a Collision with a Motor Vehicle in Transport;0;No;2;Intersection;3;T-Intersection;0;None;1;On Roadway;3;Dark - Lighted;1;Clear;0;No Additional Atmospheric Conditions;1;Clear;0;No;0;Not Applicable;21;9:00pm-9:59pm;29;29;21;9:00pm-9:59pm;37;37;21;9:00pm-9:59pm;52;52;0;None;0;None;0;None;1;1
4;Arizona;40346;3;3;0;0;9;9;0;13;MARICOPA (13);370;PHOENIX;25;25;5;May;2019;7;Saturday;4;4:00am-4:59am;1;1;1;This section IS ON the NHS;6;Local Street - Municipality;7TH AVE;BASELINE RD;2;Urban;3;Principal Arterial - Other;4;City or Municipal Highway Agency;0;None;33.37771667;33.37771667;-112.0833111;-112.08331111;0;No Special Jurisdiction;12;Motor Vehicle In-Transport;2;Front-to-Front;0;No;2;Intersection;3;T-Intersection;0;None;1;On Roadway;3;Dark - Lighted;1;Clear;0;No Additional Atmospheric Conditions;1;Clear;0;No;0;Not Applicable;4;4:00am-4:59am;2;2;4;4:00am-4:59am;8;8;4;4:00am-4:59am;20;20;0;None;0;None;0;None;1;1
4;Arizona;40362;2;1;1;2;1;1;2;19;PIMA (19);530;TUCSON;10;10;6;June;2019;2;Monday;21;9:00pm-9:59pm;50;50;1;This section IS ON the NHS;3;State Highway;SR-77;SIMMONS RD;2;Urban;3;Principal Arterial - Other;1;State Highway Agency;99999;Unknown;32.275175;32.275175;-110.9779861;-110.97798611;0;No Special Jurisdiction;8;Pedestrian;0;The First Harmful Event was Not a Collision with a Motor Vehicle in Transport;0;No;3;Intersection-Related;3;T-Intersection;0;None;4;On Roadside;3;Dark - Lighted;1;Clear;0;No Additional Atmospheric Conditions;1;Clear;0;No;0;Not Applicable;21;9:00pm-9:59pm;50;50;21;9:00pm-9:59pm;55;55;22;10:00pm-10:59pm;11;11;24;Unstabilized Situation Began and All Harmful Events Occurred Off of the Roadway;20;Police Pursuit Involved;0;None;2;0
4;Arizona;40363;2;2;0;0;3;3;0;19;PIMA (19);93;CATALINA;11;11;6;June;2019;3;Tuesday;15;3:00pm-3:59pm;33;33;1;This section IS ON the NHS;3;State Highway;SR-77;GOLDER RANCH DR;2;Urban;3;Principal Arterial - Other;1;State Highway Agency;169;169;32.48163611;32.48163611;-110.9217194;-110.92171944;0;No Special Jurisdiction;12;Motor Vehicle In-Transport;2;Front-to-Front;0;No;2;Intersection;3;T-Intersection;0;None;1;On Roadway;1;Daylight;1;Clear;0;No Additional Atmospheric Conditions;1;Clear;0;No;0;Not Applicable;15;3:00pm-3:59pm;36;36;15;3:00pm-3:59pm;40;40;16;4:00pm-4:59pm;15;15;0;None;0;None;0;None;1;0
4;Arizona;40364;1;1;0;0;1;1;0;13;MARICOPA (13);220;GOODYEAR;11;11;6;June;2019;3;Tuesday;20;8:00pm-8:59pm;40;40;0;This section IS NOT on the NHS;6;Local Street - Municipality;THOMAS RD;144TH AVE;2;Urban;7;Local;4;City or Municipal Highway Agency;0;None;33.47705;33.47705;-112.3674667;-112.36746667;0;No Special Jurisdiction;33;Curb;0;The First Harmful Event was Not a Collision with a Motor Vehicle in Transport;0;No;3;Intersection-Related;3;T-Intersection;0;None;4;On Roadside;3;Dark - Lighted;1;Clear;0;No Additional Atmospheric Conditions;1;Clear;0;No;0;Not Applicable;20;8:00pm-8:59pm;42;42;20;8:00pm-8:59pm;46;46;21;9:00pm-9:59pm;5;5;0;None;0;None;0;None;1;1
4;Arizona;40382;1;1;0;0;2;2;0;13;MARICOPA (13);370;PHOENIX;27;27;6;June;2019;5;Thursday;23;11:00pm-11:59pm;10;10;0;This section IS NOT on the NHS;6;Local Street - Municipality;DURANGO ST;35TH AVE;2;Urban;4;Minor Arterial;4;City or Municipal Highway Agency;0;None;33.42963611;33.42963611;-112.1345861;-112.13458611;0;No Special Jurisdiction;33;Curb;0;The First Harmful Event was Not a Collision with a Motor Vehicle in Transport;0;No;3;Intersection-Related;3;T-Intersection;0;None;4;On Roadside;3;Dark - Lighted;1;Clear;0;No Additional Atmospheric Conditions;1;Clear;0;No;0;Not Applicable;99;Unknown;99;Unknown;99;Unknown EMS Scene Arrival Hour;99;Unknown EMS Scene Arrival Minutes;88;Not Applicable (Not Transported);88;Not Applicable (Not Transported);0;None;0;None;0;None;1;1
4;Arizona;40402;1;1;0;1;1;1;1;13;MARICOPA (13);370;PHOENIX;17;17;5;May;2019;6;Friday;21;9:00pm-9:59pm;0;0;0;This section IS NOT on the NHS;6;Local Street - Municipality;32ND ST;MULBERRY ST;2;Urban;4;Minor Arterial;4;City or Municipal Highway Agency;0;None;33.48686944;33.48686944;-112.0129139;-112.01291389;0;No Special Jurisdiction;8;Pedestrian;0;The First Harmful Event was Not a Collision with a Motor Vehicle in Transport;0;No;3;Intersection-Related;3;T-Intersection;0;None;1;On Roadway;3;Dark - Lighted;1;Clear;0;No Additional Atmospheric Conditions;1;Clear;0;No;0;Not Applicable;21;9:00pm-9:59pm;2;2;21;9:00pm-9:59pm;5;5;88;Not Applicable (Not Transported);88;Not Applicable (Not Transported);0;None;0;None;0;None;1;0
4;Arizona;40427;2;2;0;0;5;5;0;13;MARICOPA (13);510;TOLLESON;13;13;4;April;2019;7;Saturday;16;4:00pm-4:59pm;36;36;0;This section IS NOT on the NHS;4;County Road;CR-MC 85;94TH AVE;2;Urban;3;Principal Arterial - Other;2;County Highway Agency;0;None;33.43580833;33.43580833;-112.2612694;-112.26126944;0;No Special Jurisdiction;12;Motor Vehicle In-Transport;2;Front-to-Front;0;No;3;Intersection-Related;3;T-Intersection;0;None;1;On Roadway;1;Daylight;1;Clear;0;No Additional Atmospheric Conditions;1;Clear;0;No;0;Not Applicable;99;Unknown;99;Unknown;99;Unknown EMS Scene Arrival Hour;99;Unknown EMS Scene Arrival Minutes;99;Unknown;99;Unknown EMS Hospital Arrival Time;0;None;0;None;0;None;1;0
4;Arizona;40432;1;1;0;0;1;1;0;13;MARICOPA (13);0;NOT APPLICABLE;28;28;4;April;2019;1;Sunday;13;1:00pm-1:59pm;5;5;0;This section IS NOT on the NHS;6;Local Street - Municipality;EL GRANADA BLVD;RANGE MULE DRIVE;2;Urban;99;Unknown;99;Unknown;0;None;33.71554722;33.71554722;-112.3467;-112.3467;0;No Special Jurisdiction;42;Tree (Standing Only);0;The First Harmful Event was Not a Collision with a Motor Vehicle in Transport;0;No;3;Intersection-Related;3;T-Intersection;0;None;4;On Roadside;1;Daylight;1;Clear;0;No Additional Atmospheric Conditions;1;Clear;0;No;0;Not Applicable;13;1:00pm-1:59pm;5;5;13;1:00pm-1:59pm;18;18;13;1:00pm-1:59pm;55;55;0;None;0;None;0;None;1;1
4;Arizona;40443;2;2;0;0;5;5;0;13;MARICOPA (13);368;PEORIA;10;10;5;May;2019;6;Friday;17;5:00pm-5:59pm;5;5;0;This section IS NOT on the NHS;6;Local Street - Municipality;LAKE PLEASANT PKWY;WESTWING PKWY;2;Urban;4;Minor Arterial;4;City or Municipal Highway Agency;0;None;33.73822778;33.73822778;-112.2623306;-112.26233056;0;No Special Jurisdiction;12;Motor Vehicle In-Transport;6;Angle;0;No;2;Intersection;3;T-Intersection;0;None;1;On Roadway;1;Daylight;1;Clear;0;No Additional Atmospheric Conditions;1;Clear;0;No;0;Not Applicable;17;5:00pm-5:59pm;5;5;17;5:00pm-5:59pm;12;12;99;Unknown;99;Unknown EMS Hospital Arrival Time;0;None;0;None;0;None;1;0
4;Arizona;40446;2;2;0;0;2;2;0;13;MARICOPA (13);420;SCOTTSDALE;25;25;5;May;2019;7;Saturday;11;11:00am-11:59am;27;27;0;This section IS NOT on the NHS;6;Local Street - Municipality;FRANK LLOYD WRIGHT BLVD;PROMENADE;2;Urban;3;Principal Arterial - Other;4;City or Municipal Highway Agency;0;None;33.63717778;33.63717778;-111.9212306;-111.92123056;0;No Special Jurisdiction;12;Motor Vehicle In-Transport;6;Angle;0;No;2;Intersection;3;T-Intersection;0;None;1;On Roadway;1;Daylight;1;Clear;0;No Additional Atmospheric Conditions;1;Clear;0;No;0;Not Applicable;11;11:00am-11:59am;27;27;11;11:00am-11:59am;36;36;11;11:00am-11:59am;45;45;0;None;0;None;0;None;1;0
4;Arizona;40455;1;1;0;0;1;1;0;13;MARICOPA (13);74;CAVE CREEK;6;6;6;June;2019;5;Thursday;8;8:00am-8:59am;13;13;0;This section IS NOT on the NHS;9;Unknown;CANYON RIDGE NORTH DR;CANYON RIDGE DR;2;Urban;99;Unknown;99;Unknown;0;None;33.81091389;33.81091389;-111.9588528;-111.95885278;0;No Special Jurisdiction;32;Culvert;0;The First Harmful Event was Not a Collision with a Motor Vehicle in Transport;0;No;3;Intersection-Related;3;T-Intersection;0;None;4;On Roadside;1;Daylight;1;Clear;0;No Additional Atmospheric Conditions;1;Clear;0;No;0;Not Applicable;8;8:00am-8:59am;13;13;8;8:00am-8:59am;20;20;99;Unknown;99;Unknown EMS Hospital Arrival Time;0;None;0;None;0;None;1;0
4;Arizona;40515;1;1;0;1;1;1;1;13;MARICOPA (13);370;PHOENIX;29;29;7;July;2019;2;Monday;20;8:00pm-8:59pm;14;14;0;This section IS NOT on the NHS;6;Local Street - Municipality;THOMAS RD;24TH AVE;2;Urban;3;Principal Arterial - Other;4;City or Municipal Highway Agency;0;None;33.48065556;33.48065556;-112.1106611;-112.11066111;0;No Special Jurisdiction;8;Pedestrian;0;The First Harmful Event was Not a Collision with a Motor Vehicle in Transport;0;No;2;Intersection;3;T-Intersection;0;None;1;On Roadway;2;Dark - Not Lighted;1;Clear;0;No Additional Atmospheric Conditions;1;Clear;0;No;0;Not Applicable;99;Unknown;99;Unknown;99;Unknown EMS Scene Arrival Hour;99;Unknown EMS Scene Arrival Minutes;99;Unknown;99;Unknown EMS Hospital Arrival Time;0;None;0;None;0;None;1;0
4;Arizona;40528;3;3;0;1;4;4;1;13;MARICOPA (13);370;PHOENIX;13;13;7;July;2019;7;Saturday;22;10:00pm-10:59pm;41;41;0;This section IS NOT on the NHS;6;Local Street - Municipality;43RD AVE;WHITTON;2;Urban;4;Minor Arterial;4;City or Municipal Highway Agency;0;None;33.4897;33.4897;-112.1516333;-112.15163333;0;No Special Jurisdiction;8;Pedestrian;0;The First Harmful Event was Not a Collision with a Motor Vehicle in Transport;0;No;3;Intersection-Related;3;T-Intersection;0;None;11;Continuous Left - Turn Lane;3;Dark - Lighted;1;Clear;0;No Additional Atmospheric Conditions;1;Clear;0;No;0;Not Applicable;22;10:00pm-10:59pm;41;41;22;10:00pm-10:59pm;46;46;23;11:00pm-11:59pm;7;7;0;None;0;None;0;None;2;0
4;Arizona;40534;2;2;0;0;5;5;0;13;MARICOPA (13);0;NOT APPLICABLE;20;20;7;July;2019;7;Saturday;7;7:00am-7:59am;59;59;0;This section IS NOT on the NHS;9;Unknown;203RD ST;SAN TAN BLVD;2;Urban;99;Unknown;99;Unknown;0;None;33.21222778;33.21222778;-111.6452361;-111.64523611;9;Unknown;12;Motor Vehicle In-Transport;6;Angle;0;No;2;Intersection;3;T-Intersection;0;None;1;On Roadway;1;Daylight;1;Clear;0;No Additional Atmospheric Conditions;1;Clear;0;No;0;Not Applicable;7;7:00am-7:59am;59;59;8;8:00am-8:59am;10;10;8;8:00am-8:59am;35;35;0;None;0;None;0;None;1;0
4;Arizona;40537;1;1;0;0;1;1;0;13;MARICOPA (13);370;PHOENIX;27;27;7;July;2019;7;Saturday;23;11:00pm-11:59pm;30;30;0;This section IS NOT on the NHS;6;Local Street - Municipality;CLARENDON AVE;38TH AVE;2;Urban;7;Local;4;City or Municipal Highway Agency;0;None;33.49180556;33.49180556;-111.99855;-111.99855;0;No Special Jurisdiction;99;Reported as Unknown;99;Reported as Unknown;0;No;3;Intersection-Related;3;T-Intersection;0;None;1;On Roadway;6;Dark - Unknown Lighting;1;Clear;0;No Additional Atmospheric Conditions;1;Clear;0;No;0;Not Applicable;23;11:00pm-11:59pm;30;30;23;11:00pm-11:59pm;34;34;23;11:00pm-11:59pm;54;54;0;None;0;None;0;None;1;0
4;Arizona;40554;2;2;0;1;2;2;1;19;PIMA (19);530;TUCSON;5;5;8;August;2019;2;Monday;22;10:00pm-10:59pm;7;7;0;This section IS NOT on the NHS;6;Local Street - Municipality;STONE AVE;MABLE ST;2;Urban;3;Principal Arterial - Other;4;City or Municipal Highway Agency;0;None;32.23851111;32.23851111;-110.971825;-110.971825;0;No Special Jurisdiction;15;Non-Motorist on Personal Conveyance;0;The First Harmful Event was Not a Collision with a Motor Vehicle in Transport;0;No;3;Intersection-Related;3;T-Intersection;0;None;1;On Roadway;3;Dark - Lighted;2;Rain;0;No Additional Atmospheric Conditions;2;Rain;0;No;0;Not Applicable;22;10:00pm-10:59pm;7;7;22;10:00pm-10:59pm;12;12;22;10:00pm-10:59pm;28;28;0;None;0;None;0;None;1;0