STATE;STATENAME;ST_CASE;VE_TOTAL;VE_FORMS;PVH_INVL;PEDS;PERSONS;PERMVIT;PERNOTMVIT;COUNTY;COUNTYNAME;CITY;CITYNAME;DAY;DAYNAME;MONTH;MONTHNAME;YEAR;DAY_WEEK;DAY_WEEKNAME;HOUR;HOURNAME;MINUTE;MINUTENAME;NHS;NHSNAME;ROUTE;ROUTENAME;TWAY_ID;TWAY_ID2;RUR_URB;RUR_URBNAME;FUNC_SYS;FUNC_SYSNAME;RD_OWNER;RD_OWNERNAME;MILEPT;MILEPTNAME;LATITUDE;LATITUDENAME;LONGITUD;LONGITUDNAME;SP_JUR;SP_JURNAME;HARM_EV;HARM_EVNAME;MAN_COLL;MAN_COLLNAME;RELJCT1;RELJCT1NAME;RELJCT2;RELJCT2NAME;TYP_INT;TYP_INTNAME;WRK_ZONE;WRK_ZONENAME;REL_ROAD;REL_ROADNAME;LGT_COND;LGT_CONDNAME;WEATHER1;WEATHER1NAME;WEATHER2;WEATHER2NAME;WEATHER;WEATHERNAME;SCH_BUS;SCH_BUSNAME;RAIL;RAILNAME;NOT_HOUR;NOT_HOURNAME;NOT_MIN;NOT_MINNAME;ARR_HOUR;ARR_HOURNAME;ARR_MIN;ARR_MINNAME;HOSP_HR;HOSP_HRNAME;HOSP_MN;HOSP_MNNAME;CF1;CF1NAME;CF2;CF2NAME;CF3;CF3NAME;FATALS;DRUNK_DR
4;Arizona;40588;2;2;0;0;2;2;0;13;MARICOPA (13);370;PHOENIX;23;23;8;August;2019;6;Friday;12;12:00pm-12:59pm;42;42;0;This section IS NOT on the NHS;6;Local Street - Municipality;THOMAS RD;8TH ST;2;Urban;3;Principal Arterial - Other;4;City or Municipal Highway Agency;0;None;33.48023056;33.48023056;-112.0638778;-112.06387778;0;No Special Jurisdiction;12;Motor Vehicle In-Transport;1;Front-to-Rear;0;No;3;Intersection-Related;3;T-Intersection;0;None;1;On Roadway;1;Daylight;1;Clear;0;No Additional Atmospheric Conditions;1;Clear;0;No;0;Not Applicable;12;12:00pm-12:59pm;43;43;12;12:00pm-12:59pm;48;48;12;12:00pm-12:59pm;58;58;0;None;0;None;0;None;1;1
4;Arizona;40605;2;2;0;0;2;2;0;7;GILA (7);210;GLOBE;16;16;9;September;2019;2;Monday;7;7:00am-7:59am;56;56;1;This section IS ON the NHS;2;U.S. Highway;US-60;MESQUITE ST;2;Urban;3;Principal Arterial - Other;1;State Highway Agency;2182;2182;33.39694444;33.39694444;-110.7896889;-110.78968889;0;No Special Jurisdiction;12;Motor Vehicle In-Transport;6;Angle;0;No;2;Intersection;3;T-Intersection;0;None;1;On Roadway;1;Daylight;1;Clear;0;No Additional Atmospheric Conditions;1;Clear;0;No;0;Not Applicable;99;Unknown;99;Unknown;99;Unknown EMS Scene Arrival Hour;99;Unknown EMS Scene Arrival Minutes;99;Unknown;99;Unknown EMS Hospital Arrival Time;0;None;0;None;0;None;1;0
4;Arizona;40608;1;1;0;1;2;2;1;19;PIMA (19);530;TUCSON;16;16;9;September;2019;2;Monday;16;4:00pm-4:59pm;7;7;0;This section IS NOT on the NHS;7;Local Street - Frontage Road;GRANT RD;ESTRELLA AVE;2;Urban;3;Principal Arterial - Other;4;City or Municipal Highway Agency;0;None;32.25035833;32.25035833;-110.9697611;-110.96976111;0;No Special Jurisdiction;9;Pedalcyclist;0;The First Harmful Event was Not a Collision with a Motor Vehicle in Transport;0;No;3;Intersection-Related;3;T-Intersection;0;None;1;On Roadway;1;Daylight;10;Cloudy;0;No Additional Atmospheric Conditions;10;Cloudy;0;No;0;Not Applicable;99;Unknown;99;Unknown;99;Unknown EMS Scene Arrival Hour;99;Unknown EMS Scene Arrival Minutes;99;Unknown;99;Unknown EMS Hospital Arrival Time;0;None;0;None;0;None;1;0
4;Arizona;40615;1;1;0;1;1;1;1;19;PIMA (19);530;TUCSON;24;24;9;September;2019;3;Tuesday;5;5:00am-5:59am;49;49;0;This section IS NOT on the NHS;6;Local Street - Municipality;6TH AVE;OKLAHOMA ST;2;Urban;3;Principal Arterial - Other;4;City or Municipal Highway Agency;0;None;32.16546111;32.16546111;-110.968175;-110.968175;0;No Special Jurisdiction;8;Pedestrian;0;The First Harmful Event was Not a Collision with a Motor Vehicle in Transport;0;No;3;Intersection-Related;3;T-Intersection;0;None;1;On Roadway;3;Dark - Lighted;2;Rain;0;No Additional Atmospheric Conditions;2;Rain;0;No;0;Not Applicable;5;5:00am-5:59am;49;49;5;5:00am-5:59am;53;53;6;6:00am-6:59am;0;0;0;None;0;None;0;None;1;0
4;Arizona;40650;2;2;0;0;3;3;0;13;MARICOPA (13);370;PHOENIX;14;14;8;August;2019;4;Wednesday;5;5:00am-5:59am;39;39;0;This section IS NOT on the NHS;6;Local Street - Municipality;LOWER BUCKEY RD;SR-202;2;Urban;4;Minor Arterial;4;City or Municipal Highway Agency;0;None;33.42255;33.42255;-112.1889528;-112.18895278;0;No Special Jurisdiction;12;Motor Vehicle In-Transport;6;Angle;1;Yes;2;Intersection;3;T-Intersection;1;Construction;1;On Roadway;1;Daylight;1;Clear;0;No Additional Atmospheric Conditions;1;Clear;0;No;0;Not Applicable;5;5:00am-5:59am;39;39;5;5:00am-5:59am;46;46;88;Not Applicable (Not Transported);88;Not Applicable (Not Transported);28;Regular Congestion;0;None;0;None;1;0
4;Arizona;40662;1;1;0;1;1;1;1;13;MARICOPA (13);370;PHOENIX;31;31;8;August;2019;7;Saturday;23;11:00pm-11:59pm;10;10;0;This section IS NOT on the NHS;6;Local Street - Municipality;MCDOWELL RD;41ST ST;2;Urban;4;Minor Arterial;4;City or Municipal Highway Agency;0;None;33.46570556;33.46570556;-111.9927694;-111.99276944;0;No Special Jurisdiction;8;Pedestrian;0;The First Harmful Event was Not a Collision with a Motor Vehicle in Transport;0;No;3;Intersection-Related;3;T-Intersection;0;None;1;On Roadway;3;Dark - Lighted;1;Clear;0;No Additional Atmospheric Conditions;1;Clear;0;No;0;Not Applicable;23;11:00pm-11:59pm;10;10;23;11:00pm-11:59pm;13;13;23;11:00pm-11:59pm;30;30;0;None;0;None;0;None;1;1
4;Arizona;40681;3;3;0;0;5;5;0;5;COCONINO (5);0;NOT APPLICABLE;3;3;10;October;2019;5;Thursday;15;3:00pm-3:59pm;32;32;0;This section IS NOT on the NHS;8;Other;LEUPP RD;NF-244A;1;Rural;5;Major Collector;99;Unknown;0;None;35.29854722;35.29854722;-111.3367222;-111.33672222;9;Unknown;12;Motor Vehicle In-Transport;1;Front-to-Rear;0;No;3;Intersection-Related;3;T-Intersection;0;None;1;On Roadway;1;Daylight;1;Clear;0;No Additional Atmospheric Conditions;1;Clear;0;No;0;Not Applicable;15;3:00pm-3:59pm;33;33;15;3:00pm-3:59pm;46;46;16;4:00pm-4:59pm;22;22;0;None;0;None;0;None;1;0
4;Arizona;40691;3;3;0;0;5;5;0;19;PIMA (19);0;NOT APPLICABLE;7;7;10;October;2019;2;Monday;15;3:00pm-3:59pm;39;39;0;This section IS NOT on the NHS;4;County Road;CR-IRVINGTON RD;CARDINAL AVE;1;Rural;4;Minor Arterial;2;County Highway Agency;0;None;32.15934167;32.15934167;-111.0289167;-111.02891667;0;No Special Jurisdiction;12;Motor Vehicle In-Transport;6;Angle;0;No;2;Intersection;3;T-Intersection;0;None;1;On Roadway;1;Daylight;1;Clear;0;No Additional Atmospheric Conditions;1;Clear;0;No;0;Not Applicable;15;3:00pm-3:59pm;39;39;15;3:00pm-3:59pm;46;46;16;4:00pm-4:59pm;23;23;0;None;0;None;0;None;1;0
4;Arizona;40694;2;2;0;0;4;4;0;19;PIMA (19);0;NOT APPLICABLE;10;10;10;October;2019;5;Thursday;18;6:00pm-6:59pm;17;17;0;This section IS NOT on the NHS;6;Local Street - Municipality;RIVER RD;CAMINO PABLO;2;Urban;4;Minor Arterial;4;City or Municipal Highway Agency;0;None;32.28615556;32.28615556;-110.9355333;-110.93553333;0;No Special Jurisdiction;12;Motor Vehicle In-Transport;6;Angle;0;No;2;Intersection;3;T-Intersection;0;None;1;On Roadway;5;Dusk;1;Clear;0;No Additional Atmospheric Conditions;1;Clear;0;No;0;Not Applicable;18;6:00pm-6:59pm;17;17;18;6:00pm-6:59pm;21;21;18;6:00pm-6:59pm;48;48;0;None;0;None;0;None;1;0
4;Arizona;40703;2;2;0;0;3;3;0;13;MARICOPA (13);190;GILBERT;12;12;10;October;2019;7;Saturday;20;8:00pm-8:59pm;40;40;0;This section IS NOT on the NHS;6;Local Street - Municipality;QUEEN CREEK RD;SOBOBA ST;2;Urban;4;Minor Arterial;4;City or Municipal Highway Agency;0;None;33.26380556;33.26380556;-111.7077194;-111.70771944;0;No Special Jurisdiction;12;Motor Vehicle In-Transport;6;Angle;0;No;2;Intersection;3;T-Intersection;0;None;1;On Roadway;3;Dark - Lighted;1;Clear;0;No Additional Atmospheric Conditions;1;Clear;0;No;0;Not Applicable;20;8:00pm-8:59pm;41;41;20;8:00pm-8:59pm;48;48;21;9:00pm-9:59pm;21;21;0;None;0;None;0;None;1;0
4;Arizona;40748;1;1;0;1;2;2;1;13;MARICOPA (13);370;PHOENIX;4;4;10;October;2019;6;Friday;19;7:00pm-7:59pm;4;4;0;This section IS NOT on the NHS;6;Local Street - Municipality;83RD AVE;PIERSON ST;2;Urban;4;Minor Arterial;4;City or Municipal Highway Agency;0;None;33.50686944;33.50686944;-112.2388194;-112.23881944;0;No Special Jurisdiction;9;Pedalcyclist;0;The First Harmful Event was Not a Collision with a Motor Vehicle in Transport;0;No;2;Intersection;3;T-Intersection;0;None;1;On Roadway;3;Dark - Lighted;1;Clear;0;No Additional Atmospheric Conditions;1;Clear;0;No;0;Not Applicable;99;Unknown;99;Unknown;99;Unknown EMS Scene Arrival Hour;99;Unknown EMS Scene Arrival Minutes;99;Unknown;99;Unknown EMS Hospital Arrival Time;0;None;0;None;0;None;1;0
4;Arizona;40752;2;2;0;0;2;2;0;13;MARICOPA (13);370;PHOENIX;5;5;10;October;2019;7;Saturday;16;4:00pm-4:59pm;14;14;1;This section IS ON the NHS;2;U.S. Highway;US-60;WELDON;2;Urban;3;Principal Arterial - Other;1;State Highway Agency;0;None;33.48960556;33.48960556;-112.1279083;-112.12790833;0;No Special Jurisdiction;12;Motor Vehicle In-Transport;6;Angle;0;No;3;Intersection-Related;3;T-Intersection;0;None;1;On Roadway;1;Daylight;1;Clear;0;No Additional Atmospheric Conditions;1;Clear;0;No;0;Not Applicable;16;4:00pm-4:59pm;14;14;16;4:00pm-4:59pm;17;17;99;Unknown;99;Unknown EMS Hospital Arrival Time;0;None;0;None;0;None;1;0
4;Arizona;40754;2;2;0;0;2;2;0;13;MARICOPA (13);370;PHOENIX;12;12;10;October;2019;7;Saturday;16;4:00pm-4:59pm;27;27;0;This section IS NOT on the NHS;6;Local Street - Municipality;GLENDALE AVE;17TH AVE;2;Urban;3;Principal Arterial - Other;4;City or Municipal Highway Agency;0;None;33.53855556;33.53855556;-112.0946389;-112.09463889;0;No Special Jurisdiction;12;Motor Vehicle In-Transport;6;Angle;0;No;2;Intersection;3;T-Intersection;0;None;1;On Roadway;3;Dark - Lighted;1;Clear;0;No Additional Atmospheric Conditions;1;Clear;0;No;0;Not Applicable;16;4:00pm-4:59pm;27;27;16;4:00pm-4:59pm;31;31;88;Not Applicable (Not Transported);88;Not Applicable (Not Transported);0;None;0;None;0;None;1;1
4;Arizona;40767;2;2;0;0;4;4;0;17;NAVAJO (17);0;NOT APPLICABLE;2;2;11;November;2019;7;Saturday;15;3:00pm-3:59pm;14;14;0;This section IS NOT on the NHS;4;County Road;CR-BOURDON RANCH RD;ROUND UP DR;1;Rural;5;Major Collector;2;County Highway Agency;0;None;34.31732222;34.31732222;-109.9549389;-109.95493889;0;No Special Jurisdiction;12;Motor Vehicle In-Transport;1;Front-to-Rear;0;No;3;Intersection-Related;3;T-Intersection;0;None;1;On Roadway;1;Daylight;1;Clear;0;No Additional Atmospheric Conditions;1;Clear;0;No;0;Not Applicable;15;3:00pm-3:59pm;17;17;15;3:00pm-3:59pm;24;24;15;3:00pm-3:59pm;42;42;0;None;0;None;0;None;1;0
4;Arizona;40768;2;2;0;0;2;2;0;13;MARICOPA (13);200;GLENDALE;2;2;11;November;2019;7;Saturday;23;11:00pm-11:59pm;5;5;0;This section IS NOT on the NHS;6;Local Street - Municipality;75TH AVE;OREGON AVE;2;Urban;4;Minor Arterial;4;City or Municipal Highway Agency;0;None;33.512975;33.512975;-112.2204806;-112.22048056;0;No Special Jurisdiction;12;Motor Vehicle In-Transport;6;Angle;0;No;2;Intersection;3;T-Intersection;0;None;1;On Roadway;3;Dark - Lighted;1;Clear;0;No Additional Atmospheric Conditions;1;Clear;0;No;0;Not Applicable;99;Unknown;99;Unknown;99;Unknown EMS Scene Arrival Hour;99;Unknown EMS Scene Arrival Minutes;99;Unknown;99;Unknown EMS Hospital Arrival Time;0;None;0;None;0;None;1;1
4;Arizona;40792;1;1;0;1;1;1;1;19;PIMA (19);530;TUCSON;15;15;11;November;2019;6;Friday;3;3:00am-3:59am;9;9;0;This section IS NOT on the NHS;6;Local Street - Municipality;27TH AVE;PARK AVE;2;Urban;4;Minor Arterial;4;City or Municipal Highway Agency;0;None;32.20168333;32.20168333;-110.95615;-110.95615;0;No Special Jurisdiction;9;Pedalcyclist;0;The First Harmful Event was Not a Collision with a Motor Vehicle in Transport;0;No;3;Intersection-Related;3;T-Intersection;0;None;1;On Roadway;3;Dark - Lighted;1;Clear;0;No Additional Atmospheric Conditions;1;Clear;0;No;0;Not Applicable;3;3:00am-3:59am;9;9;3;3:00am-3:59am;15;15;3;3:00am-3:59am;30;30;0;None;0;None;0;None;1;0
4;Arizona;40806;1;1;0;1;1;1;1;13;MARICOPA (13);615;WITTMANN;20;20;11;November;2019;4;Wednesday;20;8:00pm-8:59pm;10;10;1;This section IS ON the NHS;2;U.S. Highway;US-60;PINE ST;2;Urban;3;Principal Arterial - Other;1;State Highway Agency;972;972;33.78038333;33.78038333;-112.5320528;-112.53205278;0;No Special Jurisdiction;8;Pedestrian;0;The First Harmful Event was Not a Collision with a Motor Vehicle in Transport;0;No;3;Intersection-Related;3;T-Intersection;0;None;1;On Roadway;2;Dark - Not Lighted;2;Rain;0;No Additional Atmospheric Conditions;2;Rain;0;No;0;Not Applicable;20;8:00pm-8:59pm;4;4;20;8:00pm-8:59pm;15;15;20;8:00pm-8:59pm;45;45;0;None;0;None;0;None;1;0
4;Arizona;40810;1;1;0;1;1;1;1;19;PIMA (19);530;TUCSON;22;22;11;November;2019;6;Friday;17;5:00pm-5:59pm;44;44;0;This section IS NOT on the NHS;6;Local Street - Municipality;PANTANO RD;CENTREPARK DR;2;Urban;4;Minor Arterial;4;City or Municipal Highway Agency;0;None;32.22487778;32.22487778;-110.8238333;-110.82383333;0;No Special Jurisdiction;8;Pedestrian;0;The First Harmful Event was Not a Collision with a Motor Vehicle in Transport;0;No;3;Intersection-Related;3;T-Intersection;0;None;1;On Roadway;3;Dark - Lighted;1;Clear;0;No Additional Atmospheric Conditions;1;Clear;0;No;0;Not Applicable;17;5:00pm-5:59pm;44;44;17;5:00pm-5:59pm;47;47;88;Not Applicable (Not Transported);88;Not Applicable (Not Transported);0;None;0;None;0;None;1;0
4;Arizona;40862;1;1;0;1;4;4;1;13;MARICOPA (13);370;PHOENIX;11;11;12;December;2019;4;Wednesday;16;4:00pm-4:59pm;13;13;0;This section IS NOT on the NHS;6;Local Street - Municipality;THOMAS RD;5TH AVE;2;Urban;3;Principal Arterial - Other;4;City or Municipal Highway Agency;0;None;33.48033333;33.48033333;-112.0803917;-112.08039167;0;No Special Jurisdiction;9;Pedalcyclist;0;The First Harmful Event was Not a Collision with a Motor Vehicle in Transport;0;No;3;Intersection-Related;3;T-Intersection;0;None;1;On Roadway;1;Daylight;1;Clear;0;No Additional Atmospheric Conditions;1;Clear;0;No;0;Not Applicable;16;4:00pm-4:59pm;13;13;16;4:00pm-4:59pm;19;19;16;4:00pm-4:59pm;30;30;0;None;0;None;0;None;1;0
4;Arizona;40863;2;2;0;0;2;2;0;19;PIMA (19);530;TUCSON;11;11;12;December;2019;4;Wednesday;18;6:00pm-6:59pm;51;51;0;This section IS NOT on the NHS;6;Local Street - Municipality;SPEEDWAY BLVD;HUNTINGOTN PARK DR;2;Urban;3;Principal Arterial - Other;4;City or Municipal Highway Agency;0;None;32.23539167;32.23539167;-110.810675;-110.810675;0;No Special Jurisdiction;12;Motor Vehicle In-Transport;6;Angle;0;No;2;Intersection;3;T-Intersection;0;None;1;On Roadway;2;Dark - Not Lighted;1;Clear;0;No Additional Atmospheric Conditions;1;Clear;0;No;0;Not Applicable;18;6:00pm-6:59pm;51;51;18;6:00pm-6:59pm;57;57;19;7:00pm-7:59pm;42;42;0;None;0;None;0;None;1;0
4;Arizona;40892;1;1;0;0;1;1;0;21;PINAL (21);160;ELOY;7;7;12;December;2019;7;Saturday;9;9:00am-9:59am;19;19;0;This section IS NOT on the NHS;6;Local Street - Municipality;MILLGAN RD;WHEELER RD;1;Rural;99;Unknown;4;City or Municipal Highway Agency;0;None;32.73414722;32.73414722;-111.4635861;-111.46358611;0;No Special Jurisdiction;35;Embankment;0;The First Harmful Event was Not a Collision with a Motor Vehicle in Transport;0;No;3;Intersection-Related;3;T-Intersection;0;None;4;On Roadside;1;Daylight;1;Clear;0;No Additional Atmospheric Conditions;1;Clear;0;No;0;Not Applicable;9;9:00am-9:59am;19;19;9;9:00am-9:59am;19;19;88;Not Applicable (Not Transported);88;Not Applicable (Not Transported);0;None;0;None;0;None;1;1
4;Arizona;40893;1;1;0;1;1;1;1;13;MARICOPA (13);370;PHOENIX;7;7;12;December;2019;7;Saturday;20;8:00pm-8:59pm;11;11;0;This section IS NOT on the NHS;6;Local Street - Municipality;BROADWAY RD;20TH ST;2;Urban;4;Minor Arterial;4;City or Municipal Highway Agency;0;None;33.40682222;33.40682222;-112.0385722;-112.03857222;0;No Special Jurisdiction;8;Pedestrian;0;The First Harmful Event was Not a Collision with a Motor Vehicle in Transport;0;No;3;Intersection-Related;3;T-Intersection;0;None;1;On Roadway;3;Dark - Lighted;2;Rain;0;No Additional Atmospheric Conditions;2;Rain;0;No;0;Not Applicable;20;8:00pm-8:59pm;12;12;20;8:00pm-8:59pm;12;12;20;8:00pm-8:59pm;31;31;0;None;0;None;0;None;1;0
4;Arizona;40898;1;1;0;0;1;1;0;13;MARICOPA (13);370;PHOENIX;14;14;12;December;2019;7;Saturday;2;2:00am-2:59am;24;24;0;This section IS NOT on the NHS;6;Local Street - Municipality;31ST AVE;ENCANTO BLVE;2;Urban;5;Major Collector;4;City or Municipal Highway Agency;0;None;33.47309444;33.47309444;-112.1258111;-112.12581111;0;No Special Jurisdiction;39;Wall;0;The First Harmful Event was Not a Collision with a Motor Vehicle in Transport;0;No;3;Intersection-Related;3;T-Intersection;0;None;4;On Roadside;3;Dark - Lighted;1;Clear;0;No Additional Atmospheric Conditions;1;Clear;0;No;0;Not Applicable;2;2:00am-2:59am;25;25;2;2:00am-2:59am;28;28;88;Not Applicable (Not Transported);88;Not Applicable (Not Transported);0;None;0;None;0;None;1;1
4;Arizona;40903;2;2;0;0;7;7;0;13;MARICOPA (13);370;PHOENIX;20;20;12;December;2019;6;Friday;12;12:00pm-12:59pm;3;3;1;This section IS ON the NHS;6;Local Street - Municipality;CAVE CREEK RD;SONORAN DESERT DR;2;Urban;3;Principal Arterial - Other;4;City or Municipal Highway Agency;0;None;33.73451667;33.73451667;-112.0036361;-112.00363611;0;No Special Jurisdiction;12;Motor Vehicle In-Transport;6;Angle;0;No;2;Intersection;3;T-Intersection;0;None;1;On Roadway;1;Daylight;1;Clear;0;No Additional Atmospheric Conditions;1;Clear;0;No;0;Not Applicable;12;12:00pm-12:59pm;6;6;12;12:00pm-12:59pm;10;10;12;12:00pm-12:59pm;39;39;0;None;0;None;0;None;1;0
4;Arizona;40918;1;1;0;1;1;1;1;19;PIMA (19);530;TUCSON;3;3;12;December;2019;3;Tuesday;23;11:00pm-11:59pm;3;3;0;This section IS NOT on the NHS;6;Local Street - Municipality;ANKLAM RD;TUMAMOC HILL RD;2;Urban;5;Major Collector;4;City or Municipal Highway Agency;0;None;32.22610833;32.22610833;-111.0010778;-111.00107778;0;No Special Jurisdiction;8;Pedestrian;0;The First Harmful Event was Not a Collision with a Motor Vehicle in Transport;0;No;3;Intersection-Related;3;T-Intersection;0;None;1;On Roadway;2;Dark - Not Lighted;1;Clear;0;No Additional Atmospheric Conditions;1;Clear;0;No;0;Not Applicable;99;Unknown;99;Unknown;99;Unknown EMS Scene Arrival Hour;99;Unknown EMS Scene Arrival Minutes;88;Not Applicable (Not Transported);88;Not Applicable (Not Transported);0;None;0;None;0;None;1;0
5;Arkansas;50051;2;2;0;0;3;3;0;93;MISSISSIPPI (93);2520;MANILA;24;24;2;February;2019;1;Sunday;17;5:00pm-5:59pm;0;0;0;This section IS NOT on the NHS;3;State Highway;SR-18-05;W LAKE ST;1;Rural;3;Principal Arterial - Other;1;State Highway Agency;58;58;35.88732222;35.88732222;-90.18364722;-90.18364722;0;No Special Jurisdiction;12;Motor Vehicle In-Transport;6;Angle;0;No;2;Intersection;3;T-Intersection;0;None;1;On Roadway;1;Daylight;1;Clear;0;No Additional Atmospheric Conditions;1;Clear;0;No;0;Not Applicable;17;5:00pm-5:59pm;5;5;17;5:00pm-5:59pm;14;14;99;Unknown;99;Unknown EMS Hospital Arrival Time;0;None;0;None;0;None;1;0
5;Arkansas;50072;1;1;0;1;2;2;1;7;BENTON (7);340;BENTONVILLE;5;5;1;January;2019;7;Saturday;17;5:00pm-5:59pm;50;50;0;This section IS NOT on the NHS;6;Local Street - Municipality;CS- SE J ST;CS- SE 10TH ST;2;Urban;7;Local;3;Town or Township Highway Agency;0;None;36.36027222;36.36027222;-94.19686389;-94.19686389;0;No Special Jurisdiction;9;Pedalcyclist;0;The First Harmful Event was Not a Collision with a Motor Vehicle in Transport;0;No;2;Intersection;3;T-Intersection;0;None;1;On Roadway;6;Dark - Unknown Lighting;1;Clear;0;No Additional Atmospheric Conditions;1;Clear;0;No;0;Not Applicable;17;5:00pm-5:59pm;51;51;17;5:00pm-5:59pm;55;55;99;Unknown;99;Unknown EMS Hospital Arrival Time;0;None;0;None;0;None;1;0
5;Arkansas;50113;2;2;0;0;2;2;0;31;CRAIGHEAD (31);2070;JONESBORO;17;17;4;April;2019;4;Wednesday;22;10:00pm-10:59pm;20;20;0;This section IS NOT on the NHS;3;State Highway;SR-463-1;E PARKER RD;2;Urban;3;Principal Arterial - Other;1;State Highway Agency;0;None;35.805725;35.805725;-90.63498056;-90.63498056;0;No Special Jurisdiction;12;Motor Vehicle In-Transport;1;Front-to-Rear;0;No;2;Intersection;3;T-Intersection;0;None;1;On Roadway;3;Dark - Lighted;1;Clear;0;No Additional Atmospheric Conditions;1;Clear;0;No;0;Not Applicable;22;10:00pm-10:59pm;21;21;22;10:00pm-10:59pm;32;32;88;Not Applicable (Not Transported);88;Not Applicable (Not Transported);0;None;0;None;0;None;1;1
5;Arkansas;50131;2;2;0;0;3;3;0;43;DREW (43);0;NOT APPLICABLE;6;6;5;May;2019;2;Monday;10;10:00am-10:59am;40;40;0;This section IS NOT on the NHS;2;U.S. Highway;US-278-14;CR-13;1;Rural;3;Principal Arterial - Other;1;State Highway Agency;22;22;33.62604722;33.62604722;-91.94150278;-91.94150278;0;No Special Jurisdiction;12;Motor Vehicle In-Transport;6;Angle;0;No;2;Intersection;3;T-Intersection;0;None;1;On Roadway;1;Daylight;1;Clear;0;No Additional Atmospheric Conditions;1;Clear;0;No;0;Not Applicable;10;10:00am-10:59am;45;45;10;10:00am-10:59am;50;50;99;Unknown;99;Unknown EMS Hospital Arrival Time;0;None;0;None;0;None;1;0
5;Arkansas;50162;2;2;0;0;2;2;0;75;LAWRENCE (75);0;NOT APPLICABLE;27;27;5;May;2019;2;Monday;16;4:00pm-4:59pm;4;4;1;This section IS ON the NHS;2;U.S. Highway;US-412-070;CR-LAWRENCE 615 RD;1;Rural;3;Principal Arterial - Other;1;State Highway Agency;56;56;36.07078889;36.07078889;-90.86069167;-90.86069167;0;No Special Jurisdiction;12;Motor Vehicle In-Transport;1;Front-to-Rear;0;No;3;Intersection-Related;3;T-Intersection;0;None;1;On Roadway;1;Daylight;1;Clear;0;No Additional Atmospheric Conditions;1;Clear;0;No;0;Not Applicable;16;4:00pm-4:59pm;4;4;16;4:00pm-4:59pm;14;14;88;Not Applicable (Not Transported);88;Not Applicable (Not Transported);0;None;0;None;0;None;1;0
5;Arkansas;50172;1;1;0;0;1;1;0;23;CLEBURNE (23);0;NOT APPLICABLE;30;30;5;May;2019;5;Thursday;12;12:00pm-12:59pm;10;10;0;This section IS NOT on the NHS;3;State Highway;SR-25-2;BEDDIT LN;1;Rural;4;Minor Arterial;1;State Highway Agency;125;125;35.45928333;35.45928333;-92.05940833;-92.05940833;0;No Special Jurisdiction;1;Rollover/Overturn;0;The First Harmful Event was Not a Collision with a Motor Vehicle in Transport;0;No;3;Intersection-Related;3;T-Intersection;0;None;1;On Roadway;1;Daylight;1;Clear;0;No Additional Atmospheric Conditions;1;Clear;0;No;0;Not Applicable;12;12:00pm-12:59pm;11;11;12;12:00pm-12:59pm;18;18;99;Unknown;99;Unknown EMS Hospital Arrival Time;0;None;0;None;0;None;1;0
5;Arkansas;50174;2;2;0;0;2;2;0;119;PULASKI (119);2320;LITTLE ROCK;5;5;4;April;2019;6;Friday;19;7:00pm-7:59pm;30;30;0;This section IS NOT on the NHS;6;Local Street - Municipality;CS-GEYER SPRINGS ROAD;CS- MABELVALE CUT OFF;2;Urban;7;Local;3;Town or Township Highway Agency;0;None;34.65463333;34.65463333;-92.34509722;-92.34509722;0;No Special Jurisdiction;12;Motor Vehicle In-Transport;6;Angle;0;No;2;Intersection;3;T-Intersection;0;None;1;On Roadway;1;Daylight;1;Clear;0;No Additional Atmospheric Conditions;1;Clear;0;No;0;Not Applicable;19;7:00pm-7:59pm;30;30;19;7:00pm-7:59pm;35;35;99;Unknown;99;Unknown EMS Hospital Arrival Time;0;None;0;None;0;None;1;0
5;Arkansas;50188;2;2;0;0;2;2;0;75;LAWRENCE (75);4010;WALNUT RIDGE;6;6;6;June;2019;5;Thursday;13;1:00pm-1:59pm;29;29;0;This section IS NOT on the NHS;2;U.S. Highway;US-67-17;US-67 BYP;2;Urban;3;Principal Arterial - Other;1;State Highway Agency;162;162;36.0991;36.0991;-90.95530833;-90.95530833;0;No Special Jurisdiction;12;Motor Vehicle In-Transport;6;Angle;0;No;3;Intersection-Related;3;T-Intersection;0;None;1;On Roadway;1;Daylight;10;Cloudy;0;No Additional Atmospheric Conditions;10;Cloudy;0;No;0;Not Applicable;13;1:00pm-1:59pm;30;30;13;1:00pm-1:59pm;32;32;88;Not Applicable (Not Transported);88;Not Applicable (Not Transported);0;None;0;None;0;None;1;1
5;Arkansas;50211;2;2;0;0;4;4;0;135;SHARP (135);0;NOT APPLICABLE;19;19;6;June;2019;4;Wednesday;8;8:00am-8:59am;24;24;0;This section IS NOT on the NHS;2;U.S. Highway;US-62-17;ALMA DR;1;Rural;3;Principal Arterial - Other;1;State Highway Agency;16;16;36.25974444;36.25974444;-91.53858333;-91.53858333;0;No Special Jurisdiction;12;Motor Vehicle In-Transport;6;Angle;0;No;3;Intersection-Related;3;T-Intersection;0;None;1;On Roadway;1;Daylight;10;Cloudy;0;No Additional Atmospheric Conditions;10;Cloudy;0;No;0;Not Applicable;8;8:00am-8:59am;25;25;8;8:00am-8:59am;27;27;88;Not Applicable (Not Transported);88;Not Applicable (Not Transported);0;None;0;None;0;None;2;1