STATE;STATENAME;ST_CASE;VE_TOTAL;VE_FORMS;PVH_INVL;PEDS;PERSONS;PERMVIT;PERNOTMVIT;COUNTY;COUNTYNAME;CITY;CITYNAME;DAY;DAYNAME;MONTH;MONTHNAME;YEAR;DAY_WEEK;DAY_WEEKNAME;HOUR;HOURNAME;MINUTE;MINUTENAME;NHS;NHSNAME;ROUTE;ROUTENAME;TWAY_ID;TWAY_ID2;RUR_URB;RUR_URBNAME;FUNC_SYS;FUNC_SYSNAME;RD_OWNER;RD_OWNERNAME;MILEPT;MILEPTNAME;LATITUDE;LATITUDENAME;LONGITUD;LONGITUDNAME;SP_JUR;SP_JURNAME;HARM_EV;HARM_EVNAME;MAN_COLL;MAN_COLLNAME;RELJCT1;RELJCT1NAME;RELJCT2;RELJCT2NAME;TYP_INT;TYP_INTNAME;WRK_ZONE;WRK_ZONENAME;REL_ROAD;REL_ROADNAME;LGT_COND;LGT_CONDNAME;WEATHER1;WEATHER1NAME;WEATHER2;WEATHER2NAME;WEATHER;WEATHERNAME;SCH_BUS;SCH_BUSNAME;RAIL;RAILNAME;NOT_HOUR;NOT_HOURNAME;NOT_MIN;NOT_MINNAME;ARR_HOUR;ARR_HOURNAME;ARR_MIN;ARR_MINNAME;HOSP_HR;HOSP_HRNAME;HOSP_MN;HOSP_MNNAME;CF1;CF1NAME;CF2;CF2NAME;CF3;CF3NAME;FATALS;DRUNK_DR
5;Arkansas;50232;2;2;0;0;2;2;0;7;BENTON (7);3390;ROGERS;25;25;5;May;2019;7;Saturday;20;8:00pm-8:59pm;57;57;0;This section IS NOT on the NHS;6;Local Street - Municipality;CS- S DIXIELAND RD;CS- W LELA ST;2;Urban;7;Local;4;City or Municipal Highway Agency;0;None;36.31492778;36.31492778;-94.14416111;-94.14416111;0;No Special Jurisdiction;12;Motor Vehicle In-Transport;1;Front-to-Rear;0;No;2;Intersection;3;T-Intersection;0;None;1;On Roadway;3;Dark - Lighted;1;Clear;0;No Additional Atmospheric Conditions;1;Clear;0;No;0;Not Applicable;20;8:00pm-8:59pm;58;58;21;9:00pm-9:59pm;0;0;99;Unknown;99;Unknown EMS Hospital Arrival Time;0;None;0;None;0;None;1;0
5;Arkansas;50241;2;2;0;0;2;2;0;143;WASHINGTON (143);0;NOT APPLICABLE;15;15;6;June;2019;7;Saturday;15;3:00pm-3:59pm;55;55;0;This section IS NOT on the NHS;3;State Highway;SR-16-2;N WEDINGTON BLACKTOP RD;1;Rural;3;Principal Arterial - Other;1;State Highway Agency;5;5;36.09542222;36.09542222;-94.389025;-94.389025;0;No Special Jurisdiction;12;Motor Vehicle In-Transport;6;Angle;0;No;2;Intersection;3;T-Intersection;0;None;1;On Roadway;1;Daylight;1;Clear;0;No Additional Atmospheric Conditions;1;Clear;0;No;0;Not Applicable;15;3:00pm-3:59pm;55;55;16;4:00pm-4:59pm;13;13;88;Not Applicable (Not Transported);88;Not Applicable (Not Transported);2;Shoulder Design or Condition;0;None;0;None;1;0
5;Arkansas;50282;2;2;0;0;3;3;0;143;WASHINGTON (143);1310;FAYETTEVILLE;5;5;1;January;2019;7;Saturday;14;2:00pm-2:59pm;42;42;0;This section IS NOT on the NHS;3;State Highway;SR-16-020;N HERITAGE AVE;2;Urban;3;Principal Arterial - Other;1;State Highway Agency;110;110;36.07918056;36.07918056;-94.24367778;-94.24367778;0;No Special Jurisdiction;12;Motor Vehicle In-Transport;6;Angle;0;No;2;Intersection;3;T-Intersection;0;None;1;On Roadway;1;Daylight;1;Clear;0;No Additional Atmospheric Conditions;1;Clear;0;No;0;Not Applicable;14;2:00pm-2:59pm;43;43;14;2:00pm-2:59pm;51;51;99;Unknown;99;Unknown EMS Hospital Arrival Time;0;None;0;None;0;None;1;0
5;Arkansas;50299;2;2;0;0;3;3;0;31;CRAIGHEAD (31);2070;JONESBORO;20;20;8;August;2019;3;Tuesday;10;10:00am-10:59am;14;14;1;This section IS ON the NHS;2;U.S. Highway;US-49-03;CS-PARAGOULD RD;2;Urban;3;Principal Arterial - Other;1;State Highway Agency;95;95;35.86417778;35.86417778;-90.64052222;-90.64052222;0;No Special Jurisdiction;12;Motor Vehicle In-Transport;2;Front-to-Front;0;No;2;Intersection;3;T-Intersection;0;None;1;On Roadway;1;Daylight;1;Clear;0;No Additional Atmospheric Conditions;1;Clear;0;No;0;Not Applicable;99;Unknown;99;Unknown;99;Unknown EMS Scene Arrival Hour;99;Unknown EMS Scene Arrival Minutes;99;Unknown;99;Unknown EMS Hospital Arrival Time;0;None;0;None;0;None;1;0
5;Arkansas;50316;2;2;0;0;2;2;0;143;WASHINGTON (143);1310;FAYETTEVILLE;19;19;7;July;2019;6;Friday;9;9:00am-9:59am;17;17;0;This section IS NOT on the NHS;3;State Highway;SR-45-05;CS-N WINWOOD DR;2;Urban;4;Minor Arterial;1;State Highway Agency;21;21;36.08645;36.08645;-94.13465556;-94.13465556;0;No Special Jurisdiction;12;Motor Vehicle In-Transport;6;Angle;0;No;2;Intersection;3;T-Intersection;0;None;1;On Roadway;1;Daylight;1;Clear;0;No Additional Atmospheric Conditions;1;Clear;0;No;0;Not Applicable;9;9:00am-9:59am;17;17;9;9:00am-9:59am;24;24;88;Not Applicable (Not Transported);88;Not Applicable (Not Transported);0;None;0;None;0;None;1;0
5;Arkansas;50338;2;2;0;0;2;2;0;139;UNION (139);0;NOT APPLICABLE;9;9;9;September;2019;2;Monday;10;10:00am-10:59am;15;15;0;This section IS NOT on the NHS;3;State Highway;SR-15-1;MOUNT WILLIE RD;1;Rural;4;Minor Arterial;1;State Highway Agency;136;136;33.13973611;33.13973611;-92.78969444;-92.78969444;0;No Special Jurisdiction;12;Motor Vehicle In-Transport;6;Angle;0;No;2;Intersection;3;T-Intersection;0;None;1;On Roadway;1;Daylight;1;Clear;0;No Additional Atmospheric Conditions;1;Clear;0;No;0;Not Applicable;10;10:00am-10:59am;19;19;10;10:00am-10:59am;34;34;99;Unknown;99;Unknown EMS Hospital Arrival Time;0;None;0;None;0;None;1;0
5;Arkansas;50341;2;2;0;0;3;3;0;7;BENTON (7);0;NOT APPLICABLE;10;10;9;September;2019;3;Tuesday;15;3:00pm-3:59pm;50;50;1;This section IS ON the NHS;2;U.S. Highway;US-62-2;CR-OLD WIRE RD;1;Rural;3;Principal Arterial - Other;1;State Highway Agency;62;62;36.38716389;36.38716389;-94.08983889;-94.08983889;0;No Special Jurisdiction;12;Motor Vehicle In-Transport;6;Angle;0;No;2;Intersection;3;T-Intersection;0;None;1;On Roadway;1;Daylight;1;Clear;0;No Additional Atmospheric Conditions;1;Clear;0;No;0;Not Applicable;15;3:00pm-3:59pm;51;51;15;3:00pm-3:59pm;59;59;99;Unknown;99;Unknown EMS Hospital Arrival Time;28;Regular Congestion;0;None;0;None;1;0
5;Arkansas;50355;2;2;0;0;2;2;0;119;PULASKI (119);2320;LITTLE ROCK;2;2;9;September;2019;2;Monday;22;10:00pm-10:59pm;15;15;0;This section IS NOT on the NHS;6;Local Street - Municipality;CS-CHICOT RD;CS-FAIRFIELD RD;2;Urban;7;Local;3;Town or Township Highway Agency;0;None;34.66553333;34.66553333;-92.36268611;-92.36268611;0;No Special Jurisdiction;12;Motor Vehicle In-Transport;6;Angle;0;No;2;Intersection;3;T-Intersection;0;None;1;On Roadway;2;Dark - Not Lighted;1;Clear;0;No Additional Atmospheric Conditions;1;Clear;0;No;0;Not Applicable;22;10:00pm-10:59pm;18;18;22;10:00pm-10:59pm;21;21;99;Unknown;99;Unknown EMS Hospital Arrival Time;0;None;0;None;0;None;1;1
5;Arkansas;50358;2;2;0;0;3;3;0;85;LONOKE (85);600;CABOT;6;6;9;September;2019;6;Friday;13;1:00pm-1:59pm;8;8;0;This section IS NOT on the NHS;3;State Highway;SR-367-14;N POLK ST;2;Urban;3;Principal Arterial - Other;1;State Highway Agency;40;40;34.98284722;34.98284722;-92.00803056;-92.00803056;0;No Special Jurisdiction;12;Motor Vehicle In-Transport;6;Angle;0;No;2;Intersection;3;T-Intersection;0;None;1;On Roadway;1;Daylight;1;Clear;0;No Additional Atmospheric Conditions;1;Clear;0;No;0;Not Applicable;13;1:00pm-1:59pm;11;11;13;1:00pm-1:59pm;28;28;99;Unknown;99;Unknown EMS Hospital Arrival Time;0;None;0;None;0;None;1;0
5;Arkansas;50359;2;2;0;0;4;4;0;75;LAWRENCE (75);3210;PORTIA;11;11;9;September;2019;4;Wednesday;11;11:00am-11:59am;38;38;1;This section IS ON the NHS;2;U.S. Highway;US-63-3;S CROSSROADS ST;1;Rural;3;Principal Arterial - Other;1;State Highway Agency;180;180;36.08531111;36.08531111;-91.06398056;-91.06398056;0;No Special Jurisdiction;12;Motor Vehicle In-Transport;6;Angle;0;No;2;Intersection;3;T-Intersection;0;None;1;On Roadway;1;Daylight;1;Clear;0;No Additional Atmospheric Conditions;1;Clear;0;No;0;Not Applicable;11;11:00am-11:59am;39;39;11;11:00am-11:59am;49;49;99;Unknown;99;Unknown EMS Hospital Arrival Time;0;None;0;None;0;None;1;0
5;Arkansas;50380;2;2;0;0;3;3;0;9;BOONE (9);1750;HARRISON;27;27;9;September;2019;6;Friday;11;11:00am-11:59am;50;50;0;This section IS NOT on the NHS;6;Local Street - Municipality;CS-INDUSTRIAL PARK RD;CS-JOHNSON RD E;2;Urban;7;Local;3;Town or Township Highway Agency;5;5;36.24854444;36.24854444;-93.13979444;-93.13979444;0;No Special Jurisdiction;12;Motor Vehicle In-Transport;6;Angle;0;No;2;Intersection;3;T-Intersection;0;None;1;On Roadway;1;Daylight;1;Clear;0;No Additional Atmospheric Conditions;1;Clear;0;No;0;Not Applicable;11;11:00am-11:59am;53;53;11;11:00am-11:59am;59;59;99;Unknown;99;Unknown EMS Hospital Arrival Time;0;None;0;None;0;None;1;0
5;Arkansas;50391;2;2;0;0;4;4;0;31;CRAIGHEAD (31);0;NOT APPLICABLE;15;15;10;October;2019;3;Tuesday;6;6:00am-6:59am;41;41;0;This section IS NOT on the NHS;4;County Road;CR-CRAIGHEAD 780 RD;CR-CRAIGHEAD 781 RD;1;Rural;7;Local;2;County Highway Agency;50;50;35.95521667;35.95521667;-90.63505833;-90.63505833;0;No Special Jurisdiction;12;Motor Vehicle In-Transport;6;Angle;0;No;2;Intersection;3;T-Intersection;0;None;1;On Roadway;2;Dark - Not Lighted;10;Cloudy;0;No Additional Atmospheric Conditions;10;Cloudy;0;No;0;Not Applicable;6;6:00am-6:59am;42;42;7;7:00am-7:59am;6;6;99;Unknown;99;Unknown EMS Hospital Arrival Time;0;None;0;None;0;None;1;0
5;Arkansas;50398;2;2;0;0;3;3;0;119;PULASKI (119);2036;JACKSONVILLE;19;19;10;October;2019;7;Saturday;22;10:00pm-10:59pm;20;20;0;This section IS NOT on the NHS;3;State Highway;SR-161-3;I-440 RAMP;2;Urban;4;Minor Arterial;1;State Highway Agency;57;57;34.21645833;34.21645833;-92.06650556;-92.06650556;0;No Special Jurisdiction;12;Motor Vehicle In-Transport;2;Front-to-Front;1;Yes;2;Intersection;3;T-Intersection;0;None;1;On Roadway;2;Dark - Not Lighted;1;Clear;0;No Additional Atmospheric Conditions;1;Clear;0;No;0;Not Applicable;22;10:00pm-10:59pm;22;22;22;10:00pm-10:59pm;29;29;99;Unknown;99;Unknown EMS Hospital Arrival Time;0;None;0;None;0;None;1;0
5;Arkansas;50432;2;2;0;0;3;3;0;131;SEBASTIAN (131);1370;FORT SMITH;7;7;11;November;2019;5;Thursday;9;9:00am-9:59am;33;33;0;This section IS NOT on the NHS;6;Local Street - Municipality;N 6TH ST;RIVERFRONT DR;2;Urban;7;Local;4;City or Municipal Highway Agency;0;None;35.43068056;35.43068056;-94.37314722;-94.37314722;0;No Special Jurisdiction;12;Motor Vehicle In-Transport;6;Angle;0;No;2;Intersection;3;T-Intersection;0;None;1;On Roadway;1;Daylight;10;Cloudy;2;Rain;2;Rain;0;No;0;Not Applicable;9;9:00am-9:59am;33;33;9;9:00am-9:59am;42;42;99;Unknown;99;Unknown EMS Hospital Arrival Time;0;None;0;None;0;None;1;0
5;Arkansas;50466;1;1;0;0;1;1;0;131;SEBASTIAN (131);1630;GREENWOOD;20;20;12;December;2019;6;Friday;7;7:00am-7:59am;40;40;1;This section IS ON the NHS;2;U.S. Highway;US-71-140;LIBERTY DR;2;Urban;3;Principal Arterial - Other;1;State Highway Agency;11;11;35.21893611;35.21893611;-94.29781389;-94.29781389;0;No Special Jurisdiction;34;Ditch;0;The First Harmful Event was Not a Collision with a Motor Vehicle in Transport;0;No;3;Intersection-Related;3;T-Intersection;0;None;4;On Roadside;1;Daylight;1;Clear;0;No Additional Atmospheric Conditions;1;Clear;0;No;0;Not Applicable;7;7:00am-7:59am;41;41;7;7:00am-7:59am;50;50;99;Unknown;99;Unknown EMS Hospital Arrival Time;0;None;0;None;0;None;1;0
8;Colorado;80012;2;2;0;0;2;2;0;13;BOULDER (13);1530;LONGMONT;11;11;1;January;2019;6;Friday;11;11:00am-11:59am;43;43;0;This section IS NOT on the NHS;6;Local Street - Municipality;MOUNTAIN VIEW AVE;HARVARD ST;2;Urban;4;Minor Arterial;4;City or Municipal Highway Agency;0;None;40.18101667;40.18101667;-105.1405444;-105.14054444;0;No Special Jurisdiction;12;Motor Vehicle In-Transport;6;Angle;0;No;2;Intersection;3;T-Intersection;0;None;1;On Roadway;1;Daylight;98;Not Reported;0;No Additional Atmospheric Conditions;98;Not Reported;0;No;0;Not Applicable;11;11:00am-11:59am;43;43;11;11:00am-11:59am;48;48;11;11:00am-11:59am;54;54;0;None;0;None;0;None;1;0
8;Colorado;80018;1;1;0;1;1;1;1;1;ADAMS (1);0;NOT APPLICABLE;18;18;1;January;2019;6;Friday;5;5:00am-5:59am;30;30;0;This section IS NOT on the NHS;4;County Road;CR-HILLTOP CIR;CR-ERIE ST;2;Urban;7;Local;2;County Highway Agency;0;None;39.834;39.834;-105.0015556;-105.00155556;0;No Special Jurisdiction;8;Pedestrian;0;The First Harmful Event was Not a Collision with a Motor Vehicle in Transport;0;No;3;Intersection-Related;3;T-Intersection;0;None;1;On Roadway;2;Dark - Not Lighted;1;Clear;0;No Additional Atmospheric Conditions;1;Clear;0;No;0;Not Applicable;5;5:00am-5:59am;57;57;6;6:00am-6:59am;1;1;6;6:00am-6:59am;26;26;0;None;0;None;0;None;1;0
8;Colorado;80036;1;1;0;1;2;2;1;5;ARAPAHOE (5);110;AURORA;5;5;2;February;2019;3;Tuesday;8;8:00am-8:59am;20;20;1;This section IS ON the NHS;6;Local Street - Municipality;E ILIFF AVE;S VAUGHN WAY;2;Urban;3;Principal Arterial - Other;4;City or Municipal Highway Agency;0;None;39.67506111;39.67506111;-104.8365278;-104.83652778;0;No Special Jurisdiction;8;Pedestrian;0;The First Harmful Event was Not a Collision with a Motor Vehicle in Transport;0;No;3;Intersection-Related;3;T-Intersection;0;None;1;On Roadway;1;Daylight;98;Not Reported;0;No Additional Atmospheric Conditions;98;Not Reported;0;No;0;Not Applicable;8;8:00am-8:59am;22;22;8;8:00am-8:59am;26;26;8;8:00am-8:59am;35;35;0;None;0;None;0;None;1;0
8;Colorado;80058;1;1;0;1;2;2;1;5;ARAPAHOE (5);0;NOT APPLICABLE;7;7;3;March;2019;5;Thursday;13;1:00pm-1:59pm;11;11;1;This section IS ON the NHS;6;Local Street - Municipality;S BROADWAY ST;RIDGE RD;2;Urban;3;Principal Arterial - Other;2;County Highway Agency;0;None;39.59090833;39.59090833;-104.9882361;-104.98823611;0;No Special Jurisdiction;8;Pedestrian;0;The First Harmful Event was Not a Collision with a Motor Vehicle in Transport;0;No;3;Intersection-Related;3;T-Intersection;0;None;1;On Roadway;1;Daylight;98;Not Reported;0;No Additional Atmospheric Conditions;98;Not Reported;0;No;0;Not Applicable;13;1:00pm-1:59pm;11;11;13;1:00pm-1:59pm;18;18;13;1:00pm-1:59pm;28;28;0;None;0;None;0;None;1;0
8;Colorado;80068;2;2;0;0;2;2;0;101;PUEBLO (101);0;NOT APPLICABLE;20;20;3;March;2019;4;Wednesday;12;12:00pm-12:59pm;35;35;1;This section IS ON the NHS;3;State Highway;SR-45;CR-SPAULDING AVE;2;Urban;3;Principal Arterial - Other;1;State Highway Agency;81;81;38.30766667;38.30766667;-104.6633417;-104.66334167;0;No Special Jurisdiction;12;Motor Vehicle In-Transport;6;Angle;0;No;2;Intersection;3;T-Intersection;0;None;1;On Roadway;1;Daylight;98;Not Reported;0;No Additional Atmospheric Conditions;98;Not Reported;0;No;0;Not Applicable;99;Unknown;99;Unknown;99;Unknown EMS Scene Arrival Hour;99;Unknown EMS Scene Arrival Minutes;99;Unknown;99;Unknown EMS Hospital Arrival Time;0;None;0;None;0;None;1;0
8;Colorado;80096;2;2;0;0;2;2;0;41;EL PASO (41);430;COLORADO SPRINGS;3;3;4;April;2019;4;Wednesday;5;5:00am-5:59am;16;16;0;This section IS NOT on the NHS;6;Local Street - Municipality;MAIZELAND RD;WOLD AVE;2;Urban;4;Minor Arterial;4;City or Municipal Highway Agency;0;None;38.86784167;38.86784167;-104.7538083;-104.75380833;0;No Special Jurisdiction;12;Motor Vehicle In-Transport;6;Angle;0;No;2;Intersection;3;T-Intersection;0;None;1;On Roadway;3;Dark - Lighted;98;Not Reported;0;No Additional Atmospheric Conditions;98;Not Reported;0;No;0;Not Applicable;5;5:00am-5:59am;17;17;5;5:00am-5:59am;21;21;6;6:00am-6:59am;2;2;0;None;0;None;0;None;1;2
8;Colorado;80097;1;1;0;1;1;1;1;1;ADAMS (1);2427;THORNTON;8;8;4;April;2019;2;Monday;22;10:00pm-10:59pm;20;20;0;This section IS NOT on the NHS;6;Local Street - Municipality;100TH AVE;MCKAY RD;2;Urban;5;Major Collector;4;City or Municipal Highway Agency;0;None;39.87814444;39.87814444;-104.9159556;-104.91595556;0;No Special Jurisdiction;9;Pedalcyclist;0;The First Harmful Event was Not a Collision with a Motor Vehicle in Transport;0;No;2;Intersection;3;T-Intersection;0;None;1;On Roadway;3;Dark - Lighted;98;Not Reported;0;No Additional Atmospheric Conditions;98;Not Reported;0;No;0;Not Applicable;2;2:00am-2:59am;21;21;2;2:00am-2:59am;23;23;88;Not Applicable (Not Transported);88;Not Applicable (Not Transported);0;None;0;None;0;None;1;0
8;Colorado;80102;2;2;0;0;2;2;0;59;JEFFERSON (59);0;NOT APPLICABLE;9;9;4;April;2019;3;Tuesday;20;8:00pm-8:59pm;10;10;1;This section IS ON the NHS;4;County Road;CR-S KIPLING PKWY;CR-W FAIR AVE;2;Urban;3;Principal Arterial - Other;2;County Highway Agency;0;None;39.60465833;39.60465833;-105.1101556;-105.11015556;0;No Special Jurisdiction;12;Motor Vehicle In-Transport;6;Angle;0;No;2;Intersection;3;T-Intersection;0;None;1;On Roadway;3;Dark - Lighted;98;Not Reported;0;No Additional Atmospheric Conditions;98;Not Reported;0;No;0;Not Applicable;20;8:00pm-8:59pm;13;13;20;8:00pm-8:59pm;17;17;88;Not Applicable (Not Transported);88;Not Applicable (Not Transported);0;None;0;None;0;None;1;1
8;Colorado;80111;2;2;0;0;3;3;0;31;DENVER (31);600;DENVER;17;17;4;April;2019;4;Wednesday;9;9:00am-9:59am;55;55;0;This section IS NOT on the NHS;6;Local Street - Municipality;S LOGAN ST;E OHIO AVE;2;Urban;4;Minor Arterial;4;City or Municipal Highway Agency;0;None;39.70186111;39.70186111;-104.9828194;-104.98281944;0;No Special Jurisdiction;12;Motor Vehicle In-Transport;2;Front-to-Front;0;No;3;Intersection-Related;3;T-Intersection;0;None;1;On Roadway;1;Daylight;1;Clear;0;No Additional Atmospheric Conditions;1;Clear;0;No;0;Not Applicable;99;Unknown;99;Unknown;99;Unknown EMS Scene Arrival Hour;99;Unknown EMS Scene Arrival Minutes;99;Unknown;99;Unknown EMS Hospital Arrival Time;0;None;0;None;0;None;1;0
8;Colorado;80137;1;1;0;0;2;2;0;77;MESA (77);940;FRUITA;4;4;2;February;2019;2;Monday;22;10:00pm-10:59pm;0;0;1;This section IS ON the NHS;2;U.S. Highway;US-6;19 ROAD;2;Urban;3;Principal Arterial - Other;1;State Highway Agency;225;225;39.13886111;39.13886111;-108.7011917;-108.70119167;0;No Special Jurisdiction;46;Traffic Signal Support;0;The First Harmful Event was Not a Collision with a Motor Vehicle in Transport;0;No;3;Intersection-Related;3;T-Intersection;0;None;4;On Roadside;3;Dark - Lighted;10;Cloudy;0;No Additional Atmospheric Conditions;10;Cloudy;0;No;0;Not Applicable;99;Unknown;99;Unknown;99;Unknown EMS Scene Arrival Hour;99;Unknown EMS Scene Arrival Minutes;99;Unknown;99;Unknown EMS Hospital Arrival Time;0;None;0;None;0;None;1;1
8;Colorado;80161;2;2;0;0;5;5;0;1;ADAMS (1);1771;NORTHGLENN;15;15;5;May;2019;4;Wednesday;7;7:00am-7:59am;48;48;0;This section IS NOT on the NHS;6;Local Street - Municipality;HURON ST;W 114TH AVE;2;Urban;4;Minor Arterial;4;City or Municipal Highway Agency;0;None;39.90327778;39.90327778;-104.9966528;-104.99665278;0;No Special Jurisdiction;12;Motor Vehicle In-Transport;6;Angle;0;No;2;Intersection;3;T-Intersection;0;None;1;On Roadway;1;Daylight;98;Not Reported;0;No Additional Atmospheric Conditions;98;Not Reported;0;No;0;Not Applicable;7;7:00am-7:59am;48;48;7;7:00am-7:59am;53;53;8;8:00am-8:59am;30;30;0;None;0;None;0;None;1;0
8;Colorado;80165;1;1;0;0;1;1;0;31;DENVER (31);600;DENVER;9;9;5;May;2019;5;Thursday;16;4:00pm-4:59pm;30;30;0;This section IS NOT on the NHS;6;Local Street - Municipality;E MEXICO AVE;S BIRCH ST;2;Urban;5;Major Collector;4;City or Municipal Highway Agency;0;None;39.68563889;39.68563889;-104.9366889;-104.93668889;0;No Special Jurisdiction;43;Other Fixed Object;0;The First Harmful Event was Not a Collision with a Motor Vehicle in Transport;0;No;3;Intersection-Related;3;T-Intersection;0;None;4;On Roadside;1;Daylight;98;Not Reported;0;No Additional Atmospheric Conditions;98;Not Reported;0;No;0;Not Applicable;16;4:00pm-4:59pm;33;33;16;4:00pm-4:59pm;37;37;16;4:00pm-4:59pm;57;57;0;None;0;None;0;None;1;1
8;Colorado;80169;2;2;0;0;4;4;0;35;DOUGLAS (35);0;NOT APPLICABLE;24;24;5;May;2019;6;Friday;19;7:00pm-7:59pm;23;23;1;This section IS ON the NHS;3;State Highway;SR-83;CR-GILLIAN AVE;1;Rural;3;Principal Arterial - Other;1;State Highway Agency;378;378;39.22407778;39.22407778;-104.7005333;-104.70053333;0;No Special Jurisdiction;12;Motor Vehicle In-Transport;6;Angle;0;No;2;Intersection;3;T-Intersection;0;None;1;On Roadway;1;Daylight;98;Not Reported;0;No Additional Atmospheric Conditions;98;Not Reported;0;No;0;Not Applicable;19;7:00pm-7:59pm;24;24;19;7:00pm-7:59pm;37;37;20;8:00pm-8:59pm;13;13;0;None;0;None;0;None;1;0
8;Colorado;80176;3;3;0;0;4;4;0;31;DENVER (31);600;DENVER;4;4;5;May;2019;7;Saturday;15;3:00pm-3:59pm;45;45;1;This section IS ON the NHS;2;U.S. Highway;US-85  S SANTA FE DR;W IOWA AVE;2;Urban;3;Principal Arterial - Other;1;State Highway Agency;2093;2093;39.68756667;39.68756667;-104.9919833;-104.99198333;0;No Special Jurisdiction;12;Motor Vehicle In-Transport;6;Angle;0;No;2;Intersection;3;T-Intersection;0;None;1;On Roadway;1;Daylight;98;Not Reported;0;No Additional Atmospheric Conditions;98;Not Reported;0;No;0;Not Applicable;15;3:00pm-3:59pm;47;47;15;3:00pm-3:59pm;52;52;16;4:00pm-4:59pm;8;8;0;None;0;None;0;None;2;0
8;Colorado;80195;1;1;0;0;1;1;0;41;EL PASO (41);430;COLORADO SPRINGS;6;6;6;June;2019;5;Thursday;20;8:00pm-8:59pm;46;46;0;This section IS NOT on the NHS;6;Local Street - Municipality;PETERSON RD;HIGHLAND VISTA DR;2;Urban;4;Minor Arterial;4;City or Municipal Highway Agency;0;None;38.88083333;38.88083333;-104.7015889;-104.70158889;0;No Special Jurisdiction;33;Curb;0;The First Harmful Event was Not a Collision with a Motor Vehicle in Transport;0;No;3;Intersection-Related;3;T-Intersection;0;None;4;On Roadside;3;Dark - Lighted;98;Not Reported;0;No Additional Atmospheric Conditions;98;Not Reported;0;No;0;Not Applicable;20;8:00pm-8:59pm;47;47;20;8:00pm-8:59pm;52;52;21;9:00pm-9:59pm;3;3;0;None;0;None;0;None;1;0
8;Colorado;80202;2;2;0;0;2;2;0;105;RIO GRANDE (105);1680;MONTE VISTA;18;18;6;June;2019;3;Tuesday;20;8:00pm-8:59pm;3;3;1;This section IS ON the NHS;2;U.S. Highway;US-160  GRANDE AVE;SHERMAN AVE;1;Rural;3;Principal Arterial - Other;1;State Highway Agency;2169;2169;37.57441667;37.57441667;-106.1290389;-106.12903889;0;No Special Jurisdiction;12;Motor Vehicle In-Transport;2;Front-to-Front;0;No;2;Intersection;3;T-Intersection;0;None;1;On Roadway;5;Dusk;98;Not Reported;0;No Additional Atmospheric Conditions;98;Not Reported;0;No;0;Not Applicable;99;Unknown;99;Unknown;99;Unknown EMS Scene Arrival Hour;99;Unknown EMS Scene Arrival Minutes;99;Unknown;99;Unknown EMS Hospital Arrival Time;0;None;0;None;0;None;1;0
8;Colorado;80216;1;1;0;0;1;1;0;31;DENVER (31);600;DENVER;20;20;6;June;2019;5;Thursday;1;1:00am-1:59am;6;6;0;This section IS NOT on the NHS;6;Local Street - Municipality;WALNUT ST;E 40TH AVE;2;Urban;4;Minor Arterial;4;City or Municipal Highway Agency;0;None;39.772925;39.772925;-104.9681;-104.9681;0;No Special Jurisdiction;33;Curb;0;The First Harmful Event was Not a Collision with a Motor Vehicle in Transport;0;No;3;Intersection-Related;3;T-Intersection;0;None;4;On Roadside;3;Dark - Lighted;1;Clear;0;No Additional Atmospheric Conditions;1;Clear;0;No;0;Not Applicable;1;1:00am-1:59am;6;6;1;1:00am-1:59am;13;13;88;Not Applicable (Not Transported);88;Not Applicable (Not Transported);0;None;0;None;0;None;1;1
8;Colorado;80236;4;4;0;0;7;7;0;49;GRAND (49);0;NOT APPLICABLE;2;2;7;July;2019;3;Tuesday;17;5:00pm-5:59pm;32;32;1;This section IS ON the NHS;2;U.S. Highway;US-40;CR-WINTER PARK HIGHLANDS DR;1;Rural;3;Principal Arterial - Other;1;State Highway Agency;2213;2213;39.99576667;39.99576667;-105.8783333;-105.87833333;0;No Special Jurisdiction;12;Motor Vehicle In-Transport;1;Front-to-Rear;0;No;3;Intersection-Related;3;T-Intersection;0;None;1;On Roadway;1;Daylight;98;Not Reported;0;No Additional Atmospheric Conditions;98;Not Reported;0;No;0;Not Applicable;99;Unknown;99;Unknown;99;Unknown EMS Scene Arrival Hour;99;Unknown EMS Scene Arrival Minutes;88;Not Applicable (Not Transported);88;Not Applicable (Not Transported);0;None;0;None;0;None;1;0
8;Colorado;80242;2;2;0;0;2;2;0;69;LARIMER (69);0;NOT APPLICABLE;2;2;7;July;2019;3;Tuesday;20;8:00pm-8:59pm;46;46;1;This section IS ON the NHS;7;Local Street - Frontage Road;I-25 E FRONTAGE RD;CR-60;1;Rural;1;Interstate;1;State Highway Agency;2764;2764;40.68248333;40.68248333;-105.0003472;-105.00034722;0;No Special Jurisdiction;12;Motor Vehicle In-Transport;2;Front-to-Front;0;No;2;Intersection;3;T-Intersection;0;None;1;On Roadway;5;Dusk;1;Clear;0;No Additional Atmospheric Conditions;1;Clear;0;No;0;Not Applicable;20;8:00pm-8:59pm;46;46;20;8:00pm-8:59pm;55;55;21;9:00pm-9:59pm;40;40;0;None;0;None;0;None;1;0
8;Colorado;80267;1;1;0;1;1;1;1;123;WELD (123);810;FIRESTONE;11;11;7;July;2019;5;Thursday;13;1:00pm-1:59pm;20;20;1;This section IS ON the NHS;3;State Highway;SR-119;CR-5;2;Urban;3;Principal Arterial - Other;1;State Highway Agency;614;614;40.16063333;40.16063333;-105.01725;-105.01725;0;No Special Jurisdiction;9;Pedalcyclist;0;The First Harmful Event was Not a Collision with a Motor Vehicle in Transport;0;No;3;Intersection-Related;3;T-Intersection;0;None;1;On Roadway;1;Daylight;98;Not Reported;0;No Additional Atmospheric Conditions;98;Not Reported;0;No;0;Not Applicable;13;1:00pm-1:59pm;20;20;13;1:00pm-1:59pm;23;23;13;1:00pm-1:59pm;50;50;0;None;0;None;0;None;1;0