STATE;STATENAME;ST_CASE;VE_TOTAL;VE_FORMS;PVH_INVL;PEDS;PERSONS;PERMVIT;PERNOTMVIT;COUNTY;COUNTYNAME;CITY;CITYNAME;DAY;DAYNAME;MONTH;MONTHNAME;YEAR;DAY_WEEK;DAY_WEEKNAME;HOUR;HOURNAME;MINUTE;MINUTENAME;NHS;NHSNAME;ROUTE;ROUTENAME;TWAY_ID;TWAY_ID2;RUR_URB;RUR_URBNAME;FUNC_SYS;FUNC_SYSNAME;RD_OWNER;RD_OWNERNAME;MILEPT;MILEPTNAME;LATITUDE;LATITUDENAME;LONGITUD;LONGITUDNAME;SP_JUR;SP_JURNAME;HARM_EV;HARM_EVNAME;MAN_COLL;MAN_COLLNAME;RELJCT1;RELJCT1NAME;RELJCT2;RELJCT2NAME;TYP_INT;TYP_INTNAME;WRK_ZONE;WRK_ZONENAME;REL_ROAD;REL_ROADNAME;LGT_COND;LGT_CONDNAME;WEATHER1;WEATHER1NAME;WEATHER2;WEATHER2NAME;WEATHER;WEATHERNAME;SCH_BUS;SCH_BUSNAME;RAIL;RAILNAME;NOT_HOUR;NOT_HOURNAME;NOT_MIN;NOT_MINNAME;ARR_HOUR;ARR_HOURNAME;ARR_MIN;ARR_MINNAME;HOSP_HR;HOSP_HRNAME;HOSP_MN;HOSP_MNNAME;CF1;CF1NAME;CF2;CF2NAME;CF3;CF3NAME;FATALS;DRUNK_DR
12;Florida;120064;3;3;0;0;4;4;0;101;PASCO (101);0;NOT APPLICABLE;2;2;1;January;2019;4;Wednesday;6;6:00am-6:59am;20;20;1;This section IS ON the NHS;2;U.S. Highway;US-301;SHAMROCK PLACE;2;Urban;3;Principal Arterial - Other;1;State Highway Agency;99998;Not Reported;28.19693056;28.19693056;-82.19666944;-82.19666944;0;No Special Jurisdiction;12;Motor Vehicle In-Transport;1;Front-to-Rear;0;No;3;Intersection-Related;3;T-Intersection;0;None;1;On Roadway;2;Dark - Not Lighted;1;Clear;0;No Additional Atmospheric Conditions;1;Clear;0;No;0;Not Applicable;99;Unknown;99;Unknown;99;Unknown EMS Scene Arrival Hour;99;Unknown EMS Scene Arrival Minutes;99;Unknown;99;Unknown EMS Hospital Arrival Time;0;None;0;None;0;None;1;0
12;Florida;120068;1;1;0;0;1;1;0;31;DUVAL (31);1510;JACKSONVILLE;5;5;1;January;2019;7;Saturday;1;1:00am-1:59am;50;50;0;This section IS NOT on the NHS;3;State Highway;SR-13;9600 OLD ST AUGUSTINE RD;2;Urban;4;Minor Arterial;1;State Highway Agency;99998;Not Reported;30.20316111;30.20316111;-81.61706111;-81.61706111;0;No Special Jurisdiction;33;Curb;0;The First Harmful Event was Not a Collision with a Motor Vehicle in Transport;1;Yes;3;Intersection-Related;3;T-Intersection;0;None;4;On Roadside;3;Dark - Lighted;1;Clear;0;No Additional Atmospheric Conditions;1;Clear;0;No;0;Not Applicable;99;Unknown;99;Unknown;99;Unknown EMS Scene Arrival Hour;99;Unknown EMS Scene Arrival Minutes;99;Unknown;99;Unknown EMS Hospital Arrival Time;0;None;0;None;0;None;1;0
12;Florida;120084;1;1;0;1;1;1;1;57;HILLSBOROUGH (57);0;NOT APPLICABLE;15;15;1;January;2019;3;Tuesday;19;7:00pm-7:59pm;0;0;1;This section IS ON the NHS;2;U.S. Highway;US-92;ORIENT RD;2;Urban;3;Principal Arterial - Other;1;State Highway Agency;99998;Not Reported;27.99630556;27.99630556;-82.372075;-82.372075;0;No Special Jurisdiction;8;Pedestrian;0;The First Harmful Event was Not a Collision with a Motor Vehicle in Transport;0;No;3;Intersection-Related;3;T-Intersection;0;None;1;On Roadway;5;Dusk;1;Clear;0;No Additional Atmospheric Conditions;1;Clear;0;No;0;Not Applicable;99;Unknown;99;Unknown;99;Unknown EMS Scene Arrival Hour;99;Unknown EMS Scene Arrival Minutes;88;Not Applicable (Not Transported);88;Not Applicable (Not Transported);0;None;0;None;0;None;1;0
12;Florida;120086;2;2;0;0;2;2;0;5;BAY (5);0;NOT APPLICABLE;11;11;1;January;2019;6;Friday;17;5:00pm-5:59pm;29;29;1;This section IS ON the NHS;2;U.S. Highway;US-98;TOLEDO PL;2;Urban;3;Principal Arterial - Other;1;State Highway Agency;99998;Not Reported;30.24456944;30.24456944;-85.92141944;-85.92141944;0;No Special Jurisdiction;12;Motor Vehicle In-Transport;6;Angle;0;No;2;Intersection;3;T-Intersection;0;None;1;On Roadway;5;Dusk;1;Clear;0;No Additional Atmospheric Conditions;1;Clear;0;No;0;Not Applicable;99;Unknown;99;Unknown;99;Unknown EMS Scene Arrival Hour;99;Unknown EMS Scene Arrival Minutes;99;Unknown;99;Unknown EMS Hospital Arrival Time;0;None;0;None;0;None;1;0
12;Florida;120090;2;2;0;0;3;3;0;109;ST. JOHNS (109);0;NOT APPLICABLE;9;9;1;January;2019;4;Wednesday;19;7:00pm-7:59pm;4;4;1;This section IS ON the NHS;2;U.S. Highway;US-1;STOKES LANDING RD;2;Urban;3;Principal Arterial - Other;1;State Highway Agency;99998;Not Reported;29.99730556;29.99730556;-81.37839722;-81.37839722;0;No Special Jurisdiction;12;Motor Vehicle In-Transport;2;Front-to-Front;1;Yes;2;Intersection;3;T-Intersection;0;None;1;On Roadway;2;Dark - Not Lighted;1;Clear;0;No Additional Atmospheric Conditions;1;Clear;0;No;0;Not Applicable;99;Unknown;99;Unknown;99;Unknown EMS Scene Arrival Hour;99;Unknown EMS Scene Arrival Minutes;99;Unknown;99;Unknown EMS Hospital Arrival Time;0;None;0;None;0;None;1;0
12;Florida;120107;2;2;0;0;6;6;0;71;LEE (71);0;NOT APPLICABLE;13;13;1;January;2019;1;Sunday;14;2:00pm-2:59pm;53;53;0;This section IS NOT on the NHS;9;Unknown;BUCKINGHAM RD;ALVIN AVE;1;Rural;5;Major Collector;2;County Highway Agency;19;19;26.63626111;26.63626111;-81.75056944;-81.75056944;0;No Special Jurisdiction;12;Motor Vehicle In-Transport;7;Sideswipe - Same Direction;0;No;3;Intersection-Related;3;T-Intersection;0;None;1;On Roadway;1;Daylight;1;Clear;0;No Additional Atmospheric Conditions;1;Clear;0;No;0;Not Applicable;99;Unknown;99;Unknown;99;Unknown EMS Scene Arrival Hour;99;Unknown EMS Scene Arrival Minutes;99;Unknown;99;Unknown EMS Hospital Arrival Time;0;None;0;None;0;None;1;0
12;Florida;120110;2;2;0;0;4;4;0;57;HILLSBOROUGH (57);2950;TAMPA;12;12;1;January;2019;7;Saturday;16;4:00pm-4:59pm;30;30;0;This section IS NOT on the NHS;2;U.S. Highway;US-41;GARLAND CT;2;Urban;4;Minor Arterial;1;State Highway Agency;99998;Not Reported;28.07863056;28.07863056;-82.4595;-82.4595;0;No Special Jurisdiction;12;Motor Vehicle In-Transport;6;Angle;0;No;2;Intersection;3;T-Intersection;0;None;1;On Roadway;1;Daylight;1;Clear;0;No Additional Atmospheric Conditions;1;Clear;0;No;0;Not Applicable;99;Unknown;99;Unknown;99;Unknown EMS Scene Arrival Hour;99;Unknown EMS Scene Arrival Minutes;99;Unknown;99;Unknown EMS Hospital Arrival Time;0;None;0;None;0;None;2;0
12;Florida;120131;2;2;0;0;3;3;0;17;CITRUS (17);1330;HERNANDO;12;12;1;January;2019;7;Saturday;0;0:00am-0:59am;8;8;1;This section IS ON the NHS;3;State Highway;SR-44;LOIS TER;2;Urban;3;Principal Arterial - Other;1;State Highway Agency;99998;Not Reported;28.84901111;28.84901111;-82.37418056;-82.37418056;0;No Special Jurisdiction;12;Motor Vehicle In-Transport;6;Angle;0;No;3;Intersection-Related;3;T-Intersection;0;None;1;On Roadway;2;Dark - Not Lighted;1;Clear;0;No Additional Atmospheric Conditions;1;Clear;0;No;0;Not Applicable;0;0:00am-0:59am;9;9;0;0:00am-0:59am;14;14;99;Unknown;99;Unknown EMS Hospital Arrival Time;0;None;0;None;0;None;1;0
12;Florida;120134;2;2;0;0;4;4;0;21;COLLIER (21);0;NOT APPLICABLE;17;17;1;January;2019;5;Thursday;20;8:00pm-8:59pm;35;35;0;This section IS NOT on the NHS;4;County Road;CR-896;EAST AVE;2;Urban;4;Minor Arterial;2;County Highway Agency;99998;Not Reported;26.21144444;26.21144444;-81.79415278;-81.79415278;0;No Special Jurisdiction;33;Curb;0;The First Harmful Event was Not a Collision with a Motor Vehicle in Transport;1;Yes;3;Intersection-Related;3;T-Intersection;0;None;3;On Median;3;Dark - Lighted;1;Clear;0;No Additional Atmospheric Conditions;1;Clear;0;No;0;Not Applicable;99;Unknown;99;Unknown;99;Unknown EMS Scene Arrival Hour;99;Unknown EMS Scene Arrival Minutes;99;Unknown;99;Unknown EMS Hospital Arrival Time;0;None;0;None;0;None;1;0
12;Florida;120136;2;2;0;0;4;4;0;11;BROWARD (11);1050;FORT LAUDERDALE;2;2;1;January;2019;4;Wednesday;13;1:00pm-1:59pm;48;48;1;This section IS ON the NHS;2;U.S. Highway;US-1;16TH ST;2;Urban;3;Principal Arterial - Other;1;State Highway Agency;99998;Not Reported;26.14873611;26.14873611;-80.11996667;-80.11996667;0;No Special Jurisdiction;12;Motor Vehicle In-Transport;6;Angle;0;No;2;Intersection;3;T-Intersection;0;None;1;On Roadway;1;Daylight;1;Clear;0;No Additional Atmospheric Conditions;1;Clear;0;No;0;Not Applicable;99;Unknown;99;Unknown;99;Unknown EMS Scene Arrival Hour;99;Unknown EMS Scene Arrival Minutes;99;Unknown;99;Unknown EMS Hospital Arrival Time;0;None;0;None;0;None;1;0
12;Florida;120160;2;2;0;0;2;2;0;117;SEMINOLE (117);0;NOT APPLICABLE;25;25;1;January;2019;6;Friday;18;6:00pm-6:59pm;33;33;0;This section IS NOT on the NHS;4;County Road;CR-426;OLD MIMS RD;1;Rural;5;Major Collector;1;State Highway Agency;99998;Not Reported;28.71428889;28.71428889;-81.11869722;-81.11869722;0;No Special Jurisdiction;12;Motor Vehicle In-Transport;6;Angle;0;No;2;Intersection;3;T-Intersection;0;None;1;On Roadway;2;Dark - Not Lighted;1;Clear;0;No Additional Atmospheric Conditions;1;Clear;0;No;0;Not Applicable;99;Unknown;99;Unknown;99;Unknown EMS Scene Arrival Hour;99;Unknown EMS Scene Arrival Minutes;99;Unknown;99;Unknown EMS Hospital Arrival Time;1;Inadequate Warning of Exits, Lanes Narrowing, Traffic Controls, etc.;0;None;0;None;1;0
12;Florida;120161;2;2;0;0;2;2;0;99;PALM BEACH (99);0;NOT APPLICABLE;21;21;1;January;2019;2;Monday;20;8:00pm-8:59pm;20;20;1;This section IS ON the NHS;2;U.S. Highway;US-98;SR-700;1;Rural;3;Principal Arterial - Other;1;State Highway Agency;99998;Not Reported;26.72574722;26.72574722;-80.50602778;-80.50602778;0;No Special Jurisdiction;12;Motor Vehicle In-Transport;6;Angle;1;Yes;3;Intersection-Related;3;T-Intersection;0;None;1;On Roadway;2;Dark - Not Lighted;10;Cloudy;0;No Additional Atmospheric Conditions;10;Cloudy;0;No;0;Not Applicable;99;Unknown;99;Unknown;99;Unknown EMS Scene Arrival Hour;99;Unknown EMS Scene Arrival Minutes;88;Not Applicable (Not Transported);88;Not Applicable (Not Transported);0;None;0;None;0;None;1;0
12;Florida;120164;2;2;0;0;2;2;0;39;GADSDEN (39);0;NOT APPLICABLE;24;24;1;January;2019;5;Thursday;7;7:00am-7:59am;5;5;0;This section IS NOT on the NHS;4;County Road;CR-269;HARDAWAY HWY;1;Rural;6;Minor Collector;2;County Highway Agency;99998;Not Reported;30.65463889;30.65463889;-84.81975;-84.81975;0;No Special Jurisdiction;12;Motor Vehicle In-Transport;6;Angle;0;No;2;Intersection;3;T-Intersection;0;None;1;On Roadway;4;Dawn;10;Cloudy;0;No Additional Atmospheric Conditions;10;Cloudy;0;No;0;Not Applicable;99;Unknown;99;Unknown;99;Unknown EMS Scene Arrival Hour;99;Unknown EMS Scene Arrival Minutes;99;Unknown;99;Unknown EMS Hospital Arrival Time;0;None;0;None;0;None;1;1
12;Florida;120192;4;3;1;0;3;3;0;109;ST. JOHNS (109);0;NOT APPLICABLE;4;4;2;February;2019;2;Monday;18;6:00pm-6:59pm;38;38;1;This section IS ON the NHS;2;U.S. Highway;US-1;STOKES LANDING RD;2;Urban;3;Principal Arterial - Other;1;State Highway Agency;99998;Not Reported;29.99736944;29.99736944;-81.37835;-81.37835;0;No Special Jurisdiction;12;Motor Vehicle In-Transport;6;Angle;0;No;2;Intersection;3;T-Intersection;0;None;1;On Roadway;2;Dark - Not Lighted;10;Cloudy;0;No Additional Atmospheric Conditions;10;Cloudy;0;No;0;Not Applicable;99;Unknown;99;Unknown;99;Unknown EMS Scene Arrival Hour;99;Unknown EMS Scene Arrival Minutes;99;Unknown;99;Unknown EMS Hospital Arrival Time;14;Motor Vehicle struck by falling cargo,or something that came loose from or something that was set in motion by a vehicle;0;None;0;None;1;1
12;Florida;120195;2;2;0;0;2;2;0;19;CLAY (19);0;NOT APPLICABLE;17;17;1;January;2019;5;Thursday;12;12:00pm-12:59pm;52;52;1;This section IS ON the NHS;2;U.S. Highway;US-17;COPPER STONE DR;2;Urban;3;Principal Arterial - Other;1;State Highway Agency;99998;Not Reported;30.08692222;30.08692222;-81.7062;-81.7062;0;No Special Jurisdiction;12;Motor Vehicle In-Transport;6;Angle;0;No;2;Intersection;3;T-Intersection;0;None;1;On Roadway;1;Daylight;1;Clear;0;No Additional Atmospheric Conditions;1;Clear;0;No;0;Not Applicable;99;Unknown;99;Unknown;99;Unknown EMS Scene Arrival Hour;99;Unknown EMS Scene Arrival Minutes;99;Unknown;99;Unknown EMS Hospital Arrival Time;0;None;0;None;0;None;1;0
12;Florida;120199;2;2;0;0;2;2;0;107;PUTNAM (107);0;NOT APPLICABLE;28;28;1;January;2019;2;Monday;5;5:00am-5:59am;54;54;0;This section IS NOT on the NHS;3;State Highway;SR-100;VULCAN GRANDIN SAND;1;Rural;3;Principal Arterial - Other;1;State Highway Agency;99998;Not Reported;29.72575;29.72575;-81.94543889;-81.94543889;0;No Special Jurisdiction;12;Motor Vehicle In-Transport;6;Angle;0;No;2;Intersection;3;T-Intersection;0;None;1;On Roadway;2;Dark - Not Lighted;1;Clear;0;No Additional Atmospheric Conditions;1;Clear;0;No;0;Not Applicable;99;Unknown;99;Unknown;99;Unknown EMS Scene Arrival Hour;99;Unknown EMS Scene Arrival Minutes;99;Unknown;99;Unknown EMS Hospital Arrival Time;0;None;0;None;0;None;1;0
12;Florida;120213;1;1;0;0;2;2;0;93;OKEECHOBEE (93);0;NOT APPLICABLE;3;3;2;February;2019;1;Sunday;2;2:00am-2:59am;12;12;0;This section IS NOT on the NHS;8;Other;CR-718 NW 36TH ST;39TH CIR;2;Urban;5;Major Collector;98;Not Reported;99998;Not Reported;27.27828889;27.27828889;-80.83575;-80.83575;0;No Special Jurisdiction;24;Guardrail Face;0;The First Harmful Event was Not a Collision with a Motor Vehicle in Transport;0;No;3;Intersection-Related;3;T-Intersection;0;None;4;On Roadside;2;Dark - Not Lighted;5;Fog, Smog, Smoke;0;No Additional Atmospheric Conditions;5;Fog, Smog, Smoke;0;No;0;Not Applicable;99;Unknown;99;Unknown;99;Unknown EMS Scene Arrival Hour;99;Unknown EMS Scene Arrival Minutes;99;Unknown;99;Unknown EMS Hospital Arrival Time;0;None;0;None;0;None;1;1
12;Florida;120215;1;1;0;1;1;1;1;57;HILLSBOROUGH (57);2950;TAMPA;8;8;2;February;2019;6;Friday;9;9:00am-9:59am;30;30;0;This section IS NOT on the NHS;6;Local Street - Municipality;22ND ST;OAKWOOD AVE;2;Urban;7;Local;1;State Highway Agency;99998;Not Reported;27.93964722;27.93964722;-82.43475;-82.43475;0;No Special Jurisdiction;9;Pedalcyclist;0;The First Harmful Event was Not a Collision with a Motor Vehicle in Transport;0;No;3;Intersection-Related;3;T-Intersection;0;None;1;On Roadway;1;Daylight;1;Clear;0;No Additional Atmospheric Conditions;1;Clear;0;No;0;Not Applicable;99;Unknown;99;Unknown;99;Unknown EMS Scene Arrival Hour;99;Unknown EMS Scene Arrival Minutes;88;Not Applicable (Not Transported);88;Not Applicable (Not Transported);0;None;0;None;0;None;1;0
12;Florida;120226;4;1;3;0;1;1;0;101;PASCO (101);3330;ZEPHYRHILLS;3;3;2;February;2019;1;Sunday;13;1:00pm-1:59pm;41;41;0;This section IS NOT on the NHS;6;Local Street - Municipality;WISTERIA DR;LARCH DR;1;Rural;7;Local;98;Not Reported;99998;Not Reported;28.22503056;28.22503056;-82.19128889;-82.19128889;0;No Special Jurisdiction;14;Parked Motor Vehicle;0;The First Harmful Event was Not a Collision with a Motor Vehicle in Transport;0;No;3;Intersection-Related;3;T-Intersection;0;None;5;Outside Trafficway;1;Daylight;10;Cloudy;0;No Additional Atmospheric Conditions;10;Cloudy;0;No;0;Not Applicable;99;Unknown;99;Unknown;99;Unknown EMS Scene Arrival Hour;99;Unknown EMS Scene Arrival Minutes;99;Unknown;99;Unknown EMS Hospital Arrival Time;0;None;0;None;0;None;1;0
12;Florida;120248;2;2;0;0;3;3;0;105;POLK (105);0;NOT APPLICABLE;2;2;2;February;2019;7;Saturday;14;2:00pm-2:59pm;12;12;1;This section IS ON the NHS;2;U.S. Highway;US-27;INTERNATIONAL BASS BLVD;2;Urban;3;Principal Arterial - Other;1;State Highway Agency;99998;Not Reported;28.33030556;28.33030556;-81.67091667;-81.67091667;0;No Special Jurisdiction;12;Motor Vehicle In-Transport;1;Front-to-Rear;0;No;3;Intersection-Related;3;T-Intersection;0;None;1;On Roadway;1;Daylight;1;Clear;0;No Additional Atmospheric Conditions;1;Clear;0;No;0;Not Applicable;99;Unknown;99;Unknown;99;Unknown EMS Scene Arrival Hour;99;Unknown EMS Scene Arrival Minutes;99;Unknown;99;Unknown EMS Hospital Arrival Time;0;None;0;None;0;None;1;0
12;Florida;120253;1;1;0;1;1;1;1;86;MIAMI-DADE (86);0;NOT APPLICABLE;31;31;1;January;2019;5;Thursday;20;8:00pm-8:59pm;19;19;1;This section IS ON the NHS;3;State Highway;SR-992 SW 152 ST;78TH ST;2;Urban;3;Principal Arterial - Other;1;State Highway Agency;99998;Not Reported;25.62943611;25.62943611;-80.32031389;-80.32031389;0;No Special Jurisdiction;8;Pedestrian;0;The First Harmful Event was Not a Collision with a Motor Vehicle in Transport;0;No;3;Intersection-Related;3;T-Intersection;0;None;1;On Roadway;3;Dark - Lighted;1;Clear;0;No Additional Atmospheric Conditions;1;Clear;0;No;0;Not Applicable;99;Unknown;99;Unknown;99;Unknown EMS Scene Arrival Hour;99;Unknown EMS Scene Arrival Minutes;88;Not Applicable (Not Transported);88;Not Applicable (Not Transported);0;None;0;None;0;None;1;0
12;Florida;120264;2;2;0;0;2;2;0;101;PASCO (101);0;NOT APPLICABLE;7;7;2;February;2019;5;Thursday;12;12:00pm-12:59pm;5;5;1;This section IS ON the NHS;3;State Highway;SR-581;EAGLESTON BLVD;2;Urban;3;Principal Arterial - Other;1;State Highway Agency;99998;Not Reported;28.22144444;28.22144444;-82.353275;-82.353275;0;No Special Jurisdiction;12;Motor Vehicle In-Transport;6;Angle;1;Yes;2;Intersection;3;T-Intersection;0;None;1;On Roadway;1;Daylight;1;Clear;0;No Additional Atmospheric Conditions;1;Clear;0;No;0;Not Applicable;99;Unknown;99;Unknown;99;Unknown EMS Scene Arrival Hour;99;Unknown EMS Scene Arrival Minutes;99;Unknown;99;Unknown EMS Hospital Arrival Time;0;None;0;None;0;None;1;0
12;Florida;120268;2;2;0;0;2;2;0;119;SUMTER (119);0;NOT APPLICABLE;11;11;1;January;2019;6;Friday;13;1:00pm-1:59pm;55;55;0;This section IS NOT on the NHS;4;County Road;CR-476B;I-75 RAMP;2;Urban;5;Major Collector;2;County Highway Agency;99998;Not Reported;28.60236111;28.60236111;-82.20293056;-82.20293056;0;No Special Jurisdiction;12;Motor Vehicle In-Transport;6;Angle;0;No;2;Intersection;3;T-Intersection;0;None;1;On Roadway;1;Daylight;1;Clear;0;No Additional Atmospheric Conditions;1;Clear;0;No;0;Not Applicable;99;Unknown;99;Unknown;99;Unknown EMS Scene Arrival Hour;99;Unknown EMS Scene Arrival Minutes;99;Unknown;99;Unknown EMS Hospital Arrival Time;0;None;0;None;0;None;1;0
12;Florida;120274;2;2;0;0;2;2;0;105;POLK (105);0;NOT APPLICABLE;3;3;2;February;2019;1;Sunday;18;6:00pm-6:59pm;18;18;0;This section IS NOT on the NHS;9;Unknown;CHINOOK RD;AMBERJACK CT;2;Urban;7;Local;98;Not Reported;99998;Not Reported;28.09457222;28.09457222;-81.50522778;-81.50522778;0;No Special Jurisdiction;12;Motor Vehicle In-Transport;2;Front-to-Front;0;No;3;Intersection-Related;3;T-Intersection;0;None;1;On Roadway;5;Dusk;1;Clear;0;No Additional Atmospheric Conditions;1;Clear;0;No;0;Not Applicable;99;Unknown;99;Unknown;99;Unknown EMS Scene Arrival Hour;99;Unknown EMS Scene Arrival Minutes;99;Unknown;99;Unknown EMS Hospital Arrival Time;0;None;0;None;0;None;2;0
12;Florida;120276;2;2;0;0;4;4;0;77;LIBERTY (77);0;NOT APPLICABLE;10;10;2;February;2019;1;Sunday;19;7:00pm-7:59pm;30;30;0;This section IS NOT on the NHS;4;County Road;CR-12;CR-379;1;Rural;6;Minor Collector;98;Not Reported;99998;Not Reported;30.38818333;30.38818333;-84.97389444;-84.97389444;0;No Special Jurisdiction;12;Motor Vehicle In-Transport;6;Angle;0;No;2;Intersection;3;T-Intersection;0;None;1;On Roadway;2;Dark - Not Lighted;1;Clear;0;No Additional Atmospheric Conditions;1;Clear;0;No;0;Not Applicable;99;Unknown;99;Unknown;99;Unknown EMS Scene Arrival Hour;99;Unknown EMS Scene Arrival Minutes;99;Unknown;99;Unknown EMS Hospital Arrival Time;0;None;0;None;0;None;1;0
12;Florida;120283;2;2;0;0;2;2;0;71;LEE (71);0;NOT APPLICABLE;6;6;2;February;2019;4;Wednesday;18;6:00pm-6:59pm;49;49;0;This section IS NOT on the NHS;5;Local Street - Township;SLATER RD;RICH RD;1;Rural;5;Major Collector;98;Not Reported;99998;Not Reported;26.7425;26.7425;-81.85036111;-81.85036111;0;No Special Jurisdiction;12;Motor Vehicle In-Transport;2;Front-to-Front;0;No;2;Intersection;3;T-Intersection;0;None;1;On Roadway;2;Dark - Not Lighted;1;Clear;0;No Additional Atmospheric Conditions;1;Clear;0;No;0;Not Applicable;99;Unknown;99;Unknown;99;Unknown EMS Scene Arrival Hour;99;Unknown EMS Scene Arrival Minutes;88;Not Applicable (Not Transported);88;Not Applicable (Not Transported);0;None;0;None;0;None;1;2
12;Florida;120286;1;1;0;0;1;1;0;95;ORANGE (95);0;NOT APPLICABLE;14;14;2;February;2019;5;Thursday;20;8:00pm-8:59pm;5;5;0;This section IS NOT on the NHS;6;Local Street - Municipality;PERSHING AVENUE;REDDITT RD;2;Urban;5;Major Collector;98;Not Reported;99998;Not Reported;28.49895;28.49895;-81.29368056;-81.29368056;0;No Special Jurisdiction;1;Rollover/Overturn;0;The First Harmful Event was Not a Collision with a Motor Vehicle in Transport;0;No;3;Intersection-Related;3;T-Intersection;0;None;1;On Roadway;3;Dark - Lighted;1;Clear;0;No Additional Atmospheric Conditions;1;Clear;0;No;0;Not Applicable;99;Unknown;99;Unknown;99;Unknown EMS Scene Arrival Hour;99;Unknown EMS Scene Arrival Minutes;99;Unknown;99;Unknown EMS Hospital Arrival Time;0;None;0;None;0;None;1;0
12;Florida;120316;1;1;0;1;1;1;1;31;DUVAL (31);1510;JACKSONVILLE;8;8;2;February;2019;6;Friday;23;11:00pm-11:59pm;20;20;1;This section IS ON the NHS;2;U.S. Highway;US-17;KIRK RD;2;Urban;3;Principal Arterial - Other;1;State Highway Agency;99998;Not Reported;30.51448889;30.51448889;-81.62266944;-81.62266944;0;No Special Jurisdiction;8;Pedestrian;0;The First Harmful Event was Not a Collision with a Motor Vehicle in Transport;0;No;3;Intersection-Related;3;T-Intersection;0;None;2;On Shoulder;3;Dark - Lighted;1;Clear;0;No Additional Atmospheric Conditions;1;Clear;0;No;0;Not Applicable;99;Unknown;99;Unknown;99;Unknown EMS Scene Arrival Hour;99;Unknown EMS Scene Arrival Minutes;88;Not Applicable (Not Transported);88;Not Applicable (Not Transported);0;None;0;None;0;None;1;0
12;Florida;120331;2;2;0;0;2;2;0;63;JACKSON (63);1930;MARIANNA;7;7;2;February;2019;5;Thursday;13;1:00pm-1:59pm;0;0;0;This section IS NOT on the NHS;3;State Highway;SR-276;SOUTH ST;2;Urban;5;Major Collector;1;State Highway Agency;99998;Not Reported;30.76441111;30.76441111;-85.25470278;-85.25470278;0;No Special Jurisdiction;12;Motor Vehicle In-Transport;6;Angle;0;No;2;Intersection;3;T-Intersection;0;None;1;On Roadway;1;Daylight;1;Clear;0;No Additional Atmospheric Conditions;1;Clear;0;No;0;Not Applicable;99;Unknown;99;Unknown;99;Unknown EMS Scene Arrival Hour;99;Unknown EMS Scene Arrival Minutes;99;Unknown;99;Unknown EMS Hospital Arrival Time;0;None;0;None;0;None;1;0
12;Florida;120343;2;2;0;0;2;2;0;123;TAYLOR (123);2510;PERRY;25;25;2;February;2019;2;Monday;21;9:00pm-9:59pm;53;53;1;This section IS ON the NHS;2;U.S. Highway;US-19;CHURCH ST;2;Urban;3;Principal Arterial - Other;1;State Highway Agency;99998;Not Reported;30.096825;30.096825;-83.58173333;-83.58173333;0;No Special Jurisdiction;12;Motor Vehicle In-Transport;6;Angle;1;Yes;2;Intersection;3;T-Intersection;0;None;1;On Roadway;3;Dark - Lighted;1;Clear;0;No Additional Atmospheric Conditions;1;Clear;0;No;0;Not Applicable;99;Unknown;99;Unknown;99;Unknown EMS Scene Arrival Hour;99;Unknown EMS Scene Arrival Minutes;88;Not Applicable (Not Transported);88;Not Applicable (Not Transported);0;None;0;None;0;None;1;0
12;Florida;120346;1;1;0;1;1;1;1;119;SUMTER (119);0;NOT APPLICABLE;7;7;2;February;2019;5;Thursday;8;8:00am-8:59am;23;23;0;This section IS NOT on the NHS;9;Unknown;LIVINGSTON LP;SOUTHERN OAK ST;2;Urban;7;Local;98;Not Reported;99998;Not Reported;28.91071944;28.91071944;-82.0126;-82.0126;0;No Special Jurisdiction;9;Pedalcyclist;0;The First Harmful Event was Not a Collision with a Motor Vehicle in Transport;0;No;3;Intersection-Related;3;T-Intersection;0;None;1;On Roadway;1;Daylight;1;Clear;0;No Additional Atmospheric Conditions;1;Clear;0;No;0;Not Applicable;99;Unknown;99;Unknown;99;Unknown EMS Scene Arrival Hour;99;Unknown EMS Scene Arrival Minutes;99;Unknown;99;Unknown EMS Hospital Arrival Time;0;None;0;None;0;None;1;0
12;Florida;120352;1;1;0;1;1;1;1;117;SEMINOLE (117);0;NOT APPLICABLE;31;31;1;January;2019;5;Thursday;17;5:00pm-5:59pm;15;15;1;This section IS ON the NHS;2;U.S. Highway;US-17;FERNWOOD BLVD;2;Urban;3;Principal Arterial - Other;1;State Highway Agency;99998;Not Reported;28.65822222;28.65822222;-81.34310556;-81.34310556;0;No Special Jurisdiction;8;Pedestrian;0;The First Harmful Event was Not a Collision with a Motor Vehicle in Transport;0;No;3;Intersection-Related;3;T-Intersection;0;None;1;On Roadway;1;Daylight;10;Cloudy;0;No Additional Atmospheric Conditions;10;Cloudy;0;No;0;Not Applicable;99;Unknown;99;Unknown;99;Unknown EMS Scene Arrival Hour;99;Unknown EMS Scene Arrival Minutes;88;Not Applicable (Not Transported);88;Not Applicable (Not Transported);0;None;0;None;0;None;1;0