STATE;STATENAME;ST_CASE;VE_TOTAL;VE_FORMS;PVH_INVL;PEDS;PERSONS;PERMVIT;PERNOTMVIT;COUNTY;COUNTYNAME;CITY;CITYNAME;DAY;DAYNAME;MONTH;MONTHNAME;YEAR;DAY_WEEK;DAY_WEEKNAME;HOUR;HOURNAME;MINUTE;MINUTENAME;NHS;NHSNAME;ROUTE;ROUTENAME;TWAY_ID;TWAY_ID2;RUR_URB;RUR_URBNAME;FUNC_SYS;FUNC_SYSNAME;RD_OWNER;RD_OWNERNAME;MILEPT;MILEPTNAME;LATITUDE;LATITUDENAME;LONGITUD;LONGITUDNAME;SP_JUR;SP_JURNAME;HARM_EV;HARM_EVNAME;MAN_COLL;MAN_COLLNAME;RELJCT1;RELJCT1NAME;RELJCT2;RELJCT2NAME;TYP_INT;TYP_INTNAME;WRK_ZONE;WRK_ZONENAME;REL_ROAD;REL_ROADNAME;LGT_COND;LGT_CONDNAME;WEATHER1;WEATHER1NAME;WEATHER2;WEATHER2NAME;WEATHER;WEATHERNAME;SCH_BUS;SCH_BUSNAME;RAIL;RAILNAME;NOT_HOUR;NOT_HOURNAME;NOT_MIN;NOT_MINNAME;ARR_HOUR;ARR_HOURNAME;ARR_MIN;ARR_MINNAME;HOSP_HR;HOSP_HRNAME;HOSP_MN;HOSP_MNNAME;CF1;CF1NAME;CF2;CF2NAME;CF3;CF3NAME;FATALS;DRUNK_DR
12;Florida;120381;1;1;0;1;1;1;1;9;BREVARD (9);0;NOT APPLICABLE;15;15;2;February;2019;6;Friday;19;7:00pm-7:59pm;32;32;1;This section IS ON the NHS;3;State Highway;SR-520;LINCOLN ROAD;2;Urban;3;Principal Arterial - Other;1;State Highway Agency;99998;Not Reported;28.35973056;28.35973056;-80.78843611;-80.78843611;0;No Special Jurisdiction;9;Pedalcyclist;0;The First Harmful Event was Not a Collision with a Motor Vehicle in Transport;0;No;3;Intersection-Related;3;T-Intersection;0;None;1;On Roadway;3;Dark - Lighted;10;Cloudy;0;No Additional Atmospheric Conditions;10;Cloudy;0;No;0;Not Applicable;99;Unknown;99;Unknown;99;Unknown EMS Scene Arrival Hour;99;Unknown EMS Scene Arrival Minutes;99;Unknown;99;Unknown EMS Hospital Arrival Time;0;None;0;None;0;None;1;0
12;Florida;120386;1;1;0;1;1;1;1;57;HILLSBOROUGH (57);0;NOT APPLICABLE;21;21;2;February;2019;5;Thursday;10;10:00am-10:59am;52;52;0;This section IS NOT on the NHS;9;Unknown;OJAI AVE;HACIENDA DR;1;Rural;7;Local;98;Not Reported;99998;Not Reported;27.72228056;27.72228056;-82.34368333;-82.34368333;0;No Special Jurisdiction;9;Pedalcyclist;0;The First Harmful Event was Not a Collision with a Motor Vehicle in Transport;0;No;2;Intersection;3;T-Intersection;0;None;1;On Roadway;1;Daylight;1;Clear;0;No Additional Atmospheric Conditions;1;Clear;0;No;0;Not Applicable;99;Unknown;99;Unknown;99;Unknown EMS Scene Arrival Hour;99;Unknown EMS Scene Arrival Minutes;99;Unknown;99;Unknown EMS Hospital Arrival Time;0;None;0;None;0;None;1;0
12;Florida;120396;2;2;0;0;2;2;0;57;HILLSBOROUGH (57);0;NOT APPLICABLE;2;2;3;March;2019;7;Saturday;11;11:00am-11:59am;56;56;0;This section IS NOT on the NHS;9;Unknown;LIVINGSTON AVE;IRENE ST;2;Urban;5;Major Collector;98;Not Reported;2;2;28.08380833;28.08380833;-82.43081667;-82.43081667;0;No Special Jurisdiction;12;Motor Vehicle In-Transport;6;Angle;0;No;2;Intersection;3;T-Intersection;0;None;1;On Roadway;1;Daylight;1;Clear;0;No Additional Atmospheric Conditions;1;Clear;0;No;0;Not Applicable;99;Unknown;99;Unknown;99;Unknown EMS Scene Arrival Hour;99;Unknown EMS Scene Arrival Minutes;99;Unknown;99;Unknown EMS Hospital Arrival Time;0;None;0;None;0;None;1;0
12;Florida;120398;2;2;0;0;2;2;0;101;PASCO (101);0;NOT APPLICABLE;1;1;3;March;2019;6;Friday;14;2:00pm-2:59pm;10;10;0;This section IS NOT on the NHS;9;Unknown;HUDSON AVE;CLAYTON BLVD;2;Urban;5;Major Collector;98;Not Reported;99998;Not Reported;28.35646111;28.35646111;-82.67496944;-82.67496944;0;No Special Jurisdiction;12;Motor Vehicle In-Transport;6;Angle;1;Yes;3;Intersection-Related;3;T-Intersection;0;None;1;On Roadway;1;Daylight;1;Clear;0;No Additional Atmospheric Conditions;1;Clear;0;No;0;Not Applicable;14;2:00pm-2:59pm;11;11;14;2:00pm-2:59pm;17;17;99;Unknown;99;Unknown EMS Hospital Arrival Time;0;None;0;None;0;None;1;0
12;Florida;120402;2;2;0;0;3;3;0;21;COLLIER (21);0;NOT APPLICABLE;23;23;2;February;2019;7;Saturday;15;3:00pm-3:59pm;49;49;0;This section IS NOT on the NHS;4;County Road;CR-951;TRIANGLE BLVD;2;Urban;4;Minor Arterial;1;State Highway Agency;99998;Not Reported;26.06683056;26.06683056;-81.69666111;-81.69666111;0;No Special Jurisdiction;12;Motor Vehicle In-Transport;6;Angle;0;No;2;Intersection;3;T-Intersection;0;None;1;On Roadway;1;Daylight;1;Clear;0;No Additional Atmospheric Conditions;1;Clear;0;No;0;Not Applicable;99;Unknown;99;Unknown;99;Unknown EMS Scene Arrival Hour;99;Unknown EMS Scene Arrival Minutes;99;Unknown;99;Unknown EMS Hospital Arrival Time;0;None;0;None;0;None;1;0
12;Florida;120418;2;2;0;0;2;2;0;31;DUVAL (31);1510;JACKSONVILLE;4;4;3;March;2019;2;Monday;6;6:00am-6:59am;50;50;1;This section IS ON the NHS;3;State Highway;SR-228;ADAMS LAKE BOULEVARD;2;Urban;3;Principal Arterial - Other;1;State Highway Agency;99998;Not Reported;30.26513611;30.26513611;-81.85394444;-81.85394444;0;No Special Jurisdiction;12;Motor Vehicle In-Transport;6;Angle;0;No;2;Intersection;3;T-Intersection;0;None;1;On Roadway;4;Dawn;10;Cloudy;0;No Additional Atmospheric Conditions;10;Cloudy;0;No;0;Not Applicable;99;Unknown;99;Unknown;99;Unknown EMS Scene Arrival Hour;99;Unknown EMS Scene Arrival Minutes;99;Unknown;99;Unknown EMS Hospital Arrival Time;0;None;0;None;0;None;1;0
12;Florida;120434;2;2;0;0;3;3;0;95;ORANGE (95);0;NOT APPLICABLE;22;22;2;February;2019;6;Friday;19;7:00pm-7:59pm;30;30;0;This section IS NOT on the NHS;6;Local Street - Municipality;OAK RIDGE RD;JASON ST;2;Urban;5;Major Collector;98;Not Reported;99998;Not Reported;28.4728;28.4728;-81.37613056;-81.37613056;0;No Special Jurisdiction;12;Motor Vehicle In-Transport;6;Angle;0;No;2;Intersection;3;T-Intersection;0;None;1;On Roadway;3;Dark - Lighted;1;Clear;0;No Additional Atmospheric Conditions;1;Clear;0;No;0;Not Applicable;99;Unknown;99;Unknown;99;Unknown EMS Scene Arrival Hour;99;Unknown EMS Scene Arrival Minutes;99;Unknown;99;Unknown EMS Hospital Arrival Time;0;None;0;None;0;None;2;2
12;Florida;120444;3;3;0;0;4;4;0;69;LAKE (69);0;NOT APPLICABLE;1;1;3;March;2019;6;Friday;13;1:00pm-1:59pm;30;30;1;This section IS ON the NHS;3;State Highway;SR-50;TAYLOR ST;2;Urban;3;Principal Arterial - Other;1;State Highway Agency;99998;Not Reported;28.57778056;28.57778056;-81.91348333;-81.91348333;0;No Special Jurisdiction;12;Motor Vehicle In-Transport;1;Front-to-Rear;0;No;2;Intersection;3;T-Intersection;0;None;1;On Roadway;1;Daylight;1;Clear;0;No Additional Atmospheric Conditions;1;Clear;0;No;0;Not Applicable;99;Unknown;99;Unknown;99;Unknown EMS Scene Arrival Hour;99;Unknown EMS Scene Arrival Minutes;99;Unknown;99;Unknown EMS Hospital Arrival Time;0;None;0;None;0;None;1;0
12;Florida;120450;1;1;0;0;1;1;0;9;BREVARD (9);0;NOT APPLICABLE;24;24;2;February;2019;1;Sunday;17;5:00pm-5:59pm;46;46;1;This section IS ON the NHS;2;U.S. Highway;US-1;JORDAN BLVD;2;Urban;3;Principal Arterial - Other;1;State Highway Agency;99998;Not Reported;27.98349722;27.98349722;-80.55399167;-80.55399167;0;No Special Jurisdiction;1;Rollover/Overturn;0;The First Harmful Event was Not a Collision with a Motor Vehicle in Transport;0;No;3;Intersection-Related;3;T-Intersection;0;None;1;On Roadway;1;Daylight;1;Clear;0;No Additional Atmospheric Conditions;1;Clear;0;No;0;Not Applicable;17;5:00pm-5:59pm;49;49;17;5:00pm-5:59pm;51;51;88;Not Applicable (Not Transported);88;Not Applicable (Not Transported);0;None;0;None;0;None;1;1
12;Florida;120455;2;2;0;0;2;2;0;86;MIAMI-DADE (86);0;NOT APPLICABLE;28;28;2;February;2019;5;Thursday;15;3:00pm-3:59pm;17;17;1;This section IS ON the NHS;3;State Highway;SR-997;SOUTHWEST 172 ST;1;Rural;3;Principal Arterial - Other;1;State Highway Agency;99998;Not Reported;25.60518889;25.60518889;-80.47888889;-80.47888889;0;No Special Jurisdiction;12;Motor Vehicle In-Transport;6;Angle;0;No;2;Intersection;3;T-Intersection;4;Work Zone, Type Unknown;1;On Roadway;1;Daylight;1;Clear;0;No Additional Atmospheric Conditions;1;Clear;0;No;0;Not Applicable;99;Unknown;99;Unknown;99;Unknown EMS Scene Arrival Hour;99;Unknown EMS Scene Arrival Minutes;99;Unknown;99;Unknown EMS Hospital Arrival Time;0;None;0;None;0;None;1;0
12;Florida;120459;2;2;0;0;6;6;0;86;MIAMI-DADE (86);1340;HIALEAH;17;17;2;February;2019;1;Sunday;4;4:00am-4:59am;30;30;1;This section IS ON the NHS;2;U.S. Highway;US-27;121 ST WAY;2;Urban;3;Principal Arterial - Other;1;State Highway Agency;99998;Not Reported;25.88341111;25.88341111;-80.36218889;-80.36218889;0;No Special Jurisdiction;12;Motor Vehicle In-Transport;2;Front-to-Front;0;No;2;Intersection;3;T-Intersection;0;None;1;On Roadway;3;Dark - Lighted;1;Clear;0;No Additional Atmospheric Conditions;1;Clear;0;No;0;Not Applicable;99;Unknown;99;Unknown;99;Unknown EMS Scene Arrival Hour;99;Unknown EMS Scene Arrival Minutes;99;Unknown;99;Unknown EMS Hospital Arrival Time;0;None;0;None;0;None;3;0
12;Florida;120467;2;2;0;0;2;2;0;99;PALM BEACH (99);0;NOT APPLICABLE;1;1;3;March;2019;6;Friday;6;6:00am-6:59am;20;20;1;This section IS ON the NHS;2;U.S. Highway;US-441;SR-7;2;Urban;3;Principal Arterial - Other;1;State Highway Agency;99998;Not Reported;26.47701944;26.47701944;-80.20468056;-80.20468056;0;No Special Jurisdiction;12;Motor Vehicle In-Transport;11;Other;0;No;2;Intersection;3;T-Intersection;0;None;1;On Roadway;4;Dawn;1;Clear;0;No Additional Atmospheric Conditions;1;Clear;0;No;0;Not Applicable;99;Unknown;99;Unknown;99;Unknown EMS Scene Arrival Hour;99;Unknown EMS Scene Arrival Minutes;88;Not Applicable (Not Transported);88;Not Applicable (Not Transported);0;None;0;None;0;None;1;0
12;Florida;120469;2;2;0;0;2;2;0;55;HIGHLANDS (55);0;NOT APPLICABLE;28;28;2;February;2019;5;Thursday;17;5:00pm-5:59pm;5;5;1;This section IS ON the NHS;2;U.S. Highway;US-27;DAVIS CITRUS ROAD;2;Urban;3;Principal Arterial - Other;1;State Highway Agency;99998;Not Reported;27.55138889;27.55138889;-81.50831111;-81.50831111;0;No Special Jurisdiction;12;Motor Vehicle In-Transport;6;Angle;0;No;3;Intersection-Related;3;T-Intersection;0;None;1;On Roadway;1;Daylight;1;Clear;0;No Additional Atmospheric Conditions;1;Clear;0;No;0;Not Applicable;99;Unknown;99;Unknown;99;Unknown EMS Scene Arrival Hour;99;Unknown EMS Scene Arrival Minutes;99;Unknown;99;Unknown EMS Hospital Arrival Time;0;None;0;None;0;None;1;0
12;Florida;120475;2;2;0;0;3;3;0;105;POLK (105);0;NOT APPLICABLE;27;27;2;February;2019;4;Wednesday;20;8:00pm-8:59pm;23;23;1;This section IS ON the NHS;2;U.S. Highway;US-98 SR-35;OSPREY BLVD;2;Urban;3;Principal Arterial - Other;1;State Highway Agency;99998;Not Reported;27.91846111;27.91846111;-81.84735833;-81.84735833;0;No Special Jurisdiction;12;Motor Vehicle In-Transport;2;Front-to-Front;0;No;3;Intersection-Related;3;T-Intersection;0;None;1;On Roadway;3;Dark - Lighted;1;Clear;0;No Additional Atmospheric Conditions;1;Clear;0;No;0;Not Applicable;99;Unknown;99;Unknown;99;Unknown EMS Scene Arrival Hour;99;Unknown EMS Scene Arrival Minutes;99;Unknown;99;Unknown EMS Hospital Arrival Time;0;None;0;None;0;None;2;0
12;Florida;120502;2;2;0;0;6;6;0;11;BROWARD (11);790;DEERFIELD BEACH;10;10;3;March;2019;1;Sunday;3;3:00am-3:59am;52;52;0;This section IS NOT on the NHS;3;State Highway;SR-810;DEER CREEK COUNTRY CLUB BLVD;2;Urban;3;Principal Arterial - Other;1;State Highway Agency;99998;Not Reported;26.31798611;26.31798611;-80.14766944;-80.14766944;0;No Special Jurisdiction;12;Motor Vehicle In-Transport;6;Angle;0;No;3;Intersection-Related;3;T-Intersection;0;None;1;On Roadway;3;Dark - Lighted;1;Clear;0;No Additional Atmospheric Conditions;1;Clear;0;No;0;Not Applicable;99;Unknown;99;Unknown;99;Unknown EMS Scene Arrival Hour;99;Unknown EMS Scene Arrival Minutes;99;Unknown;99;Unknown EMS Hospital Arrival Time;0;None;0;None;0;None;1;0
12;Florida;120536;2;2;0;0;3;3;0;71;LEE (71);0;NOT APPLICABLE;9;9;3;March;2019;7;Saturday;14;2:00pm-2:59pm;15;15;1;This section IS ON the NHS;2;U.S. Highway;US-41;ARROWHEAD BLVD;2;Urban;3;Principal Arterial - Other;1;State Highway Agency;99998;Not Reported;26.70823889;26.70823889;-81.89836944;-81.89836944;0;No Special Jurisdiction;12;Motor Vehicle In-Transport;2;Front-to-Front;0;No;2;Intersection;3;T-Intersection;0;None;1;On Roadway;1;Daylight;1;Clear;0;No Additional Atmospheric Conditions;1;Clear;0;No;0;Not Applicable;99;Unknown;99;Unknown;99;Unknown EMS Scene Arrival Hour;99;Unknown EMS Scene Arrival Minutes;99;Unknown;99;Unknown EMS Hospital Arrival Time;0;None;0;None;0;None;1;1
12;Florida;120538;2;2;0;0;2;2;0;23;COLUMBIA (23);0;NOT APPLICABLE;8;8;3;March;2019;6;Friday;20;8:00pm-8:59pm;27;27;0;This section IS NOT on the NHS;4;County Road;CR-252 SW PINEMOUNT RD;JAFUS AVE;1;Rural;5;Major Collector;2;County Highway Agency;99998;Not Reported;30.16162778;30.16162778;-82.76949444;-82.76949444;0;No Special Jurisdiction;12;Motor Vehicle In-Transport;2;Front-to-Front;0;No;2;Intersection;3;T-Intersection;0;None;1;On Roadway;2;Dark - Not Lighted;1;Clear;0;No Additional Atmospheric Conditions;1;Clear;0;No;0;Not Applicable;99;Unknown;99;Unknown;99;Unknown EMS Scene Arrival Hour;99;Unknown EMS Scene Arrival Minutes;99;Unknown;99;Unknown EMS Hospital Arrival Time;0;None;0;None;0;None;1;1
12;Florida;120550;4;4;0;0;8;8;0;109;ST. JOHNS (109);0;NOT APPLICABLE;3;3;3;March;2019;1;Sunday;14;2:00pm-2:59pm;31;31;0;This section IS NOT on the NHS;3;State Highway;SR-A1A;24TH ST;2;Urban;4;Minor Arterial;1;State Highway Agency;99998;Not Reported;29.94116111;29.94116111;-81.30083889;-81.30083889;0;No Special Jurisdiction;12;Motor Vehicle In-Transport;1;Front-to-Rear;0;No;3;Intersection-Related;3;T-Intersection;0;None;1;On Roadway;1;Daylight;10;Cloudy;0;No Additional Atmospheric Conditions;10;Cloudy;0;No;0;Not Applicable;99;Unknown;99;Unknown;99;Unknown EMS Scene Arrival Hour;99;Unknown EMS Scene Arrival Minutes;99;Unknown;99;Unknown EMS Hospital Arrival Time;0;None;0;None;0;None;1;0
12;Florida;120555;2;2;0;0;5;5;0;111;ST. LUCIE (111);0;NOT APPLICABLE;1;1;3;March;2019;6;Friday;20;8:00pm-8:59pm;12;12;0;This section IS NOT on the NHS;3;State Highway;SR-A1A;WALTON ROCKS BEACH RD;2;Urban;4;Minor Arterial;1;State Highway Agency;99998;Not Reported;27.34793056;27.34793056;-80.24210278;-80.24210278;0;No Special Jurisdiction;12;Motor Vehicle In-Transport;1;Front-to-Rear;0;No;3;Intersection-Related;3;T-Intersection;0;None;1;On Roadway;2;Dark - Not Lighted;1;Clear;0;No Additional Atmospheric Conditions;1;Clear;0;No;0;Not Applicable;99;Unknown;99;Unknown;99;Unknown EMS Scene Arrival Hour;99;Unknown EMS Scene Arrival Minutes;99;Unknown;99;Unknown EMS Hospital Arrival Time;0;None;0;None;0;None;4;1
12;Florida;120566;2;2;0;0;2;2;0;95;ORANGE (95);0;NOT APPLICABLE;7;7;3;March;2019;5;Thursday;19;7:00pm-7:59pm;18;18;1;This section IS ON the NHS;3;State Highway;SR-426;ADANSON ST;2;Urban;3;Principal Arterial - Other;1;State Highway Agency;99998;Not Reported;28.59651944;28.59651944;-81.39395;-81.39395;0;No Special Jurisdiction;12;Motor Vehicle In-Transport;2;Front-to-Front;0;No;2;Intersection;3;T-Intersection;0;None;1;On Roadway;3;Dark - Lighted;1;Clear;0;No Additional Atmospheric Conditions;1;Clear;0;No;0;Not Applicable;99;Unknown;99;Unknown;99;Unknown EMS Scene Arrival Hour;99;Unknown EMS Scene Arrival Minutes;99;Unknown;99;Unknown EMS Hospital Arrival Time;0;None;0;None;0;None;1;0
12;Florida;120583;2;2;0;0;2;2;0;51;HENDRY (51);0;NOT APPLICABLE;10;10;3;March;2019;1;Sunday;12;12:00pm-12:59pm;0;0;1;This section IS ON the NHS;3;State Highway;SR-80;78A  FORT DENAUD RD;1;Rural;3;Principal Arterial - Other;1;State Highway Agency;99998;Not Reported;26.70996667;26.70996667;-81.517925;-81.517925;0;No Special Jurisdiction;12;Motor Vehicle In-Transport;6;Angle;0;No;2;Intersection;3;T-Intersection;0;None;1;On Roadway;1;Daylight;1;Clear;0;No Additional Atmospheric Conditions;1;Clear;0;No;0;Not Applicable;99;Unknown;99;Unknown;99;Unknown EMS Scene Arrival Hour;99;Unknown EMS Scene Arrival Minutes;88;Not Applicable (Not Transported);88;Not Applicable (Not Transported);0;None;0;None;0;None;1;0
12;Florida;120627;2;2;0;0;2;2;0;127;VOLUSIA (127);780;DAYTONA BEACH;15;15;3;March;2019;6;Friday;12;12:00pm-12:59pm;3;3;0;This section IS NOT on the NHS;6;Local Street - Municipality;WILLIAMSON BLVD;BAYLESS BLVD;2;Urban;5;Major Collector;98;Not Reported;99998;Not Reported;29.18826667;29.18826667;-81.08168889;-81.08168889;0;No Special Jurisdiction;12;Motor Vehicle In-Transport;6;Angle;0;No;2;Intersection;3;T-Intersection;0;None;1;On Roadway;1;Daylight;1;Clear;0;No Additional Atmospheric Conditions;1;Clear;0;No;0;Not Applicable;99;Unknown;99;Unknown;99;Unknown EMS Scene Arrival Hour;99;Unknown EMS Scene Arrival Minutes;99;Unknown;99;Unknown EMS Hospital Arrival Time;0;None;0;None;0;None;1;0
12;Florida;120643;1;1;0;0;1;1;0;86;MIAMI-DADE (86);0;NOT APPLICABLE;20;20;3;March;2019;4;Wednesday;5;5:00am-5:59am;16;16;0;This section IS NOT on the NHS;9;Unknown;127TH AVE;25TH ST;2;Urban;7;Local;98;Not Reported;99998;Not Reported;25.79674444;25.79674444;-80.40104722;-80.40104722;0;No Special Jurisdiction;24;Guardrail Face;0;The First Harmful Event was Not a Collision with a Motor Vehicle in Transport;0;No;3;Intersection-Related;3;T-Intersection;0;None;4;On Roadside;3;Dark - Lighted;1;Clear;0;No Additional Atmospheric Conditions;1;Clear;0;No;0;Not Applicable;99;Unknown;99;Unknown;99;Unknown EMS Scene Arrival Hour;99;Unknown EMS Scene Arrival Minutes;99;Unknown;99;Unknown EMS Hospital Arrival Time;0;None;0;None;0;None;1;0
12;Florida;120644;1;1;0;1;1;1;1;71;LEE (71);457;CAPE CORAL;25;25;3;March;2019;2;Monday;6;6:00am-6:59am;16;16;0;This section IS NOT on the NHS;6;Local Street - Municipality;19TH TER;3RD AVE;2;Urban;7;Local;98;Not Reported;99998;Not Reported;26.68856111;26.68856111;-81.96806944;-81.96806944;0;No Special Jurisdiction;8;Pedestrian;0;The First Harmful Event was Not a Collision with a Motor Vehicle in Transport;0;No;3;Intersection-Related;3;T-Intersection;0;None;1;On Roadway;3;Dark - Lighted;1;Clear;0;No Additional Atmospheric Conditions;1;Clear;0;No;0;Not Applicable;99;Unknown;99;Unknown;99;Unknown EMS Scene Arrival Hour;99;Unknown EMS Scene Arrival Minutes;99;Unknown;99;Unknown EMS Hospital Arrival Time;31;Related to a Bus Stop;0;None;0;None;1;0
12;Florida;120645;2;2;0;0;7;7;0;105;POLK (105);0;NOT APPLICABLE;24;24;3;March;2019;1;Sunday;16;4:00pm-4:59pm;14;14;0;This section IS NOT on the NHS;9;Unknown;CONNERSVILLE RD;WELLINGTON PL;1;Rural;7;Local;98;Not Reported;99998;Not Reported;27.906925;27.906925;-81.787825;-81.787825;0;No Special Jurisdiction;12;Motor Vehicle In-Transport;6;Angle;0;No;3;Intersection-Related;3;T-Intersection;0;None;1;On Roadway;1;Daylight;1;Clear;0;No Additional Atmospheric Conditions;1;Clear;0;No;0;Not Applicable;99;Unknown;99;Unknown;99;Unknown EMS Scene Arrival Hour;99;Unknown EMS Scene Arrival Minutes;99;Unknown;99;Unknown EMS Hospital Arrival Time;0;None;0;None;0;None;2;0
12;Florida;120653;2;2;0;0;2;2;0;71;LEE (71);0;NOT APPLICABLE;19;19;3;March;2019;3;Tuesday;12;12:00pm-12:59pm;48;48;0;This section IS NOT on the NHS;9;Unknown;COLLEGE PKWY;ACCESS RD;2;Urban;4;Minor Arterial;98;Not Reported;99998;Not Reported;26.55640833;26.55640833;-81.87896111;-81.87896111;0;No Special Jurisdiction;12;Motor Vehicle In-Transport;6;Angle;0;No;3;Intersection-Related;3;T-Intersection;0;None;1;On Roadway;1;Daylight;2;Rain;0;No Additional Atmospheric Conditions;2;Rain;0;No;0;Not Applicable;99;Unknown;99;Unknown;99;Unknown EMS Scene Arrival Hour;99;Unknown EMS Scene Arrival Minutes;99;Unknown;99;Unknown EMS Hospital Arrival Time;0;None;0;None;0;None;1;0
12;Florida;120655;2;2;0;0;4;4;0;15;CHARLOTTE (15);0;NOT APPLICABLE;23;23;3;March;2019;7;Saturday;9;9:00am-9:59am;16;16;0;This section IS NOT on the NHS;4;County Road;CR-765;SHOTGUN RD;1;Rural;4;Minor Arterial;2;County Highway Agency;99998;Not Reported;26.81881389;26.81881389;-82.02145556;-82.02145556;0;No Special Jurisdiction;12;Motor Vehicle In-Transport;2;Front-to-Front;0;No;2;Intersection;3;T-Intersection;0;None;1;On Roadway;1;Daylight;1;Clear;0;No Additional Atmospheric Conditions;1;Clear;0;No;0;Not Applicable;99;Unknown;99;Unknown;99;Unknown EMS Scene Arrival Hour;99;Unknown EMS Scene Arrival Minutes;99;Unknown;99;Unknown EMS Hospital Arrival Time;0;None;0;None;0;None;2;0
12;Florida;120670;2;2;0;0;4;4;0;13;CALHOUN (13);0;NOT APPLICABLE;19;19;3;March;2019;3;Tuesday;16;4:00pm-4:59pm;54;54;0;This section IS NOT on the NHS;3;State Highway;SR-71;SR-73;1;Rural;4;Minor Arterial;1;State Highway Agency;99998;Not Reported;30.23523056;30.23523056;-85.20823056;-85.20823056;0;No Special Jurisdiction;12;Motor Vehicle In-Transport;6;Angle;0;No;2;Intersection;3;T-Intersection;0;None;1;On Roadway;1;Daylight;1;Clear;0;No Additional Atmospheric Conditions;1;Clear;0;No;0;Not Applicable;99;Unknown;99;Unknown;99;Unknown EMS Scene Arrival Hour;99;Unknown EMS Scene Arrival Minutes;99;Unknown;99;Unknown EMS Hospital Arrival Time;0;None;0;None;0;None;1;0
12;Florida;120676;1;1;0;0;4;4;0;99;PALM BEACH (99);0;NOT APPLICABLE;31;31;3;March;2019;1;Sunday;3;3:00am-3:59am;54;54;0;This section IS NOT on the NHS;9;Unknown;BRENTWOOD BLVD;GILLETTE DR;1;Rural;7;Local;98;Not Reported;99998;Not Reported;26.59550556;26.59550556;-80.14533056;-80.14533056;0;No Special Jurisdiction;3;Immersion or Partial Immersion;0;The First Harmful Event was Not a Collision with a Motor Vehicle in Transport;0;No;3;Intersection-Related;3;T-Intersection;0;None;4;On Roadside;3;Dark - Lighted;1;Clear;0;No Additional Atmospheric Conditions;1;Clear;0;No;0;Not Applicable;99;Unknown;99;Unknown;99;Unknown EMS Scene Arrival Hour;99;Unknown EMS Scene Arrival Minutes;99;Unknown;99;Unknown EMS Hospital Arrival Time;0;None;0;None;0;None;1;0
12;Florida;120685;1;1;0;1;3;3;1;71;LEE (71);0;NOT APPLICABLE;12;12;3;March;2019;3;Tuesday;21;9:00pm-9:59pm;28;28;1;This section IS ON the NHS;3;State Highway;SR-80;FAIRFAX DR;2;Urban;3;Principal Arterial - Other;1;State Highway Agency;99998;Not Reported;26.67593056;26.67593056;-81.813425;-81.813425;0;No Special Jurisdiction;8;Pedestrian;0;The First Harmful Event was Not a Collision with a Motor Vehicle in Transport;0;No;3;Intersection-Related;3;T-Intersection;0;None;1;On Roadway;3;Dark - Lighted;1;Clear;0;No Additional Atmospheric Conditions;1;Clear;0;No;0;Not Applicable;99;Unknown;99;Unknown;99;Unknown EMS Scene Arrival Hour;99;Unknown EMS Scene Arrival Minutes;99;Unknown;99;Unknown EMS Hospital Arrival Time;0;None;0;None;0;None;1;0
12;Florida;120691;2;2;0;0;2;2;0;81;MANATEE (81);0;NOT APPLICABLE;30;30;3;March;2019;7;Saturday;17;5:00pm-5:59pm;28;28;0;This section IS NOT on the NHS;9;Unknown;36TH AVE;16TH LANE;2;Urban;5;Major Collector;98;Not Reported;99998;Not Reported;27.52898889;27.52898889;-82.52813889;-82.52813889;0;No Special Jurisdiction;12;Motor Vehicle In-Transport;2;Front-to-Front;0;No;2;Intersection;3;T-Intersection;0;None;1;On Roadway;1;Daylight;1;Clear;0;No Additional Atmospheric Conditions;1;Clear;0;No;0;Not Applicable;99;Unknown;99;Unknown;99;Unknown EMS Scene Arrival Hour;99;Unknown EMS Scene Arrival Minutes;88;Not Applicable (Not Transported);88;Not Applicable (Not Transported);0;None;0;None;0;None;1;1
12;Florida;120693;3;3;0;0;4;4;0;11;BROWARD (11);2916;SUNRISE;21;21;3;March;2019;5;Thursday;23;11:00pm-11:59pm;44;44;1;This section IS ON the NHS;3;State Highway;SR-817;25TH CT;2;Urban;3;Principal Arterial - Other;1;State Highway Agency;99998;Not Reported;26.15669722;26.15669722;-80.25734444;-80.25734444;0;No Special Jurisdiction;12;Motor Vehicle In-Transport;2;Front-to-Front;0;No;2;Intersection;3;T-Intersection;0;None;1;On Roadway;3;Dark - Lighted;1;Clear;0;No Additional Atmospheric Conditions;1;Clear;0;No;0;Not Applicable;99;Unknown;99;Unknown;99;Unknown EMS Scene Arrival Hour;99;Unknown EMS Scene Arrival Minutes;99;Unknown;99;Unknown EMS Hospital Arrival Time;0;None;0;None;0;None;1;1
12;Florida;120697;3;3;0;0;8;8;0;83;MARION (83);0;NOT APPLICABLE;14;14;3;March;2019;5;Thursday;14;2:00pm-2:59pm;25;25;1;This section IS ON the NHS;3;State Highway;SR-40;231ST AVE;1;Rural;3;Principal Arterial - Other;1;State Highway Agency;99998;Not Reported;29.177325;29.177325;-81.77080278;-81.77080278;0;No Special Jurisdiction;12;Motor Vehicle In-Transport;1;Front-to-Rear;0;No;2;Intersection;3;T-Intersection;0;None;1;On Roadway;1;Daylight;1;Clear;0;No Additional Atmospheric Conditions;1;Clear;0;No;0;Not Applicable;99;Unknown;99;Unknown;99;Unknown EMS Scene Arrival Hour;99;Unknown EMS Scene Arrival Minutes;88;Not Applicable (Not Transported);88;Not Applicable (Not Transported);14;Motor Vehicle struck by falling cargo,or something that came loose from or something that was set in motion by a vehicle;0;None;0;None;1;0