STATE;STATENAME;ST_CASE;VE_TOTAL;VE_FORMS;PVH_INVL;PEDS;PERSONS;PERMVIT;PERNOTMVIT;COUNTY;COUNTYNAME;CITY;CITYNAME;DAY;DAYNAME;MONTH;MONTHNAME;YEAR;DAY_WEEK;DAY_WEEKNAME;HOUR;HOURNAME;MINUTE;MINUTENAME;NHS;NHSNAME;ROUTE;ROUTENAME;TWAY_ID;TWAY_ID2;RUR_URB;RUR_URBNAME;FUNC_SYS;FUNC_SYSNAME;RD_OWNER;RD_OWNERNAME;MILEPT;MILEPTNAME;LATITUDE;LATITUDENAME;LONGITUD;LONGITUDNAME;SP_JUR;SP_JURNAME;HARM_EV;HARM_EVNAME;MAN_COLL;MAN_COLLNAME;RELJCT1;RELJCT1NAME;RELJCT2;RELJCT2NAME;TYP_INT;TYP_INTNAME;WRK_ZONE;WRK_ZONENAME;REL_ROAD;REL_ROADNAME;LGT_COND;LGT_CONDNAME;WEATHER1;WEATHER1NAME;WEATHER2;WEATHER2NAME;WEATHER;WEATHERNAME;SCH_BUS;SCH_BUSNAME;RAIL;RAILNAME;NOT_HOUR;NOT_HOURNAME;NOT_MIN;NOT_MINNAME;ARR_HOUR;ARR_HOURNAME;ARR_MIN;ARR_MINNAME;HOSP_HR;HOSP_HRNAME;HOSP_MN;HOSP_MNNAME;CF1;CF1NAME;CF2;CF2NAME;CF3;CF3NAME;FATALS;DRUNK_DR
12;Florida;120698;2;2;0;0;3;3;0;23;COLUMBIA (23);1100;FORT WHITE;29;29;3;March;2019;6;Friday;14;2:00pm-2:59pm;40;40;1;This section IS ON the NHS;2;U.S. Highway;US-27;CR-18;1;Rural;3;Principal Arterial - Other;1;State Highway Agency;99998;Not Reported;29.92166111;29.92166111;-82.70998056;-82.70998056;0;No Special Jurisdiction;12;Motor Vehicle In-Transport;2;Front-to-Front;0;No;2;Intersection;3;T-Intersection;0;None;1;On Roadway;1;Daylight;1;Clear;0;No Additional Atmospheric Conditions;1;Clear;0;No;0;Not Applicable;99;Unknown;99;Unknown;99;Unknown EMS Scene Arrival Hour;99;Unknown EMS Scene Arrival Minutes;99;Unknown;99;Unknown EMS Hospital Arrival Time;0;None;0;None;0;None;1;0
12;Florida;120702;1;1;0;0;1;1;0;86;MIAMI-DADE (86);0;NOT APPLICABLE;7;7;3;March;2019;5;Thursday;13;1:00pm-1:59pm;7;7;0;This section IS NOT on the NHS;6;Local Street - Municipality;104TH ST;132ND AVE;2;Urban;4;Minor Arterial;98;Not Reported;99998;Not Reported;25.67115278;25.67115278;-80.40850278;-80.40850278;0;No Special Jurisdiction;33;Curb;0;The First Harmful Event was Not a Collision with a Motor Vehicle in Transport;0;No;3;Intersection-Related;3;T-Intersection;0;None;4;On Roadside;1;Daylight;1;Clear;0;No Additional Atmospheric Conditions;1;Clear;0;No;0;Not Applicable;99;Unknown;99;Unknown;99;Unknown EMS Scene Arrival Hour;99;Unknown EMS Scene Arrival Minutes;88;Not Applicable (Not Transported);88;Not Applicable (Not Transported);0;None;0;None;0;None;1;0
12;Florida;120710;2;2;0;0;3;3;0;86;MIAMI-DADE (86);1340;HIALEAH;2;2;4;April;2019;3;Tuesday;2;2:00am-2:59am;20;20;1;This section IS ON the NHS;2;U.S. Highway;US-27;105TH WAY;2;Urban;3;Principal Arterial - Other;1;State Highway Agency;99998;Not Reported;25.86978056;25.86978056;-80.34376944;-80.34376944;0;No Special Jurisdiction;12;Motor Vehicle In-Transport;1;Front-to-Rear;0;No;3;Intersection-Related;3;T-Intersection;0;None;1;On Roadway;2;Dark - Not Lighted;1;Clear;0;No Additional Atmospheric Conditions;1;Clear;0;No;0;Not Applicable;99;Unknown;99;Unknown;99;Unknown EMS Scene Arrival Hour;99;Unknown EMS Scene Arrival Minutes;88;Not Applicable (Not Transported);88;Not Applicable (Not Transported);0;None;0;None;0;None;1;0
12;Florida;120711;2;2;0;0;3;3;0;105;POLK (105);0;NOT APPLICABLE;5;5;4;April;2019;6;Friday;21;9:00pm-9:59pm;11;11;1;This section IS ON the NHS;2;U.S. Highway;US-27;GEORGE ST;2;Urban;3;Principal Arterial - Other;1;State Highway Agency;99998;Not Reported;27.70974722;27.70974722;-81.56123889;-81.56123889;0;No Special Jurisdiction;12;Motor Vehicle In-Transport;6;Angle;0;No;3;Intersection-Related;3;T-Intersection;0;None;1;On Roadway;2;Dark - Not Lighted;2;Rain;0;No Additional Atmospheric Conditions;2;Rain;0;No;0;Not Applicable;99;Unknown;99;Unknown;99;Unknown EMS Scene Arrival Hour;99;Unknown EMS Scene Arrival Minutes;99;Unknown;99;Unknown EMS Hospital Arrival Time;0;None;0;None;0;None;1;0
12;Florida;120715;1;1;0;1;1;1;1;11;BROWARD (11);1050;FORT LAUDERDALE;31;31;3;March;2019;1;Sunday;20;8:00pm-8:59pm;38;38;1;This section IS ON the NHS;3;State Highway;SR-845;CHATEAU PARK DR;2;Urban;3;Principal Arterial - Other;1;State Highway Agency;99998;Not Reported;26.13883889;26.13883889;-80.15406111;-80.15406111;0;No Special Jurisdiction;8;Pedestrian;0;The First Harmful Event was Not a Collision with a Motor Vehicle in Transport;0;No;3;Intersection-Related;3;T-Intersection;0;None;1;On Roadway;3;Dark - Lighted;1;Clear;0;No Additional Atmospheric Conditions;1;Clear;0;No;0;Not Applicable;99;Unknown;99;Unknown;99;Unknown EMS Scene Arrival Hour;99;Unknown EMS Scene Arrival Minutes;99;Unknown;99;Unknown EMS Hospital Arrival Time;0;None;0;None;0;None;1;0
12;Florida;120725;1;1;0;1;1;1;1;99;PALM BEACH (99);0;NOT APPLICABLE;6;6;4;April;2019;7;Saturday;20;8:00pm-8:59pm;8;8;0;This section IS NOT on the NHS;8;Other;HYPOLUXO RD;LANTERN KEY DR;2;Urban;4;Minor Arterial;98;Not Reported;99998;Not Reported;26.57221111;26.57221111;-80.11984722;-80.11984722;0;No Special Jurisdiction;9;Pedalcyclist;0;The First Harmful Event was Not a Collision with a Motor Vehicle in Transport;0;No;3;Intersection-Related;3;T-Intersection;0;None;1;On Roadway;3;Dark - Lighted;1;Clear;0;No Additional Atmospheric Conditions;1;Clear;0;No;0;Not Applicable;99;Unknown;99;Unknown;99;Unknown EMS Scene Arrival Hour;99;Unknown EMS Scene Arrival Minutes;88;Not Applicable (Not Transported);88;Not Applicable (Not Transported);0;None;0;None;0;None;1;0
12;Florida;120732;2;2;0;0;3;3;0;57;HILLSBOROUGH (57);0;NOT APPLICABLE;9;9;4;April;2019;3;Tuesday;13;1:00pm-1:59pm;47;47;0;This section IS NOT on the NHS;4;County Road;CR-582;SMITTER RD;2;Urban;4;Minor Arterial;2;County Highway Agency;99998;Not Reported;28.08498333;28.08498333;-82.49715556;-82.49715556;0;No Special Jurisdiction;12;Motor Vehicle In-Transport;6;Angle;0;No;2;Intersection;3;T-Intersection;0;None;1;On Roadway;1;Daylight;1;Clear;0;No Additional Atmospheric Conditions;1;Clear;0;No;0;Not Applicable;99;Unknown;99;Unknown;99;Unknown EMS Scene Arrival Hour;99;Unknown EMS Scene Arrival Minutes;99;Unknown;99;Unknown EMS Hospital Arrival Time;0;None;0;None;0;None;1;0
12;Florida;120743;2;2;0;0;2;2;0;95;ORANGE (95);70;APOPKA;5;5;4;April;2019;6;Friday;19;7:00pm-7:59pm;52;52;0;This section IS NOT on the NHS;4;County Road;CR-435;VOTAW RD;2;Urban;4;Minor Arterial;4;City or Municipal Highway Agency;99998;Not Reported;28.68399444;28.68399444;-81.50938889;-81.50938889;0;No Special Jurisdiction;12;Motor Vehicle In-Transport;6;Angle;0;No;2;Intersection;3;T-Intersection;0;None;1;On Roadway;3;Dark - Lighted;1;Clear;0;No Additional Atmospheric Conditions;1;Clear;0;No;0;Not Applicable;99;Unknown;99;Unknown;99;Unknown EMS Scene Arrival Hour;99;Unknown EMS Scene Arrival Minutes;99;Unknown;99;Unknown EMS Hospital Arrival Time;0;None;0;None;0;None;1;1
12;Florida;120744;2;2;0;0;3;3;0;99;PALM BEACH (99);0;NOT APPLICABLE;13;13;1;January;2019;1;Sunday;13;1:00pm-1:59pm;40;40;0;This section IS NOT on the NHS;8;Other;SYCAMORE DR;185TH TRAIL;1;Rural;7;Local;98;Not Reported;99998;Not Reported;26.73862778;26.73862778;-80.33873611;-80.33873611;0;No Special Jurisdiction;12;Motor Vehicle In-Transport;6;Angle;0;No;3;Intersection-Related;3;T-Intersection;0;None;1;On Roadway;1;Daylight;1;Clear;0;No Additional Atmospheric Conditions;1;Clear;0;No;0;Not Applicable;99;Unknown;99;Unknown;99;Unknown EMS Scene Arrival Hour;99;Unknown EMS Scene Arrival Minutes;99;Unknown;99;Unknown EMS Hospital Arrival Time;0;None;0;None;0;None;1;0
12;Florida;120745;1;1;0;1;1;1;1;91;OKALOOSA (91);835;DESTIN;27;27;3;March;2019;4;Wednesday;7;7:00am-7:59am;48;48;0;This section IS NOT on the NHS;9;Unknown;AIRPORT RD;CEDAR ST;2;Urban;5;Major Collector;1;State Highway Agency;15;15;30.3969;30.3969;-86.48140833;-86.48140833;0;No Special Jurisdiction;9;Pedalcyclist;0;The First Harmful Event was Not a Collision with a Motor Vehicle in Transport;1;Yes;3;Intersection-Related;3;T-Intersection;0;None;1;On Roadway;1;Daylight;1;Clear;0;No Additional Atmospheric Conditions;1;Clear;0;No;0;Not Applicable;99;Unknown;99;Unknown;99;Unknown EMS Scene Arrival Hour;99;Unknown EMS Scene Arrival Minutes;88;Not Applicable (Not Transported);88;Not Applicable (Not Transported);0;None;0;None;0;None;1;0
12;Florida;120755;2;2;0;0;5;5;0;95;ORANGE (95);0;NOT APPLICABLE;4;4;4;April;2019;5;Thursday;18;6:00pm-6:59pm;51;51;0;This section IS NOT on the NHS;6;Local Street - Municipality;AVALON PARK BLVD;PERDIDO DR;2;Urban;5;Major Collector;2;County Highway Agency;99998;Not Reported;28.55993889;28.55993889;-81.16603056;-81.16603056;0;No Special Jurisdiction;12;Motor Vehicle In-Transport;6;Angle;0;No;2;Intersection;3;T-Intersection;0;None;1;On Roadway;1;Daylight;10;Cloudy;0;No Additional Atmospheric Conditions;10;Cloudy;0;No;0;Not Applicable;99;Unknown;99;Unknown;99;Unknown EMS Scene Arrival Hour;99;Unknown EMS Scene Arrival Minutes;99;Unknown;99;Unknown EMS Hospital Arrival Time;0;None;0;None;0;None;2;0
12;Florida;120763;1;1;0;1;1;1;1;115;SARASOTA (115);0;NOT APPLICABLE;4;4;4;April;2019;5;Thursday;20;8:00pm-8:59pm;38;38;0;This section IS NOT on the NHS;3;State Highway;SR-72;BRONX AVE;2;Urban;4;Minor Arterial;1;State Highway Agency;99998;Not Reported;27.26933333;27.26933333;-82.50010556;-82.50010556;0;No Special Jurisdiction;8;Pedestrian;0;The First Harmful Event was Not a Collision with a Motor Vehicle in Transport;0;No;3;Intersection-Related;3;T-Intersection;0;None;1;On Roadway;3;Dark - Lighted;1;Clear;0;No Additional Atmospheric Conditions;1;Clear;0;No;0;Not Applicable;99;Unknown;99;Unknown;99;Unknown EMS Scene Arrival Hour;99;Unknown EMS Scene Arrival Minutes;99;Unknown;99;Unknown EMS Hospital Arrival Time;0;None;0;None;0;None;1;0
12;Florida;120771;1;1;0;1;1;1;1;127;VOLUSIA (127);2375;ORMOND BEACH;5;5;4;April;2019;6;Friday;6;6:00am-6:59am;34;34;1;This section IS ON the NHS;3;State Highway;SR-40;SEMINOLE DR;2;Urban;3;Principal Arterial - Other;1;State Highway Agency;99998;Not Reported;29.26327222;29.26327222;-81.1066;-81.1066;0;No Special Jurisdiction;8;Pedestrian;0;The First Harmful Event was Not a Collision with a Motor Vehicle in Transport;0;No;3;Intersection-Related;3;T-Intersection;0;None;1;On Roadway;2;Dark - Not Lighted;2;Rain;0;No Additional Atmospheric Conditions;2;Rain;0;No;0;Not Applicable;99;Unknown;99;Unknown;99;Unknown EMS Scene Arrival Hour;99;Unknown EMS Scene Arrival Minutes;88;Not Applicable (Not Transported);88;Not Applicable (Not Transported);0;None;0;None;0;None;1;0
12;Florida;120777;2;2;0;0;3;3;0;111;ST. LUCIE (111);0;NOT APPLICABLE;4;4;4;April;2019;5;Thursday;12;12:00pm-12:59pm;7;7;1;This section IS ON the NHS;3;State Highway;SR-70 OKEECHOBEE RD;CR-712 MIDWAY RD;1;Rural;3;Principal Arterial - Other;1;State Highway Agency;143;143;27.37601944;27.37601944;-80.48603056;-80.48603056;0;No Special Jurisdiction;12;Motor Vehicle In-Transport;6;Angle;1;Yes;2;Intersection;3;T-Intersection;0;None;1;On Roadway;1;Daylight;1;Clear;0;No Additional Atmospheric Conditions;1;Clear;0;No;0;Not Applicable;99;Unknown;99;Unknown;99;Unknown EMS Scene Arrival Hour;99;Unknown EMS Scene Arrival Minutes;99;Unknown;99;Unknown EMS Hospital Arrival Time;0;None;0;None;0;None;2;0
12;Florida;120783;1;1;0;1;1;1;1;9;BREVARD (9);3000;TITUSVILLE;12;12;4;April;2019;6;Friday;21;9:00pm-9:59pm;45;45;1;This section IS ON the NHS;2;U.S. Highway;US-1;MALINDA LN;2;Urban;3;Principal Arterial - Other;1;State Highway Agency;99998;Not Reported;28.622725;28.622725;-80.82124722;-80.82124722;0;No Special Jurisdiction;9;Pedalcyclist;0;The First Harmful Event was Not a Collision with a Motor Vehicle in Transport;0;No;2;Intersection;3;T-Intersection;0;None;1;On Roadway;3;Dark - Lighted;1;Clear;0;No Additional Atmospheric Conditions;1;Clear;0;No;0;Not Applicable;99;Unknown;99;Unknown;99;Unknown EMS Scene Arrival Hour;99;Unknown EMS Scene Arrival Minutes;88;Not Applicable (Not Transported);88;Not Applicable (Not Transported);0;None;0;None;0;None;1;0
12;Florida;120809;1;1;0;1;1;1;1;19;CLAY (19);0;NOT APPLICABLE;26;26;3;March;2019;3;Tuesday;6;6:00am-6:59am;17;17;1;This section IS ON the NHS;3;State Highway;SR-21;BLANDING BLVD;2;Urban;3;Principal Arterial - Other;1;State Highway Agency;99998;Not Reported;30.07383056;30.07383056;-81.86423889;-81.86423889;0;No Special Jurisdiction;8;Pedestrian;0;The First Harmful Event was Not a Collision with a Motor Vehicle in Transport;0;No;3;Intersection-Related;3;T-Intersection;0;None;1;On Roadway;3;Dark - Lighted;1;Clear;0;No Additional Atmospheric Conditions;1;Clear;0;No;0;Not Applicable;99;Unknown;99;Unknown;99;Unknown EMS Scene Arrival Hour;99;Unknown EMS Scene Arrival Minutes;88;Not Applicable (Not Transported);88;Not Applicable (Not Transported);0;None;0;None;0;None;1;0
12;Florida;120817;1;1;0;0;13;13;0;115;SARASOTA (115);2235;NORTH PORT;6;6;4;April;2019;7;Saturday;2;2:00am-2:59am;39;39;0;This section IS NOT on the NHS;6;Local Street - Municipality;JOEWOOD CIR;GENIP CT;2;Urban;7;Local;98;Not Reported;99998;Not Reported;27.07089167;27.07089167;-82.09388333;-82.09388333;0;No Special Jurisdiction;1;Rollover/Overturn;0;The First Harmful Event was Not a Collision with a Motor Vehicle in Transport;0;No;3;Intersection-Related;3;T-Intersection;0;None;4;On Roadside;2;Dark - Not Lighted;1;Clear;0;No Additional Atmospheric Conditions;1;Clear;0;No;0;Not Applicable;99;Unknown;99;Unknown;99;Unknown EMS Scene Arrival Hour;99;Unknown EMS Scene Arrival Minutes;99;Unknown;99;Unknown EMS Hospital Arrival Time;0;None;0;None;0;None;1;1
12;Florida;120821;2;2;0;0;4;4;0;105;POLK (105);0;NOT APPLICABLE;26;26;3;March;2019;3;Tuesday;1;1:00am-1:59am;33;33;0;This section IS NOT on the NHS;9;Unknown;SOUTHSIDE FRONTAGE RD;KRAFT RD;2;Urban;4;Minor Arterial;98;Not Reported;99998;Not Reported;28.04073889;28.04073889;-82.02973889;-82.02973889;0;No Special Jurisdiction;12;Motor Vehicle In-Transport;6;Angle;0;No;2;Intersection;3;T-Intersection;0;None;1;On Roadway;3;Dark - Lighted;1;Clear;0;No Additional Atmospheric Conditions;1;Clear;0;No;0;Not Applicable;99;Unknown;99;Unknown;99;Unknown EMS Scene Arrival Hour;99;Unknown EMS Scene Arrival Minutes;99;Unknown;99;Unknown EMS Hospital Arrival Time;14;Motor Vehicle struck by falling cargo,or something that came loose from or something that was set in motion by a vehicle;0;None;0;None;1;0
12;Florida;120835;2;2;0;0;2;2;0;97;OSCEOLA (97);1590;KISSIMMEE;16;16;4;April;2019;3;Tuesday;13;1:00pm-1:59pm;58;58;1;This section IS ON the NHS;2;U.S. Highway;US-192;DIPLOMAT CIRCLE;2;Urban;3;Principal Arterial - Other;1;State Highway Agency;99998;Not Reported;28.3328;28.3328;-81.49775;-81.49775;0;No Special Jurisdiction;12;Motor Vehicle In-Transport;6;Angle;1;Yes;2;Intersection;3;T-Intersection;0;None;1;On Roadway;1;Daylight;1;Clear;0;No Additional Atmospheric Conditions;1;Clear;0;No;0;Not Applicable;99;Unknown;99;Unknown;99;Unknown EMS Scene Arrival Hour;99;Unknown EMS Scene Arrival Minutes;99;Unknown;99;Unknown EMS Hospital Arrival Time;0;None;0;None;0;None;1;1
12;Florida;120845;2;2;0;0;5;5;0;97;OSCEOLA (97);0;NOT APPLICABLE;30;30;3;March;2019;7;Saturday;21;9:00pm-9:59pm;43;43;0;This section IS NOT on the NHS;6;Local Street - Municipality;SHADY LANE;VILLA VERANO WAY;2;Urban;5;Major Collector;98;Not Reported;99998;Not Reported;28.28278889;28.28278889;-81.35331944;-81.35331944;0;No Special Jurisdiction;1;Rollover/Overturn;0;The First Harmful Event was Not a Collision with a Motor Vehicle in Transport;0;No;2;Intersection;3;T-Intersection;0;None;1;On Roadway;2;Dark - Not Lighted;1;Clear;0;No Additional Atmospheric Conditions;1;Clear;0;No;0;Not Applicable;99;Unknown;99;Unknown;99;Unknown EMS Scene Arrival Hour;99;Unknown EMS Scene Arrival Minutes;99;Unknown;99;Unknown EMS Hospital Arrival Time;0;None;0;None;0;None;1;0
12;Florida;120846;3;3;0;0;3;3;0;95;ORANGE (95);0;NOT APPLICABLE;7;7;4;April;2019;1;Sunday;2;2:00am-2:59am;56;56;0;This section IS NOT on the NHS;4;County Road;CR-435;OLYMPIA  HS;2;Urban;4;Minor Arterial;2;County Highway Agency;99998;Not Reported;28.49473056;28.49473056;-81.50848056;-81.50848056;0;No Special Jurisdiction;12;Motor Vehicle In-Transport;6;Angle;0;No;2;Intersection;3;T-Intersection;0;None;1;On Roadway;3;Dark - Lighted;1;Clear;0;No Additional Atmospheric Conditions;1;Clear;0;No;0;Not Applicable;99;Unknown;99;Unknown;99;Unknown EMS Scene Arrival Hour;99;Unknown EMS Scene Arrival Minutes;99;Unknown;99;Unknown EMS Hospital Arrival Time;0;None;0;None;0;None;1;0
12;Florida;120861;2;2;0;0;2;2;0;105;POLK (105);0;NOT APPLICABLE;13;13;4;April;2019;7;Saturday;13;1:00pm-1:59pm;33;33;0;This section IS NOT on the NHS;4;County Road;CR-54;SECRETARIAT WAY;2;Urban;4;Minor Arterial;2;County Highway Agency;99998;Not Reported;28.24501389;28.24501389;-81.58383889;-81.58383889;0;No Special Jurisdiction;12;Motor Vehicle In-Transport;6;Angle;0;No;2;Intersection;3;T-Intersection;0;None;1;On Roadway;1;Daylight;1;Clear;0;No Additional Atmospheric Conditions;1;Clear;0;No;0;Not Applicable;99;Unknown;99;Unknown;99;Unknown EMS Scene Arrival Hour;99;Unknown EMS Scene Arrival Minutes;88;Not Applicable (Not Transported);88;Not Applicable (Not Transported);0;None;0;None;0;None;1;1
12;Florida;120867;3;3;0;0;3;3;0;71;LEE (71);0;NOT APPLICABLE;4;4;4;April;2019;5;Thursday;15;3:00pm-3:59pm;51;51;0;This section IS NOT on the NHS;9;Unknown;MCGREGOR BLVD;AMAZON LN;2;Urban;4;Minor Arterial;98;Not Reported;99998;Not Reported;26.49706111;26.49706111;-81.97141667;-81.97141667;0;No Special Jurisdiction;12;Motor Vehicle In-Transport;2;Front-to-Front;0;No;2;Intersection;3;T-Intersection;0;None;1;On Roadway;1;Daylight;1;Clear;0;No Additional Atmospheric Conditions;1;Clear;0;No;0;Not Applicable;99;Unknown;99;Unknown;99;Unknown EMS Scene Arrival Hour;99;Unknown EMS Scene Arrival Minutes;99;Unknown;99;Unknown EMS Hospital Arrival Time;0;None;0;None;0;None;1;0
12;Florida;120923;1;1;0;0;1;1;0;99;PALM BEACH (99);3190;WEST PALM BEACH;23;23;4;April;2019;3;Tuesday;5;5:00am-5:59am;10;10;0;This section IS NOT on the NHS;6;Local Street - Municipality;BELVEDERE RD;SR-5 OLIVE RD;2;Urban;5;Major Collector;98;Not Reported;16;16;26.69030833;26.69030833;-80.05268889;-80.05268889;0;No Special Jurisdiction;33;Curb;0;The First Harmful Event was Not a Collision with a Motor Vehicle in Transport;0;No;3;Intersection-Related;3;T-Intersection;0;None;4;On Roadside;3;Dark - Lighted;1;Clear;0;No Additional Atmospheric Conditions;1;Clear;0;No;0;Not Applicable;99;Unknown;99;Unknown;99;Unknown EMS Scene Arrival Hour;99;Unknown EMS Scene Arrival Minutes;99;Unknown;99;Unknown EMS Hospital Arrival Time;0;None;0;None;0;None;1;1
12;Florida;120926;2;2;0;0;3;3;0;9;BREVARD (9);0;NOT APPLICABLE;20;20;4;April;2019;7;Saturday;16;4:00pm-4:59pm;23;23;0;This section IS NOT on the NHS;4;County Road;CR-507;BURGANDY ST;2;Urban;4;Minor Arterial;2;County Highway Agency;99998;Not Reported;27.96196111;27.96196111;-80.6227;-80.6227;0;No Special Jurisdiction;12;Motor Vehicle In-Transport;6;Angle;0;No;3;Intersection-Related;3;T-Intersection;0;None;1;On Roadway;1;Daylight;1;Clear;0;No Additional Atmospheric Conditions;1;Clear;0;No;0;Not Applicable;99;Unknown;99;Unknown;99;Unknown EMS Scene Arrival Hour;99;Unknown EMS Scene Arrival Minutes;99;Unknown;99;Unknown EMS Hospital Arrival Time;0;None;0;None;0;None;2;0
12;Florida;120936;2;2;0;0;2;2;0;11;BROWARD (11);2468;PEMBROKE PINES;25;25;4;April;2019;5;Thursday;5;5:00am-5:59am;47;47;1;This section IS ON the NHS;2;U.S. Highway;US-27;PEMBROKE RD;2;Urban;3;Principal Arterial - Other;1;State Highway Agency;99998;Not Reported;26.00691389;26.00691389;-80.43425833;-80.43425833;0;No Special Jurisdiction;12;Motor Vehicle In-Transport;6;Angle;0;No;2;Intersection;3;T-Intersection;0;None;1;On Roadway;4;Dawn;5;Fog, Smog, Smoke;0;No Additional Atmospheric Conditions;5;Fog, Smog, Smoke;0;No;0;Not Applicable;99;Unknown;99;Unknown;99;Unknown EMS Scene Arrival Hour;99;Unknown EMS Scene Arrival Minutes;88;Not Applicable (Not Transported);88;Not Applicable (Not Transported);0;None;0;None;0;None;1;0
12;Florida;120954;2;2;0;0;3;3;0;11;BROWARD (11);1420;HOLLYWOOD;15;15;4;April;2019;2;Monday;23;11:00pm-11:59pm;48;48;1;This section IS ON the NHS;3;State Highway;SR-824;63RD AV;2;Urban;3;Principal Arterial - Other;1;State Highway Agency;99998;Not Reported;25.99564444;25.99564444;-80.21318056;-80.21318056;0;No Special Jurisdiction;1;Rollover/Overturn;0;The First Harmful Event was Not a Collision with a Motor Vehicle in Transport;0;No;2;Intersection;3;T-Intersection;0;None;1;On Roadway;3;Dark - Lighted;1;Clear;0;No Additional Atmospheric Conditions;1;Clear;0;No;0;Not Applicable;99;Unknown;99;Unknown;99;Unknown EMS Scene Arrival Hour;99;Unknown EMS Scene Arrival Minutes;99;Unknown;99;Unknown EMS Hospital Arrival Time;0;None;0;None;0;None;1;0
12;Florida;120957;2;2;0;0;3;3;0;95;ORANGE (95);0;NOT APPLICABLE;21;21;4;April;2019;1;Sunday;20;8:00pm-8:59pm;27;27;0;This section IS NOT on the NHS;4;County Road;CR-435;DRESSAGE DR;2;Urban;5;Major Collector;2;County Highway Agency;99998;Not Reported;28.59336944;28.59336944;-81.49681111;-81.49681111;0;No Special Jurisdiction;12;Motor Vehicle In-Transport;6;Angle;0;No;3;Intersection-Related;3;T-Intersection;0;None;1;On Roadway;3;Dark - Lighted;1;Clear;0;No Additional Atmospheric Conditions;1;Clear;0;No;0;Not Applicable;99;Unknown;99;Unknown;99;Unknown EMS Scene Arrival Hour;99;Unknown EMS Scene Arrival Minutes;99;Unknown;99;Unknown EMS Hospital Arrival Time;0;None;0;None;0;None;2;2
12;Florida;120958;2;2;0;0;2;2;0;1;ALACHUA (1);1130;GAINESVILLE;30;30;4;April;2019;3;Tuesday;21;9:00pm-9:59pm;14;14;1;This section IS ON the NHS;3;State Highway;SR-24;11TH ST;2;Urban;3;Principal Arterial - Other;1;State Highway Agency;99998;Not Reported;29.68258889;29.68258889;-82.33582778;-82.33582778;0;No Special Jurisdiction;12;Motor Vehicle In-Transport;6;Angle;0;No;2;Intersection;3;T-Intersection;0;None;1;On Roadway;3;Dark - Lighted;1;Clear;0;No Additional Atmospheric Conditions;1;Clear;0;No;0;Not Applicable;99;Unknown;99;Unknown;99;Unknown EMS Scene Arrival Hour;99;Unknown EMS Scene Arrival Minutes;99;Unknown;99;Unknown EMS Hospital Arrival Time;0;None;0;None;0;None;1;0
12;Florida;120961;2;1;1;2;1;1;2;87;MONROE (87);0;NOT APPLICABLE;25;25;4;April;2019;5;Thursday;21;9:00pm-9:59pm;14;14;0;This section IS NOT on the NHS;4;County Road;CR-905A;CR-905;2;Urban;4;Minor Arterial;98;Not Reported;99998;Not Reported;25.28615833;25.28615833;-80.30350833;-80.30350833;0;No Special Jurisdiction;59;Traffic Sign Support;0;The First Harmful Event was Not a Collision with a Motor Vehicle in Transport;0;No;3;Intersection-Related;3;T-Intersection;0;None;4;On Roadside;2;Dark - Not Lighted;1;Clear;0;No Additional Atmospheric Conditions;1;Clear;0;No;0;Not Applicable;99;Unknown;99;Unknown;99;Unknown EMS Scene Arrival Hour;99;Unknown EMS Scene Arrival Minutes;99;Unknown;99;Unknown EMS Hospital Arrival Time;15;Non-occupant struck by falling cargo, or something that came loose from, or something that was set in motion by a vehicle;0;None;0;None;1;0
12;Florida;120995;2;2;0;0;3;3;0;5;BAY (5);0;NOT APPLICABLE;24;24;4;April;2019;4;Wednesday;14;2:00pm-2:59pm;0;0;0;This section IS NOT on the NHS;9;Unknown;LANDFILL RD;STEEL FIELD RD;1;Rural;7;Local;98;Not Reported;99998;Not Reported;30.35371111;30.35371111;-85.91765278;-85.91765278;0;No Special Jurisdiction;12;Motor Vehicle In-Transport;6;Angle;0;No;2;Intersection;3;T-Intersection;0;None;1;On Roadway;1;Daylight;10;Cloudy;0;No Additional Atmospheric Conditions;10;Cloudy;0;No;0;Not Applicable;99;Unknown;99;Unknown;99;Unknown EMS Scene Arrival Hour;99;Unknown EMS Scene Arrival Minutes;99;Unknown;99;Unknown EMS Hospital Arrival Time;0;None;0;None;0;None;1;0
12;Florida;121003;2;2;0;0;3;3;0;11;BROWARD (11);771;DAVIE;6;6;5;May;2019;2;Monday;15;3:00pm-3:59pm;0;0;0;This section IS NOT on the NHS;6;Local Street - Municipality;PINE ISLAND RD;18TH ST;2;Urban;4;Minor Arterial;98;Not Reported;99998;Not Reported;26.09790278;26.09790278;-80.26564722;-80.26564722;0;No Special Jurisdiction;12;Motor Vehicle In-Transport;6;Angle;0;No;2;Intersection;3;T-Intersection;0;None;1;On Roadway;1;Daylight;2;Rain;0;No Additional Atmospheric Conditions;2;Rain;0;No;0;Not Applicable;99;Unknown;99;Unknown;99;Unknown EMS Scene Arrival Hour;99;Unknown EMS Scene Arrival Minutes;99;Unknown;99;Unknown EMS Hospital Arrival Time;0;None;0;None;0;None;1;0