STATE;STATENAME;ST_CASE;VE_TOTAL;VE_FORMS;PVH_INVL;PEDS;PERSONS;PERMVIT;PERNOTMVIT;COUNTY;COUNTYNAME;CITY;CITYNAME;DAY;DAYNAME;MONTH;MONTHNAME;YEAR;DAY_WEEK;DAY_WEEKNAME;HOUR;HOURNAME;MINUTE;MINUTENAME;NHS;NHSNAME;ROUTE;ROUTENAME;TWAY_ID;TWAY_ID2;RUR_URB;RUR_URBNAME;FUNC_SYS;FUNC_SYSNAME;RD_OWNER;RD_OWNERNAME;MILEPT;MILEPTNAME;LATITUDE;LATITUDENAME;LONGITUD;LONGITUDNAME;SP_JUR;SP_JURNAME;HARM_EV;HARM_EVNAME;MAN_COLL;MAN_COLLNAME;RELJCT1;RELJCT1NAME;RELJCT2;RELJCT2NAME;TYP_INT;TYP_INTNAME;WRK_ZONE;WRK_ZONENAME;REL_ROAD;REL_ROADNAME;LGT_COND;LGT_CONDNAME;WEATHER1;WEATHER1NAME;WEATHER2;WEATHER2NAME;WEATHER;WEATHERNAME;SCH_BUS;SCH_BUSNAME;RAIL;RAILNAME;NOT_HOUR;NOT_HOURNAME;NOT_MIN;NOT_MINNAME;ARR_HOUR;ARR_HOURNAME;ARR_MIN;ARR_MINNAME;HOSP_HR;HOSP_HRNAME;HOSP_MN;HOSP_MNNAME;CF1;CF1NAME;CF2;CF2NAME;CF3;CF3NAME;FATALS;DRUNK_DR
12;Florida;121559;2;2;0;0;4;4;0;31;DUVAL (31);1510;JACKSONVILLE;17;17;6;June;2019;2;Monday;7;7:00am-7:59am;30;30;0;This section IS NOT on the NHS;2;U.S. Highway;US-90 BEAVER ST W;RUSHING ST;2;Urban;4;Minor Arterial;1;State Highway Agency;203;203;30.33614444;30.33614444;-81.67925;-81.67925;0;No Special Jurisdiction;12;Motor Vehicle In-Transport;2;Front-to-Front;0;No;2;Intersection;3;T-Intersection;0;None;1;On Roadway;1;Daylight;1;Clear;0;No Additional Atmospheric Conditions;1;Clear;0;No;0;Not Applicable;99;Unknown;99;Unknown;99;Unknown EMS Scene Arrival Hour;99;Unknown EMS Scene Arrival Minutes;99;Unknown;99;Unknown EMS Hospital Arrival Time;0;None;0;None;0;None;1;0
12;Florida;121569;2;2;0;0;2;2;0;11;BROWARD (11);790;DEERFIELD BEACH;22;22;5;May;2019;4;Wednesday;21;9:00pm-9:59pm;28;28;0;This section IS NOT on the NHS;3;State Highway;SR-A1A S OCEAN DR;SE 8TH ST;2;Urban;5;Major Collector;1;State Highway Agency;99998;Not Reported;26.30722222;26.30722222;-80.07763611;-80.07763611;0;No Special Jurisdiction;12;Motor Vehicle In-Transport;9;Rear-to-Side;0;No;2;Intersection;3;T-Intersection;0;None;1;On Roadway;3;Dark - Lighted;1;Clear;0;No Additional Atmospheric Conditions;1;Clear;0;No;0;Not Applicable;99;Unknown;99;Unknown;99;Unknown EMS Scene Arrival Hour;99;Unknown EMS Scene Arrival Minutes;99;Unknown;99;Unknown EMS Hospital Arrival Time;0;None;0;None;0;None;1;0
12;Florida;121570;2;2;0;0;2;2;0;97;OSCEOLA (97);1590;KISSIMMEE;30;30;5;May;2019;5;Thursday;20;8:00pm-8:59pm;30;30;1;This section IS ON the NHS;4;County Road;CR-525 JOHN YOUNG PKWY;BERMUDA LAKES LN;2;Urban;3;Principal Arterial - Other;2;County Highway Agency;99998;Not Reported;28.31190833;28.31190833;-81.41612222;-81.41612222;0;No Special Jurisdiction;12;Motor Vehicle In-Transport;6;Angle;0;No;2;Intersection;3;T-Intersection;0;None;1;On Roadway;6;Dark - Unknown Lighting;1;Clear;0;No Additional Atmospheric Conditions;1;Clear;0;No;0;Not Applicable;99;Unknown;99;Unknown;99;Unknown EMS Scene Arrival Hour;99;Unknown EMS Scene Arrival Minutes;99;Unknown;99;Unknown EMS Hospital Arrival Time;0;None;0;None;0;None;1;1
12;Florida;121571;3;3;0;0;4;4;0;35;FLAGLER (35);2439;PALM COAST;12;12;5;May;2019;1;Sunday;11;11:00am-11:59am;4;4;0;This section IS NOT on the NHS;9;Unknown;BELLE TERRE PKWY;RYMFIRE DR;2;Urban;4;Minor Arterial;4;City or Municipal Highway Agency;99998;Not Reported;29.50543333;29.50543333;-81.21981944;-81.21981944;0;No Special Jurisdiction;12;Motor Vehicle In-Transport;1;Front-to-Rear;0;No;3;Intersection-Related;3;T-Intersection;0;None;1;On Roadway;1;Daylight;1;Clear;0;No Additional Atmospheric Conditions;1;Clear;0;No;0;Not Applicable;99;Unknown;99;Unknown;99;Unknown EMS Scene Arrival Hour;99;Unknown EMS Scene Arrival Minutes;99;Unknown;99;Unknown EMS Hospital Arrival Time;0;None;0;None;0;None;1;0
12;Florida;121572;2;2;0;0;4;4;0;11;BROWARD (11);2219;NORTH LAUDERDALE;6;6;6;June;2019;5;Thursday;11;11:00am-11:59am;6;6;0;This section IS NOT on the NHS;9;Unknown;SW 81ST AVE;SW 19TH ST;2;Urban;5;Major Collector;4;City or Municipal Highway Agency;99998;Not Reported;26.20354722;26.20354722;-80.23668889;-80.23668889;0;No Special Jurisdiction;12;Motor Vehicle In-Transport;2;Front-to-Front;0;No;2;Intersection;3;T-Intersection;0;None;1;On Roadway;1;Daylight;1;Clear;0;No Additional Atmospheric Conditions;1;Clear;0;No;0;Not Applicable;99;Unknown;99;Unknown;99;Unknown EMS Scene Arrival Hour;99;Unknown EMS Scene Arrival Minutes;99;Unknown;99;Unknown EMS Hospital Arrival Time;0;None;0;None;0;None;1;0
12;Florida;121581;1;1;0;1;1;1;1;86;MIAMI-DADE (86);0;NOT APPLICABLE;7;7;6;June;2019;6;Friday;22;10:00pm-10:59pm;38;38;0;This section IS NOT on the NHS;9;Unknown;SW 284TH ST;SW 159TH CT;2;Urban;7;Local;98;Not Reported;99998;Not Reported;25.50293889;25.50293889;-80.45085278;-80.45085278;0;No Special Jurisdiction;9;Pedalcyclist;0;The First Harmful Event was Not a Collision with a Motor Vehicle in Transport;0;No;2;Intersection;3;T-Intersection;0;None;1;On Roadway;3;Dark - Lighted;1;Clear;0;No Additional Atmospheric Conditions;1;Clear;0;No;0;Not Applicable;99;Unknown;99;Unknown;99;Unknown EMS Scene Arrival Hour;99;Unknown EMS Scene Arrival Minutes;99;Unknown;99;Unknown EMS Hospital Arrival Time;0;None;0;None;0;None;1;0
12;Florida;121589;2;2;0;0;4;4;0;57;HILLSBOROUGH (57);2950;TAMPA;26;26;6;June;2019;4;Wednesday;12;12:00pm-12:59pm;50;50;1;This section IS ON the NHS;2;U.S. Highway;US-41;WILMA ST E;2;Urban;3;Principal Arterial - Other;1;State Highway Agency;99998;Not Reported;28.0345;28.0345;-82.45121389;-82.45121389;0;No Special Jurisdiction;12;Motor Vehicle In-Transport;6;Angle;0;No;2;Intersection;3;T-Intersection;0;None;1;On Roadway;1;Daylight;1;Clear;0;No Additional Atmospheric Conditions;1;Clear;0;No;0;Not Applicable;99;Unknown;99;Unknown;99;Unknown EMS Scene Arrival Hour;99;Unknown EMS Scene Arrival Minutes;99;Unknown;99;Unknown EMS Hospital Arrival Time;0;None;0;None;0;None;1;0
12;Florida;121593;2;2;0;0;2;2;0;127;VOLUSIA (127);2375;ORMOND BEACH;4;4;6;June;2019;3;Tuesday;15;3:00pm-3:59pm;12;12;1;This section IS ON the NHS;3;State Highway;SR-5A;SHADOW LAKES BLVD;2;Urban;3;Principal Arterial - Other;1;State Highway Agency;99998;Not Reported;29.28384722;29.28384722;-81.08263611;-81.08263611;0;No Special Jurisdiction;12;Motor Vehicle In-Transport;6;Angle;0;No;2;Intersection;3;T-Intersection;0;None;1;On Roadway;1;Daylight;1;Clear;0;No Additional Atmospheric Conditions;1;Clear;0;No;0;Not Applicable;99;Unknown;99;Unknown;99;Unknown EMS Scene Arrival Hour;99;Unknown EMS Scene Arrival Minutes;99;Unknown;99;Unknown EMS Hospital Arrival Time;0;None;0;None;0;None;1;0
12;Florida;121601;2;2;0;0;2;2;0;97;OSCEOLA (97);1590;KISSIMMEE;4;4;7;July;2019;5;Thursday;0;0:00am-0:59am;46;46;0;This section IS NOT on the NHS;6;Local Street - Municipality;MICHIGAN AVE;MILL SLOUGH RD;2;Urban;4;Minor Arterial;98;Not Reported;99998;Not Reported;28.31533611;28.31533611;-81.39131389;-81.39131389;0;No Special Jurisdiction;12;Motor Vehicle In-Transport;6;Angle;0;No;2;Intersection;3;T-Intersection;0;None;1;On Roadway;3;Dark - Lighted;1;Clear;0;No Additional Atmospheric Conditions;1;Clear;0;No;0;Not Applicable;99;Unknown;99;Unknown;99;Unknown EMS Scene Arrival Hour;99;Unknown EMS Scene Arrival Minutes;99;Unknown;99;Unknown EMS Hospital Arrival Time;0;None;0;None;0;None;1;1
12;Florida;121620;3;3;0;0;4;4;0;113;SANTA ROSA (113);0;NOT APPLICABLE;15;15;7;July;2019;2;Monday;18;6:00pm-6:59pm;15;15;1;This section IS ON the NHS;2;U.S. Highway;US-98;CORAL ST;2;Urban;3;Principal Arterial - Other;1;State Highway Agency;99998;Not Reported;30.402;30.402;-86.90533056;-86.90533056;0;No Special Jurisdiction;12;Motor Vehicle In-Transport;1;Front-to-Rear;0;No;3;Intersection-Related;3;T-Intersection;0;None;1;On Roadway;1;Daylight;1;Clear;0;No Additional Atmospheric Conditions;1;Clear;0;No;0;Not Applicable;99;Unknown;99;Unknown;99;Unknown EMS Scene Arrival Hour;99;Unknown EMS Scene Arrival Minutes;88;Not Applicable (Not Transported);88;Not Applicable (Not Transported);0;None;0;None;0;None;1;0
12;Florida;121626;2;2;0;0;4;4;0;83;MARION (83);0;NOT APPLICABLE;3;3;7;July;2019;4;Wednesday;23;11:00pm-11:59pm;27;27;1;This section IS ON the NHS;2;U.S. Highway;US-301;SR-25;2;Urban;3;Principal Arterial - Other;1;State Highway Agency;99998;Not Reported;29.22313056;29.22313056;-82.14751111;-82.14751111;0;No Special Jurisdiction;12;Motor Vehicle In-Transport;6;Angle;0;No;3;Intersection-Related;3;T-Intersection;0;None;1;On Roadway;3;Dark - Lighted;1;Clear;0;No Additional Atmospheric Conditions;1;Clear;0;No;0;Not Applicable;99;Unknown;99;Unknown;99;Unknown EMS Scene Arrival Hour;99;Unknown EMS Scene Arrival Minutes;99;Unknown;99;Unknown EMS Hospital Arrival Time;0;None;0;None;0;None;1;0
12;Florida;121633;2;2;0;0;2;2;0;111;ST. LUCIE (111);2601;PORT SAINT LUCIE;28;28;5;May;2019;3;Tuesday;14;2:00pm-2:59pm;6;6;0;This section IS NOT on the NHS;6;Local Street - Municipality;S.W ROSSER BLVD;SW NEWPORT ISLES BLVD;2;Urban;4;Minor Arterial;98;Not Reported;99998;Not Reported;27.25772222;27.25772222;-80.39965278;-80.39965278;0;No Special Jurisdiction;12;Motor Vehicle In-Transport;6;Angle;0;No;2;Intersection;3;T-Intersection;0;None;1;On Roadway;1;Daylight;1;Clear;0;No Additional Atmospheric Conditions;1;Clear;0;No;0;Not Applicable;99;Unknown;99;Unknown;99;Unknown EMS Scene Arrival Hour;99;Unknown EMS Scene Arrival Minutes;88;Not Applicable (Not Transported);88;Not Applicable (Not Transported);0;None;0;None;0;None;2;0
12;Florida;121639;2;2;0;0;2;2;0;73;LEON (73);0;NOT APPLICABLE;27;27;6;June;2019;5;Thursday;6;6:00am-6:59am;52;52;0;This section IS NOT on the NHS;9;Unknown;DEER LK S;KINHEGA DR;2;Urban;7;Local;98;Not Reported;99998;Not Reported;30.58093889;30.58093889;-84.22555278;-84.22555278;0;No Special Jurisdiction;12;Motor Vehicle In-Transport;6;Angle;0;No;3;Intersection-Related;3;T-Intersection;0;None;1;On Roadway;1;Daylight;1;Clear;0;No Additional Atmospheric Conditions;1;Clear;0;No;0;Not Applicable;99;Unknown;99;Unknown;99;Unknown EMS Scene Arrival Hour;99;Unknown EMS Scene Arrival Minutes;99;Unknown;99;Unknown EMS Hospital Arrival Time;0;None;0;None;0;None;1;0
12;Florida;121642;2;2;0;0;3;3;0;71;LEE (71);0;NOT APPLICABLE;13;13;7;July;2019;7;Saturday;12;12:00pm-12:59pm;13;13;0;This section IS NOT on the NHS;2;U.S. Highway;US-41;17081 US-41;2;Urban;3;Principal Arterial - Other;1;State Highway Agency;99998;Not Reported;26.49158056;26.49158056;-81.84497778;-81.84497778;1;National Park Service;12;Motor Vehicle In-Transport;6;Angle;0;No;2;Intersection;3;T-Intersection;0;None;1;On Roadway;1;Daylight;1;Clear;0;No Additional Atmospheric Conditions;1;Clear;0;No;0;Not Applicable;99;Unknown;99;Unknown;99;Unknown EMS Scene Arrival Hour;99;Unknown EMS Scene Arrival Minutes;99;Unknown;99;Unknown EMS Hospital Arrival Time;0;None;0;None;0;None;2;0
12;Florida;121653;2;2;0;0;3;3;0;103;PINELLAS (103);2730;SAINT PETERSBURG;18;18;7;July;2019;5;Thursday;17;5:00pm-5:59pm;30;30;0;This section IS NOT on the NHS;6;Local Street - Municipality;CR-803;110TH AVE;2;Urban;4;Minor Arterial;98;Not Reported;99998;Not Reported;27.87203333;27.87203333;-82.64692222;-82.64692222;0;No Special Jurisdiction;12;Motor Vehicle In-Transport;6;Angle;0;No;2;Intersection;3;T-Intersection;0;None;1;On Roadway;1;Daylight;2;Rain;0;No Additional Atmospheric Conditions;2;Rain;0;No;0;Not Applicable;99;Unknown;99;Unknown;99;Unknown EMS Scene Arrival Hour;99;Unknown EMS Scene Arrival Minutes;99;Unknown;99;Unknown EMS Hospital Arrival Time;0;None;0;None;0;None;1;0
12;Florida;121657;3;3;0;0;3;3;0;127;VOLUSIA (127);787;DEBARY;10;10;7;July;2019;4;Wednesday;17;5:00pm-5:59pm;22;22;0;This section IS NOT on the NHS;6;Local Street - Municipality;W HIGHBANKS RD;S SHELL RD;2;Urban;5;Major Collector;98;Not Reported;99998;Not Reported;28.89021389;28.89021389;-81.30931389;-81.30931389;0;No Special Jurisdiction;12;Motor Vehicle In-Transport;2;Front-to-Front;0;No;2;Intersection;3;T-Intersection;0;None;1;On Roadway;1;Daylight;10;Cloudy;0;No Additional Atmospheric Conditions;10;Cloudy;0;No;0;Not Applicable;99;Unknown;99;Unknown;99;Unknown EMS Scene Arrival Hour;99;Unknown EMS Scene Arrival Minutes;88;Not Applicable (Not Transported);88;Not Applicable (Not Transported);0;None;0;None;0;None;1;1
12;Florida;121660;2;2;0;0;2;2;0;5;BAY (5);0;NOT APPLICABLE;29;29;5;May;2019;4;Wednesday;15;3:00pm-3:59pm;10;10;1;This section IS ON the NHS;2;U.S. Highway;US-98;SR-30A;2;Urban;2;Principal Arterial - Other Freeways and Expressways;1;State Highway Agency;99998;Not Reported;30.18878056;30.18878056;-85.75688889;-85.75688889;0;No Special Jurisdiction;12;Motor Vehicle In-Transport;6;Angle;0;No;2;Intersection;3;T-Intersection;0;None;1;On Roadway;1;Daylight;1;Clear;0;No Additional Atmospheric Conditions;1;Clear;0;No;0;Not Applicable;99;Unknown;99;Unknown;99;Unknown EMS Scene Arrival Hour;99;Unknown EMS Scene Arrival Minutes;99;Unknown;99;Unknown EMS Hospital Arrival Time;0;None;0;None;0;None;1;0
12;Florida;121665;2;2;0;0;2;2;0;1;ALACHUA (1);1130;GAINESVILLE;21;21;7;July;2019;1;Sunday;12;12:00pm-12:59pm;20;20;1;This section IS ON the NHS;2;U.S. Highway;US-441;NW 30TH AVE;2;Urban;3;Principal Arterial - Other;1;State Highway Agency;99998;Not Reported;29.68009444;29.68009444;-82.33907222;-82.33907222;0;No Special Jurisdiction;12;Motor Vehicle In-Transport;6;Angle;0;No;2;Intersection;3;T-Intersection;0;None;1;On Roadway;1;Daylight;1;Clear;0;No Additional Atmospheric Conditions;1;Clear;0;No;0;Not Applicable;99;Unknown;99;Unknown;99;Unknown EMS Scene Arrival Hour;99;Unknown EMS Scene Arrival Minutes;99;Unknown;99;Unknown EMS Hospital Arrival Time;0;None;0;None;0;None;1;0
12;Florida;121670;2;2;0;0;3;3;0;33;ESCAMBIA (33);0;NOT APPLICABLE;30;30;6;June;2019;1;Sunday;8;8:00am-8:59am;56;56;1;This section IS ON the NHS;2;U.S. Highway;US-29;MILSTEAD ST;2;Urban;3;Principal Arterial - Other;1;State Highway Agency;99998;Not Reported;30.48976944;30.48976944;-87.25990556;-87.25990556;0;No Special Jurisdiction;12;Motor Vehicle In-Transport;6;Angle;1;Yes;3;Intersection-Related;3;T-Intersection;0;None;1;On Roadway;1;Daylight;1;Clear;0;No Additional Atmospheric Conditions;1;Clear;0;No;0;Not Applicable;99;Unknown;99;Unknown;99;Unknown EMS Scene Arrival Hour;99;Unknown EMS Scene Arrival Minutes;99;Unknown;99;Unknown EMS Hospital Arrival Time;0;None;0;None;0;None;1;0
12;Florida;121671;1;1;0;1;1;1;1;101;PASCO (101);0;NOT APPLICABLE;10;10;7;July;2019;4;Wednesday;20;8:00pm-8:59pm;58;58;1;This section IS ON the NHS;2;U.S. Highway;US-19;JOHNSON ROAD;2;Urban;3;Principal Arterial - Other;1;State Highway Agency;99998;Not Reported;28.32415556;28.32415556;-82.69911389;-82.69911389;0;No Special Jurisdiction;8;Pedestrian;0;The First Harmful Event was Not a Collision with a Motor Vehicle in Transport;1;Yes;3;Intersection-Related;3;T-Intersection;0;None;1;On Roadway;3;Dark - Lighted;1;Clear;0;No Additional Atmospheric Conditions;1;Clear;0;No;0;Not Applicable;20;8:00pm-8:59pm;59;59;21;9:00pm-9:59pm;6;6;88;Not Applicable (Not Transported);88;Not Applicable (Not Transported);0;None;0;None;0;None;1;0
12;Florida;121674;2;2;0;0;2;2;0;71;LEE (71);457;CAPE CORAL;16;16;7;July;2019;3;Tuesday;10;10:00am-10:59am;42;42;0;This section IS NOT on the NHS;9;Unknown;KISMET PKWY W;NW 19TH CT;2;Urban;5;Major Collector;4;City or Municipal Highway Agency;99998;Not Reported;26.69696111;26.69696111;-82.01419167;-82.01419167;0;No Special Jurisdiction;12;Motor Vehicle In-Transport;2;Front-to-Front;0;No;2;Intersection;3;T-Intersection;0;None;1;On Roadway;1;Daylight;1;Clear;0;No Additional Atmospheric Conditions;1;Clear;0;No;0;Not Applicable;99;Unknown;99;Unknown;99;Unknown EMS Scene Arrival Hour;99;Unknown EMS Scene Arrival Minutes;99;Unknown;99;Unknown EMS Hospital Arrival Time;0;None;0;None;0;None;1;0
12;Florida;121675;2;2;0;1;2;2;1;11;BROWARD (11);1050;FORT LAUDERDALE;15;15;7;July;2019;2;Monday;22;10:00pm-10:59pm;52;52;0;This section IS NOT on the NHS;6;Local Street - Municipality;NW 6TH ST;NW 14TH AV;2;Urban;7;Local;98;Not Reported;99998;Not Reported;26.143725;26.143725;-80.150225;-80.150225;0;No Special Jurisdiction;8;Pedestrian;0;The First Harmful Event was Not a Collision with a Motor Vehicle in Transport;0;No;3;Intersection-Related;3;T-Intersection;0;None;1;On Roadway;3;Dark - Lighted;1;Clear;0;No Additional Atmospheric Conditions;1;Clear;0;No;0;Not Applicable;99;Unknown;99;Unknown;99;Unknown EMS Scene Arrival Hour;99;Unknown EMS Scene Arrival Minutes;99;Unknown;99;Unknown EMS Hospital Arrival Time;0;None;0;None;0;None;1;0
12;Florida;121682;2;2;0;0;3;3;0;127;VOLUSIA (127);2375;ORMOND BEACH;12;12;6;June;2019;4;Wednesday;16;4:00pm-4:59pm;44;44;1;This section IS ON the NHS;3;State Highway;SR-40;SHADOW CROSSING BLVD;2;Urban;3;Principal Arterial - Other;1;State Highway Agency;99998;Not Reported;29.25696944;29.25696944;-81.16493056;-81.16493056;0;No Special Jurisdiction;12;Motor Vehicle In-Transport;2;Front-to-Front;0;No;2;Intersection;3;T-Intersection;0;None;1;On Roadway;1;Daylight;10;Cloudy;0;No Additional Atmospheric Conditions;10;Cloudy;0;No;0;Not Applicable;99;Unknown;99;Unknown;99;Unknown EMS Scene Arrival Hour;99;Unknown EMS Scene Arrival Minutes;99;Unknown;99;Unknown EMS Hospital Arrival Time;0;None;0;None;0;None;1;0
12;Florida;121683;2;2;0;1;2;2;1;105;POLK (105);0;NOT APPLICABLE;16;16;7;July;2019;3;Tuesday;5;5:00am-5:59am;20;20;0;This section IS NOT on the NHS;4;County Road;CR-542A;APOLLO CT;2;Urban;4;Minor Arterial;2;County Highway Agency;99998;Not Reported;28.05827222;28.05827222;-82.01682778;-82.01682778;0;No Special Jurisdiction;9;Pedalcyclist;0;The First Harmful Event was Not a Collision with a Motor Vehicle in Transport;0;No;2;Intersection;3;T-Intersection;0;None;1;On Roadway;2;Dark - Not Lighted;1;Clear;0;No Additional Atmospheric Conditions;1;Clear;0;No;0;Not Applicable;99;Unknown;99;Unknown;99;Unknown EMS Scene Arrival Hour;99;Unknown EMS Scene Arrival Minutes;99;Unknown;99;Unknown EMS Hospital Arrival Time;0;None;0;None;0;None;1;0
12;Florida;121686;1;1;0;1;1;1;1;105;POLK (105);0;NOT APPLICABLE;10;10;7;July;2019;4;Wednesday;9;9:00am-9:59am;30;30;1;This section IS ON the NHS;2;U.S. Highway;US-27;GEORGE ST;2;Urban;3;Principal Arterial - Other;1;State Highway Agency;99998;Not Reported;27.81225556;27.81225556;-81.82063889;-81.82063889;0;No Special Jurisdiction;9;Pedalcyclist;0;The First Harmful Event was Not a Collision with a Motor Vehicle in Transport;0;No;2;Intersection;3;T-Intersection;0;None;1;On Roadway;1;Daylight;1;Clear;0;No Additional Atmospheric Conditions;1;Clear;0;No;0;Not Applicable;99;Unknown;99;Unknown;99;Unknown EMS Scene Arrival Hour;99;Unknown EMS Scene Arrival Minutes;88;Not Applicable (Not Transported);88;Not Applicable (Not Transported);0;None;0;None;0;None;1;0
12;Florida;121696;3;3;0;0;4;4;0;87;MONROE (87);1568;KEY LARGO;11;11;7;July;2019;5;Thursday;8;8:00am-8:59am;3;3;1;This section IS ON the NHS;2;U.S. Highway;US-1;SNAPPER AVE;2;Urban;3;Principal Arterial - Other;1;State Highway Agency;99998;Not Reported;25.13521389;25.13521389;-80.40429722;-80.40429722;0;No Special Jurisdiction;12;Motor Vehicle In-Transport;6;Angle;0;No;2;Intersection;3;T-Intersection;0;None;1;On Roadway;1;Daylight;1;Clear;0;No Additional Atmospheric Conditions;1;Clear;0;No;0;Not Applicable;99;Unknown;99;Unknown;99;Unknown EMS Scene Arrival Hour;99;Unknown EMS Scene Arrival Minutes;99;Unknown;99;Unknown EMS Hospital Arrival Time;0;None;0;None;0;None;1;0
12;Florida;121701;2;2;0;0;3;3;0;1;ALACHUA (1);0;NOT APPLICABLE;18;18;7;July;2019;5;Thursday;20;8:00pm-8:59pm;33;33;1;This section IS ON the NHS;2;U.S. Highway;US-441;16916 NW 441  HIGH SPRING FL.;1;Rural;3;Principal Arterial - Other;1;State Highway Agency;99998;Not Reported;29.81013889;29.81013889;-82.55588056;-82.55588056;0;No Special Jurisdiction;12;Motor Vehicle In-Transport;6;Angle;0;No;3;Intersection-Related;3;T-Intersection;0;None;1;On Roadway;2;Dark - Not Lighted;1;Clear;0;No Additional Atmospheric Conditions;1;Clear;0;No;0;Not Applicable;99;Unknown;99;Unknown;99;Unknown EMS Scene Arrival Hour;99;Unknown EMS Scene Arrival Minutes;99;Unknown;99;Unknown EMS Hospital Arrival Time;0;None;0;None;0;None;2;0
12;Florida;121706;2;2;0;1;5;5;1;105;POLK (105);0;NOT APPLICABLE;10;10;7;July;2019;4;Wednesday;5;5:00am-5:59am;50;50;1;This section IS ON the NHS;2;U.S. Highway;US-98;FOX LAKE DR;2;Urban;3;Principal Arterial - Other;1;State Highway Agency;99998;Not Reported;28.13774167;28.13774167;-81.97354722;-81.97354722;0;No Special Jurisdiction;8;Pedestrian;0;The First Harmful Event was Not a Collision with a Motor Vehicle in Transport;0;No;3;Intersection-Related;3;T-Intersection;0;None;1;On Roadway;2;Dark - Not Lighted;1;Clear;0;No Additional Atmospheric Conditions;1;Clear;0;No;0;Not Applicable;99;Unknown;99;Unknown;99;Unknown EMS Scene Arrival Hour;99;Unknown EMS Scene Arrival Minutes;88;Not Applicable (Not Transported);88;Not Applicable (Not Transported);0;None;0;None;0;None;1;0
12;Florida;121736;1;1;0;1;1;1;1;19;CLAY (19);0;NOT APPLICABLE;17;17;7;July;2019;4;Wednesday;13;1:00pm-1:59pm;49;49;0;This section IS NOT on the NHS;4;County Road;CR-218;PINE TREE LN;2;Urban;5;Major Collector;2;County Highway Agency;99998;Not Reported;30.063025;30.063025;-81.87674167;-81.87674167;0;No Special Jurisdiction;9;Pedalcyclist;0;The First Harmful Event was Not a Collision with a Motor Vehicle in Transport;0;No;3;Intersection-Related;3;T-Intersection;0;None;1;On Roadway;1;Daylight;10;Cloudy;0;No Additional Atmospheric Conditions;10;Cloudy;0;No;0;Not Applicable;99;Unknown;99;Unknown;99;Unknown EMS Scene Arrival Hour;99;Unknown EMS Scene Arrival Minutes;88;Not Applicable (Not Transported);88;Not Applicable (Not Transported);0;None;0;None;0;None;1;0
12;Florida;121745;2;2;0;0;2;2;0;127;VOLUSIA (127);0;NOT APPLICABLE;30;30;7;July;2019;3;Tuesday;17;5:00pm-5:59pm;30;30;0;This section IS NOT on the NHS;8;Other;LAKESHORE DRIVE;BROADWAY STREET;2;Urban;4;Minor Arterial;98;Not Reported;99998;Not Reported;28.86533056;28.86533056;-81.2597;-81.2597;0;No Special Jurisdiction;12;Motor Vehicle In-Transport;2;Front-to-Front;0;No;2;Intersection;3;T-Intersection;0;None;1;On Roadway;1;Daylight;1;Clear;0;No Additional Atmospheric Conditions;1;Clear;0;No;0;Not Applicable;99;Unknown;99;Unknown;99;Unknown EMS Scene Arrival Hour;99;Unknown EMS Scene Arrival Minutes;88;Not Applicable (Not Transported);88;Not Applicable (Not Transported);0;None;0;None;0;None;1;0
12;Florida;121746;2;2;0;0;2;2;0;87;MONROE (87);1568;KEY LARGO;29;29;7;July;2019;2;Monday;14;2:00pm-2:59pm;16;16;1;This section IS ON the NHS;2;U.S. Highway;US-1;LIME ST;2;Urban;3;Principal Arterial - Other;1;State Highway Agency;99998;Not Reported;25.03475;25.03475;-80.50035;-80.50035;0;No Special Jurisdiction;12;Motor Vehicle In-Transport;6;Angle;0;No;3;Intersection-Related;3;T-Intersection;0;None;1;On Roadway;1;Daylight;1;Clear;0;No Additional Atmospheric Conditions;1;Clear;0;No;0;Not Applicable;99;Unknown;99;Unknown;99;Unknown EMS Scene Arrival Hour;99;Unknown EMS Scene Arrival Minutes;88;Not Applicable (Not Transported);88;Not Applicable (Not Transported);0;None;0;None;0;None;1;0
12;Florida;121750;2;2;0;0;2;2;0;89;NASSAU (89);0;NOT APPLICABLE;11;11;7;July;2019;5;Thursday;7;7:00am-7:59am;27;27;1;This section IS ON the NHS;2;U.S. Highway;US-1;DAVIS LN;1;Rural;3;Principal Arterial - Other;1;State Highway Agency;99998;Not Reported;30.74291111;30.74291111;-81.95383056;-81.95383056;0;No Special Jurisdiction;12;Motor Vehicle In-Transport;6;Angle;0;No;2;Intersection;3;T-Intersection;0;None;1;On Roadway;1;Daylight;1;Clear;0;No Additional Atmospheric Conditions;1;Clear;0;No;0;Not Applicable;99;Unknown;99;Unknown;99;Unknown EMS Scene Arrival Hour;99;Unknown EMS Scene Arrival Minutes;88;Not Applicable (Not Transported);88;Not Applicable (Not Transported);0;None;0;None;0;None;1;0
12;Florida;121756;2;2;0;0;8;8;0;71;LEE (71);0;NOT APPLICABLE;30;30;7;July;2019;3;Tuesday;18;6:00pm-6:59pm;0;0;1;This section IS ON the NHS;3;State Highway;SR-80;JOEL BLVD;1;Rural;3;Principal Arterial - Other;1;State Highway Agency;99998;Not Reported;26.70908056;26.70908056;-81.60095;-81.60095;0;No Special Jurisdiction;12;Motor Vehicle In-Transport;6;Angle;0;No;2;Intersection;3;T-Intersection;0;None;1;On Roadway;1;Daylight;1;Clear;0;No Additional Atmospheric Conditions;1;Clear;0;No;0;Not Applicable;99;Unknown;99;Unknown;99;Unknown EMS Scene Arrival Hour;99;Unknown EMS Scene Arrival Minutes;99;Unknown;99;Unknown EMS Hospital Arrival Time;0;None;0;None;0;None;1;0