STATE;STATENAME;ST_CASE;VE_TOTAL;VE_FORMS;PVH_INVL;PEDS;PERSONS;PERMVIT;PERNOTMVIT;COUNTY;COUNTYNAME;CITY;CITYNAME;DAY;DAYNAME;MONTH;MONTHNAME;YEAR;DAY_WEEK;DAY_WEEKNAME;HOUR;HOURNAME;MINUTE;MINUTENAME;NHS;NHSNAME;ROUTE;ROUTENAME;TWAY_ID;TWAY_ID2;RUR_URB;RUR_URBNAME;FUNC_SYS;FUNC_SYSNAME;RD_OWNER;RD_OWNERNAME;MILEPT;MILEPTNAME;LATITUDE;LATITUDENAME;LONGITUD;LONGITUDNAME;SP_JUR;SP_JURNAME;HARM_EV;HARM_EVNAME;MAN_COLL;MAN_COLLNAME;RELJCT1;RELJCT1NAME;RELJCT2;RELJCT2NAME;TYP_INT;TYP_INTNAME;WRK_ZONE;WRK_ZONENAME;REL_ROAD;REL_ROADNAME;LGT_COND;LGT_CONDNAME;WEATHER1;WEATHER1NAME;WEATHER2;WEATHER2NAME;WEATHER;WEATHERNAME;SCH_BUS;SCH_BUSNAME;RAIL;RAILNAME;NOT_HOUR;NOT_HOURNAME;NOT_MIN;NOT_MINNAME;ARR_HOUR;ARR_HOURNAME;ARR_MIN;ARR_MINNAME;HOSP_HR;HOSP_HRNAME;HOSP_MN;HOSP_MNNAME;CF1;CF1NAME;CF2;CF2NAME;CF3;CF3NAME;FATALS;DRUNK_DR
12;Florida;122082;2;2;0;0;3;3;0;71;LEE (71);457;CAPE CORAL;17;17;8;August;2019;7;Saturday;14;2:00pm-2:59pm;14;14;0;This section IS NOT on the NHS;9;Unknown;CHIQUITA BLVD S;MOHAWK PKWY;2;Urban;5;Major Collector;4;City or Municipal Highway Agency;99998;Not Reported;26.57768333;26.57768333;-82.00684444;-82.00684444;0;No Special Jurisdiction;12;Motor Vehicle In-Transport;6;Angle;0;No;2;Intersection;3;T-Intersection;0;None;1;On Roadway;1;Daylight;1;Clear;0;No Additional Atmospheric Conditions;1;Clear;0;No;0;Not Applicable;99;Unknown;99;Unknown;99;Unknown EMS Scene Arrival Hour;99;Unknown EMS Scene Arrival Minutes;99;Unknown;99;Unknown EMS Hospital Arrival Time;0;None;0;None;0;None;1;0
12;Florida;122083;1;1;0;0;1;1;0;103;PINELLAS (103);0;NOT APPLICABLE;24;24;8;August;2019;7;Saturday;17;5:00pm-5:59pm;5;5;0;This section IS NOT on the NHS;9;Unknown;ARALIA WAY;MAYPAN PL;2;Urban;7;Local;98;Not Reported;99998;Not Reported;27.86021944;27.86021944;-82.7431;-82.7431;0;No Special Jurisdiction;53;Mail Box;0;The First Harmful Event was Not a Collision with a Motor Vehicle in Transport;0;No;3;Intersection-Related;3;T-Intersection;0;None;6;Off Roadway-Location Unknown;1;Daylight;1;Clear;0;No Additional Atmospheric Conditions;1;Clear;0;No;0;Not Applicable;99;Unknown;99;Unknown;99;Unknown EMS Scene Arrival Hour;99;Unknown EMS Scene Arrival Minutes;99;Unknown;99;Unknown EMS Hospital Arrival Time;0;None;0;None;0;None;1;0
12;Florida;122087;1;1;0;1;1;1;1;85;MARTIN (85);0;NOT APPLICABLE;6;6;8;August;2019;3;Tuesday;11;11:00am-11:59am;5;5;0;This section IS NOT on the NHS;4;County Road;CR-707;1707 INDIAN RIVER DR;2;Urban;5;Major Collector;1;State Highway Agency;99998;Not Reported;27.22296389;27.22296389;-80.21235;-80.21235;0;No Special Jurisdiction;15;Non-Motorist on Personal Conveyance;0;The First Harmful Event was Not a Collision with a Motor Vehicle in Transport;0;No;3;Intersection-Related;3;T-Intersection;0;None;1;On Roadway;1;Daylight;10;Cloudy;0;No Additional Atmospheric Conditions;10;Cloudy;0;No;0;Not Applicable;99;Unknown;99;Unknown;99;Unknown EMS Scene Arrival Hour;99;Unknown EMS Scene Arrival Minutes;99;Unknown;99;Unknown EMS Hospital Arrival Time;0;None;0;None;0;None;1;0
12;Florida;122089;2;2;0;0;3;3;0;33;ESCAMBIA (33);0;NOT APPLICABLE;5;5;9;September;2019;5;Thursday;15;3:00pm-3:59pm;10;10;0;This section IS NOT on the NHS;4;County Road;CR-186;STALLION RD;2;Urban;5;Major Collector;2;County Highway Agency;99998;Not Reported;30.57045;30.57045;-87.30513889;-87.30513889;0;No Special Jurisdiction;12;Motor Vehicle In-Transport;6;Angle;0;No;2;Intersection;3;T-Intersection;0;None;1;On Roadway;1;Daylight;1;Clear;0;No Additional Atmospheric Conditions;1;Clear;0;No;0;Not Applicable;99;Unknown;99;Unknown;99;Unknown EMS Scene Arrival Hour;99;Unknown EMS Scene Arrival Minutes;99;Unknown;99;Unknown EMS Hospital Arrival Time;0;None;0;None;0;None;1;0
12;Florida;122095;3;3;0;0;5;5;0;83;MARION (83);0;NOT APPLICABLE;8;8;9;September;2019;1;Sunday;3;3:00am-3:59am;30;30;1;This section IS ON the NHS;2;U.S. Highway;US-441;NW 95 ST;1;Rural;3;Principal Arterial - Other;1;State Highway Agency;99998;Not Reported;29.28865278;29.28865278;-82.15180556;-82.15180556;0;No Special Jurisdiction;12;Motor Vehicle In-Transport;6;Angle;0;No;2;Intersection;3;T-Intersection;0;None;1;On Roadway;2;Dark - Not Lighted;1;Clear;0;No Additional Atmospheric Conditions;1;Clear;0;No;0;Not Applicable;99;Unknown;99;Unknown;99;Unknown EMS Scene Arrival Hour;99;Unknown EMS Scene Arrival Minutes;99;Unknown;99;Unknown EMS Hospital Arrival Time;0;None;0;None;0;None;1;1
12;Florida;122113;2;2;0;0;5;5;0;11;BROWARD (11);0;NOT APPLICABLE;23;23;3;March;2019;7;Saturday;20;8:00pm-8:59pm;8;8;0;This section IS NOT on the NHS;9;Unknown;PETERS RD;49TH AVE;2;Urban;5;Major Collector;4;City or Municipal Highway Agency;99998;Not Reported;26.10613611;26.10613611;-80.21318889;-80.21318889;0;No Special Jurisdiction;12;Motor Vehicle In-Transport;2;Front-to-Front;0;No;2;Intersection;3;T-Intersection;0;None;1;On Roadway;3;Dark - Lighted;1;Clear;0;No Additional Atmospheric Conditions;1;Clear;0;No;0;Not Applicable;99;Unknown;99;Unknown;99;Unknown EMS Scene Arrival Hour;99;Unknown EMS Scene Arrival Minutes;99;Unknown;99;Unknown EMS Hospital Arrival Time;0;None;0;None;0;None;1;0
12;Florida;122118;2;2;0;0;3;3;0;31;DUVAL (31);1510;JACKSONVILLE;15;15;9;September;2019;1;Sunday;1;1:00am-1:59am;47;47;1;This section IS ON the NHS;2;U.S. Highway;US-90;SR-212;2;Urban;3;Principal Arterial - Other;1;State Highway Agency;99998;Not Reported;30.28709722;30.28709722;-81.50263333;-81.50263333;0;No Special Jurisdiction;12;Motor Vehicle In-Transport;6;Angle;1;Yes;3;Intersection-Related;3;T-Intersection;0;None;1;On Roadway;3;Dark - Lighted;10;Cloudy;0;No Additional Atmospheric Conditions;10;Cloudy;0;No;0;Not Applicable;99;Unknown;99;Unknown;99;Unknown EMS Scene Arrival Hour;99;Unknown EMS Scene Arrival Minutes;99;Unknown;99;Unknown EMS Hospital Arrival Time;0;None;0;None;0;None;1;0
12;Florida;122141;4;4;0;0;5;5;0;105;POLK (105);0;NOT APPLICABLE;28;28;8;August;2019;4;Wednesday;17;5:00pm-5:59pm;20;20;1;This section IS ON the NHS;3;State Highway;SR-60;80 FOOT RD;2;Urban;3;Principal Arterial - Other;1;State Highway Agency;99998;Not Reported;27.90934722;27.90934722;-81.76127778;-81.76127778;0;No Special Jurisdiction;12;Motor Vehicle In-Transport;6;Angle;0;No;2;Intersection;3;T-Intersection;0;None;1;On Roadway;1;Daylight;1;Clear;0;No Additional Atmospheric Conditions;1;Clear;0;No;0;Not Applicable;99;Unknown;99;Unknown;99;Unknown EMS Scene Arrival Hour;99;Unknown EMS Scene Arrival Minutes;99;Unknown;99;Unknown EMS Hospital Arrival Time;0;None;0;None;0;None;1;0
12;Florida;122157;1;1;0;1;1;1;1;57;HILLSBOROUGH (57);0;NOT APPLICABLE;19;19;9;September;2019;5;Thursday;14;2:00pm-2:59pm;15;15;1;This section IS ON the NHS;2;U.S. Highway;US-41;16TH AVE;2;Urban;3;Principal Arterial - Other;1;State Highway Agency;99998;Not Reported;27.93356944;27.93356944;-82.40191111;-82.40191111;0;No Special Jurisdiction;8;Pedestrian;0;The First Harmful Event was Not a Collision with a Motor Vehicle in Transport;0;No;3;Intersection-Related;3;T-Intersection;0;None;1;On Roadway;1;Daylight;1;Clear;0;No Additional Atmospheric Conditions;1;Clear;0;No;0;Not Applicable;99;Unknown;99;Unknown;99;Unknown EMS Scene Arrival Hour;99;Unknown EMS Scene Arrival Minutes;88;Not Applicable (Not Transported);88;Not Applicable (Not Transported);0;None;0;None;0;None;1;0
12;Florida;122164;2;2;0;0;2;2;0;99;PALM BEACH (99);3190;WEST PALM BEACH;24;24;9;September;2019;3;Tuesday;12;12:00pm-12:59pm;7;7;0;This section IS NOT on the NHS;6;Local Street - Municipality;N JOG RD;OKEECHOBEE BLVD;2;Urban;4;Minor Arterial;2;County Highway Agency;99998;Not Reported;26.70817222;26.70817222;-80.15196389;-80.15196389;0;No Special Jurisdiction;12;Motor Vehicle In-Transport;6;Angle;0;No;2;Intersection;3;T-Intersection;0;None;1;On Roadway;1;Daylight;1;Clear;0;No Additional Atmospheric Conditions;1;Clear;0;No;0;Not Applicable;99;Unknown;99;Unknown;99;Unknown EMS Scene Arrival Hour;99;Unknown EMS Scene Arrival Minutes;99;Unknown;99;Unknown EMS Hospital Arrival Time;0;None;0;None;0;None;1;0
12;Florida;122166;2;2;0;0;3;3;0;11;BROWARD (11);2916;SUNRISE;18;18;9;September;2019;4;Wednesday;12;12:00pm-12:59pm;22;22;0;This section IS NOT on the NHS;6;Local Street - Municipality;PINE ISLAND RD;38TH ST;2;Urban;4;Minor Arterial;98;Not Reported;99998;Not Reported;26.17193056;26.17193056;-80.26768333;-80.26768333;0;No Special Jurisdiction;12;Motor Vehicle In-Transport;2;Front-to-Front;0;No;2;Intersection;3;T-Intersection;0;None;1;On Roadway;1;Daylight;1;Clear;0;No Additional Atmospheric Conditions;1;Clear;0;No;0;Not Applicable;99;Unknown;99;Unknown;99;Unknown EMS Scene Arrival Hour;99;Unknown EMS Scene Arrival Minutes;99;Unknown;99;Unknown EMS Hospital Arrival Time;0;None;0;None;0;None;1;0
12;Florida;122167;2;2;0;0;2;2;0;105;POLK (105);0;NOT APPLICABLE;17;17;9;September;2019;3;Tuesday;5;5:00am-5:59am;54;54;1;This section IS ON the NHS;3;State Highway;SR-60;PINE GROVE RD;2;Urban;3;Principal Arterial - Other;1;State Highway Agency;99998;Not Reported;28.26858889;28.26858889;-81.19460833;-81.19460833;0;No Special Jurisdiction;12;Motor Vehicle In-Transport;6;Angle;0;No;2;Intersection;3;T-Intersection;0;None;1;On Roadway;3;Dark - Lighted;1;Clear;0;No Additional Atmospheric Conditions;1;Clear;0;No;0;Not Applicable;99;Unknown;99;Unknown;99;Unknown EMS Scene Arrival Hour;99;Unknown EMS Scene Arrival Minutes;99;Unknown;99;Unknown EMS Hospital Arrival Time;0;None;0;None;0;None;1;0
12;Florida;122176;2;2;0;1;5;5;1;21;COLLIER (21);0;NOT APPLICABLE;23;23;9;September;2019;2;Monday;7;7:00am-7:59am;43;43;0;This section IS NOT on the NHS;9;Unknown;GREEN BOULEVARD;SUNSHINE BLVD;2;Urban;5;Major Collector;98;Not Reported;99998;Not Reported;26.19936389;26.19936389;-81.69928889;-81.69928889;0;No Special Jurisdiction;9;Pedalcyclist;0;The First Harmful Event was Not a Collision with a Motor Vehicle in Transport;0;No;3;Intersection-Related;3;T-Intersection;0;None;1;On Roadway;1;Daylight;1;Clear;0;No Additional Atmospheric Conditions;1;Clear;0;No;0;Not Applicable;99;Unknown;99;Unknown;99;Unknown EMS Scene Arrival Hour;99;Unknown EMS Scene Arrival Minutes;99;Unknown;99;Unknown EMS Hospital Arrival Time;0;None;0;None;0;None;1;0
12;Florida;122213;2;2;0;0;2;2;0;57;HILLSBOROUGH (57);2950;TAMPA;28;28;9;September;2019;7;Saturday;13;1:00pm-1:59pm;26;26;0;This section IS NOT on the NHS;2;U.S. Highway;US-41 SR-685 N FLORIDA AVE;W NORTH BAY ST;2;Urban;4;Minor Arterial;1;State Highway Agency;99998;Not Reported;27.98300278;27.98300278;-82.45941667;-82.45941667;0;No Special Jurisdiction;12;Motor Vehicle In-Transport;6;Angle;0;No;3;Intersection-Related;3;T-Intersection;0;None;1;On Roadway;1;Daylight;1;Clear;0;No Additional Atmospheric Conditions;1;Clear;0;No;0;Not Applicable;99;Unknown;99;Unknown;99;Unknown EMS Scene Arrival Hour;99;Unknown EMS Scene Arrival Minutes;99;Unknown;99;Unknown EMS Hospital Arrival Time;0;None;0;None;0;None;1;0
12;Florida;122222;2;2;0;0;2;2;0;115;SARASOTA (115);0;NOT APPLICABLE;1;1;10;October;2019;3;Tuesday;17;5:00pm-5:59pm;8;8;1;This section IS ON the NHS;2;U.S. Highway;US-41;CASS WAY;2;Urban;3;Principal Arterial - Other;1;State Highway Agency;99998;Not Reported;27.24903889;27.24903889;-82.51315;-82.51315;0;No Special Jurisdiction;12;Motor Vehicle In-Transport;6;Angle;0;No;2;Intersection;3;T-Intersection;0;None;1;On Roadway;1;Daylight;1;Clear;0;No Additional Atmospheric Conditions;1;Clear;0;No;0;Not Applicable;99;Unknown;99;Unknown;99;Unknown EMS Scene Arrival Hour;99;Unknown EMS Scene Arrival Minutes;88;Not Applicable (Not Transported);88;Not Applicable (Not Transported);0;None;0;None;0;None;1;0
12;Florida;122230;1;1;0;1;1;1;1;105;POLK (105);1690;LAKELAND;15;15;6;June;2019;7;Saturday;0;0:00am-0:59am;18;18;1;This section IS ON the NHS;2;U.S. Highway;US-92;VERMONT AVE;2;Urban;3;Principal Arterial - Other;1;State Highway Agency;99998;Not Reported;28.05506111;28.05506111;-81.9523;-81.9523;0;No Special Jurisdiction;8;Pedestrian;0;The First Harmful Event was Not a Collision with a Motor Vehicle in Transport;0;No;3;Intersection-Related;3;T-Intersection;0;None;1;On Roadway;2;Dark - Not Lighted;1;Clear;0;No Additional Atmospheric Conditions;1;Clear;0;No;0;Not Applicable;99;Unknown;99;Unknown;99;Unknown EMS Scene Arrival Hour;99;Unknown EMS Scene Arrival Minutes;88;Not Applicable (Not Transported);88;Not Applicable (Not Transported);0;None;0;None;0;None;1;0
12;Florida;122235;2;2;0;0;2;2;0;127;VOLUSIA (127);2190;NEW SMYRNA BEACH;24;24;8;August;2019;7;Saturday;21;9:00pm-9:59pm;15;15;1;This section IS ON the NHS;3;State Highway;SR-44 CANAL ST;N TIMBERLANE DR;2;Urban;3;Principal Arterial - Other;1;State Highway Agency;99998;Not Reported;29.01338056;29.01338056;-80.965325;-80.965325;0;No Special Jurisdiction;12;Motor Vehicle In-Transport;2;Front-to-Front;0;No;2;Intersection;3;T-Intersection;0;None;1;On Roadway;2;Dark - Not Lighted;1;Clear;0;No Additional Atmospheric Conditions;1;Clear;0;No;0;Not Applicable;99;Unknown;99;Unknown;99;Unknown EMS Scene Arrival Hour;99;Unknown EMS Scene Arrival Minutes;99;Unknown;99;Unknown EMS Hospital Arrival Time;0;None;0;None;0;None;1;1
12;Florida;122255;2;2;0;0;3;3;0;99;PALM BEACH (99);1190;GREENACRES CITY;1;1;10;October;2019;3;Tuesday;8;8:00am-8:59am;40;40;0;This section IS NOT on the NHS;6;Local Street - Municipality;JOG ROAD;FOXTAIL DRIVE;2;Urban;4;Minor Arterial;98;Not Reported;99998;Not Reported;26.64263333;26.64263333;-80.145725;-80.145725;0;No Special Jurisdiction;12;Motor Vehicle In-Transport;6;Angle;0;No;2;Intersection;3;T-Intersection;0;None;1;On Roadway;1;Daylight;10;Cloudy;0;No Additional Atmospheric Conditions;10;Cloudy;0;No;0;Not Applicable;99;Unknown;99;Unknown;99;Unknown EMS Scene Arrival Hour;99;Unknown EMS Scene Arrival Minutes;99;Unknown;99;Unknown EMS Hospital Arrival Time;0;None;0;None;0;None;1;0
12;Florida;122262;3;3;0;0;3;3;0;97;OSCEOLA (97);0;NOT APPLICABLE;23;23;9;September;2019;2;Monday;6;6:00am-6:59am;50;50;1;This section IS ON the NHS;2;U.S. Highway;US-192;GRIFFIN RD;2;Urban;3;Principal Arterial - Other;1;State Highway Agency;99998;Not Reported;28.33245;28.33245;-81.57671944;-81.57671944;0;No Special Jurisdiction;12;Motor Vehicle In-Transport;1;Front-to-Rear;0;No;3;Intersection-Related;3;T-Intersection;0;None;1;On Roadway;4;Dawn;1;Clear;0;No Additional Atmospheric Conditions;1;Clear;0;No;0;Not Applicable;99;Unknown;99;Unknown;99;Unknown EMS Scene Arrival Hour;99;Unknown EMS Scene Arrival Minutes;88;Not Applicable (Not Transported);88;Not Applicable (Not Transported);0;None;0;None;0;None;2;0
12;Florida;122263;2;2;0;0;2;2;0;21;COLLIER (21);0;NOT APPLICABLE;3;3;10;October;2019;5;Thursday;9;9:00am-9:59am;41;41;1;This section IS ON the NHS;3;State Highway;SR-29;CR-894;1;Rural;3;Principal Arterial - Other;1;State Highway Agency;99998;Not Reported;26.45696111;26.45696111;-81.4342;-81.4342;0;No Special Jurisdiction;12;Motor Vehicle In-Transport;6;Angle;0;No;2;Intersection;3;T-Intersection;0;None;1;On Roadway;1;Daylight;10;Cloudy;0;No Additional Atmospheric Conditions;10;Cloudy;0;No;0;Not Applicable;99;Unknown;99;Unknown;99;Unknown EMS Scene Arrival Hour;99;Unknown EMS Scene Arrival Minutes;99;Unknown;99;Unknown EMS Hospital Arrival Time;0;None;0;None;0;None;1;0
12;Florida;122265;2;2;0;0;2;2;0;57;HILLSBOROUGH (57);0;NOT APPLICABLE;21;21;9;September;2019;7;Saturday;14;2:00pm-2:59pm;8;8;1;This section IS ON the NHS;2;U.S. Highway;US-92;STANLEY DR;2;Urban;3;Principal Arterial - Other;1;State Highway Agency;99998;Not Reported;27.99631944;27.99631944;-82.36906111;-82.36906111;0;No Special Jurisdiction;12;Motor Vehicle In-Transport;6;Angle;0;No;3;Intersection-Related;3;T-Intersection;0;None;1;On Roadway;1;Daylight;1;Clear;0;No Additional Atmospheric Conditions;1;Clear;0;No;0;Not Applicable;99;Unknown;99;Unknown;99;Unknown EMS Scene Arrival Hour;99;Unknown EMS Scene Arrival Minutes;99;Unknown;99;Unknown EMS Hospital Arrival Time;0;None;0;None;0;None;1;0
12;Florida;122266;1;1;0;1;1;1;1;86;MIAMI-DADE (86);2010;MIAMI;27;27;9;September;2019;6;Friday;21;9:00pm-9:59pm;39;39;0;This section IS NOT on the NHS;6;Local Street - Municipality;NE 62 ST;NE MIAMI PL;2;Urban;4;Minor Arterial;98;Not Reported;99998;Not Reported;25.83265833;25.83265833;-80.19522778;-80.19522778;0;No Special Jurisdiction;8;Pedestrian;0;The First Harmful Event was Not a Collision with a Motor Vehicle in Transport;0;No;3;Intersection-Related;3;T-Intersection;0;None;1;On Roadway;2;Dark - Not Lighted;1;Clear;0;No Additional Atmospheric Conditions;1;Clear;0;No;0;Not Applicable;99;Unknown;99;Unknown;99;Unknown EMS Scene Arrival Hour;99;Unknown EMS Scene Arrival Minutes;99;Unknown;99;Unknown EMS Hospital Arrival Time;0;None;0;None;0;None;1;0
12;Florida;122295;2;2;0;0;2;2;0;86;MIAMI-DADE (86);2330;OPA-LOCKA;10;10;4;April;2019;4;Wednesday;20;8:00pm-8:59pm;18;18;1;This section IS ON the NHS;3;State Highway;SR-9;NW 127TH ST;2;Urban;3;Principal Arterial - Other;1;State Highway Agency;99998;Not Reported;25.88993056;25.88993056;-80.24326667;-80.24326667;0;No Special Jurisdiction;12;Motor Vehicle In-Transport;6;Angle;1;Yes;2;Intersection;3;T-Intersection;0;None;1;On Roadway;3;Dark - Lighted;1;Clear;0;No Additional Atmospheric Conditions;1;Clear;0;No;0;Not Applicable;99;Unknown;99;Unknown;99;Unknown EMS Scene Arrival Hour;99;Unknown EMS Scene Arrival Minutes;88;Not Applicable (Not Transported);88;Not Applicable (Not Transported);0;None;0;None;0;None;1;0
12;Florida;122306;3;3;0;0;4;4;0;95;ORANGE (95);0;NOT APPLICABLE;16;16;9;September;2019;2;Monday;12;12:00pm-12:59pm;44;44;1;This section IS ON the NHS;3;State Highway;SR-50;AMBER RD;2;Urban;3;Principal Arterial - Other;1;State Highway Agency;99998;Not Reported;28.56011667;28.56011667;-81.30640833;-81.30640833;0;No Special Jurisdiction;12;Motor Vehicle In-Transport;6;Angle;0;No;2;Intersection;3;T-Intersection;0;None;1;On Roadway;1;Daylight;1;Clear;0;No Additional Atmospheric Conditions;1;Clear;0;No;0;Not Applicable;99;Unknown;99;Unknown;99;Unknown EMS Scene Arrival Hour;99;Unknown EMS Scene Arrival Minutes;99;Unknown;99;Unknown EMS Hospital Arrival Time;0;None;0;None;0;None;1;0
12;Florida;122311;2;2;0;0;2;2;0;31;DUVAL (31);1510;JACKSONVILLE;10;10;10;October;2019;5;Thursday;19;7:00pm-7:59pm;25;25;0;This section IS NOT on the NHS;6;Local Street - Municipality;CRYSTAL SPRINGS RD;SUMMIT OAKS DR;2;Urban;7;Local;98;Not Reported;99998;Not Reported;30.30116111;30.30116111;-81.79821111;-81.79821111;0;No Special Jurisdiction;12;Motor Vehicle In-Transport;6;Angle;0;No;2;Intersection;3;T-Intersection;0;None;1;On Roadway;5;Dusk;1;Clear;0;No Additional Atmospheric Conditions;1;Clear;0;No;0;Not Applicable;99;Unknown;99;Unknown;99;Unknown EMS Scene Arrival Hour;99;Unknown EMS Scene Arrival Minutes;99;Unknown;99;Unknown EMS Hospital Arrival Time;0;None;0;None;0;None;1;0
12;Florida;122325;1;1;0;1;1;1;1;95;ORANGE (95);2360;ORLANDO;7;7;10;October;2019;2;Monday;0;0:00am-0:59am;13;13;0;This section IS NOT on the NHS;6;Local Street - Municipality;E ANDERSON ST;S ORANGE AV;2;Urban;6;Minor Collector;4;City or Municipal Highway Agency;99998;Not Reported;28.53704722;28.53704722;-81.37868056;-81.37868056;0;No Special Jurisdiction;8;Pedestrian;0;The First Harmful Event was Not a Collision with a Motor Vehicle in Transport;1;Yes;3;Intersection-Related;3;T-Intersection;0;None;1;On Roadway;3;Dark - Lighted;10;Cloudy;0;No Additional Atmospheric Conditions;10;Cloudy;0;No;0;Not Applicable;99;Unknown;99;Unknown;99;Unknown EMS Scene Arrival Hour;99;Unknown EMS Scene Arrival Minutes;88;Not Applicable (Not Transported);88;Not Applicable (Not Transported);0;None;0;None;0;None;1;0
12;Florida;122330;1;1;0;2;1;1;2;31;DUVAL (31);1510;JACKSONVILLE;2;2;10;October;2019;4;Wednesday;20;8:00pm-8:59pm;20;20;1;This section IS ON the NHS;2;U.S. Highway;US-23;CLEVELAND ST;2;Urban;3;Principal Arterial - Other;1;State Highway Agency;99998;Not Reported;30.3386;30.3386;-81.6711;-81.6711;0;No Special Jurisdiction;8;Pedestrian;0;The First Harmful Event was Not a Collision with a Motor Vehicle in Transport;0;No;3;Intersection-Related;3;T-Intersection;0;None;1;On Roadway;3;Dark - Lighted;1;Clear;0;No Additional Atmospheric Conditions;1;Clear;0;No;0;Not Applicable;99;Unknown;99;Unknown;99;Unknown EMS Scene Arrival Hour;99;Unknown EMS Scene Arrival Minutes;99;Unknown;99;Unknown EMS Hospital Arrival Time;0;None;0;None;0;None;1;0
12;Florida;122355;2;2;0;0;2;2;0;83;MARION (83);0;NOT APPLICABLE;5;5;10;October;2019;7;Saturday;12;12:00pm-12:59pm;0;0;1;This section IS ON the NHS;3;State Highway;SR-326;NE 25TH AVE RD;2;Urban;3;Principal Arterial - Other;1;State Highway Agency;99998;Not Reported;29.25945;29.25945;-82.10338889;-82.10338889;0;No Special Jurisdiction;12;Motor Vehicle In-Transport;6;Angle;0;No;2;Intersection;3;T-Intersection;0;None;1;On Roadway;1;Daylight;1;Clear;0;No Additional Atmospheric Conditions;1;Clear;0;No;0;Not Applicable;12;12:00pm-12:59pm;3;3;12;12:00pm-12:59pm;16;16;99;Unknown;99;Unknown EMS Hospital Arrival Time;0;None;0;None;0;None;1;0
12;Florida;122368;2;2;0;1;2;2;1;97;OSCEOLA (97);0;NOT APPLICABLE;24;24;9;September;2019;3;Tuesday;0;0:00am-0:59am;18;18;1;This section IS ON the NHS;2;U.S. Highway;US-17;HILDA ST;2;Urban;3;Principal Arterial - Other;1;State Highway Agency;99998;Not Reported;28.31764167;28.31764167;-81.40369722;-81.40369722;0;No Special Jurisdiction;8;Pedestrian;0;The First Harmful Event was Not a Collision with a Motor Vehicle in Transport;0;No;3;Intersection-Related;3;T-Intersection;0;None;1;On Roadway;2;Dark - Not Lighted;1;Clear;0;No Additional Atmospheric Conditions;1;Clear;0;No;0;Not Applicable;0;0:00am-0:59am;18;18;0;0:00am-0:59am;26;26;88;Not Applicable (Not Transported);88;Not Applicable (Not Transported);0;None;0;None;0;None;1;0
12;Florida;122372;2;2;0;0;2;2;0;95;ORANGE (95);0;NOT APPLICABLE;7;7;10;October;2019;2;Monday;17;5:00pm-5:59pm;5;5;0;This section IS NOT on the NHS;4;County Road;CR-527;MID FLORIDA DR;2;Urban;4;Minor Arterial;2;County Highway Agency;99998;Not Reported;28.41608889;28.41608889;-81.37247222;-81.37247222;0;No Special Jurisdiction;12;Motor Vehicle In-Transport;1;Front-to-Rear;0;No;2;Intersection;3;T-Intersection;0;None;1;On Roadway;1;Daylight;1;Clear;0;No Additional Atmospheric Conditions;1;Clear;0;No;0;Not Applicable;99;Unknown;99;Unknown;99;Unknown EMS Scene Arrival Hour;99;Unknown EMS Scene Arrival Minutes;88;Not Applicable (Not Transported);88;Not Applicable (Not Transported);0;None;0;None;0;None;1;0
12;Florida;122375;2;2;0;0;3;3;0;81;MANATEE (81);0;NOT APPLICABLE;14;14;10;October;2019;2;Monday;16;4:00pm-4:59pm;11;11;0;This section IS NOT on the NHS;3;State Highway;SR-684;INDEPENDENCE DR;2;Urban;3;Principal Arterial - Other;1;State Highway Agency;99998;Not Reported;27.46173056;27.46173056;-82.66066944;-82.66066944;0;No Special Jurisdiction;12;Motor Vehicle In-Transport;6;Angle;0;No;2;Intersection;3;T-Intersection;0;None;1;On Roadway;1;Daylight;1;Clear;0;No Additional Atmospheric Conditions;1;Clear;0;No;0;Not Applicable;99;Unknown;99;Unknown;99;Unknown EMS Scene Arrival Hour;99;Unknown EMS Scene Arrival Minutes;99;Unknown;99;Unknown EMS Hospital Arrival Time;0;None;0;None;0;None;2;0
12;Florida;122405;1;1;0;1;1;1;1;71;LEE (71);0;NOT APPLICABLE;1;1;10;October;2019;3;Tuesday;8;8:00am-8:59am;30;30;1;This section IS ON the NHS;3;State Highway;SR-78;MANY RD;2;Urban;3;Principal Arterial - Other;1;State Highway Agency;99998;Not Reported;26.68197778;26.68197778;-81.89586944;-81.89586944;0;No Special Jurisdiction;9;Pedalcyclist;0;The First Harmful Event was Not a Collision with a Motor Vehicle in Transport;0;No;2;Intersection;3;T-Intersection;0;None;1;On Roadway;1;Daylight;1;Clear;0;No Additional Atmospheric Conditions;1;Clear;0;No;0;Not Applicable;99;Unknown;99;Unknown;99;Unknown EMS Scene Arrival Hour;99;Unknown EMS Scene Arrival Minutes;99;Unknown;99;Unknown EMS Hospital Arrival Time;0;None;0;None;0;None;1;0
12;Florida;122409;2;2;0;0;7;7;0;57;HILLSBOROUGH (57);0;NOT APPLICABLE;17;17;8;August;2019;7;Saturday;21;9:00pm-9:59pm;35;35;1;This section IS ON the NHS;2;U.S. Highway;US-41;121ST AVE;2;Urban;3;Principal Arterial - Other;1;State Highway Agency;99998;Not Reported;28.05785;28.05785;-82.45121667;-82.45121667;0;No Special Jurisdiction;12;Motor Vehicle In-Transport;2;Front-to-Front;0;No;2;Intersection;3;T-Intersection;0;None;1;On Roadway;3;Dark - Lighted;10;Cloudy;0;No Additional Atmospheric Conditions;10;Cloudy;0;No;0;Not Applicable;99;Unknown;99;Unknown;99;Unknown EMS Scene Arrival Hour;99;Unknown EMS Scene Arrival Minutes;99;Unknown;99;Unknown EMS Hospital Arrival Time;0;None;0;None;0;None;1;0