STATE;STATENAME;ST_CASE;VE_TOTAL;VE_FORMS;PVH_INVL;PEDS;PERSONS;PERMVIT;PERNOTMVIT;COUNTY;COUNTYNAME;CITY;CITYNAME;DAY;DAYNAME;MONTH;MONTHNAME;YEAR;DAY_WEEK;DAY_WEEKNAME;HOUR;HOURNAME;MINUTE;MINUTENAME;NHS;NHSNAME;ROUTE;ROUTENAME;TWAY_ID;TWAY_ID2;RUR_URB;RUR_URBNAME;FUNC_SYS;FUNC_SYSNAME;RD_OWNER;RD_OWNERNAME;MILEPT;MILEPTNAME;LATITUDE;LATITUDENAME;LONGITUD;LONGITUDNAME;SP_JUR;SP_JURNAME;HARM_EV;HARM_EVNAME;MAN_COLL;MAN_COLLNAME;RELJCT1;RELJCT1NAME;RELJCT2;RELJCT2NAME;TYP_INT;TYP_INTNAME;WRK_ZONE;WRK_ZONENAME;REL_ROAD;REL_ROADNAME;LGT_COND;LGT_CONDNAME;WEATHER1;WEATHER1NAME;WEATHER2;WEATHER2NAME;WEATHER;WEATHERNAME;SCH_BUS;SCH_BUSNAME;RAIL;RAILNAME;NOT_HOUR;NOT_HOURNAME;NOT_MIN;NOT_MINNAME;ARR_HOUR;ARR_HOURNAME;ARR_MIN;ARR_MINNAME;HOSP_HR;HOSP_HRNAME;HOSP_MN;HOSP_MNNAME;CF1;CF1NAME;CF2;CF2NAME;CF3;CF3NAME;FATALS;DRUNK_DR
12;Florida;122416;2;2;0;0;2;2;0;101;PASCO (101);0;NOT APPLICABLE;22;22;9;September;2019;1;Sunday;10;10:00am-10:59am;10;10;1;This section IS ON the NHS;2;U.S. Highway;US-19;HOUSTON AVE;2;Urban;3;Principal Arterial - Other;1;State Highway Agency;99998;Not Reported;28.40439722;28.40439722;-82.65555833;-82.65555833;0;No Special Jurisdiction;12;Motor Vehicle In-Transport;6;Angle;1;Yes;2;Intersection;3;T-Intersection;0;None;1;On Roadway;1;Daylight;1;Clear;0;No Additional Atmospheric Conditions;1;Clear;0;No;0;Not Applicable;99;Unknown;99;Unknown;99;Unknown EMS Scene Arrival Hour;99;Unknown EMS Scene Arrival Minutes;99;Unknown;99;Unknown EMS Hospital Arrival Time;0;None;0;None;0;None;1;0
12;Florida;122425;2;2;0;0;3;3;0;63;JACKSON (63);0;NOT APPLICABLE;17;17;9;September;2019;3;Tuesday;18;6:00pm-6:59pm;50;50;0;This section IS NOT on the NHS;2;U.S. Highway;US-90;LOCK ACCESS RD;2;Urban;4;Minor Arterial;1;State Highway Agency;99998;Not Reported;30.70113056;30.70113056;-84.85953056;-84.85953056;0;No Special Jurisdiction;1;Rollover/Overturn;0;The First Harmful Event was Not a Collision with a Motor Vehicle in Transport;0;No;2;Intersection;3;T-Intersection;0;None;1;On Roadway;5;Dusk;1;Clear;0;No Additional Atmospheric Conditions;1;Clear;0;No;0;Not Applicable;99;Unknown;99;Unknown;99;Unknown EMS Scene Arrival Hour;99;Unknown EMS Scene Arrival Minutes;88;Not Applicable (Not Transported);88;Not Applicable (Not Transported);0;None;0;None;0;None;1;0
12;Florida;122426;3;3;0;0;3;3;0;103;PINELLAS (103);0;NOT APPLICABLE;18;18;10;October;2019;6;Friday;11;11:00am-11:59am;21;21;0;This section IS NOT on the NHS;4;County Road;CR-752;LAKE SAINT GEORGE DR;2;Urban;4;Minor Arterial;2;County Highway Agency;99998;Not Reported;28.06731944;28.06731944;-82.72382778;-82.72382778;0;No Special Jurisdiction;12;Motor Vehicle In-Transport;2;Front-to-Front;0;No;2;Intersection;3;T-Intersection;0;None;1;On Roadway;1;Daylight;10;Cloudy;0;No Additional Atmospheric Conditions;10;Cloudy;0;No;0;Not Applicable;99;Unknown;99;Unknown;99;Unknown EMS Scene Arrival Hour;99;Unknown EMS Scene Arrival Minutes;99;Unknown;99;Unknown EMS Hospital Arrival Time;0;None;0;None;0;None;1;1
12;Florida;122442;1;1;0;1;1;1;1;109;ST. JOHNS (109);0;NOT APPLICABLE;24;24;9;September;2019;3;Tuesday;6;6:00am-6:59am;53;53;0;This section IS NOT on the NHS;3;State Highway;SR-A1A;SEASCAPE CIR;2;Urban;4;Minor Arterial;1;State Highway Agency;99998;Not Reported;29.77623611;29.77623611;-81.25660833;-81.25660833;0;No Special Jurisdiction;9;Pedalcyclist;0;The First Harmful Event was Not a Collision with a Motor Vehicle in Transport;0;No;3;Intersection-Related;3;T-Intersection;0;None;1;On Roadway;2;Dark - Not Lighted;1;Clear;0;No Additional Atmospheric Conditions;1;Clear;0;No;0;Not Applicable;99;Unknown;99;Unknown;99;Unknown EMS Scene Arrival Hour;99;Unknown EMS Scene Arrival Minutes;99;Unknown;99;Unknown EMS Hospital Arrival Time;0;None;0;None;0;None;1;0
12;Florida;122446;2;2;0;0;4;4;0;9;BREVARD (9);1990;MELBOURNE;28;28;10;October;2019;2;Monday;12;12:00pm-12:59pm;20;20;0;This section IS NOT on the NHS;6;Local Street - Municipality;EBER BLVD;BAYBERRY DR;2;Urban;7;Local;98;Not Reported;99998;Not Reported;28.04962222;28.04962222;-80.63219722;-80.63219722;0;No Special Jurisdiction;12;Motor Vehicle In-Transport;6;Angle;0;No;3;Intersection-Related;3;T-Intersection;0;None;1;On Roadway;1;Daylight;1;Clear;0;No Additional Atmospheric Conditions;1;Clear;0;No;0;Not Applicable;99;Unknown;99;Unknown;99;Unknown EMS Scene Arrival Hour;99;Unknown EMS Scene Arrival Minutes;99;Unknown;99;Unknown EMS Hospital Arrival Time;0;None;0;None;0;None;1;0
12;Florida;122467;4;4;0;0;6;6;0;117;SEMINOLE (117);0;NOT APPLICABLE;27;27;10;October;2019;1;Sunday;19;7:00pm-7:59pm;17;17;0;This section IS NOT on the NHS;4;County Road;CR-13;SNOW QUEEN DR;2;Urban;4;Minor Arterial;2;County Highway Agency;99998;Not Reported;28.65933889;28.65933889;-81.11368889;-81.11368889;0;No Special Jurisdiction;12;Motor Vehicle In-Transport;6;Angle;0;No;2;Intersection;3;T-Intersection;0;None;1;On Roadway;2;Dark - Not Lighted;1;Clear;0;No Additional Atmospheric Conditions;1;Clear;0;No;0;Not Applicable;99;Unknown;99;Unknown;99;Unknown EMS Scene Arrival Hour;99;Unknown EMS Scene Arrival Minutes;99;Unknown;99;Unknown EMS Hospital Arrival Time;14;Motor Vehicle struck by falling cargo,or something that came loose from or something that was set in motion by a vehicle;0;None;0;None;1;1
12;Florida;122469;2;2;0;0;2;2;0;5;BAY (5);2451;PANAMA CITY BEACH;30;30;10;October;2019;4;Wednesday;9;9:00am-9:59am;45;45;1;This section IS ON the NHS;2;U.S. Highway;US-98;WILD HERON WAY;2;Urban;3;Principal Arterial - Other;1;State Highway Agency;99998;Not Reported;30.26143611;30.26143611;-85.95591389;-85.95591389;0;No Special Jurisdiction;12;Motor Vehicle In-Transport;6;Angle;0;No;3;Intersection-Related;3;T-Intersection;0;None;1;On Roadway;1;Daylight;2;Rain;0;No Additional Atmospheric Conditions;2;Rain;0;No;0;Not Applicable;99;Unknown;99;Unknown;99;Unknown EMS Scene Arrival Hour;99;Unknown EMS Scene Arrival Minutes;99;Unknown;99;Unknown EMS Hospital Arrival Time;0;None;0;None;0;None;1;0
12;Florida;122471;3;3;0;0;4;4;0;83;MARION (83);0;NOT APPLICABLE;2;2;11;November;2019;7;Saturday;0;0:00am-0:59am;15;15;0;This section IS NOT on the NHS;4;County Road;CR-42;102ND CT RD;2;Urban;4;Minor Arterial;2;County Highway Agency;99998;Not Reported;28.98155;28.98155;-81.98335;-81.98335;0;No Special Jurisdiction;12;Motor Vehicle In-Transport;1;Front-to-Rear;0;No;3;Intersection-Related;3;T-Intersection;0;None;1;On Roadway;2;Dark - Not Lighted;1;Clear;0;No Additional Atmospheric Conditions;1;Clear;0;No;0;Not Applicable;99;Unknown;99;Unknown;99;Unknown EMS Scene Arrival Hour;99;Unknown EMS Scene Arrival Minutes;88;Not Applicable (Not Transported);88;Not Applicable (Not Transported);14;Motor Vehicle struck by falling cargo,or something that came loose from or something that was set in motion by a vehicle;0;None;0;None;1;0
12;Florida;122478;1;1;0;0;2;2;0;86;MIAMI-DADE (86);0;NOT APPLICABLE;28;28;10;October;2019;2;Monday;23;11:00pm-11:59pm;18;18;0;This section IS NOT on the NHS;6;Local Street - Municipality;107TH AVE;185TH TERR;2;Urban;4;Minor Arterial;98;Not Reported;99998;Not Reported;25.59703611;25.59703611;-80.36448333;-80.36448333;0;No Special Jurisdiction;42;Tree (Standing Only);0;The First Harmful Event was Not a Collision with a Motor Vehicle in Transport;0;No;3;Intersection-Related;3;T-Intersection;0;None;4;On Roadside;3;Dark - Lighted;1;Clear;0;No Additional Atmospheric Conditions;1;Clear;0;No;0;Not Applicable;99;Unknown;99;Unknown;99;Unknown EMS Scene Arrival Hour;99;Unknown EMS Scene Arrival Minutes;88;Not Applicable (Not Transported);88;Not Applicable (Not Transported);0;None;0;None;0;None;2;0
12;Florida;122491;2;2;0;0;3;3;0;105;POLK (105);1690;LAKELAND;3;3;11;November;2019;1;Sunday;19;7:00pm-7:59pm;38;38;0;This section IS NOT on the NHS;6;Local Street - Municipality;E GARY RD;INTERLACHEN PKWY;2;Urban;5;Major Collector;98;Not Reported;99998;Not Reported;28.049425;28.049425;-81.93289444;-81.93289444;0;No Special Jurisdiction;12;Motor Vehicle In-Transport;6;Angle;0;No;2;Intersection;3;T-Intersection;0;None;1;On Roadway;3;Dark - Lighted;1;Clear;0;No Additional Atmospheric Conditions;1;Clear;0;No;0;Not Applicable;99;Unknown;99;Unknown;99;Unknown EMS Scene Arrival Hour;99;Unknown EMS Scene Arrival Minutes;88;Not Applicable (Not Transported);88;Not Applicable (Not Transported);0;None;0;None;0;None;2;2
12;Florida;122492;2;2;0;0;3;3;0;113;SANTA ROSA (113);1245;GULF BREEZE;28;28;9;September;2019;7;Saturday;12;12:00pm-12:59pm;13;13;1;This section IS ON the NHS;2;U.S. Highway;US-98;10 BLK ST. FRANCIS DR;2;Urban;3;Principal Arterial - Other;1;State Highway Agency;99998;Not Reported;30.3578;30.3578;-87.16003056;-87.16003056;0;No Special Jurisdiction;12;Motor Vehicle In-Transport;6;Angle;1;Yes;2;Intersection;3;T-Intersection;0;None;1;On Roadway;1;Daylight;1;Clear;0;No Additional Atmospheric Conditions;1;Clear;0;No;0;Not Applicable;99;Unknown;99;Unknown;99;Unknown EMS Scene Arrival Hour;99;Unknown EMS Scene Arrival Minutes;99;Unknown;99;Unknown EMS Hospital Arrival Time;0;None;0;None;0;None;1;0
12;Florida;122500;2;2;0;0;2;2;0;73;LEON (73);2940;TALLAHASSEE;4;4;11;November;2019;2;Monday;13;1:00pm-1:59pm;6;6;0;This section IS NOT on the NHS;3;State Highway;SR-371 W ORANGE AVE;W PAUL DIRAC DR;2;Urban;4;Minor Arterial;1;State Highway Agency;99998;Not Reported;30.41259722;30.41259722;-84.32875;-84.32875;0;No Special Jurisdiction;12;Motor Vehicle In-Transport;6;Angle;0;No;2;Intersection;3;T-Intersection;0;None;1;On Roadway;1;Daylight;1;Clear;0;No Additional Atmospheric Conditions;1;Clear;0;No;0;Not Applicable;99;Unknown;99;Unknown;99;Unknown EMS Scene Arrival Hour;99;Unknown EMS Scene Arrival Minutes;88;Not Applicable (Not Transported);88;Not Applicable (Not Transported);0;None;0;None;0;None;1;0
12;Florida;122527;1;1;0;1;1;1;1;71;LEE (71);0;NOT APPLICABLE;31;31;10;October;2019;5;Thursday;21;9:00pm-9:59pm;50;50;0;This section IS NOT on the NHS;9;Unknown;BUCKINGHAM RD;CORAL VINE LN;2;Urban;4;Minor Arterial;2;County Highway Agency;99998;Not Reported;26.70541111;26.70541111;-81.7232;-81.7232;0;No Special Jurisdiction;8;Pedestrian;0;The First Harmful Event was Not a Collision with a Motor Vehicle in Transport;0;No;3;Intersection-Related;3;T-Intersection;0;None;1;On Roadway;3;Dark - Lighted;1;Clear;0;No Additional Atmospheric Conditions;1;Clear;0;No;0;Not Applicable;99;Unknown;99;Unknown;99;Unknown EMS Scene Arrival Hour;99;Unknown EMS Scene Arrival Minutes;88;Not Applicable (Not Transported);88;Not Applicable (Not Transported);0;None;0;None;0;None;1;0
12;Florida;122528;3;3;0;0;4;4;0;101;PASCO (101);0;NOT APPLICABLE;24;24;10;October;2019;5;Thursday;18;6:00pm-6:59pm;57;57;1;This section IS ON the NHS;3;State Highway;SR-54;FOGGY RIDGE PARKWAY;2;Urban;3;Principal Arterial - Other;1;State Highway Agency;99998;Not Reported;28.18608056;28.18608056;-82.41750833;-82.41750833;0;No Special Jurisdiction;12;Motor Vehicle In-Transport;6;Angle;1;Yes;2;Intersection;3;T-Intersection;0;None;1;On Roadway;1;Daylight;1;Clear;0;No Additional Atmospheric Conditions;1;Clear;0;No;0;Not Applicable;99;Unknown;99;Unknown;99;Unknown EMS Scene Arrival Hour;99;Unknown EMS Scene Arrival Minutes;88;Not Applicable (Not Transported);88;Not Applicable (Not Transported);14;Motor Vehicle struck by falling cargo,or something that came loose from or something that was set in motion by a vehicle;0;None;0;None;1;0
12;Florida;122534;1;1;0;0;2;2;0;107;PUTNAM (107);0;NOT APPLICABLE;1;1;11;November;2019;6;Friday;6;6:00am-6:59am;0;0;0;This section IS NOT on the NHS;9;Unknown;PALMETTO BLUFF RD;WEST RIVER RD;1;Rural;6;Minor Collector;98;Not Reported;99998;Not Reported;29.77108889;29.77108889;-81.57926111;-81.57926111;0;No Special Jurisdiction;42;Tree (Standing Only);0;The First Harmful Event was Not a Collision with a Motor Vehicle in Transport;0;No;3;Intersection-Related;3;T-Intersection;0;None;4;On Roadside;4;Dawn;1;Clear;0;No Additional Atmospheric Conditions;1;Clear;0;No;0;Not Applicable;99;Unknown;99;Unknown;99;Unknown EMS Scene Arrival Hour;99;Unknown EMS Scene Arrival Minutes;99;Unknown;99;Unknown EMS Hospital Arrival Time;0;None;0;None;0;None;1;0
12;Florida;122561;1;1;0;1;1;1;1;71;LEE (71);1070;FORT MYERS;18;18;9;September;2019;4;Wednesday;18;6:00pm-6:59pm;7;7;1;This section IS ON the NHS;4;County Road;CR-884 COLONIAL BLVD;SR-82;2;Urban;3;Principal Arterial - Other;1;State Highway Agency;81;81;26.61865278;26.61865278;-81.76808611;-81.76808611;0;No Special Jurisdiction;8;Pedestrian;0;The First Harmful Event was Not a Collision with a Motor Vehicle in Transport;0;No;3;Intersection-Related;3;T-Intersection;0;None;1;On Roadway;1;Daylight;1;Clear;0;No Additional Atmospheric Conditions;1;Clear;0;No;0;Not Applicable;99;Unknown;99;Unknown;99;Unknown EMS Scene Arrival Hour;99;Unknown EMS Scene Arrival Minutes;99;Unknown;99;Unknown EMS Hospital Arrival Time;0;None;0;None;0;None;1;0
12;Florida;122569;2;2;0;0;3;3;0;57;HILLSBOROUGH (57);0;NOT APPLICABLE;4;4;11;November;2019;2;Monday;13;1:00pm-1:59pm;31;31;1;This section IS ON the NHS;3;State Highway;SR-580;KIRBY ST;2;Urban;3;Principal Arterial - Other;1;State Highway Agency;99998;Not Reported;28.01813889;28.01813889;-82.50498889;-82.50498889;0;No Special Jurisdiction;12;Motor Vehicle In-Transport;6;Angle;0;No;3;Intersection-Related;3;T-Intersection;0;None;1;On Roadway;1;Daylight;10;Cloudy;0;No Additional Atmospheric Conditions;10;Cloudy;0;No;0;Not Applicable;99;Unknown;99;Unknown;99;Unknown EMS Scene Arrival Hour;99;Unknown EMS Scene Arrival Minutes;99;Unknown;99;Unknown EMS Hospital Arrival Time;0;None;0;None;0;None;1;0
12;Florida;122578;3;3;0;0;4;4;0;57;HILLSBOROUGH (57);0;NOT APPLICABLE;2;2;11;November;2019;7;Saturday;18;6:00pm-6:59pm;55;55;0;This section IS NOT on the NHS;9;Unknown;HOLLOWAY RD;MUD LAKE RD;1;Rural;7;Local;98;Not Reported;99998;Not Reported;27.95223333;27.95223333;-82.14773889;-82.14773889;0;No Special Jurisdiction;12;Motor Vehicle In-Transport;6;Angle;0;No;2;Intersection;3;T-Intersection;0;None;1;On Roadway;2;Dark - Not Lighted;1;Clear;0;No Additional Atmospheric Conditions;1;Clear;0;No;0;Not Applicable;99;Unknown;99;Unknown;99;Unknown EMS Scene Arrival Hour;99;Unknown EMS Scene Arrival Minutes;99;Unknown;99;Unknown EMS Hospital Arrival Time;0;None;0;None;0;None;1;1
12;Florida;122579;2;2;0;0;2;2;0;21;COLLIER (21);0;NOT APPLICABLE;3;3;11;November;2019;1;Sunday;20;8:00pm-8:59pm;0;0;1;This section IS ON the NHS;2;U.S. Highway;US-41;ENTRANCE STREET;2;Urban;3;Principal Arterial - Other;1;State Highway Agency;99998;Not Reported;26.09028889;26.09028889;-81.73243889;-81.73243889;0;No Special Jurisdiction;12;Motor Vehicle In-Transport;1;Front-to-Rear;0;No;2;Intersection;3;T-Intersection;0;None;1;On Roadway;3;Dark - Lighted;1;Clear;0;No Additional Atmospheric Conditions;1;Clear;0;No;0;Not Applicable;99;Unknown;99;Unknown;99;Unknown EMS Scene Arrival Hour;99;Unknown EMS Scene Arrival Minutes;99;Unknown;99;Unknown EMS Hospital Arrival Time;0;None;0;None;0;None;1;2
12;Florida;122582;2;1;1;0;1;1;0;86;MIAMI-DADE (86);844;DORAL;30;30;3;March;2019;7;Saturday;3;3:00am-3:59am;37;37;0;This section IS NOT on the NHS;6;Local Street - Municipality;102ND AVE;NW 66TH ST;2;Urban;7;Local;4;City or Municipal Highway Agency;0;None;25.83339444;25.83339444;-80.36211667;-80.36211667;0;No Special Jurisdiction;18;Other Object (not fixed);0;The First Harmful Event was Not a Collision with a Motor Vehicle in Transport;0;No;3;Intersection-Related;3;T-Intersection;1;Construction;4;On Roadside;3;Dark - Lighted;1;Clear;0;No Additional Atmospheric Conditions;1;Clear;0;No;0;Not Applicable;99;Unknown;99;Unknown;99;Unknown EMS Scene Arrival Hour;99;Unknown EMS Scene Arrival Minutes;88;Not Applicable (Not Transported);88;Not Applicable (Not Transported);0;None;0;None;0;None;1;0
12;Florida;122586;1;1;0;1;1;1;1;11;BROWARD (11);2570;POMPANO BEACH;5;5;9;September;2019;5;Thursday;10;10:00am-10:59am;15;15;0;This section IS NOT on the NHS;9;Unknown;S CYPRESS RD;SW 5TH CT;2;Urban;5;Major Collector;4;City or Municipal Highway Agency;99998;Not Reported;26.22311389;26.22311389;-80.123275;-80.123275;0;No Special Jurisdiction;9;Pedalcyclist;0;The First Harmful Event was Not a Collision with a Motor Vehicle in Transport;0;No;2;Intersection;3;T-Intersection;0;None;1;On Roadway;1;Daylight;1;Clear;0;No Additional Atmospheric Conditions;1;Clear;0;No;0;Not Applicable;99;Unknown;99;Unknown;99;Unknown EMS Scene Arrival Hour;99;Unknown EMS Scene Arrival Minutes;99;Unknown;99;Unknown EMS Hospital Arrival Time;0;None;0;None;0;None;1;0
12;Florida;122591;1;1;0;1;1;1;1;11;BROWARD (11);1050;FORT LAUDERDALE;11;11;10;October;2019;6;Friday;20;8:00pm-8:59pm;10;10;1;This section IS ON the NHS;2;U.S. Highway;US-1 SR-5;19TH ST;2;Urban;3;Principal Arterial - Other;1;State Highway Agency;99998;Not Reported;26.09748333;26.09748333;-80.13676111;-80.13676111;0;No Special Jurisdiction;8;Pedestrian;0;The First Harmful Event was Not a Collision with a Motor Vehicle in Transport;0;No;3;Intersection-Related;3;T-Intersection;0;None;1;On Roadway;3;Dark - Lighted;1;Clear;0;No Additional Atmospheric Conditions;1;Clear;0;No;0;Not Applicable;99;Unknown;99;Unknown;99;Unknown EMS Scene Arrival Hour;99;Unknown EMS Scene Arrival Minutes;99;Unknown;99;Unknown EMS Hospital Arrival Time;0;None;0;None;0;None;1;0
12;Florida;122609;2;2;0;0;2;2;0;83;MARION (83);0;NOT APPLICABLE;8;8;11;November;2019;6;Friday;19;7:00pm-7:59pm;25;25;1;This section IS ON the NHS;2;U.S. Highway;US-441;NW 140 ST;1;Rural;3;Principal Arterial - Other;1;State Highway Agency;99998;Not Reported;29.34716111;29.34716111;-82.15665;-82.15665;0;No Special Jurisdiction;12;Motor Vehicle In-Transport;6;Angle;0;No;2;Intersection;3;T-Intersection;0;None;1;On Roadway;2;Dark - Not Lighted;2;Rain;0;No Additional Atmospheric Conditions;2;Rain;0;No;0;Not Applicable;99;Unknown;99;Unknown;99;Unknown EMS Scene Arrival Hour;99;Unknown EMS Scene Arrival Minutes;88;Not Applicable (Not Transported);88;Not Applicable (Not Transported);0;None;0;None;0;None;1;0
12;Florida;122610;2;2;0;0;2;2;0;57;HILLSBOROUGH (57);0;NOT APPLICABLE;7;7;11;November;2019;5;Thursday;18;6:00pm-6:59pm;10;10;1;This section IS ON the NHS;2;U.S. Highway;US-41;FLAMINGO DR;2;Urban;3;Principal Arterial - Other;1;State Highway Agency;99998;Not Reported;27.76469444;27.76469444;-82.39475278;-82.39475278;0;No Special Jurisdiction;12;Motor Vehicle In-Transport;6;Angle;0;No;2;Intersection;3;T-Intersection;0;None;1;On Roadway;5;Dusk;1;Clear;0;No Additional Atmospheric Conditions;1;Clear;0;No;0;Not Applicable;99;Unknown;99;Unknown;99;Unknown EMS Scene Arrival Hour;99;Unknown EMS Scene Arrival Minutes;99;Unknown;99;Unknown EMS Hospital Arrival Time;0;None;0;None;0;None;1;0
12;Florida;122615;2;2;0;0;2;2;0;35;FLAGLER (35);0;NOT APPLICABLE;14;14;11;November;2019;5;Thursday;20;8:00pm-8:59pm;9;9;1;This section IS ON the NHS;2;U.S. Highway;US-1;EAGLE ROCK RD;2;Urban;3;Principal Arterial - Other;1;State Highway Agency;99998;Not Reported;29.35931111;29.35931111;-81.16266944;-81.16266944;0;No Special Jurisdiction;12;Motor Vehicle In-Transport;6;Angle;0;No;2;Intersection;3;T-Intersection;0;None;1;On Roadway;2;Dark - Not Lighted;2;Rain;0;No Additional Atmospheric Conditions;2;Rain;0;No;0;Not Applicable;99;Unknown;99;Unknown;99;Unknown EMS Scene Arrival Hour;99;Unknown EMS Scene Arrival Minutes;88;Not Applicable (Not Transported);88;Not Applicable (Not Transported);0;None;0;None;0;None;1;1
12;Florida;122631;1;1;0;1;2;2;1;101;PASCO (101);0;NOT APPLICABLE;20;20;10;October;2019;1;Sunday;14;2:00pm-2:59pm;27;27;1;This section IS ON the NHS;2;U.S. Highway;US-301;VINSON AVE;2;Urban;3;Principal Arterial - Other;1;State Highway Agency;99998;Not Reported;28.22047222;28.22047222;-82.17995833;-82.17995833;0;No Special Jurisdiction;9;Pedalcyclist;0;The First Harmful Event was Not a Collision with a Motor Vehicle in Transport;0;No;3;Intersection-Related;3;T-Intersection;0;None;1;On Roadway;1;Daylight;1;Clear;0;No Additional Atmospheric Conditions;1;Clear;0;No;0;Not Applicable;14;2:00pm-2:59pm;27;27;14;2:00pm-2:59pm;33;33;99;Unknown;99;Unknown EMS Hospital Arrival Time;0;None;0;None;0;None;1;0
12;Florida;122632;2;2;0;0;2;2;0;97;OSCEOLA (97);0;NOT APPLICABLE;10;10;11;November;2019;1;Sunday;9;9:00am-9:59am;55;55;0;This section IS NOT on the NHS;6;Local Street - Municipality;PLEASANT HILL RD;2100 PLEASNAT HILL RD;2;Urban;4;Minor Arterial;98;Not Reported;99998;Not Reported;28.24231667;28.24231667;-81.43613889;-81.43613889;0;No Special Jurisdiction;12;Motor Vehicle In-Transport;6;Angle;0;No;2;Intersection;3;T-Intersection;0;None;1;On Roadway;1;Daylight;1;Clear;0;No Additional Atmospheric Conditions;1;Clear;0;No;0;Not Applicable;99;Unknown;99;Unknown;99;Unknown EMS Scene Arrival Hour;99;Unknown EMS Scene Arrival Minutes;99;Unknown;99;Unknown EMS Hospital Arrival Time;0;None;0;None;0;None;1;1
12;Florida;122633;1;1;0;0;3;3;0;71;LEE (71);0;NOT APPLICABLE;18;18;11;November;2019;2;Monday;20;8:00pm-8:59pm;42;42;0;This section IS NOT on the NHS;8;Other;TREASURE LN;JOSE GASPAR DR;1;Rural;7;Local;98;Not Reported;99998;Not Reported;26.76227222;26.76227222;-82.25640833;-82.25640833;0;No Special Jurisdiction;5;Fell/Jumped from Vehicle;0;The First Harmful Event was Not a Collision with a Motor Vehicle in Transport;0;No;3;Intersection-Related;3;T-Intersection;0;None;1;On Roadway;2;Dark - Not Lighted;1;Clear;0;No Additional Atmospheric Conditions;1;Clear;0;No;0;Not Applicable;99;Unknown;99;Unknown;99;Unknown EMS Scene Arrival Hour;99;Unknown EMS Scene Arrival Minutes;99;Unknown;99;Unknown EMS Hospital Arrival Time;0;None;0;None;0;None;1;1
12;Florida;122638;2;2;0;0;2;2;0;15;CHARLOTTE (15);0;NOT APPLICABLE;11;11;11;November;2019;2;Monday;12;12:00pm-12:59pm;21;21;0;This section IS NOT on the NHS;3;State Highway;SR-776;HAVARD RD;2;Urban;4;Minor Arterial;1;State Highway Agency;99998;Not Reported;26.98161667;26.98161667;-82.20719722;-82.20719722;0;No Special Jurisdiction;12;Motor Vehicle In-Transport;6;Angle;0;No;2;Intersection;3;T-Intersection;0;None;1;On Roadway;1;Daylight;1;Clear;0;No Additional Atmospheric Conditions;1;Clear;0;No;0;Not Applicable;99;Unknown;99;Unknown;99;Unknown EMS Scene Arrival Hour;99;Unknown EMS Scene Arrival Minutes;88;Not Applicable (Not Transported);88;Not Applicable (Not Transported);0;None;0;None;0;None;1;1
12;Florida;122653;1;1;0;0;1;1;0;11;BROWARD (11);760;DANIA BEACH;16;16;11;November;2019;7;Saturday;5;5:00am-5:59am;50;50;0;This section IS NOT on the NHS;3;State Highway;SR-822;DIXIE HWY;2;Urban;4;Minor Arterial;1;State Highway Agency;99998;Not Reported;26.03353889;26.03353889;-80.14985833;-80.14985833;0;No Special Jurisdiction;46;Traffic Signal Support;0;The First Harmful Event was Not a Collision with a Motor Vehicle in Transport;0;No;3;Intersection-Related;3;T-Intersection;0;None;4;On Roadside;3;Dark - Lighted;10;Cloudy;0;No Additional Atmospheric Conditions;10;Cloudy;0;No;0;Not Applicable;99;Unknown;99;Unknown;99;Unknown EMS Scene Arrival Hour;99;Unknown EMS Scene Arrival Minutes;99;Unknown;99;Unknown EMS Hospital Arrival Time;0;None;0;None;0;None;1;0
12;Florida;122661;2;2;0;0;3;3;0;61;INDIAN RIVER (61);3070;VERO BEACH;22;22;11;November;2019;6;Friday;9;9:00am-9:59am;12;12;1;This section IS ON the NHS;3;State Highway;SR-60;INDIAN RIVER BLVD;2;Urban;3;Principal Arterial - Other;1;State Highway Agency;99998;Not Reported;27.63424722;27.63424722;-80.37951667;-80.37951667;0;No Special Jurisdiction;12;Motor Vehicle In-Transport;6;Angle;0;No;2;Intersection;3;T-Intersection;0;None;1;On Roadway;1;Daylight;1;Clear;0;No Additional Atmospheric Conditions;1;Clear;0;No;0;Not Applicable;99;Unknown;99;Unknown;99;Unknown EMS Scene Arrival Hour;99;Unknown EMS Scene Arrival Minutes;99;Unknown;99;Unknown EMS Hospital Arrival Time;0;None;0;None;0;None;1;1