STATE;STATENAME;ST_CASE;VE_TOTAL;VE_FORMS;PVH_INVL;PEDS;PERSONS;PERMVIT;PERNOTMVIT;COUNTY;COUNTYNAME;CITY;CITYNAME;DAY;DAYNAME;MONTH;MONTHNAME;YEAR;DAY_WEEK;DAY_WEEKNAME;HOUR;HOURNAME;MINUTE;MINUTENAME;NHS;NHSNAME;ROUTE;ROUTENAME;TWAY_ID;TWAY_ID2;RUR_URB;RUR_URBNAME;FUNC_SYS;FUNC_SYSNAME;RD_OWNER;RD_OWNERNAME;MILEPT;MILEPTNAME;LATITUDE;LATITUDENAME;LONGITUD;LONGITUDNAME;SP_JUR;SP_JURNAME;HARM_EV;HARM_EVNAME;MAN_COLL;MAN_COLLNAME;RELJCT1;RELJCT1NAME;RELJCT2;RELJCT2NAME;TYP_INT;TYP_INTNAME;WRK_ZONE;WRK_ZONENAME;REL_ROAD;REL_ROADNAME;LGT_COND;LGT_CONDNAME;WEATHER1;WEATHER1NAME;WEATHER2;WEATHER2NAME;WEATHER;WEATHERNAME;SCH_BUS;SCH_BUSNAME;RAIL;RAILNAME;NOT_HOUR;NOT_HOURNAME;NOT_MIN;NOT_MINNAME;ARR_HOUR;ARR_HOURNAME;ARR_MIN;ARR_MINNAME;HOSP_HR;HOSP_HRNAME;HOSP_MN;HOSP_MNNAME;CF1;CF1NAME;CF2;CF2NAME;CF3;CF3NAME;FATALS;DRUNK_DR
12;Florida;122682;1;1;0;1;1;1;1;33;ESCAMBIA (33);0;NOT APPLICABLE;21;21;11;November;2019;5;Thursday;18;6:00pm-6:59pm;23;23;0;This section IS NOT on the NHS;4;County Road;CR-95A;VAN PELT LN;2;Urban;5;Major Collector;2;County Highway Agency;99998;Not Reported;30.47261111;30.47261111;-87.24446944;-87.24446944;0;No Special Jurisdiction;15;Non-Motorist on Personal Conveyance;0;The First Harmful Event was Not a Collision with a Motor Vehicle in Transport;0;No;3;Intersection-Related;3;T-Intersection;0;None;1;On Roadway;2;Dark - Not Lighted;1;Clear;0;No Additional Atmospheric Conditions;1;Clear;0;No;0;Not Applicable;99;Unknown;99;Unknown;99;Unknown EMS Scene Arrival Hour;99;Unknown EMS Scene Arrival Minutes;99;Unknown;99;Unknown EMS Hospital Arrival Time;0;None;0;None;0;None;1;0
12;Florida;122695;2;2;0;0;2;2;0;127;VOLUSIA (127);810;DELAND;17;17;11;November;2019;1;Sunday;13;1:00pm-1:59pm;49;49;0;This section IS NOT on the NHS;3;State Highway;SR-15A;W PLYMOUTH AV;2;Urban;3;Principal Arterial - Other;1;State Highway Agency;99998;Not Reported;29.04254722;29.04254722;-81.32459167;-81.32459167;0;No Special Jurisdiction;12;Motor Vehicle In-Transport;2;Front-to-Front;0;No;3;Intersection-Related;3;T-Intersection;0;None;1;On Roadway;1;Daylight;10;Cloudy;0;No Additional Atmospheric Conditions;10;Cloudy;0;No;0;Not Applicable;99;Unknown;99;Unknown;99;Unknown EMS Scene Arrival Hour;99;Unknown EMS Scene Arrival Minutes;99;Unknown;99;Unknown EMS Hospital Arrival Time;0;None;0;None;0;None;2;0
12;Florida;122705;2;2;0;0;3;3;0;9;BREVARD (9);630;COCOA BEACH;23;23;11;November;2019;7;Saturday;21;9:00pm-9:59pm;45;45;1;This section IS ON the NHS;3;State Highway;SR-A1A;BAHAMA BLVD;2;Urban;3;Principal Arterial - Other;1;State Highway Agency;99998;Not Reported;28.33801944;28.33801944;-80.61033333;-80.61033333;0;No Special Jurisdiction;12;Motor Vehicle In-Transport;6;Angle;0;No;2;Intersection;3;T-Intersection;0;None;1;On Roadway;6;Dark - Unknown Lighting;1;Clear;0;No Additional Atmospheric Conditions;1;Clear;0;No;0;Not Applicable;99;Unknown;99;Unknown;99;Unknown EMS Scene Arrival Hour;99;Unknown EMS Scene Arrival Minutes;99;Unknown;99;Unknown EMS Hospital Arrival Time;0;None;0;None;0;None;2;0
12;Florida;122714;1;1;0;1;1;1;1;95;ORANGE (95);2360;ORLANDO;25;25;11;November;2019;2;Monday;5;5:00am-5:59am;55;55;0;This section IS NOT on the NHS;6;Local Street - Municipality;MERCY DR;EL REY RD;2;Urban;7;Local;2;County Highway Agency;99998;Not Reported;28.55459444;28.55459444;-81.43045;-81.43045;0;No Special Jurisdiction;8;Pedestrian;0;The First Harmful Event was Not a Collision with a Motor Vehicle in Transport;0;No;3;Intersection-Related;3;T-Intersection;0;None;1;On Roadway;3;Dark - Lighted;1;Clear;0;No Additional Atmospheric Conditions;1;Clear;0;No;0;Not Applicable;99;Unknown;99;Unknown;99;Unknown EMS Scene Arrival Hour;99;Unknown EMS Scene Arrival Minutes;99;Unknown;99;Unknown EMS Hospital Arrival Time;0;None;0;None;0;None;1;0
12;Florida;122722;2;2;0;0;3;3;0;51;HENDRY (51);0;NOT APPLICABLE;13;13;11;November;2019;4;Wednesday;20;8:00pm-8:59pm;30;30;1;This section IS ON the NHS;2;U.S. Highway;US-27;FLAGHOLE RD;1;Rural;3;Principal Arterial - Other;1;State Highway Agency;99998;Not Reported;26.75351944;26.75351944;-81.0642;-81.0642;0;No Special Jurisdiction;12;Motor Vehicle In-Transport;6;Angle;0;No;2;Intersection;3;T-Intersection;0;None;1;On Roadway;3;Dark - Lighted;1;Clear;0;No Additional Atmospheric Conditions;1;Clear;0;No;0;Not Applicable;99;Unknown;99;Unknown;99;Unknown EMS Scene Arrival Hour;99;Unknown EMS Scene Arrival Minutes;88;Not Applicable (Not Transported);88;Not Applicable (Not Transported);0;None;0;None;0;None;1;0
12;Florida;122736;2;2;0;0;2;2;0;95;ORANGE (95);0;NOT APPLICABLE;6;6;11;November;2019;4;Wednesday;15;3:00pm-3:59pm;40;40;0;This section IS NOT on the NHS;6;Local Street - Municipality;SILVER STAR RD;RIO GRANDE AVENUE;2;Urban;4;Minor Arterial;98;Not Reported;99998;Not Reported;28.57801944;28.57801944;-81.40188889;-81.40188889;0;No Special Jurisdiction;12;Motor Vehicle In-Transport;6;Angle;0;No;3;Intersection-Related;3;T-Intersection;0;None;1;On Roadway;1;Daylight;1;Clear;0;No Additional Atmospheric Conditions;1;Clear;0;No;0;Not Applicable;99;Unknown;99;Unknown;99;Unknown EMS Scene Arrival Hour;99;Unknown EMS Scene Arrival Minutes;99;Unknown;99;Unknown EMS Hospital Arrival Time;0;None;0;None;0;None;1;0
12;Florida;122752;1;1;0;1;1;1;1;103;PINELLAS (103);0;NOT APPLICABLE;19;19;11;November;2019;3;Tuesday;10;10:00am-10:59am;9;9;1;This section IS ON the NHS;2;U.S. Highway;US-19;117TH DR;2;Urban;3;Principal Arterial - Other;1;State Highway Agency;99998;Not Reported;27.87915;27.87915;-82.78701944;-82.78701944;0;No Special Jurisdiction;9;Pedalcyclist;0;The First Harmful Event was Not a Collision with a Motor Vehicle in Transport;0;No;3;Intersection-Related;3;T-Intersection;0;None;1;On Roadway;1;Daylight;1;Clear;0;No Additional Atmospheric Conditions;1;Clear;0;No;0;Not Applicable;99;Unknown;99;Unknown;99;Unknown EMS Scene Arrival Hour;99;Unknown EMS Scene Arrival Minutes;99;Unknown;99;Unknown EMS Hospital Arrival Time;0;None;0;None;0;None;1;0
12;Florida;122757;1;1;0;0;1;1;0;123;TAYLOR (123);0;NOT APPLICABLE;24;24;11;November;2019;1;Sunday;10;10:00am-10:59am;30;30;0;This section IS NOT on the NHS;9;Unknown;SHILOH CHURCH ROAD;J J BLUE ROAD;1;Rural;7;Local;98;Not Reported;99998;Not Reported;30.17208889;30.17208889;-83.60826944;-83.60826944;0;No Special Jurisdiction;42;Tree (Standing Only);0;The First Harmful Event was Not a Collision with a Motor Vehicle in Transport;0;No;3;Intersection-Related;3;T-Intersection;0;None;4;On Roadside;1;Daylight;1;Clear;0;No Additional Atmospheric Conditions;1;Clear;0;No;0;Not Applicable;99;Unknown;99;Unknown;99;Unknown EMS Scene Arrival Hour;99;Unknown EMS Scene Arrival Minutes;88;Not Applicable (Not Transported);88;Not Applicable (Not Transported);0;None;0;None;0;None;1;0
12;Florida;122762;2;2;0;0;3;3;0;97;OSCEOLA (97);0;NOT APPLICABLE;27;27;11;November;2019;4;Wednesday;19;7:00pm-7:59pm;40;40;1;This section IS ON the NHS;2;U.S. Highway;US-192;OLD MELBOURNE HIGHWAY;2;Urban;3;Principal Arterial - Other;1;State Highway Agency;99998;Not Reported;28.22808889;28.22808889;-81.18373889;-81.18373889;0;No Special Jurisdiction;12;Motor Vehicle In-Transport;6;Angle;1;Yes;3;Intersection-Related;3;T-Intersection;0;None;1;On Roadway;2;Dark - Not Lighted;1;Clear;0;No Additional Atmospheric Conditions;1;Clear;0;No;0;Not Applicable;99;Unknown;99;Unknown;99;Unknown EMS Scene Arrival Hour;99;Unknown EMS Scene Arrival Minutes;99;Unknown;99;Unknown EMS Hospital Arrival Time;0;None;0;None;0;None;2;0
12;Florida;122764;2;1;1;0;1;1;0;105;POLK (105);0;NOT APPLICABLE;22;22;6;June;2019;7;Saturday;18;6:00pm-6:59pm;26;26;0;This section IS NOT on the NHS;3;State Highway;SR-659;JUNGLE ST;2;Urban;4;Minor Arterial;1;State Highway Agency;99998;Not Reported;28.05657222;28.05657222;-81.908025;-81.908025;0;No Special Jurisdiction;14;Parked Motor Vehicle;0;The First Harmful Event was Not a Collision with a Motor Vehicle in Transport;0;No;3;Intersection-Related;3;T-Intersection;0;None;5;Outside Trafficway;1;Daylight;1;Clear;0;No Additional Atmospheric Conditions;1;Clear;0;No;0;Not Applicable;99;Unknown;99;Unknown;99;Unknown EMS Scene Arrival Hour;99;Unknown EMS Scene Arrival Minutes;99;Unknown;99;Unknown EMS Hospital Arrival Time;0;None;0;None;0;None;1;1
12;Florida;122785;1;1;0;0;2;2;0;9;BREVARD (9);1990;MELBOURNE;14;14;11;November;2019;5;Thursday;14;2:00pm-2:59pm;35;35;1;This section IS ON the NHS;2;U.S. Highway;US-1;SARNO RD;2;Urban;3;Principal Arterial - Other;1;State Highway Agency;99998;Not Reported;28.12159722;28.12159722;-80.63091389;-80.63091389;0;No Special Jurisdiction;42;Tree (Standing Only);0;The First Harmful Event was Not a Collision with a Motor Vehicle in Transport;0;No;3;Intersection-Related;3;T-Intersection;0;None;4;On Roadside;1;Daylight;2;Rain;0;No Additional Atmospheric Conditions;2;Rain;0;No;0;Not Applicable;99;Unknown;99;Unknown;99;Unknown EMS Scene Arrival Hour;99;Unknown EMS Scene Arrival Minutes;99;Unknown;99;Unknown EMS Hospital Arrival Time;0;None;0;None;0;None;1;0
12;Florida;122786;2;2;0;0;2;2;0;31;DUVAL (31);1510;JACKSONVILLE;7;7;12;December;2019;7;Saturday;10;10:00am-10:59am;57;57;0;This section IS NOT on the NHS;6;Local Street - Municipality;OLD KINGS RD S;ARGENTINE DR. N.;2;Urban;5;Major Collector;98;Not Reported;99998;Not Reported;30.2378;30.2378;-81.60664167;-81.60664167;0;No Special Jurisdiction;12;Motor Vehicle In-Transport;6;Angle;0;No;2;Intersection;3;T-Intersection;0;None;1;On Roadway;1;Daylight;10;Cloudy;0;No Additional Atmospheric Conditions;10;Cloudy;0;No;0;Not Applicable;99;Unknown;99;Unknown;99;Unknown EMS Scene Arrival Hour;99;Unknown EMS Scene Arrival Minutes;99;Unknown;99;Unknown EMS Hospital Arrival Time;0;None;0;None;0;None;1;0
12;Florida;122797;2;2;0;0;2;2;0;9;BREVARD (9);0;NOT APPLICABLE;17;17;11;November;2019;1;Sunday;18;6:00pm-6:59pm;0;0;1;This section IS ON the NHS;2;U.S. Highway;US-1;RIVER PARK RD;2;Urban;3;Principal Arterial - Other;1;State Highway Agency;99998;Not Reported;28.49835;28.49835;-80.78106944;-80.78106944;0;No Special Jurisdiction;12;Motor Vehicle In-Transport;6;Angle;0;No;3;Intersection-Related;3;T-Intersection;0;None;1;On Roadway;2;Dark - Not Lighted;1;Clear;0;No Additional Atmospheric Conditions;1;Clear;0;No;0;Not Applicable;99;Unknown;99;Unknown;99;Unknown EMS Scene Arrival Hour;99;Unknown EMS Scene Arrival Minutes;99;Unknown;99;Unknown EMS Hospital Arrival Time;0;None;0;None;0;None;1;1
12;Florida;122798;1;1;0;0;2;2;0;9;BREVARD (9);0;NOT APPLICABLE;24;24;11;November;2019;1;Sunday;16;4:00pm-4:59pm;50;50;1;This section IS ON the NHS;2;U.S. Highway;US-1;MIRKWOOD ST;1;Rural;3;Principal Arterial - Other;1;State Highway Agency;99998;Not Reported;28.74555;28.74555;-80.86998889;-80.86998889;0;No Special Jurisdiction;1;Rollover/Overturn;0;The First Harmful Event was Not a Collision with a Motor Vehicle in Transport;0;No;3;Intersection-Related;3;T-Intersection;0;None;4;On Roadside;1;Daylight;1;Clear;0;No Additional Atmospheric Conditions;1;Clear;0;No;0;Not Applicable;99;Unknown;99;Unknown;99;Unknown EMS Scene Arrival Hour;99;Unknown EMS Scene Arrival Minutes;99;Unknown;99;Unknown EMS Hospital Arrival Time;0;None;0;None;0;None;2;0
12;Florida;122801;1;1;0;0;1;1;0;57;HILLSBOROUGH (57);0;NOT APPLICABLE;4;4;12;December;2019;4;Wednesday;19;7:00pm-7:59pm;32;32;0;This section IS NOT on the NHS;4;County Road;CR-589;GROSSE POINT BLVD;2;Urban;4;Minor Arterial;2;County Highway Agency;99998;Not Reported;28.03124722;28.03124722;-82.58311667;-82.58311667;0;No Special Jurisdiction;33;Curb;0;The First Harmful Event was Not a Collision with a Motor Vehicle in Transport;0;No;3;Intersection-Related;3;T-Intersection;0;None;4;On Roadside;3;Dark - Lighted;1;Clear;0;No Additional Atmospheric Conditions;1;Clear;0;No;0;Not Applicable;99;Unknown;99;Unknown;99;Unknown EMS Scene Arrival Hour;99;Unknown EMS Scene Arrival Minutes;88;Not Applicable (Not Transported);88;Not Applicable (Not Transported);0;None;0;None;0;None;1;1
12;Florida;122805;1;1;0;1;1;1;1;86;MIAMI-DADE (86);0;NOT APPLICABLE;20;20;11;November;2019;4;Wednesday;13;1:00pm-1:59pm;6;6;0;This section IS NOT on the NHS;6;Local Street - Municipality;SW 26TH ST;14630 SW 26TH ST;2;Urban;4;Minor Arterial;98;Not Reported;99998;Not Reported;25.74206111;25.74206111;-80.43093889;-80.43093889;0;No Special Jurisdiction;8;Pedestrian;0;The First Harmful Event was Not a Collision with a Motor Vehicle in Transport;0;No;3;Intersection-Related;3;T-Intersection;0;None;1;On Roadway;1;Daylight;1;Clear;0;No Additional Atmospheric Conditions;1;Clear;0;No;0;Not Applicable;99;Unknown;99;Unknown;99;Unknown EMS Scene Arrival Hour;99;Unknown EMS Scene Arrival Minutes;99;Unknown;99;Unknown EMS Hospital Arrival Time;0;None;0;None;0;None;1;0
12;Florida;122811;1;1;0;1;1;1;1;57;HILLSBOROUGH (57);0;NOT APPLICABLE;1;1;12;December;2019;1;Sunday;2;2:00am-2:59am;17;17;1;This section IS ON the NHS;2;U.S. Highway;US-41;E 120TH AVE;2;Urban;3;Principal Arterial - Other;1;State Highway Agency;99998;Not Reported;28.05683056;28.05683056;-82.45116111;-82.45116111;0;No Special Jurisdiction;8;Pedestrian;0;The First Harmful Event was Not a Collision with a Motor Vehicle in Transport;1;Yes;3;Intersection-Related;3;T-Intersection;0;None;1;On Roadway;3;Dark - Lighted;1;Clear;0;No Additional Atmospheric Conditions;1;Clear;0;No;0;Not Applicable;99;Unknown;99;Unknown;99;Unknown EMS Scene Arrival Hour;99;Unknown EMS Scene Arrival Minutes;99;Unknown;99;Unknown EMS Hospital Arrival Time;0;None;0;None;0;None;1;0
12;Florida;122827;2;2;0;0;2;2;0;69;LAKE (69);580;CLERMONT;8;8;12;December;2019;1;Sunday;9;9:00am-9:59am;21;21;0;This section IS NOT on the NHS;4;County Road;CR-561;BRUCE HUNT RD;2;Urban;4;Minor Arterial;2;County Highway Agency;99998;Not Reported;28.65956111;28.65956111;-81.74301111;-81.74301111;0;No Special Jurisdiction;12;Motor Vehicle In-Transport;2;Front-to-Front;1;Yes;2;Intersection;3;T-Intersection;0;None;1;On Roadway;1;Daylight;1;Clear;0;No Additional Atmospheric Conditions;1;Clear;0;No;0;Not Applicable;99;Unknown;99;Unknown;99;Unknown EMS Scene Arrival Hour;99;Unknown EMS Scene Arrival Minutes;88;Not Applicable (Not Transported);88;Not Applicable (Not Transported);0;None;0;None;0;None;1;0
12;Florida;122843;1;1;0;1;6;6;1;86;MIAMI-DADE (86);2010;MIAMI;8;8;12;December;2019;1;Sunday;18;6:00pm-6:59pm;49;49;0;This section IS NOT on the NHS;2;U.S. Highway;US-27;NW 36TH ST;2;Urban;4;Minor Arterial;1;State Highway Agency;99998;Not Reported;25.80943333;25.80943333;-80.23091389;-80.23091389;0;No Special Jurisdiction;8;Pedestrian;0;The First Harmful Event was Not a Collision with a Motor Vehicle in Transport;0;No;2;Intersection;3;T-Intersection;0;None;1;On Roadway;1;Daylight;1;Clear;0;No Additional Atmospheric Conditions;1;Clear;0;No;0;Not Applicable;99;Unknown;99;Unknown;99;Unknown EMS Scene Arrival Hour;99;Unknown EMS Scene Arrival Minutes;99;Unknown;99;Unknown EMS Hospital Arrival Time;0;None;0;None;0;None;1;0
12;Florida;122846;2;2;0;0;2;2;0;99;PALM BEACH (99);1560;JUPITER;21;21;6;June;2019;6;Friday;13;1:00pm-1:59pm;51;51;0;This section IS NOT on the NHS;3;State Highway;SR-811;BARROW ISLAND RD;2;Urban;3;Principal Arterial - Other;1;State Highway Agency;99998;Not Reported;26.92131667;26.92131667;-80.09368889;-80.09368889;0;No Special Jurisdiction;12;Motor Vehicle In-Transport;6;Angle;0;No;2;Intersection;3;T-Intersection;0;None;1;On Roadway;1;Daylight;1;Clear;0;No Additional Atmospheric Conditions;1;Clear;0;No;0;Not Applicable;99;Unknown;99;Unknown;99;Unknown EMS Scene Arrival Hour;99;Unknown EMS Scene Arrival Minutes;99;Unknown;99;Unknown EMS Hospital Arrival Time;0;None;0;None;0;None;1;0
12;Florida;122849;3;3;0;0;4;4;0;119;SUMTER (119);3230;WILDWOOD;7;7;11;November;2019;5;Thursday;17;5:00pm-5:59pm;20;20;1;This section IS ON the NHS;2;U.S. Highway;US-301;PEPPER TREE LN;2;Urban;3;Principal Arterial - Other;1;State Highway Agency;99998;Not Reported;28.89871944;28.89871944;-82.0363;-82.0363;0;No Special Jurisdiction;12;Motor Vehicle In-Transport;6;Angle;0;No;2;Intersection;3;T-Intersection;0;None;1;On Roadway;1;Daylight;1;Clear;0;No Additional Atmospheric Conditions;1;Clear;0;No;0;Not Applicable;99;Unknown;99;Unknown;99;Unknown EMS Scene Arrival Hour;99;Unknown EMS Scene Arrival Minutes;99;Unknown;99;Unknown EMS Hospital Arrival Time;0;None;0;None;0;None;1;0
12;Florida;122850;2;2;0;0;2;2;0;101;PASCO (101);750;DADE CITY;4;4;11;November;2019;2;Monday;10;10:00am-10:59am;30;30;1;This section IS ON the NHS;2;U.S. Highway;US-301;SHADOW DR;2;Urban;3;Principal Arterial - Other;1;State Highway Agency;99998;Not Reported;28.35271111;28.35271111;-82.18740556;-82.18740556;0;No Special Jurisdiction;12;Motor Vehicle In-Transport;6;Angle;0;No;3;Intersection-Related;3;T-Intersection;0;None;1;On Roadway;1;Daylight;1;Clear;0;No Additional Atmospheric Conditions;1;Clear;0;No;0;Not Applicable;99;Unknown;99;Unknown;99;Unknown EMS Scene Arrival Hour;99;Unknown EMS Scene Arrival Minutes;99;Unknown;99;Unknown EMS Hospital Arrival Time;0;None;0;None;0;None;1;0
12;Florida;122853;1;1;0;1;2;2;1;11;BROWARD (11);771;DAVIE;9;9;11;November;2019;7;Saturday;19;7:00pm-7:59pm;5;5;0;This section IS NOT on the NHS;9;Unknown;SW 61ST AVE;61ST AVE;2;Urban;7;Local;98;Not Reported;99998;Not Reported;26.07133056;26.07133056;-80.22823611;-80.22823611;0;No Special Jurisdiction;8;Pedestrian;0;The First Harmful Event was Not a Collision with a Motor Vehicle in Transport;0;No;3;Intersection-Related;3;T-Intersection;0;None;1;On Roadway;2;Dark - Not Lighted;2;Rain;0;No Additional Atmospheric Conditions;2;Rain;0;No;0;Not Applicable;99;Unknown;99;Unknown;99;Unknown EMS Scene Arrival Hour;99;Unknown EMS Scene Arrival Minutes;99;Unknown;99;Unknown EMS Hospital Arrival Time;0;None;0;None;0;None;1;0
12;Florida;122864;2;2;0;0;5;5;0;109;ST. JOHNS (109);2690;SAINT AUGUSTINE;1;1;12;December;2019;1;Sunday;13;1:00pm-1:59pm;20;20;1;This section IS ON the NHS;3;State Highway;SR-16;STRATTON RD;2;Urban;3;Principal Arterial - Other;1;State Highway Agency;99998;Not Reported;29.91578889;29.91578889;-81.37353889;-81.37353889;0;No Special Jurisdiction;12;Motor Vehicle In-Transport;6;Angle;0;No;2;Intersection;3;T-Intersection;0;None;1;On Roadway;1;Daylight;1;Clear;0;No Additional Atmospheric Conditions;1;Clear;0;No;0;Not Applicable;99;Unknown;99;Unknown;99;Unknown EMS Scene Arrival Hour;99;Unknown EMS Scene Arrival Minutes;99;Unknown;99;Unknown EMS Hospital Arrival Time;0;None;0;None;0;None;1;0
12;Florida;122871;1;1;0;1;1;1;1;117;SEMINOLE (117);0;NOT APPLICABLE;10;10;12;December;2019;3;Tuesday;20;8:00pm-8:59pm;18;18;1;This section IS ON the NHS;3;State Highway;SR-434;LAKE SHORE DR;2;Urban;3;Principal Arterial - Other;1;State Highway Agency;99998;Not Reported;28.68778056;28.68778056;-81.40658333;-81.40658333;0;No Special Jurisdiction;8;Pedestrian;0;The First Harmful Event was Not a Collision with a Motor Vehicle in Transport;0;No;2;Intersection;3;T-Intersection;0;None;1;On Roadway;2;Dark - Not Lighted;1;Clear;0;No Additional Atmospheric Conditions;1;Clear;0;No;0;Not Applicable;99;Unknown;99;Unknown;99;Unknown EMS Scene Arrival Hour;99;Unknown EMS Scene Arrival Minutes;99;Unknown;99;Unknown EMS Hospital Arrival Time;0;None;0;None;0;None;1;0
12;Florida;122872;2;2;0;0;2;2;0;71;LEE (71);312;BONITA SPRINGS;2;2;12;December;2019;2;Monday;17;5:00pm-5:59pm;52;52;0;This section IS NOT on the NHS;6;Local Street - Municipality;IMPERIAL PARKWAY;BONITA LAKES BOULEVARD;2;Urban;4;Minor Arterial;98;Not Reported;99998;Not Reported;26.3788;26.3788;-81.77321944;-81.77321944;0;No Special Jurisdiction;12;Motor Vehicle In-Transport;2;Front-to-Front;0;No;2;Intersection;3;T-Intersection;0;None;1;On Roadway;5;Dusk;1;Clear;0;No Additional Atmospheric Conditions;1;Clear;0;No;0;Not Applicable;99;Unknown;99;Unknown;99;Unknown EMS Scene Arrival Hour;99;Unknown EMS Scene Arrival Minutes;99;Unknown;99;Unknown EMS Hospital Arrival Time;0;None;0;None;0;None;1;0
12;Florida;122881;1;1;0;1;2;2;1;101;PASCO (101);0;NOT APPLICABLE;7;7;12;December;2019;7;Saturday;19;7:00pm-7:59pm;1;1;1;This section IS ON the NHS;3;State Highway;SR-597;BRINSON RD;2;Urban;3;Principal Arterial - Other;1;State Highway Agency;99998;Not Reported;28.18281944;28.18281944;-82.46796111;-82.46796111;0;No Special Jurisdiction;8;Pedestrian;0;The First Harmful Event was Not a Collision with a Motor Vehicle in Transport;1;Yes;3;Intersection-Related;3;T-Intersection;0;None;1;On Roadway;2;Dark - Not Lighted;1;Clear;0;No Additional Atmospheric Conditions;1;Clear;0;No;0;Not Applicable;18;6:00pm-6:59pm;56;56;19;7:00pm-7:59pm;1;1;99;Unknown;99;Unknown EMS Hospital Arrival Time;0;None;0;None;0;None;1;0
12;Florida;122885;2;2;0;0;2;2;0;86;MIAMI-DADE (86);1340;HIALEAH;12;12;12;December;2019;5;Thursday;17;5:00pm-5:59pm;54;54;1;This section IS ON the NHS;2;U.S. Highway;US-27;W 32ND PL;2;Urban;3;Principal Arterial - Other;1;State Highway Agency;99998;Not Reported;25.85091389;25.85091389;-80.31833611;-80.31833611;0;No Special Jurisdiction;12;Motor Vehicle In-Transport;2;Front-to-Front;0;No;2;Intersection;3;T-Intersection;0;None;1;On Roadway;5;Dusk;10;Cloudy;0;No Additional Atmospheric Conditions;10;Cloudy;0;No;0;Not Applicable;99;Unknown;99;Unknown;99;Unknown EMS Scene Arrival Hour;99;Unknown EMS Scene Arrival Minutes;88;Not Applicable (Not Transported);88;Not Applicable (Not Transported);0;None;0;None;0;None;1;0
12;Florida;122887;2;2;0;0;2;2;0;85;MARTIN (85);0;NOT APPLICABLE;25;25;11;November;2019;2;Monday;14;2:00pm-2:59pm;40;40;0;This section IS NOT on the NHS;3;State Highway;SR-76;SE COVE RD;2;Urban;3;Principal Arterial - Other;1;State Highway Agency;99998;Not Reported;27.11563889;27.11563889;-80.25443889;-80.25443889;0;No Special Jurisdiction;12;Motor Vehicle In-Transport;1;Front-to-Rear;0;No;2;Intersection;3;T-Intersection;0;None;1;On Roadway;1;Daylight;1;Clear;0;No Additional Atmospheric Conditions;1;Clear;0;No;0;Not Applicable;99;Unknown;99;Unknown;99;Unknown EMS Scene Arrival Hour;99;Unknown EMS Scene Arrival Minutes;99;Unknown;99;Unknown EMS Hospital Arrival Time;0;None;0;None;0;None;1;1
12;Florida;122895;4;4;0;0;5;5;0;11;BROWARD (11);760;DANIA BEACH;14;14;12;December;2019;7;Saturday;22;10:00pm-10:59pm;50;50;1;This section IS ON the NHS;3;State Highway;SR-818;30TH AVE;2;Urban;3;Principal Arterial - Other;1;State Highway Agency;99998;Not Reported;26.062325;26.062325;-80.18231389;-80.18231389;0;No Special Jurisdiction;12;Motor Vehicle In-Transport;6;Angle;0;No;2;Intersection;3;T-Intersection;0;None;1;On Roadway;3;Dark - Lighted;1;Clear;0;No Additional Atmospheric Conditions;1;Clear;0;No;0;Not Applicable;99;Unknown;99;Unknown;99;Unknown EMS Scene Arrival Hour;99;Unknown EMS Scene Arrival Minutes;99;Unknown;99;Unknown EMS Hospital Arrival Time;0;None;0;None;0;None;1;1
12;Florida;122897;2;2;0;0;3;3;0;91;OKALOOSA (91);0;NOT APPLICABLE;15;15;12;December;2019;1;Sunday;18;6:00pm-6:59pm;1;1;0;This section IS NOT on the NHS;2;U.S. Highway;US-90;WILKERSON BLUFF RD;1;Rural;4;Minor Arterial;1;State Highway Agency;99998;Not Reported;30.72158056;30.72158056;-86.67538889;-86.67538889;0;No Special Jurisdiction;12;Motor Vehicle In-Transport;6;Angle;1;Yes;2;Intersection;3;T-Intersection;0;None;1;On Roadway;2;Dark - Not Lighted;1;Clear;0;No Additional Atmospheric Conditions;1;Clear;0;No;0;Not Applicable;99;Unknown;99;Unknown;99;Unknown EMS Scene Arrival Hour;99;Unknown EMS Scene Arrival Minutes;99;Unknown;99;Unknown EMS Hospital Arrival Time;0;None;0;None;0;None;2;0
12;Florida;122908;2;2;0;0;3;3;0;99;PALM BEACH (99);330;BOYNTON BEACH;7;7;12;December;2019;7;Saturday;20;8:00pm-8:59pm;26;26;0;This section IS NOT on the NHS;6;Local Street - Municipality;OLD BOYNTON RD;CR-807;2;Urban;5;Major Collector;98;Not Reported;99998;Not Reported;26.53186111;26.53186111;-80.09742222;-80.09742222;0;No Special Jurisdiction;12;Motor Vehicle In-Transport;6;Angle;0;No;2;Intersection;3;T-Intersection;0;None;1;On Roadway;2;Dark - Not Lighted;1;Clear;0;No Additional Atmospheric Conditions;1;Clear;0;No;0;Not Applicable;99;Unknown;99;Unknown;99;Unknown EMS Scene Arrival Hour;99;Unknown EMS Scene Arrival Minutes;99;Unknown;99;Unknown EMS Hospital Arrival Time;0;None;0;None;0;None;1;0