STATE;STATENAME;ST_CASE;VE_TOTAL;VE_FORMS;PVH_INVL;PEDS;PERSONS;PERMVIT;PERNOTMVIT;COUNTY;COUNTYNAME;CITY;CITYNAME;DAY;DAYNAME;MONTH;MONTHNAME;YEAR;DAY_WEEK;DAY_WEEKNAME;HOUR;HOURNAME;MINUTE;MINUTENAME;NHS;NHSNAME;ROUTE;ROUTENAME;TWAY_ID;TWAY_ID2;RUR_URB;RUR_URBNAME;FUNC_SYS;FUNC_SYSNAME;RD_OWNER;RD_OWNERNAME;MILEPT;MILEPTNAME;LATITUDE;LATITUDENAME;LONGITUD;LONGITUDNAME;SP_JUR;SP_JURNAME;HARM_EV;HARM_EVNAME;MAN_COLL;MAN_COLLNAME;RELJCT1;RELJCT1NAME;RELJCT2;RELJCT2NAME;TYP_INT;TYP_INTNAME;WRK_ZONE;WRK_ZONENAME;REL_ROAD;REL_ROADNAME;LGT_COND;LGT_CONDNAME;WEATHER1;WEATHER1NAME;WEATHER2;WEATHER2NAME;WEATHER;WEATHERNAME;SCH_BUS;SCH_BUSNAME;RAIL;RAILNAME;NOT_HOUR;NOT_HOURNAME;NOT_MIN;NOT_MINNAME;ARR_HOUR;ARR_HOURNAME;ARR_MIN;ARR_MINNAME;HOSP_HR;HOSP_HRNAME;HOSP_MN;HOSP_MNNAME;CF1;CF1NAME;CF2;CF2NAME;CF3;CF3NAME;FATALS;DRUNK_DR
12;Florida;122915;2;2;0;0;2;2;0;115;SARASOTA (115);0;NOT APPLICABLE;13;13;12;December;2019;6;Friday;7;7:00am-7:59am;12;12;1;This section IS ON the NHS;2;U.S. Highway;US-41;JACARANDA BLVD;2;Urban;3;Principal Arterial - Other;1;State Highway Agency;99998;Not Reported;27.0497;27.0497;-82.39696944;-82.39696944;0;No Special Jurisdiction;1;Rollover/Overturn;0;The First Harmful Event was Not a Collision with a Motor Vehicle in Transport;0;No;3;Intersection-Related;3;T-Intersection;0;None;1;On Roadway;1;Daylight;10;Cloudy;0;No Additional Atmospheric Conditions;10;Cloudy;0;No;0;Not Applicable;99;Unknown;99;Unknown;99;Unknown EMS Scene Arrival Hour;99;Unknown EMS Scene Arrival Minutes;99;Unknown;99;Unknown EMS Hospital Arrival Time;0;None;0;None;0;None;1;0
12;Florida;122931;2;2;0;0;2;2;0;109;ST. JOHNS (109);0;NOT APPLICABLE;6;6;12;December;2019;6;Friday;5;5:00am-5:59am;19;19;0;This section IS NOT on the NHS;4;County Road;CR-210;CE WILSON RD;1;Rural;5;Major Collector;2;County Highway Agency;99998;Not Reported;30.06758889;30.06758889;-81.49363333;-81.49363333;0;No Special Jurisdiction;12;Motor Vehicle In-Transport;6;Angle;0;No;2;Intersection;3;T-Intersection;0;None;1;On Roadway;3;Dark - Lighted;1;Clear;0;No Additional Atmospheric Conditions;1;Clear;0;No;0;Not Applicable;99;Unknown;99;Unknown;99;Unknown EMS Scene Arrival Hour;99;Unknown EMS Scene Arrival Minutes;99;Unknown;99;Unknown EMS Hospital Arrival Time;0;None;0;None;0;None;1;0
12;Florida;122948;1;1;0;1;1;1;1;11;BROWARD (11);2916;SUNRISE;20;20;12;December;2019;6;Friday;19;7:00pm-7:59pm;10;10;0;This section IS NOT on the NHS;6;Local Street - Municipality;SUNSET STRIP;NW 14TH ST;2;Urban;4;Minor Arterial;98;Not Reported;99998;Not Reported;26.14083889;26.14083889;-80.2316;-80.2316;0;No Special Jurisdiction;9;Pedalcyclist;0;The First Harmful Event was Not a Collision with a Motor Vehicle in Transport;0;No;3;Intersection-Related;3;T-Intersection;0;None;1;On Roadway;3;Dark - Lighted;10;Cloudy;0;No Additional Atmospheric Conditions;10;Cloudy;0;No;0;Not Applicable;99;Unknown;99;Unknown;99;Unknown EMS Scene Arrival Hour;99;Unknown EMS Scene Arrival Minutes;99;Unknown;99;Unknown EMS Hospital Arrival Time;0;None;0;None;0;None;1;0
12;Florida;122959;1;1;0;1;1;1;1;101;PASCO (101);0;NOT APPLICABLE;17;17;11;November;2019;1;Sunday;11;11:00am-11:59am;54;54;0;This section IS NOT on the NHS;3;State Highway;SR-54;BLACK LAKE ROAD;2;Urban;6;Minor Collector;1;State Highway Agency;99998;Not Reported;28.1933;28.1933;-82.58498889;-82.58498889;0;No Special Jurisdiction;9;Pedalcyclist;0;The First Harmful Event was Not a Collision with a Motor Vehicle in Transport;0;No;3;Intersection-Related;3;T-Intersection;0;None;1;On Roadway;1;Daylight;10;Cloudy;0;No Additional Atmospheric Conditions;10;Cloudy;0;No;0;Not Applicable;99;Unknown;99;Unknown;99;Unknown EMS Scene Arrival Hour;99;Unknown EMS Scene Arrival Minutes;88;Not Applicable (Not Transported);88;Not Applicable (Not Transported);0;None;0;None;0;None;1;0
12;Florida;122960;2;2;0;0;4;4;0;105;POLK (105);0;NOT APPLICABLE;8;8;12;December;2019;1;Sunday;20;8:00pm-8:59pm;50;50;0;This section IS NOT on the NHS;4;County Road;CR-546 E;COVENTRY DR;1;Rural;4;Minor Arterial;2;County Highway Agency;99998;Not Reported;28.07342222;28.07342222;-81.82098611;-81.82098611;0;No Special Jurisdiction;12;Motor Vehicle In-Transport;6;Angle;0;No;3;Intersection-Related;3;T-Intersection;0;None;1;On Roadway;2;Dark - Not Lighted;1;Clear;0;No Additional Atmospheric Conditions;1;Clear;0;No;0;Not Applicable;99;Unknown;99;Unknown;99;Unknown EMS Scene Arrival Hour;99;Unknown EMS Scene Arrival Minutes;88;Not Applicable (Not Transported);88;Not Applicable (Not Transported);0;None;0;None;0;None;1;0
12;Florida;122964;2;2;0;0;3;3;0;109;ST. JOHNS (109);0;NOT APPLICABLE;25;25;12;December;2019;4;Wednesday;19;7:00pm-7:59pm;6;6;0;This section IS NOT on the NHS;3;State Highway;SR-A1A;STATE ROAD 206;2;Urban;4;Minor Arterial;1;State Highway Agency;99998;Not Reported;29.77075;29.77075;-81.25435;-81.25435;0;No Special Jurisdiction;12;Motor Vehicle In-Transport;6;Angle;0;No;2;Intersection;3;T-Intersection;0;None;1;On Roadway;3;Dark - Lighted;10;Cloudy;0;No Additional Atmospheric Conditions;10;Cloudy;0;No;0;Not Applicable;99;Unknown;99;Unknown;99;Unknown EMS Scene Arrival Hour;99;Unknown EMS Scene Arrival Minutes;99;Unknown;99;Unknown EMS Hospital Arrival Time;0;None;0;None;0;None;1;0
12;Florida;122972;1;1;0;1;1;1;1;86;MIAMI-DADE (86);0;NOT APPLICABLE;17;17;12;December;2019;3;Tuesday;15;3:00pm-3:59pm;25;25;0;This section IS NOT on the NHS;6;Local Street - Municipality;99TH AVE;99TH AVE;2;Urban;7;Local;98;Not Reported;99998;Not Reported;25.86555556;25.86555556;-80.20983056;-80.20983056;0;No Special Jurisdiction;8;Pedestrian;0;The First Harmful Event was Not a Collision with a Motor Vehicle in Transport;0;No;3;Intersection-Related;3;T-Intersection;0;None;1;On Roadway;1;Daylight;1;Clear;0;No Additional Atmospheric Conditions;1;Clear;0;No;0;Not Applicable;99;Unknown;99;Unknown;99;Unknown EMS Scene Arrival Hour;99;Unknown EMS Scene Arrival Minutes;99;Unknown;99;Unknown EMS Hospital Arrival Time;0;None;0;None;0;None;1;0
12;Florida;122982;1;1;0;0;1;1;0;89;NASSAU (89);0;NOT APPLICABLE;8;8;10;October;2019;3;Tuesday;6;6:00am-6:59am;20;20;1;This section IS ON the NHS;2;U.S. Highway;US-301;OTIS RD;1;Rural;3;Principal Arterial - Other;1;State Highway Agency;99998;Not Reported;30.37716944;30.37716944;-81.94155;-81.94155;0;No Special Jurisdiction;59;Traffic Sign Support;0;The First Harmful Event was Not a Collision with a Motor Vehicle in Transport;0;No;3;Intersection-Related;3;T-Intersection;0;None;4;On Roadside;2;Dark - Not Lighted;10;Cloudy;0;No Additional Atmospheric Conditions;10;Cloudy;0;No;0;Not Applicable;99;Unknown;99;Unknown;99;Unknown EMS Scene Arrival Hour;99;Unknown EMS Scene Arrival Minutes;88;Not Applicable (Not Transported);88;Not Applicable (Not Transported);0;None;0;None;0;None;1;0
12;Florida;122989;2;2;0;0;3;3;0;31;DUVAL (31);0;NOT APPLICABLE;14;14;12;December;2019;7;Saturday;19;7:00pm-7:59pm;51;51;0;This section IS NOT on the NHS;2;U.S. Highway;US-90;SR 23;2;Urban;4;Minor Arterial;1;State Highway Agency;99998;Not Reported;30.3112;30.3112;-81.8771;-81.8771;0;No Special Jurisdiction;12;Motor Vehicle In-Transport;6;Angle;0;No;2;Intersection;3;T-Intersection;0;None;1;On Roadway;3;Dark - Lighted;1;Clear;0;No Additional Atmospheric Conditions;1;Clear;0;No;0;Not Applicable;99;Unknown;99;Unknown;99;Unknown EMS Scene Arrival Hour;99;Unknown EMS Scene Arrival Minutes;99;Unknown;99;Unknown EMS Hospital Arrival Time;0;None;0;None;0;None;1;0
12;Florida;122993;2;2;0;0;2;2;0;83;MARION (83);0;NOT APPLICABLE;22;22;12;December;2019;1;Sunday;6;6:00am-6:59am;40;40;1;This section IS ON the NHS;3;State Highway;SR-200;SW 69 COURT ROAD;2;Urban;3;Principal Arterial - Other;1;State Highway Agency;99998;Not Reported;29.10105;29.10105;-82.23513056;-82.23513056;0;No Special Jurisdiction;12;Motor Vehicle In-Transport;6;Angle;0;No;3;Intersection-Related;3;T-Intersection;0;None;1;On Roadway;4;Dawn;2;Rain;0;No Additional Atmospheric Conditions;2;Rain;0;No;0;Not Applicable;99;Unknown;99;Unknown;99;Unknown EMS Scene Arrival Hour;99;Unknown EMS Scene Arrival Minutes;99;Unknown;99;Unknown EMS Hospital Arrival Time;0;None;0;None;0;None;1;1
12;Florida;122995;2;2;0;0;2;2;0;109;ST. JOHNS (109);0;NOT APPLICABLE;26;26;12;December;2019;5;Thursday;14;2:00pm-2:59pm;56;56;0;This section IS NOT on the NHS;3;State Highway;SR-13;BRAASCHVILLE RD;2;Urban;4;Minor Arterial;1;State Highway Agency;99998;Not Reported;30.08688889;30.08688889;-81.63323056;-81.63323056;0;No Special Jurisdiction;12;Motor Vehicle In-Transport;6;Angle;0;No;2;Intersection;3;T-Intersection;0;None;1;On Roadway;1;Daylight;10;Cloudy;0;No Additional Atmospheric Conditions;10;Cloudy;0;No;0;Not Applicable;99;Unknown;99;Unknown;99;Unknown EMS Scene Arrival Hour;99;Unknown EMS Scene Arrival Minutes;99;Unknown;99;Unknown EMS Hospital Arrival Time;0;None;0;None;0;None;1;0
12;Florida;123004;2;2;0;0;2;2;0;31;DUVAL (31);1510;JACKSONVILLE;26;26;12;December;2019;5;Thursday;19;7:00pm-7:59pm;5;5;0;This section IS NOT on the NHS;3;State Highway;SR-13;JULINGTON CREEK RD;2;Urban;4;Minor Arterial;1;State Highway Agency;99998;Not Reported;30.13627222;30.13627222;-81.63248889;-81.63248889;0;No Special Jurisdiction;12;Motor Vehicle In-Transport;6;Angle;0;No;2;Intersection;3;T-Intersection;0;None;1;On Roadway;3;Dark - Lighted;1;Clear;0;No Additional Atmospheric Conditions;1;Clear;0;No;0;Not Applicable;99;Unknown;99;Unknown;99;Unknown EMS Scene Arrival Hour;99;Unknown EMS Scene Arrival Minutes;88;Not Applicable (Not Transported);88;Not Applicable (Not Transported);0;None;0;None;0;None;1;0
12;Florida;123015;1;1;0;1;1;1;1;33;ESCAMBIA (33);0;NOT APPLICABLE;19;19;12;December;2019;5;Thursday;10;10:00am-10:59am;2;2;1;This section IS ON the NHS;3;State Highway;SR-295;MISSION ROAD;2;Urban;3;Principal Arterial - Other;1;State Highway Agency;99998;Not Reported;30.44290278;30.44290278;-87.25313889;-87.25313889;0;No Special Jurisdiction;9;Pedalcyclist;0;The First Harmful Event was Not a Collision with a Motor Vehicle in Transport;0;No;3;Intersection-Related;3;T-Intersection;0;None;1;On Roadway;1;Daylight;1;Clear;0;No Additional Atmospheric Conditions;1;Clear;0;No;0;Not Applicable;99;Unknown;99;Unknown;99;Unknown EMS Scene Arrival Hour;99;Unknown EMS Scene Arrival Minutes;99;Unknown;99;Unknown EMS Hospital Arrival Time;0;None;0;None;0;None;1;0
12;Florida;123050;2;2;0;0;3;3;0;95;ORANGE (95);0;NOT APPLICABLE;21;21;12;December;2019;7;Saturday;2;2:00am-2:59am;0;0;1;This section IS ON the NHS;3;State Highway;SR-436;HEWETT DR;2;Urban;3;Principal Arterial - Other;1;State Highway Agency;99998;Not Reported;28.55358889;28.55358889;-81.31066111;-81.31066111;0;No Special Jurisdiction;33;Curb;0;The First Harmful Event was Not a Collision with a Motor Vehicle in Transport;0;No;3;Intersection-Related;3;T-Intersection;0;None;3;On Median;3;Dark - Lighted;1;Clear;0;No Additional Atmospheric Conditions;1;Clear;0;No;0;Not Applicable;99;Unknown;99;Unknown;99;Unknown EMS Scene Arrival Hour;99;Unknown EMS Scene Arrival Minutes;99;Unknown;99;Unknown EMS Hospital Arrival Time;0;None;0;None;0;None;1;0
12;Florida;123054;2;2;0;0;3;3;0;115;SARASOTA (115);0;NOT APPLICABLE;21;21;12;December;2019;7;Saturday;13;1:00pm-1:59pm;49;49;1;This section IS ON the NHS;2;U.S. Highway;US-41;LAZY RIVER RD;2;Urban;3;Principal Arterial - Other;1;State Highway Agency;99998;Not Reported;27.04846389;27.04846389;-82.28460833;-82.28460833;0;No Special Jurisdiction;12;Motor Vehicle In-Transport;6;Angle;0;No;2;Intersection;3;T-Intersection;0;None;1;On Roadway;1;Daylight;10;Cloudy;0;No Additional Atmospheric Conditions;10;Cloudy;0;No;0;Not Applicable;99;Unknown;99;Unknown;99;Unknown EMS Scene Arrival Hour;99;Unknown EMS Scene Arrival Minutes;99;Unknown;99;Unknown EMS Hospital Arrival Time;0;None;0;None;0;None;1;0
12;Florida;123055;1;1;0;1;2;2;1;87;MONROE (87);1925;MARATHON;21;21;12;December;2019;7;Saturday;12;12:00pm-12:59pm;14;14;1;This section IS ON the NHS;2;U.S. Highway;US-1;98TH STREET;2;Urban;3;Principal Arterial - Other;1;State Highway Agency;99998;Not Reported;24.72657222;24.72657222;-81.04518333;-81.04518333;0;No Special Jurisdiction;9;Pedalcyclist;0;The First Harmful Event was Not a Collision with a Motor Vehicle in Transport;0;No;2;Intersection;3;T-Intersection;0;None;1;On Roadway;1;Daylight;10;Cloudy;0;No Additional Atmospheric Conditions;10;Cloudy;0;No;0;Not Applicable;99;Unknown;99;Unknown;99;Unknown EMS Scene Arrival Hour;99;Unknown EMS Scene Arrival Minutes;99;Unknown;99;Unknown EMS Hospital Arrival Time;0;None;0;None;0;None;1;0
12;Florida;123059;3;3;0;0;4;4;0;86;MIAMI-DADE (86);2023;MIAMI GARDENS;21;21;12;December;2019;7;Saturday;21;9:00pm-9:59pm;46;46;0;This section IS NOT on the NHS;9;Unknown;32ND AVE;156TH ST;2;Urban;5;Major Collector;4;City or Municipal Highway Agency;99998;Not Reported;25.91589722;25.91589722;-80.25226944;-80.25226944;0;No Special Jurisdiction;12;Motor Vehicle In-Transport;6;Angle;0;No;2;Intersection;3;T-Intersection;0;None;1;On Roadway;3;Dark - Lighted;1;Clear;0;No Additional Atmospheric Conditions;1;Clear;0;No;0;Not Applicable;99;Unknown;99;Unknown;99;Unknown EMS Scene Arrival Hour;99;Unknown EMS Scene Arrival Minutes;88;Not Applicable (Not Transported);88;Not Applicable (Not Transported);0;None;0;None;0;None;1;0
12;Florida;123064;2;2;0;0;2;2;0;127;VOLUSIA (127);2190;NEW SMYRNA BEACH;26;26;10;October;2019;7;Saturday;16;4:00pm-4:59pm;36;36;1;This section IS ON the NHS;3;State Highway;SR-44;CORBIN PARK RD;2;Urban;3;Principal Arterial - Other;1;State Highway Agency;99998;Not Reported;29.01334722;29.01334722;-80.95580278;-80.95580278;0;No Special Jurisdiction;12;Motor Vehicle In-Transport;6;Angle;0;No;2;Intersection;3;T-Intersection;0;None;1;On Roadway;1;Daylight;2;Rain;0;No Additional Atmospheric Conditions;2;Rain;0;No;0;Not Applicable;99;Unknown;99;Unknown;99;Unknown EMS Scene Arrival Hour;99;Unknown EMS Scene Arrival Minutes;99;Unknown;99;Unknown EMS Hospital Arrival Time;0;None;0;None;0;None;1;0
12;Florida;123074;2;2;0;1;2;2;1;85;MARTIN (85);0;NOT APPLICABLE;23;23;12;December;2019;2;Monday;9;9:00am-9:59am;42;42;0;This section IS NOT on the NHS;9;Unknown;SE COVE RD;SE 44TH AVE;2;Urban;4;Minor Arterial;98;Not Reported;99998;Not Reported;27.13793889;27.13793889;-80.19658889;-80.19658889;0;No Special Jurisdiction;9;Pedalcyclist;0;The First Harmful Event was Not a Collision with a Motor Vehicle in Transport;0;No;3;Intersection-Related;3;T-Intersection;0;None;1;On Roadway;1;Daylight;1;Clear;0;No Additional Atmospheric Conditions;1;Clear;0;No;0;Not Applicable;99;Unknown;99;Unknown;99;Unknown EMS Scene Arrival Hour;99;Unknown EMS Scene Arrival Minutes;99;Unknown;99;Unknown EMS Hospital Arrival Time;0;None;0;None;0;None;1;0
12;Florida;123083;1;1;0;0;5;5;0;21;COLLIER (21);0;NOT APPLICABLE;31;31;12;December;2019;3;Tuesday;22;10:00pm-10:59pm;20;20;0;This section IS NOT on the NHS;4;County Road;CR-858;OIL WELL RD;1;Rural;7;Local;98;Not Reported;99998;Not Reported;26.3114;26.3114;-81.27066111;-81.27066111;0;No Special Jurisdiction;35;Embankment;0;The First Harmful Event was Not a Collision with a Motor Vehicle in Transport;0;No;3;Intersection-Related;3;T-Intersection;0;None;4;On Roadside;2;Dark - Not Lighted;1;Clear;0;No Additional Atmospheric Conditions;1;Clear;0;No;0;Not Applicable;99;Unknown;99;Unknown;99;Unknown EMS Scene Arrival Hour;99;Unknown EMS Scene Arrival Minutes;99;Unknown;99;Unknown EMS Hospital Arrival Time;0;None;0;None;0;None;2;0
12;Florida;123085;1;1;0;1;2;2;1;69;LAKE (69);2970;TAVARES;10;10;12;December;2019;3;Tuesday;6;6:00am-6:59am;37;37;0;This section IS NOT on the NHS;3;State Highway;SR-19;W MAIN ST;2;Urban;4;Minor Arterial;1;State Highway Agency;99998;Not Reported;28.80250556;28.80250556;-81.73820556;-81.73820556;0;No Special Jurisdiction;9;Pedalcyclist;0;The First Harmful Event was Not a Collision with a Motor Vehicle in Transport;0;No;3;Intersection-Related;3;T-Intersection;0;None;1;On Roadway;3;Dark - Lighted;1;Clear;0;No Additional Atmospheric Conditions;1;Clear;0;No;0;Not Applicable;99;Unknown;99;Unknown;99;Unknown EMS Scene Arrival Hour;99;Unknown EMS Scene Arrival Minutes;99;Unknown;99;Unknown EMS Hospital Arrival Time;0;None;0;None;0;None;1;0
12;Florida;123093;2;2;0;0;3;3;0;99;PALM BEACH (99);0;NOT APPLICABLE;29;29;12;December;2019;1;Sunday;18;6:00pm-6:59pm;20;20;0;This section IS NOT on the NHS;4;County Road;CR-794 YAMATO RD;BOCA WEST DR;2;Urban;4;Minor Arterial;2;County Highway Agency;99998;Not Reported;26.394225;26.394225;-80.15676667;-80.15676667;0;No Special Jurisdiction;12;Motor Vehicle In-Transport;6;Angle;0;No;2;Intersection;3;T-Intersection;0;None;1;On Roadway;3;Dark - Lighted;1;Clear;0;No Additional Atmospheric Conditions;1;Clear;0;No;0;Not Applicable;99;Unknown;99;Unknown;99;Unknown EMS Scene Arrival Hour;99;Unknown EMS Scene Arrival Minutes;99;Unknown;99;Unknown EMS Hospital Arrival Time;0;None;0;None;0;None;1;0
12;Florida;123108;1;1;0;1;1;1;1;97;OSCEOLA (97);1590;KISSIMMEE;15;15;12;December;2019;1;Sunday;7;7:00am-7:59am;39;39;0;This section IS NOT on the NHS;9;Unknown;MICHIGAN AVE;OCEAN ST;2;Urban;4;Minor Arterial;4;City or Municipal Highway Agency;99998;Not Reported;28.30902778;28.30902778;-81.39129444;-81.39129444;0;No Special Jurisdiction;9;Pedalcyclist;0;The First Harmful Event was Not a Collision with a Motor Vehicle in Transport;0;No;3;Intersection-Related;3;T-Intersection;0;None;1;On Roadway;1;Daylight;1;Clear;0;No Additional Atmospheric Conditions;1;Clear;0;No;0;Not Applicable;99;Unknown;99;Unknown;99;Unknown EMS Scene Arrival Hour;99;Unknown EMS Scene Arrival Minutes;99;Unknown;99;Unknown EMS Hospital Arrival Time;0;None;0;None;0;None;1;0
12;Florida;123109;2;2;0;0;6;6;0;11;BROWARD (11);3193;WESTON;15;15;12;December;2019;1;Sunday;20;8:00pm-8:59pm;10;10;0;This section IS NOT on the NHS;6;Local Street - Municipality;GLADES PKWY;GLADES CIR NORTH;2;Urban;4;Minor Arterial;98;Not Reported;99998;Not Reported;26.13471944;26.13471944;-80.42108611;-80.42108611;0;No Special Jurisdiction;12;Motor Vehicle In-Transport;6;Angle;0;No;2;Intersection;3;T-Intersection;0;None;1;On Roadway;3;Dark - Lighted;1;Clear;0;No Additional Atmospheric Conditions;1;Clear;0;No;0;Not Applicable;99;Unknown;99;Unknown;99;Unknown EMS Scene Arrival Hour;99;Unknown EMS Scene Arrival Minutes;99;Unknown;99;Unknown EMS Hospital Arrival Time;0;None;0;None;0;None;1;1
12;Florida;123116;1;1;0;0;1;1;0;53;HERNANDO (53);0;NOT APPLICABLE;12;12;12;December;2019;5;Thursday;20;8:00pm-8:59pm;40;40;0;This section IS NOT on the NHS;4;County Road;CR-578;FARNSWORTH BLVD;2;Urban;4;Minor Arterial;98;Not Reported;99998;Not Reported;28.43488889;28.43488889;-82.53193056;-82.53193056;0;No Special Jurisdiction;33;Curb;0;The First Harmful Event was Not a Collision with a Motor Vehicle in Transport;0;No;3;Intersection-Related;3;T-Intersection;0;None;3;On Median;2;Dark - Not Lighted;2;Rain;0;No Additional Atmospheric Conditions;2;Rain;0;No;0;Not Applicable;20;8:00pm-8:59pm;38;38;20;8:00pm-8:59pm;46;46;99;Unknown;99;Unknown EMS Hospital Arrival Time;0;None;0;None;0;None;1;1
12;Florida;123117;2;2;0;0;2;2;0;86;MIAMI-DADE (86);1340;HIALEAH;30;30;12;December;2019;2;Monday;11;11:00am-11:59am;48;48;1;This section IS ON the NHS;3;State Highway;SR-823;30TH ST;2;Urban;3;Principal Arterial - Other;1;State Highway Agency;99998;Not Reported;25.84889444;25.84889444;-80.29008056;-80.29008056;0;No Special Jurisdiction;12;Motor Vehicle In-Transport;6;Angle;0;No;2;Intersection;3;T-Intersection;0;None;1;On Roadway;1;Daylight;1;Clear;0;No Additional Atmospheric Conditions;1;Clear;0;No;0;Not Applicable;99;Unknown;99;Unknown;99;Unknown EMS Scene Arrival Hour;99;Unknown EMS Scene Arrival Minutes;99;Unknown;99;Unknown EMS Hospital Arrival Time;0;None;0;None;0;None;1;0
12;Florida;123124;1;1;0;1;1;1;1;81;MANATEE (81);340;BRADENTON;27;27;2;February;2019;4;Wednesday;23;11:00pm-11:59pm;8;8;1;This section IS ON the NHS;2;U.S. Highway;US-41-301;11TH AVE;2;Urban;3;Principal Arterial - Other;1;State Highway Agency;99998;Not Reported;27.489925;27.489925;-82.56298333;-82.56298333;0;No Special Jurisdiction;8;Pedestrian;0;The First Harmful Event was Not a Collision with a Motor Vehicle in Transport;0;No;2;Intersection;3;T-Intersection;0;None;1;On Roadway;3;Dark - Lighted;1;Clear;0;No Additional Atmospheric Conditions;1;Clear;0;No;0;Not Applicable;99;Unknown;99;Unknown;99;Unknown EMS Scene Arrival Hour;99;Unknown EMS Scene Arrival Minutes;88;Not Applicable (Not Transported);88;Not Applicable (Not Transported);0;None;0;None;0;None;1;0
12;Florida;123136;1;1;0;1;1;1;1;97;OSCEOLA (97);1590;KISSIMMEE;7;7;10;October;2019;2;Monday;6;6:00am-6:59am;47;47;0;This section IS NOT on the NHS;4;County Road;CR-530 FORTUNE RD;GRANDE BLVD;2;Urban;4;Minor Arterial;2;County Highway Agency;99998;Not Reported;28.30426389;28.30426389;-81.35965;-81.35965;0;No Special Jurisdiction;9;Pedalcyclist;0;The First Harmful Event was Not a Collision with a Motor Vehicle in Transport;0;No;3;Intersection-Related;3;T-Intersection;0;None;1;On Roadway;4;Dawn;10;Cloudy;0;No Additional Atmospheric Conditions;10;Cloudy;0;No;0;Not Applicable;99;Unknown;99;Unknown;99;Unknown EMS Scene Arrival Hour;99;Unknown EMS Scene Arrival Minutes;99;Unknown;99;Unknown EMS Hospital Arrival Time;0;None;0;None;0;None;1;0
12;Florida;123147;2;2;0;0;2;2;0;71;LEE (71);457;CAPE CORAL;30;30;11;November;2019;7;Saturday;18;6:00pm-6:59pm;4;4;0;This section IS NOT on the NHS;4;County Road;CR-867A;BEACH PKWY;2;Urban;4;Minor Arterial;2;County Highway Agency;99998;Not Reported;26.57368611;26.57368611;-81.94370278;-81.94370278;0;No Special Jurisdiction;12;Motor Vehicle In-Transport;2;Front-to-Front;0;No;2;Intersection;3;T-Intersection;0;None;1;On Roadway;3;Dark - Lighted;1;Clear;0;No Additional Atmospheric Conditions;1;Clear;0;No;0;Not Applicable;99;Unknown;99;Unknown;99;Unknown EMS Scene Arrival Hour;99;Unknown EMS Scene Arrival Minutes;99;Unknown;99;Unknown EMS Hospital Arrival Time;0;None;0;None;0;None;1;0
12;Florida;123152;2;2;0;0;6;6;0;105;POLK (105);0;NOT APPLICABLE;10;10;11;November;2019;1;Sunday;17;5:00pm-5:59pm;17;17;0;This section IS NOT on the NHS;3;State Highway;SR-540;POLK PARKWAY RAMP;1;Rural;4;Minor Arterial;1;State Highway Agency;99998;Not Reported;28.0097;28.0097;-81.84185;-81.84185;0;No Special Jurisdiction;12;Motor Vehicle In-Transport;2;Front-to-Front;1;Yes;2;Intersection;3;T-Intersection;0;None;1;On Roadway;1;Daylight;1;Clear;0;No Additional Atmospheric Conditions;1;Clear;0;No;0;Not Applicable;99;Unknown;99;Unknown;99;Unknown EMS Scene Arrival Hour;99;Unknown EMS Scene Arrival Minutes;99;Unknown;99;Unknown EMS Hospital Arrival Time;0;None;0;None;0;None;1;0
12;Florida;123158;2;2;0;0;3;3;0;105;POLK (105);0;NOT APPLICABLE;15;15;10;October;2019;3;Tuesday;6;6:00am-6:59am;44;44;1;This section IS ON the NHS;3;State Highway;SR-60 W;LOGISTICS PKWY;2;Urban;3;Principal Arterial - Other;1;State Highway Agency;99998;Not Reported;27.91521111;27.91521111;-81.70788333;-81.70788333;0;No Special Jurisdiction;12;Motor Vehicle In-Transport;6;Angle;0;No;2;Intersection;3;T-Intersection;0;None;1;On Roadway;4;Dawn;1;Clear;0;No Additional Atmospheric Conditions;1;Clear;0;No;0;Not Applicable;99;Unknown;99;Unknown;99;Unknown EMS Scene Arrival Hour;99;Unknown EMS Scene Arrival Minutes;99;Unknown;99;Unknown EMS Hospital Arrival Time;0;None;0;None;0;None;1;0
12;Florida;123159;1;1;0;1;1;1;1;11;BROWARD (11);1927;HAMMONDVILLE;26;26;11;November;2019;3;Tuesday;21;9:00pm-9:59pm;30;30;0;This section IS NOT on the NHS;6;Local Street - Municipality;W ATLANTIC BLVD;PALM LAKES PLAZA;2;Urban;3;Principal Arterial - Other;98;Not Reported;99998;Not Reported;26.23535;26.23535;-80.22548333;-80.22548333;0;No Special Jurisdiction;8;Pedestrian;0;The First Harmful Event was Not a Collision with a Motor Vehicle in Transport;0;No;3;Intersection-Related;3;T-Intersection;0;None;1;On Roadway;3;Dark - Lighted;1;Clear;0;No Additional Atmospheric Conditions;1;Clear;0;No;0;Not Applicable;99;Unknown;99;Unknown;99;Unknown EMS Scene Arrival Hour;99;Unknown EMS Scene Arrival Minutes;99;Unknown;99;Unknown EMS Hospital Arrival Time;0;None;0;None;0;None;1;0