STATE;STATENAME;ST_CASE;VE_TOTAL;VE_FORMS;PVH_INVL;PEDS;PERSONS;PERMVIT;PERNOTMVIT;COUNTY;COUNTYNAME;CITY;CITYNAME;DAY;DAYNAME;MONTH;MONTHNAME;YEAR;DAY_WEEK;DAY_WEEKNAME;HOUR;HOURNAME;MINUTE;MINUTENAME;NHS;NHSNAME;ROUTE;ROUTENAME;TWAY_ID;TWAY_ID2;RUR_URB;RUR_URBNAME;FUNC_SYS;FUNC_SYSNAME;RD_OWNER;RD_OWNERNAME;MILEPT;MILEPTNAME;LATITUDE;LATITUDENAME;LONGITUD;LONGITUDNAME;SP_JUR;SP_JURNAME;HARM_EV;HARM_EVNAME;MAN_COLL;MAN_COLLNAME;RELJCT1;RELJCT1NAME;RELJCT2;RELJCT2NAME;TYP_INT;TYP_INTNAME;WRK_ZONE;WRK_ZONENAME;REL_ROAD;REL_ROADNAME;LGT_COND;LGT_CONDNAME;WEATHER1;WEATHER1NAME;WEATHER2;WEATHER2NAME;WEATHER;WEATHERNAME;SCH_BUS;SCH_BUSNAME;RAIL;RAILNAME;NOT_HOUR;NOT_HOURNAME;NOT_MIN;NOT_MINNAME;ARR_HOUR;ARR_HOURNAME;ARR_MIN;ARR_MINNAME;HOSP_HR;HOSP_HRNAME;HOSP_MN;HOSP_MNNAME;CF1;CF1NAME;CF2;CF2NAME;CF3;CF3NAME;FATALS;DRUNK_DR
12;Florida;123163;3;3;0;0;4;4;0;95;ORANGE (95);0;NOT APPLICABLE;5;5;10;October;2019;7;Saturday;21;9:00pm-9:59pm;11;11;1;This section IS ON the NHS;3;State Highway;SR-436;SUGGS RD;2;Urban;3;Principal Arterial - Other;1;State Highway Agency;99998;Not Reported;28.66033611;28.66033611;-81.3409;-81.3409;0;No Special Jurisdiction;12;Motor Vehicle In-Transport;1;Front-to-Rear;0;No;3;Intersection-Related;3;T-Intersection;0;None;1;On Roadway;3;Dark - Lighted;1;Clear;0;No Additional Atmospheric Conditions;1;Clear;0;No;0;Not Applicable;99;Unknown;99;Unknown;99;Unknown EMS Scene Arrival Hour;99;Unknown EMS Scene Arrival Minutes;99;Unknown;99;Unknown EMS Hospital Arrival Time;0;None;0;None;0;None;1;0
12;Florida;123164;2;2;0;0;4;4;0;105;POLK (105);0;NOT APPLICABLE;21;21;5;May;2019;3;Tuesday;10;10:00am-10:59am;59;59;1;This section IS ON the NHS;2;U.S. Highway;US-27;VENUS LAKE BLVD;2;Urban;3;Principal Arterial - Other;1;State Highway Agency;99998;Not Reported;27.97374167;27.97374167;-81.62997222;-81.62997222;0;No Special Jurisdiction;12;Motor Vehicle In-Transport;2;Front-to-Front;0;No;2;Intersection;3;T-Intersection;0;None;1;On Roadway;1;Daylight;10;Cloudy;0;No Additional Atmospheric Conditions;10;Cloudy;0;No;0;Not Applicable;99;Unknown;99;Unknown;99;Unknown EMS Scene Arrival Hour;99;Unknown EMS Scene Arrival Minutes;99;Unknown;99;Unknown EMS Hospital Arrival Time;0;None;0;None;0;None;1;0
12;Florida;123170;1;1;0;2;1;1;2;103;PINELLAS (103);570;CLEARWATER;18;18;12;December;2019;4;Wednesday;7;7:00am-7:59am;8;8;1;This section IS ON the NHS;3;State Highway;SR-60;FERNWOOD AVE;2;Urban;3;Principal Arterial - Other;1;State Highway Agency;99998;Not Reported;27.96061111;27.96061111;-82.73873889;-82.73873889;0;No Special Jurisdiction;8;Pedestrian;0;The First Harmful Event was Not a Collision with a Motor Vehicle in Transport;0;No;3;Intersection-Related;3;T-Intersection;0;None;1;On Roadway;4;Dawn;2;Rain;0;No Additional Atmospheric Conditions;2;Rain;0;No;0;Not Applicable;99;Unknown;99;Unknown;99;Unknown EMS Scene Arrival Hour;99;Unknown EMS Scene Arrival Minutes;99;Unknown;99;Unknown EMS Hospital Arrival Time;0;None;0;None;0;None;1;0
12;Florida;123174;2;2;0;0;3;3;0;61;INDIAN RIVER (61);0;NOT APPLICABLE;27;27;12;December;2019;6;Friday;14;2:00pm-2:59pm;35;35;0;This section IS NOT on the NHS;9;Unknown;27TH AVE;5TH ST;2;Urban;4;Minor Arterial;2;County Highway Agency;99998;Not Reported;27.59383611;27.59383611;-80.41170556;-80.41170556;0;No Special Jurisdiction;12;Motor Vehicle In-Transport;1;Front-to-Rear;0;No;3;Intersection-Related;3;T-Intersection;0;None;1;On Roadway;1;Daylight;2;Rain;0;No Additional Atmospheric Conditions;2;Rain;0;No;0;Not Applicable;99;Unknown;99;Unknown;99;Unknown EMS Scene Arrival Hour;99;Unknown EMS Scene Arrival Minutes;99;Unknown;99;Unknown EMS Hospital Arrival Time;0;None;0;None;0;None;1;0
12;Florida;123178;2;2;0;0;5;5;0;115;SARASOTA (115);2235;NORTH PORT;31;31;12;December;2019;3;Tuesday;18;6:00pm-6:59pm;9;9;1;This section IS ON the NHS;9;Unknown;TOLEDO BLADE BLVD;WOODHAVEN DR;2;Urban;3;Principal Arterial - Other;4;City or Municipal Highway Agency;99998;Not Reported;27.04673889;27.04673889;-82.15853333;-82.15853333;0;No Special Jurisdiction;12;Motor Vehicle In-Transport;6;Angle;0;No;2;Intersection;3;T-Intersection;0;None;1;On Roadway;3;Dark - Lighted;1;Clear;0;No Additional Atmospheric Conditions;1;Clear;0;No;0;Not Applicable;99;Unknown;99;Unknown;99;Unknown EMS Scene Arrival Hour;99;Unknown EMS Scene Arrival Minutes;99;Unknown;99;Unknown EMS Hospital Arrival Time;0;None;0;None;0;None;1;1
12;Florida;123187;1;1;0;1;1;1;1;11;BROWARD (11);2570;POMPANO BEACH;31;31;12;December;2019;3;Tuesday;22;10:00pm-10:59pm;3;3;0;This section IS NOT on the NHS;9;Unknown;N DIXIE HWY;12TH ST;2;Urban;4;Minor Arterial;4;City or Municipal Highway Agency;99998;Not Reported;26.24283889;26.24283889;-80.12295;-80.12295;0;No Special Jurisdiction;8;Pedestrian;0;The First Harmful Event was Not a Collision with a Motor Vehicle in Transport;0;No;3;Intersection-Related;3;T-Intersection;0;None;1;On Roadway;2;Dark - Not Lighted;1;Clear;0;No Additional Atmospheric Conditions;1;Clear;0;No;0;Not Applicable;99;Unknown;99;Unknown;99;Unknown EMS Scene Arrival Hour;99;Unknown EMS Scene Arrival Minutes;99;Unknown;99;Unknown EMS Hospital Arrival Time;0;None;0;None;0;None;1;0
12;Florida;123191;2;2;0;0;6;6;0;99;PALM BEACH (99);2660;RIVIERA BEACH;15;15;9;September;2019;1;Sunday;1;1:00am-1:59am;58;58;1;This section IS ON the NHS;3;State Highway;SR-809 MILITARY TRL;CANTERBURY DR;2;Urban;3;Principal Arterial - Other;1;State Highway Agency;99998;Not Reported;26.765825;26.765825;-80.10814722;-80.10814722;0;No Special Jurisdiction;12;Motor Vehicle In-Transport;6;Angle;0;No;2;Intersection;3;T-Intersection;0;None;1;On Roadway;3;Dark - Lighted;1;Clear;0;No Additional Atmospheric Conditions;1;Clear;0;No;0;Not Applicable;99;Unknown;99;Unknown;99;Unknown EMS Scene Arrival Hour;99;Unknown EMS Scene Arrival Minutes;99;Unknown;99;Unknown EMS Hospital Arrival Time;0;None;0;None;0;None;1;0
12;Florida;123192;2;2;0;0;2;2;0;23;COLUMBIA (23);1660;LAKE CITY;15;15;11;November;2019;6;Friday;6;6:00am-6:59am;42;42;0;This section IS NOT on the NHS;2;U.S. Highway;US-90;ERMINE ST;2;Urban;4;Minor Arterial;1;State Highway Agency;99998;Not Reported;30.18926111;30.18926111;-82.62518056;-82.62518056;0;No Special Jurisdiction;12;Motor Vehicle In-Transport;6;Angle;0;No;2;Intersection;3;T-Intersection;0;None;1;On Roadway;4;Dawn;2;Rain;0;No Additional Atmospheric Conditions;2;Rain;0;No;0;Not Applicable;99;Unknown;99;Unknown;99;Unknown EMS Scene Arrival Hour;99;Unknown EMS Scene Arrival Minutes;99;Unknown;99;Unknown EMS Hospital Arrival Time;0;None;0;None;0;None;1;0
12;Florida;123196;1;1;0;1;1;1;1;11;BROWARD (11);2948;TAMARAC;1;1;12;December;2019;1;Sunday;14;2:00pm-2:59pm;40;40;1;This section IS ON the NHS;2;U.S. Highway;US-441 SR-7;NW 49TH ST;2;Urban;3;Principal Arterial - Other;1;State Highway Agency;99998;Not Reported;26.18543333;26.18543333;-80.20355278;-80.20355278;0;No Special Jurisdiction;9;Pedalcyclist;0;The First Harmful Event was Not a Collision with a Motor Vehicle in Transport;0;No;3;Intersection-Related;3;T-Intersection;0;None;1;On Roadway;1;Daylight;1;Clear;0;No Additional Atmospheric Conditions;1;Clear;0;No;0;Not Applicable;99;Unknown;99;Unknown;99;Unknown EMS Scene Arrival Hour;99;Unknown EMS Scene Arrival Minutes;99;Unknown;99;Unknown EMS Hospital Arrival Time;0;None;0;None;0;None;1;0
13;Georgia;130008;2;2;0;0;3;3;0;121;FULTON (121);0;NOT APPLICABLE;2;2;1;January;2019;4;Wednesday;19;7:00pm-7:59pm;42;42;1;This section IS ON the NHS;3;State Highway;SR-13 BUFORD HWY;SIDNEY MARCUS BLVD;2;Urban;3;Principal Arterial - Other;1;State Highway Agency;32;32;33.82400833;33.82400833;-84.35607222;-84.35607222;0;No Special Jurisdiction;12;Motor Vehicle In-Transport;6;Angle;0;No;2;Intersection;3;T-Intersection;0;None;1;On Roadway;2;Dark - Not Lighted;2;Rain;0;No Additional Atmospheric Conditions;2;Rain;0;No;0;Not Applicable;19;7:00pm-7:59pm;45;45;19;7:00pm-7:59pm;51;51;20;8:00pm-8:59pm;15;15;0;None;0;None;0;None;1;0
13;Georgia;130013;3;3;0;0;4;4;0;185;LOWNDES (185);0;NOT APPLICABLE;3;3;1;January;2019;5;Thursday;16;4:00pm-4:59pm;35;35;0;This section IS NOT on the NHS;2;U.S. Highway;US-41 SR-7;MELROSE RD;1;Rural;4;Minor Arterial;1;State Highway Agency;17;17;30.64288889;30.64288889;-83.13756111;-83.13756111;0;No Special Jurisdiction;12;Motor Vehicle In-Transport;2;Front-to-Front;0;No;3;Intersection-Related;3;T-Intersection;0;None;1;On Roadway;1;Daylight;1;Clear;0;No Additional Atmospheric Conditions;1;Clear;0;No;0;Not Applicable;16;4:00pm-4:59pm;43;43;17;5:00pm-5:59pm;1;1;17;5:00pm-5:59pm;47;47;0;None;0;None;0;None;1;1
13;Georgia;130027;2;2;0;0;3;3;0;59;CLARKE (59);270;ATHENS;5;5;1;January;2019;7;Saturday;22;10:00pm-10:59pm;0;0;1;This section IS ON the NHS;2;U.S. Highway;US-SR10 OAK ST;KENT AVE;2;Urban;3;Principal Arterial - Other;1;State Highway Agency;92;92;33.95183056;33.95183056;-83.36304167;-83.36304167;0;No Special Jurisdiction;12;Motor Vehicle In-Transport;6;Angle;0;No;2;Intersection;3;T-Intersection;0;None;1;On Roadway;3;Dark - Lighted;1;Clear;0;No Additional Atmospheric Conditions;1;Clear;0;No;0;Not Applicable;22;10:00pm-10:59pm;2;2;22;10:00pm-10:59pm;11;11;22;10:00pm-10:59pm;23;23;0;None;0;None;0;None;1;1
13;Georgia;130031;2;2;0;0;2;2;0;89;DEKALB (89);0;NOT APPLICABLE;6;6;1;January;2019;1;Sunday;18;6:00pm-6:59pm;2;2;0;This section IS NOT on the NHS;4;County Road;CR-6342 STONE MTN LITHONIA RD;SOUTHLAND DR;2;Urban;4;Minor Arterial;2;County Highway Agency;7;7;33.77622778;33.77622778;-84.16225;-84.16225;0;No Special Jurisdiction;12;Motor Vehicle In-Transport;6;Angle;0;No;2;Intersection;3;T-Intersection;0;None;1;On Roadway;2;Dark - Not Lighted;1;Clear;0;No Additional Atmospheric Conditions;1;Clear;0;No;0;Not Applicable;18;6:00pm-6:59pm;5;5;18;6:00pm-6:59pm;22;22;19;7:00pm-7:59pm;1;1;0;None;0;None;0;None;1;0
13;Georgia;130044;2;2;0;0;5;5;0;135;GWINNETT (135);0;NOT APPLICABLE;11;11;1;January;2019;6;Friday;22;10:00pm-10:59pm;28;28;1;This section IS ON the NHS;2;U.S. Highway;US-SR316;HURRICANE TRL;2;Urban;3;Principal Arterial - Other;1;State Highway Agency;101;101;33.98753333;33.98753333;-83.93827778;-83.93827778;0;No Special Jurisdiction;12;Motor Vehicle In-Transport;1;Front-to-Rear;0;No;3;Intersection-Related;3;T-Intersection;0;None;1;On Roadway;2;Dark - Not Lighted;1;Clear;0;No Additional Atmospheric Conditions;1;Clear;0;No;0;Not Applicable;22;10:00pm-10:59pm;28;28;22;10:00pm-10:59pm;35;35;22;10:00pm-10:59pm;58;58;0;None;0;None;0;None;1;0
13;Georgia;130061;8;8;0;0;11;11;0;63;CLAYTON (63);0;NOT APPLICABLE;17;17;1;January;2019;5;Thursday;17;5:00pm-5:59pm;39;39;1;This section IS ON the NHS;2;U.S. Highway;US-SR3 OLD DIXIE RD;HOLIDAY BLVD;2;Urban;3;Principal Arterial - Other;1;State Highway Agency;112;112;33.57961667;33.57961667;-84.37411944;-84.37411944;0;No Special Jurisdiction;12;Motor Vehicle In-Transport;6;Angle;0;No;2;Intersection;3;T-Intersection;0;None;1;On Roadway;1;Daylight;2;Rain;0;No Additional Atmospheric Conditions;2;Rain;0;No;0;Not Applicable;17;5:00pm-5:59pm;39;39;17;5:00pm-5:59pm;44;44;18;6:00pm-6:59pm;23;23;14;Motor Vehicle struck by falling cargo,or something that came loose from or something that was set in motion by a vehicle;0;None;0;None;1;0
13;Georgia;130072;1;1;0;1;1;1;1;121;FULTON (121);280;ATLANTA;19;19;1;January;2019;7;Saturday;20;8:00pm-8:59pm;5;5;0;This section IS NOT on the NHS;6;Local Street - Municipality;CASCADE AVE SW;ROGERS AVE SW;2;Urban;4;Minor Arterial;4;City or Municipal Highway Agency;40;40;33.73721944;33.73721944;-84.43571944;-84.43571944;0;No Special Jurisdiction;8;Pedestrian;0;The First Harmful Event was Not a Collision with a Motor Vehicle in Transport;0;No;3;Intersection-Related;3;T-Intersection;0;None;1;On Roadway;3;Dark - Lighted;2;Rain;0;No Additional Atmospheric Conditions;2;Rain;0;No;0;Not Applicable;99;Unknown;99;Unknown;99;Unknown EMS Scene Arrival Hour;99;Unknown EMS Scene Arrival Minutes;99;Unknown;99;Unknown EMS Hospital Arrival Time;0;None;0;None;0;None;1;0
13;Georgia;130075;2;2;0;0;7;7;0;73;COLUMBIA (73);0;NOT APPLICABLE;20;20;1;January;2019;1;Sunday;20;8:00pm-8:59pm;40;40;1;This section IS ON the NHS;1;Interstate;I-20 SR-402;SR-388;2;Urban;1;Interstate;1;State Highway Agency;120;120;33.48269722;33.48269722;-82.19897778;-82.19897778;0;No Special Jurisdiction;12;Motor Vehicle In-Transport;6;Angle;1;Yes;2;Intersection;3;T-Intersection;0;None;1;On Roadway;2;Dark - Not Lighted;1;Clear;0;No Additional Atmospheric Conditions;1;Clear;0;No;0;Not Applicable;20;8:00pm-8:59pm;42;42;20;8:00pm-8:59pm;46;46;21;9:00pm-9:59pm;53;53;0;None;0;None;0;None;1;0
13;Georgia;130079;2;2;0;0;2;2;0;89;DEKALB (89);0;NOT APPLICABLE;21;21;1;January;2019;2;Monday;16;4:00pm-4:59pm;9;9;0;This section IS NOT on the NHS;3;State Highway;SR-12 COVINGTON HWY;GLEN HAVEN CIR;2;Urban;4;Minor Arterial;1;State Highway Agency;40;40;33.73356667;33.73356667;-84.21079167;-84.21079167;0;No Special Jurisdiction;12;Motor Vehicle In-Transport;6;Angle;0;No;2;Intersection;3;T-Intersection;0;None;1;On Roadway;1;Daylight;1;Clear;0;No Additional Atmospheric Conditions;1;Clear;0;No;0;Not Applicable;16;4:00pm-4:59pm;9;9;16;4:00pm-4:59pm;12;12;16;4:00pm-4:59pm;28;28;0;None;0;None;0;None;1;0
13;Georgia;130122;1;1;0;0;1;1;0;21;BIBB (21);3390;MACON;1;1;2;February;2019;6;Friday;0;0:00am-0:59am;19;19;0;This section IS NOT on the NHS;4;County Road;CR-71 RIVOLI DR;WESLEYAN DR;2;Urban;5;Major Collector;2;County Highway Agency;45;45;32.87820556;32.87820556;-83.71732222;-83.71732222;0;No Special Jurisdiction;35;Embankment;0;The First Harmful Event was Not a Collision with a Motor Vehicle in Transport;0;No;3;Intersection-Related;3;T-Intersection;0;None;4;On Roadside;3;Dark - Lighted;1;Clear;0;No Additional Atmospheric Conditions;1;Clear;0;No;0;Not Applicable;0;0:00am-0:59am;24;24;0;0:00am-0:59am;29;29;0;0:00am-0:59am;51;51;0;None;0;None;0;None;1;0
13;Georgia;130140;1;1;0;0;1;1;0;137;HABERSHAM (137);0;NOT APPLICABLE;4;4;2;February;2019;2;Monday;8;8:00am-8:59am;18;18;0;This section IS NOT on the NHS;4;County Road;CR-597 GLADE CREEK PKWY;STONECYPHER RD;1;Rural;7;Local;2;County Highway Agency;10;10;34.60295833;34.60295833;-83.43416667;-83.43416667;0;No Special Jurisdiction;34;Ditch;0;The First Harmful Event was Not a Collision with a Motor Vehicle in Transport;0;No;3;Intersection-Related;3;T-Intersection;0;None;4;On Roadside;1;Daylight;1;Clear;0;No Additional Atmospheric Conditions;1;Clear;0;No;0;Not Applicable;99;Unknown;99;Unknown;99;Unknown EMS Scene Arrival Hour;99;Unknown EMS Scene Arrival Minutes;99;Unknown;99;Unknown EMS Hospital Arrival Time;0;None;0;None;0;None;1;0
13;Georgia;130142;2;2;0;0;2;2;0;57;CHEROKEE (57);0;NOT APPLICABLE;5;5;2;February;2019;3;Tuesday;6;6:00am-6:59am;37;37;0;This section IS NOT on the NHS;3;State Highway;SR-372 BALL GROUND HWY;SR-5BU CANTON  HWY;1;Rural;4;Minor Arterial;1;State Highway Agency;144;144;34.37014167;34.37014167;-84.37237778;-84.37237778;0;No Special Jurisdiction;12;Motor Vehicle In-Transport;6;Angle;0;No;2;Intersection;3;T-Intersection;0;None;1;On Roadway;2;Dark - Not Lighted;10;Cloudy;0;No Additional Atmospheric Conditions;10;Cloudy;0;No;0;Not Applicable;6;6:00am-6:59am;39;39;6;6:00am-6:59am;47;47;88;Not Applicable (Not Transported);88;Not Applicable (Not Transported);0;None;0;None;0;None;1;0
13;Georgia;130146;2;2;0;0;4;4;0;153;HOUSTON (153);0;NOT APPLICABLE;6;6;2;February;2019;4;Wednesday;14;2:00pm-2:59pm;42;42;0;This section IS NOT on the NHS;2;U.S. Highway;US-SR247;KOVAC RD;1;Rural;4;Minor Arterial;1;State Highway Agency;42;42;32.50848889;32.50848889;-83.60200556;-83.60200556;0;No Special Jurisdiction;12;Motor Vehicle In-Transport;1;Front-to-Rear;0;No;3;Intersection-Related;3;T-Intersection;0;None;1;On Roadway;1;Daylight;1;Clear;0;No Additional Atmospheric Conditions;1;Clear;0;No;0;Not Applicable;14;2:00pm-2:59pm;44;44;14;2:00pm-2:59pm;56;56;15;3:00pm-3:59pm;47;47;0;None;0;None;0;None;1;0
13;Georgia;130149;3;3;0;0;5;5;0;207;MONROE (207);0;NOT APPLICABLE;7;7;2;February;2019;5;Thursday;11;11:00am-11:59am;31;31;0;This section IS NOT on the NHS;3;State Highway;SR-74;DYAS SCHOOL RD;1;Rural;4;Minor Arterial;1;State Highway Agency;88;88;32.88096389;32.88096389;-83.99927778;-83.99927778;0;No Special Jurisdiction;12;Motor Vehicle In-Transport;1;Front-to-Rear;0;No;2;Intersection;3;T-Intersection;0;None;1;On Roadway;1;Daylight;1;Clear;0;No Additional Atmospheric Conditions;1;Clear;0;No;0;Not Applicable;99;Unknown;99;Unknown;99;Unknown EMS Scene Arrival Hour;99;Unknown EMS Scene Arrival Minutes;99;Unknown;99;Unknown EMS Hospital Arrival Time;0;None;0;None;0;None;1;0
13;Georgia;130160;1;1;0;1;1;1;1;63;CLAYTON (63);1250;COLLEGE PARK;10;10;2;February;2019;1;Sunday;22;10:00pm-10:59pm;52;52;0;This section IS NOT on the NHS;3;State Highway;SR-139 RIVERDALE RD;GARDEN WALK BLVD;2;Urban;4;Minor Arterial;1;State Highway Agency;22;22;33.59676944;33.59676944;-84.42893889;-84.42893889;0;No Special Jurisdiction;8;Pedestrian;0;The First Harmful Event was Not a Collision with a Motor Vehicle in Transport;0;No;3;Intersection-Related;3;T-Intersection;0;None;1;On Roadway;2;Dark - Not Lighted;2;Rain;0;No Additional Atmospheric Conditions;2;Rain;0;No;0;Not Applicable;22;10:00pm-10:59pm;52;52;23;11:00pm-11:59pm;0;0;88;Not Applicable (Not Transported);88;Not Applicable (Not Transported);0;None;0;None;0;None;1;0
13;Georgia;130168;2;2;0;0;2;2;0;111;FANNIN (111);0;NOT APPLICABLE;13;13;2;February;2019;4;Wednesday;17;5:00pm-5:59pm;8;8;0;This section IS NOT on the NHS;4;County Road;CR-MADOLA RD;LEBANON RD;1;Rural;5;Major Collector;2;County Highway Agency;34;34;34.94262778;34.94262778;-84.430175;-84.430175;0;No Special Jurisdiction;12;Motor Vehicle In-Transport;2;Front-to-Front;0;No;2;Intersection;3;T-Intersection;0;None;1;On Roadway;1;Daylight;1;Clear;0;No Additional Atmospheric Conditions;1;Clear;0;No;0;Not Applicable;17;5:00pm-5:59pm;5;5;17;5:00pm-5:59pm;14;14;17;5:00pm-5:59pm;48;48;0;None;0;None;0;None;1;0
13;Georgia;130184;1;1;0;0;1;1;0;195;MADISON (195);0;NOT APPLICABLE;21;21;2;February;2019;5;Thursday;21;9:00pm-9:59pm;58;58;0;This section IS NOT on the NHS;2;U.S. Highway;US-SR8;DOUBLE BRANCH RD;1;Rural;4;Minor Arterial;1;State Highway Agency;82;82;34.10869444;34.10869444;-83.23198333;-83.23198333;0;No Special Jurisdiction;32;Culvert;0;The First Harmful Event was Not a Collision with a Motor Vehicle in Transport;0;No;3;Intersection-Related;3;T-Intersection;0;None;4;On Roadside;2;Dark - Not Lighted;2;Rain;0;No Additional Atmospheric Conditions;2;Rain;0;No;0;Not Applicable;22;10:00pm-10:59pm;5;5;22;10:00pm-10:59pm;10;10;88;Not Applicable (Not Transported);88;Not Applicable (Not Transported);0;None;0;None;0;None;1;1
13;Georgia;130195;2;2;0;0;4;4;0;89;DEKALB (89);0;NOT APPLICABLE;24;24;2;February;2019;1;Sunday;18;6:00pm-6:59pm;1;1;0;This section IS NOT on the NHS;3;State Highway;SR-154 MEMORIAL DR;BEECH DR;2;Urban;4;Minor Arterial;1;State Highway Agency;52;52;33.75844722;33.75844722;-84.26275556;-84.26275556;0;No Special Jurisdiction;12;Motor Vehicle In-Transport;6;Angle;0;No;2;Intersection;3;T-Intersection;0;None;1;On Roadway;1;Daylight;1;Clear;0;No Additional Atmospheric Conditions;1;Clear;0;No;0;Not Applicable;18;6:00pm-6:59pm;9;9;18;6:00pm-6:59pm;15;15;18;6:00pm-6:59pm;32;32;0;None;0;None;0;None;1;0
13;Georgia;130209;1;1;0;1;3;3;1;135;GWINNETT (135);5300;SUWANEE;28;28;2;February;2019;5;Thursday;22;10:00pm-10:59pm;20;20;0;This section IS NOT on the NHS;3;State Highway;SR-317;REDBRIDGE AVE;2;Urban;4;Minor Arterial;1;State Highway Agency;6;6;34.03585556;34.03585556;-84.05262222;-84.05262222;0;No Special Jurisdiction;8;Pedestrian;0;The First Harmful Event was Not a Collision with a Motor Vehicle in Transport;0;No;3;Intersection-Related;3;T-Intersection;0;None;1;On Roadway;3;Dark - Lighted;10;Cloudy;0;No Additional Atmospheric Conditions;10;Cloudy;0;No;0;Not Applicable;22;10:00pm-10:59pm;21;21;22;10:00pm-10:59pm;25;25;22;10:00pm-10:59pm;49;49;0;None;0;None;0;None;1;0
13;Georgia;130212;3;3;0;0;5;5;0;213;MURRAY (213);0;NOT APPLICABLE;1;1;3;March;2019;6;Friday;7;7:00am-7:59am;13;13;0;This section IS NOT on the NHS;3;State Highway;SR-225;GRAND PRIX BLVD;2;Urban;4;Minor Arterial;1;State Highway Agency;98;98;34.74019444;34.74019444;-84.81995278;-84.81995278;0;No Special Jurisdiction;12;Motor Vehicle In-Transport;1;Front-to-Rear;0;No;3;Intersection-Related;3;T-Intersection;0;None;1;On Roadway;4;Dawn;2;Rain;0;No Additional Atmospheric Conditions;2;Rain;0;No;0;Not Applicable;7;7:00am-7:59am;12;12;7;7:00am-7:59am;20;20;7;7:00am-7:59am;55;55;0;None;0;None;0;None;1;0
13;Georgia;130239;2;2;0;0;6;6;0;51;CHATHAM (51);4910;SAVANNAH;7;7;3;March;2019;5;Thursday;12;12:00pm-12:59pm;35;35;1;This section IS ON the NHS;2;U.S. Highway;US-SR26 W VICTORY DR;WHITAKER ST;2;Urban;3;Principal Arterial - Other;1;State Highway Agency;181;181;32.05258056;32.05258056;-81.10302222;-81.10302222;0;No Special Jurisdiction;12;Motor Vehicle In-Transport;6;Angle;0;No;2;Intersection;3;T-Intersection;0;None;1;On Roadway;1;Daylight;1;Clear;0;No Additional Atmospheric Conditions;1;Clear;0;No;0;Not Applicable;12;12:00pm-12:59pm;36;36;12;12:00pm-12:59pm;47;47;12;12:00pm-12:59pm;56;56;0;None;0;None;0;None;1;0
13;Georgia;130279;2;2;0;0;2;2;0;305;WAYNE (305);0;NOT APPLICABLE;18;18;3;March;2019;2;Monday;17;5:00pm-5:59pm;0;0;0;This section IS NOT on the NHS;4;County Road;CR-NINE RUN RD;STANFIELD RD;1;Rural;5;Major Collector;2;County Highway Agency;14;14;31.50521667;31.50521667;-82.04321667;-82.04321667;0;No Special Jurisdiction;12;Motor Vehicle In-Transport;2;Front-to-Front;0;No;2;Intersection;3;T-Intersection;0;None;1;On Roadway;1;Daylight;1;Clear;0;No Additional Atmospheric Conditions;1;Clear;0;No;0;Not Applicable;17;5:00pm-5:59pm;3;3;17;5:00pm-5:59pm;12;12;18;6:00pm-6:59pm;6;6;0;None;0;None;0;None;1;0
13;Georgia;130298;2;2;0;0;3;3;0;195;MADISON (195);0;NOT APPLICABLE;23;23;3;March;2019;7;Saturday;16;4:00pm-4:59pm;50;50;0;This section IS NOT on the NHS;3;State Highway;SR-98;DRAPER RD;1;Rural;4;Minor Arterial;1;State Highway Agency;130;130;34.11259722;34.11259722;-83.18535;-83.18535;0;No Special Jurisdiction;12;Motor Vehicle In-Transport;6;Angle;0;No;2;Intersection;3;T-Intersection;0;None;1;On Roadway;1;Daylight;1;Clear;0;No Additional Atmospheric Conditions;1;Clear;0;No;0;Not Applicable;16;4:00pm-4:59pm;42;42;16;4:00pm-4:59pm;49;49;17;5:00pm-5:59pm;25;25;0;None;0;None;0;None;1;0
13;Georgia;130325;2;2;0;0;4;4;0;13;BARROW (13);300;AUBURN;30;30;3;March;2019;7;Saturday;17;5:00pm-5:59pm;0;0;0;This section IS NOT on the NHS;3;State Highway;SR-8;AUBURN PARK DR;2;Urban;3;Principal Arterial - Other;1;State Highway Agency;15;15;34.01135278;34.01135278;-83.84226389;-83.84226389;0;No Special Jurisdiction;12;Motor Vehicle In-Transport;6;Angle;0;No;2;Intersection;3;T-Intersection;0;None;1;On Roadway;1;Daylight;1;Clear;0;No Additional Atmospheric Conditions;1;Clear;0;No;0;Not Applicable;15;3:00pm-3:59pm;0;0;15;3:00pm-3:59pm;5;5;15;3:00pm-3:59pm;48;48;0;None;0;None;0;None;1;0
13;Georgia;130326;2;2;0;0;5;5;0;21;BIBB (21);3390;MACON;30;30;3;March;2019;7;Saturday;21;9:00pm-9:59pm;23;23;0;This section IS NOT on the NHS;6;Local Street - Municipality;SARDIS CHURCH RD;FRANK AMERSON PKWY;2;Urban;5;Major Collector;4;City or Municipal Highway Agency;17;17;32.71664722;32.71664722;-83.73488333;-83.73488333;0;No Special Jurisdiction;12;Motor Vehicle In-Transport;2;Front-to-Front;0;No;2;Intersection;3;T-Intersection;0;None;1;On Roadway;2;Dark - Not Lighted;1;Clear;0;No Additional Atmospheric Conditions;1;Clear;0;No;0;Not Applicable;99;Unknown;99;Unknown;99;Unknown EMS Scene Arrival Hour;99;Unknown EMS Scene Arrival Minutes;99;Unknown;99;Unknown EMS Hospital Arrival Time;0;None;0;None;0;None;1;1
13;Georgia;130342;1;1;0;1;1;1;1;153;HOUSTON (153);5790;WARNER ROBINS;2;2;4;April;2019;3;Tuesday;21;9:00pm-9:59pm;52;52;1;This section IS ON the NHS;3;State Highway;SR-247CO;KNODISHALL DR;2;Urban;3;Principal Arterial - Other;1;State Highway Agency;34;34;32.61828611;32.61828611;-83.65966944;-83.65966944;0;No Special Jurisdiction;8;Pedestrian;0;The First Harmful Event was Not a Collision with a Motor Vehicle in Transport;0;No;3;Intersection-Related;3;T-Intersection;0;None;1;On Roadway;1;Daylight;1;Clear;0;No Additional Atmospheric Conditions;1;Clear;0;No;0;Not Applicable;21;9:00pm-9:59pm;54;54;21;9:00pm-9:59pm;55;55;88;Not Applicable (Not Transported);88;Not Applicable (Not Transported);0;None;0;None;0;None;1;0