STATE;STATENAME;ST_CASE;VE_TOTAL;VE_FORMS;PVH_INVL;PEDS;PERSONS;PERMVIT;PERNOTMVIT;COUNTY;COUNTYNAME;CITY;CITYNAME;DAY;DAYNAME;MONTH;MONTHNAME;YEAR;DAY_WEEK;DAY_WEEKNAME;HOUR;HOURNAME;MINUTE;MINUTENAME;NHS;NHSNAME;ROUTE;ROUTENAME;TWAY_ID;TWAY_ID2;RUR_URB;RUR_URBNAME;FUNC_SYS;FUNC_SYSNAME;RD_OWNER;RD_OWNERNAME;MILEPT;MILEPTNAME;LATITUDE;LATITUDENAME;LONGITUD;LONGITUDNAME;SP_JUR;SP_JURNAME;HARM_EV;HARM_EVNAME;MAN_COLL;MAN_COLLNAME;RELJCT1;RELJCT1NAME;RELJCT2;RELJCT2NAME;TYP_INT;TYP_INTNAME;WRK_ZONE;WRK_ZONENAME;REL_ROAD;REL_ROADNAME;LGT_COND;LGT_CONDNAME;WEATHER1;WEATHER1NAME;WEATHER2;WEATHER2NAME;WEATHER;WEATHERNAME;SCH_BUS;SCH_BUSNAME;RAIL;RAILNAME;NOT_HOUR;NOT_HOURNAME;NOT_MIN;NOT_MINNAME;ARR_HOUR;ARR_HOURNAME;ARR_MIN;ARR_MINNAME;HOSP_HR;HOSP_HRNAME;HOSP_MN;HOSP_MNNAME;CF1;CF1NAME;CF2;CF2NAME;CF3;CF3NAME;FATALS;DRUNK_DR
13;Georgia;130348;2;2;0;0;2;2;0;193;MACON (193);0;NOT APPLICABLE;3;3;4;April;2019;4;Wednesday;11;11:00am-11:59am;59;59;0;This section IS NOT on the NHS;3;State Highway;SR-90;SR-128;1;Rural;4;Minor Arterial;1;State Highway Agency;98;98;32.32102222;32.32102222;-84.06823333;-84.06823333;0;No Special Jurisdiction;12;Motor Vehicle In-Transport;2;Front-to-Front;0;No;2;Intersection;3;T-Intersection;0;None;1;On Roadway;1;Daylight;1;Clear;0;No Additional Atmospheric Conditions;1;Clear;0;No;0;Not Applicable;11;11:00am-11:59am;59;59;12;12:00pm-12:59pm;8;8;13;1:00pm-1:59pm;16;16;0;None;0;None;0;None;1;0
13;Georgia;130357;2;2;0;0;3;3;0;293;UPSON (293);0;NOT APPLICABLE;5;5;4;April;2019;6;Friday;17;5:00pm-5:59pm;25;25;0;This section IS NOT on the NHS;3;State Highway;SR-36;DELRAY RD;1;Rural;4;Minor Arterial;1;State Highway Agency;141;141;32.94679722;32.94679722;-84.25556667;-84.25556667;0;No Special Jurisdiction;12;Motor Vehicle In-Transport;6;Angle;0;No;2;Intersection;3;T-Intersection;0;None;1;On Roadway;1;Daylight;1;Clear;0;No Additional Atmospheric Conditions;1;Clear;0;No;0;Not Applicable;17;5:00pm-5:59pm;32;32;99;Unknown EMS Scene Arrival Hour;99;Unknown EMS Scene Arrival Minutes;99;Unknown;99;Unknown EMS Hospital Arrival Time;0;None;0;None;0;None;1;0
13;Georgia;130360;2;2;0;0;3;3;0;45;CARROLL (45);970;CARROLLTON;7;7;4;April;2019;1;Sunday;12;12:00pm-12:59pm;42;42;0;This section IS NOT on the NHS;3;State Highway;SR-166CO NORTHSIDE DR;FIRE STATION DR;2;Urban;4;Minor Arterial;1;State Highway Agency;38;38;33.59607778;33.59607778;-85.04224722;-85.04224722;0;No Special Jurisdiction;12;Motor Vehicle In-Transport;6;Angle;0;No;2;Intersection;3;T-Intersection;0;None;1;On Roadway;1;Daylight;1;Clear;0;No Additional Atmospheric Conditions;1;Clear;0;No;0;Not Applicable;12;12:00pm-12:59pm;45;45;12;12:00pm-12:59pm;51;51;14;2:00pm-2:59pm;12;12;0;None;0;None;0;None;1;0
13;Georgia;130361;3;3;0;0;5;5;0;67;COBB (67);0;NOT APPLICABLE;7;7;4;April;2019;1;Sunday;16;4:00pm-4:59pm;44;44;0;This section IS NOT on the NHS;4;County Road;CR-2373 FLOYD RD;BATES RD;2;Urban;4;Minor Arterial;2;County Highway Agency;22;22;33.8474;33.8474;-84.5855;-84.5855;0;No Special Jurisdiction;12;Motor Vehicle In-Transport;6;Angle;0;No;3;Intersection-Related;3;T-Intersection;0;None;11;Continuous Left - Turn Lane;1;Daylight;1;Clear;0;No Additional Atmospheric Conditions;1;Clear;0;No;0;Not Applicable;16;4:00pm-4:59pm;45;45;16;4:00pm-4:59pm;48;48;17;5:00pm-5:59pm;15;15;0;None;0;None;0;None;2;0
13;Georgia;130378;2;2;0;0;2;2;0;67;COBB (67);3440;MARIETTA;12;12;4;April;2019;6;Friday;18;6:00pm-6:59pm;12;12;0;This section IS NOT on the NHS;3;State Highway;SR-5 ATLANTA ST;OLD CLAY ST;2;Urban;4;Minor Arterial;1;State Highway Agency;123;123;33.94338611;33.94338611;-84.54591111;-84.54591111;0;No Special Jurisdiction;12;Motor Vehicle In-Transport;6;Angle;0;No;2;Intersection;3;T-Intersection;0;None;1;On Roadway;1;Daylight;1;Clear;0;No Additional Atmospheric Conditions;1;Clear;0;No;0;Not Applicable;99;Unknown;99;Unknown;99;Unknown EMS Scene Arrival Hour;99;Unknown EMS Scene Arrival Minutes;99;Unknown;99;Unknown EMS Hospital Arrival Time;0;None;0;None;0;None;1;0
13;Georgia;130381;2;2;0;0;5;5;0;277;TIFT (277);0;NOT APPLICABLE;12;12;4;April;2019;6;Friday;12;12:00pm-12:59pm;41;41;0;This section IS NOT on the NHS;4;County Road;CR-214 CARPENTER RD;DAVIS RD;2;Urban;7;Local;2;County Highway Agency;7;7;31.4809;31.4809;-83.54276111;-83.54276111;0;No Special Jurisdiction;12;Motor Vehicle In-Transport;6;Angle;0;No;2;Intersection;3;T-Intersection;0;None;1;On Roadway;1;Daylight;1;Clear;0;No Additional Atmospheric Conditions;1;Clear;0;No;0;Not Applicable;12;12:00pm-12:59pm;35;35;12;12:00pm-12:59pm;40;40;13;1:00pm-1:59pm;2;2;0;None;0;None;0;None;1;0
13;Georgia;130387;2;2;0;0;2;2;0;15;BARTOW (15);0;NOT APPLICABLE;15;15;4;April;2019;2;Monday;12;12:00pm-12:59pm;50;50;1;This section IS ON the NHS;2;U.S. Highway;US-SR3;COLLINS DR;2;Urban;3;Principal Arterial - Other;1;State Highway Agency;102;102;34.1929;34.1929;-84.78901111;-84.78901111;0;No Special Jurisdiction;12;Motor Vehicle In-Transport;2;Front-to-Front;0;No;3;Intersection-Related;3;T-Intersection;0;None;1;On Roadway;1;Daylight;1;Clear;0;No Additional Atmospheric Conditions;1;Clear;0;No;0;Not Applicable;12;12:00pm-12:59pm;54;54;12;12:00pm-12:59pm;58;58;13;1:00pm-1:59pm;28;28;0;None;0;None;0;None;1;0
13;Georgia;130393;2;2;0;0;2;2;0;67;COBB (67);0;NOT APPLICABLE;17;17;4;April;2019;4;Wednesday;10;10:00am-10:59am;27;27;1;This section IS ON the NHS;2;U.S. Highway;US-SR8;JAMES RD;2;Urban;3;Principal Arterial - Other;1;State Highway Agency;28;28;33.81532222;33.81532222;-84.59778056;-84.59778056;0;No Special Jurisdiction;12;Motor Vehicle In-Transport;6;Angle;0;No;2;Intersection;3;T-Intersection;0;None;1;On Roadway;1;Daylight;1;Clear;0;No Additional Atmospheric Conditions;1;Clear;0;No;0;Not Applicable;10;10:00am-10:59am;27;27;10;10:00am-10:59am;34;34;11;11:00am-11:59am;13;13;0;None;0;None;0;None;1;0
13;Georgia;130396;1;1;0;0;1;1;0;287;TURNER (287);0;NOT APPLICABLE;17;17;4;April;2019;4;Wednesday;7;7:00am-7:59am;33;33;0;This section IS NOT on the NHS;3;State Highway;SR-107;THOMPSON RD;1;Rural;5;Major Collector;1;State Highway Agency;7;7;31.72350833;31.72350833;-83.58355278;-83.58355278;0;No Special Jurisdiction;32;Culvert;0;The First Harmful Event was Not a Collision with a Motor Vehicle in Transport;0;No;3;Intersection-Related;3;T-Intersection;0;None;4;On Roadside;1;Daylight;1;Clear;0;No Additional Atmospheric Conditions;1;Clear;0;No;0;Not Applicable;7;7:00am-7:59am;29;29;7;7:00am-7:59am;31;31;8;8:00am-8:59am;3;3;0;None;0;None;0;None;1;0
13;Georgia;130412;3;3;0;0;3;3;0;217;NEWTON (217);0;NOT APPLICABLE;22;22;4;April;2019;2;Monday;20;8:00pm-8:59pm;9;9;0;This section IS NOT on the NHS;4;County Road;CR-FLAT SHOALS RD;SUNNY DR;2;Urban;5;Major Collector;2;County Highway Agency;47;47;33.57282222;33.57282222;-83.87367778;-83.87367778;0;No Special Jurisdiction;12;Motor Vehicle In-Transport;6;Angle;0;No;2;Intersection;3;T-Intersection;0;None;1;On Roadway;2;Dark - Not Lighted;1;Clear;0;No Additional Atmospheric Conditions;1;Clear;0;No;0;Not Applicable;99;Unknown;99;Unknown;99;Unknown EMS Scene Arrival Hour;99;Unknown EMS Scene Arrival Minutes;99;Unknown;99;Unknown EMS Hospital Arrival Time;23;Indication of a Stalled/Disabled Vehicle;0;None;0;None;1;0
13;Georgia;130424;1;1;0;1;1;1;1;121;FULTON (121);280;ATLANTA;26;26;4;April;2019;6;Friday;9;9:00am-9:59am;38;38;1;This section IS ON the NHS;3;State Highway;SR-154 CAMPBELLTON RD;ALAN DR;2;Urban;3;Principal Arterial - Other;4;City or Municipal Highway Agency;220;220;33.69641111;33.69641111;-84.54357222;-84.54357222;0;No Special Jurisdiction;8;Pedestrian;0;The First Harmful Event was Not a Collision with a Motor Vehicle in Transport;0;No;3;Intersection-Related;3;T-Intersection;0;None;1;On Roadway;1;Daylight;1;Clear;0;No Additional Atmospheric Conditions;1;Clear;0;No;0;Not Applicable;99;Unknown;99;Unknown;99;Unknown EMS Scene Arrival Hour;99;Unknown EMS Scene Arrival Minutes;99;Unknown;99;Unknown EMS Hospital Arrival Time;0;None;0;None;0;None;1;0
13;Georgia;130436;2;2;0;0;5;5;0;227;PICKENS (227);0;NOT APPLICABLE;28;28;4;April;2019;1;Sunday;11;11:00am-11:59am;40;40;1;This section IS ON the NHS;3;State Highway;SR-5;SR-136;2;Urban;3;Principal Arterial - Other;1;State Highway Agency;118;118;34.51776667;34.51776667;-84.51904167;-84.51904167;0;No Special Jurisdiction;12;Motor Vehicle In-Transport;6;Angle;0;No;2;Intersection;3;T-Intersection;0;None;1;On Roadway;1;Daylight;1;Clear;0;No Additional Atmospheric Conditions;1;Clear;0;No;0;Not Applicable;11;11:00am-11:59am;41;41;11;11:00am-11:59am;50;50;12;12:00pm-12:59pm;43;43;0;None;0;None;0;None;1;0
13;Georgia;130437;2;2;0;0;4;4;0;227;PICKENS (227);2910;JASPER;28;28;4;April;2019;1;Sunday;19;7:00pm-7:59pm;0;0;0;This section IS NOT on the NHS;6;Local Street - Municipality;N MAIN ST;OLD FEDERAL RD;2;Urban;6;Minor Collector;4;City or Municipal Highway Agency;3;3;34.47153333;34.47153333;-84.43475;-84.43475;0;No Special Jurisdiction;12;Motor Vehicle In-Transport;6;Angle;0;No;2;Intersection;3;T-Intersection;0;None;1;On Roadway;1;Daylight;1;Clear;0;No Additional Atmospheric Conditions;1;Clear;0;No;0;Not Applicable;19;7:00pm-7:59pm;3;3;19;7:00pm-7:59pm;3;3;19;7:00pm-7:59pm;20;20;0;None;0;None;0;None;1;0
13;Georgia;130440;3;3;0;0;7;7;0;179;LIBERTY (179);0;NOT APPLICABLE;29;29;4;April;2019;2;Monday;5;5:00am-5:59am;48;48;0;This section IS NOT on the NHS;3;State Highway;SR-25;SMILEY HILL RD;1;Rural;4;Minor Arterial;1;State Highway Agency;102;102;31.77799167;31.77799167;-81.44207778;-81.44207778;0;No Special Jurisdiction;12;Motor Vehicle In-Transport;1;Front-to-Rear;0;No;2;Intersection;3;T-Intersection;0;None;1;On Roadway;2;Dark - Not Lighted;1;Clear;0;No Additional Atmospheric Conditions;1;Clear;0;No;0;Not Applicable;5;5:00am-5:59am;48;48;5;5:00am-5:59am;54;54;99;Unknown;99;Unknown EMS Hospital Arrival Time;0;None;0;None;0;None;2;0
13;Georgia;130445;1;1;0;1;1;1;1;73;COLUMBIA (73);2515;GROVETOWN;2;2;2;February;2019;7;Saturday;21;9:00pm-9:59pm;50;50;0;This section IS NOT on the NHS;6;Local Street - Municipality;OLD WRIGHTSBORO RD;KATHERINE ST;2;Urban;7;Local;4;City or Municipal Highway Agency;0;None;33.45725556;33.45725556;-82.19404167;-82.19404167;0;No Special Jurisdiction;8;Pedestrian;0;The First Harmful Event was Not a Collision with a Motor Vehicle in Transport;0;No;3;Intersection-Related;3;T-Intersection;0;None;1;On Roadway;6;Dark - Unknown Lighting;98;Not Reported;0;No Additional Atmospheric Conditions;98;Not Reported;0;No;0;Not Applicable;99;Unknown;99;Unknown;99;Unknown EMS Scene Arrival Hour;99;Unknown EMS Scene Arrival Minutes;99;Unknown;99;Unknown EMS Hospital Arrival Time;0;None;0;None;0;None;1;0
13;Georgia;130451;2;2;0;0;2;2;0;89;DEKALB (89);0;NOT APPLICABLE;2;2;5;May;2019;5;Thursday;12;12:00pm-12:59pm;25;25;0;This section IS NOT on the NHS;4;County Road;CR-5186 FLAKES MILL RD;MCGILL RD;2;Urban;4;Minor Arterial;2;County Highway Agency;31;31;33.66814444;33.66814444;-84.22601389;-84.22601389;0;No Special Jurisdiction;12;Motor Vehicle In-Transport;2;Front-to-Front;0;No;2;Intersection;3;T-Intersection;0;None;1;On Roadway;1;Daylight;1;Clear;0;No Additional Atmospheric Conditions;1;Clear;0;No;0;Not Applicable;12;12:00pm-12:59pm;27;27;12;12:00pm-12:59pm;28;28;88;Not Applicable (Not Transported);88;Not Applicable (Not Transported);0;None;0;None;0;None;2;1
13;Georgia;130459;3;3;0;0;5;5;0;319;WILKINSON (319);0;NOT APPLICABLE;4;4;5;May;2019;7;Saturday;7;7:00am-7:59am;27;27;1;This section IS ON the NHS;3;State Highway;SR-1085;SR-243;1;Rural;3;Principal Arterial - Other;1;State Highway Agency;0;None;32.93895278;32.93895278;-83.28739444;-83.28739444;0;No Special Jurisdiction;12;Motor Vehicle In-Transport;6;Angle;0;No;2;Intersection;3;T-Intersection;0;None;1;On Roadway;1;Daylight;10;Cloudy;0;No Additional Atmospheric Conditions;10;Cloudy;0;No;0;Not Applicable;7;7:00am-7:59am;27;27;7;7:00am-7:59am;40;40;88;Not Applicable (Not Transported);88;Not Applicable (Not Transported);14;Motor Vehicle struck by falling cargo,or something that came loose from or something that was set in motion by a vehicle;0;None;0;None;1;0
13;Georgia;130466;2;2;0;0;4;4;0;121;FULTON (121);280;ATLANTA;7;7;5;May;2019;3;Tuesday;21;9:00pm-9:59pm;37;37;0;This section IS NOT on the NHS;3;State Highway;SR-139 M L KING JR DR;ADAMSVILLE PL PKWY;2;Urban;4;Minor Arterial;1;State Highway Agency;155;155;33.76381944;33.76381944;-84.50952778;-84.50952778;0;No Special Jurisdiction;12;Motor Vehicle In-Transport;6;Angle;0;No;2;Intersection;3;T-Intersection;1;Construction;1;On Roadway;3;Dark - Lighted;1;Clear;0;No Additional Atmospheric Conditions;1;Clear;0;No;0;Not Applicable;21;9:00pm-9:59pm;41;41;21;9:00pm-9:59pm;53;53;99;Unknown;99;Unknown EMS Hospital Arrival Time;0;None;0;None;0;None;1;0
13;Georgia;130471;2;2;0;0;4;4;0;121;FULTON (121);280;ATLANTA;8;8;5;May;2019;4;Wednesday;20;8:00pm-8:59pm;14;14;0;This section IS NOT on the NHS;3;State Highway;SR-139 M L KING JR DR;PEYTON PL;2;Urban;4;Minor Arterial;1;State Highway Agency;134;134;33.75427222;33.75427222;-84.47640278;-84.47640278;0;No Special Jurisdiction;12;Motor Vehicle In-Transport;6;Angle;0;No;2;Intersection;3;T-Intersection;0;None;1;On Roadway;3;Dark - Lighted;1;Clear;0;No Additional Atmospheric Conditions;1;Clear;0;No;0;Not Applicable;20;8:00pm-8:59pm;14;14;20;8:00pm-8:59pm;21;21;20;8:00pm-8:59pm;45;45;0;None;0;None;0;None;1;1
13;Georgia;130494;2;2;0;0;2;2;0;97;DOUGLAS (97);0;NOT APPLICABLE;14;14;5;May;2019;3;Tuesday;11;11:00am-11:59am;30;30;0;This section IS NOT on the NHS;4;County Road;CR-2369 CHAPEL HILL RD;ASHFORD PL;2;Urban;4;Minor Arterial;1;State Highway Agency;47;47;33.67464722;33.67464722;-84.719;-84.719;0;No Special Jurisdiction;12;Motor Vehicle In-Transport;6;Angle;0;No;2;Intersection;3;T-Intersection;0;None;1;On Roadway;1;Daylight;1;Clear;0;No Additional Atmospheric Conditions;1;Clear;0;No;0;Not Applicable;11;11:00am-11:59am;34;34;11;11:00am-11:59am;50;50;99;Unknown;99;Unknown EMS Hospital Arrival Time;0;None;0;None;0;None;1;0
13;Georgia;130508;1;1;0;0;1;1;0;121;FULTON (121);280;ATLANTA;17;17;5;May;2019;6;Friday;23;11:00pm-11:59pm;45;45;1;This section IS ON the NHS;1;Interstate;I-85 RAMP;SR-236;2;Urban;1;Interstate;1;State Highway Agency;305;305;33.8207;33.8207;-84.36055;-84.36055;0;No Special Jurisdiction;42;Tree (Standing Only);0;The First Harmful Event was Not a Collision with a Motor Vehicle in Transport;1;Yes;3;Intersection-Related;3;T-Intersection;0;None;4;On Roadside;3;Dark - Lighted;1;Clear;0;No Additional Atmospheric Conditions;1;Clear;0;No;0;Not Applicable;99;Unknown;99;Unknown;99;Unknown EMS Scene Arrival Hour;99;Unknown EMS Scene Arrival Minutes;99;Unknown;99;Unknown EMS Hospital Arrival Time;0;None;0;None;0;None;1;0
13;Georgia;130509;2;2;0;0;3;3;0;133;GREENE (133);0;NOT APPLICABLE;17;17;5;May;2019;6;Friday;6;6:00am-6:59am;39;39;0;This section IS NOT on the NHS;2;U.S. Highway;US-SR12;BRICK HOUSE RD;1;Rural;4;Minor Arterial;1;State Highway Agency;154;154;33.60203889;33.60203889;-83.11599167;-83.11599167;0;No Special Jurisdiction;12;Motor Vehicle In-Transport;6;Angle;0;No;2;Intersection;3;T-Intersection;0;None;1;On Roadway;1;Daylight;1;Clear;0;No Additional Atmospheric Conditions;1;Clear;0;No;0;Not Applicable;6;6:00am-6:59am;49;49;6;6:00am-6:59am;47;47;99;Unknown;99;Unknown EMS Hospital Arrival Time;0;None;0;None;0;None;1;0
13;Georgia;130519;1;1;0;1;2;2;1;135;GWINNETT (135);3158;LILBURN;19;19;5;May;2019;1;Sunday;2;2:00am-2:59am;3;3;0;This section IS NOT on the NHS;6;Local Street - Municipality;INDIAN TRAIL RD;LAKE RIDGE TRL;2;Urban;4;Minor Arterial;4;City or Municipal Highway Agency;9;9;33.90183056;33.90183056;-84.1501;-84.1501;0;No Special Jurisdiction;8;Pedestrian;0;The First Harmful Event was Not a Collision with a Motor Vehicle in Transport;0;No;3;Intersection-Related;3;T-Intersection;0;None;1;On Roadway;3;Dark - Lighted;1;Clear;0;No Additional Atmospheric Conditions;1;Clear;0;No;0;Not Applicable;2;2:00am-2:59am;4;4;2;2:00am-2:59am;12;12;88;Not Applicable (Not Transported);88;Not Applicable (Not Transported);0;None;0;None;0;None;1;0
13;Georgia;130529;1;1;0;0;1;1;0;59;CLARKE (59);270;ATHENS;22;22;5;May;2019;4;Wednesday;19;7:00pm-7:59pm;54;54;1;This section IS ON the NHS;3;State Highway;SR-15AL JEFFERSON RD;LAKELAND DR;2;Urban;3;Principal Arterial - Other;1;State Highway Agency;79;79;34.00415556;34.00415556;-83.45202778;-83.45202778;0;No Special Jurisdiction;32;Culvert;0;The First Harmful Event was Not a Collision with a Motor Vehicle in Transport;0;No;3;Intersection-Related;3;T-Intersection;0;None;4;On Roadside;1;Daylight;1;Clear;0;No Additional Atmospheric Conditions;1;Clear;0;No;0;Not Applicable;19;7:00pm-7:59pm;57;57;20;8:00pm-8:59pm;3;3;20;8:00pm-8:59pm;18;18;0;None;0;None;0;None;1;0
13;Georgia;130547;2;2;0;0;3;3;0;311;WHITE (311);1190;CLEVELAND;25;25;5;May;2019;7;Saturday;15;3:00pm-3:59pm;49;49;1;This section IS ON the NHS;2;U.S. Highway;US-SR11;ADAIR MILL RD;1;Rural;3;Principal Arterial - Other;4;City or Municipal Highway Agency;113;113;34.63560278;34.63560278;-83.82786389;-83.82786389;0;No Special Jurisdiction;12;Motor Vehicle In-Transport;2;Front-to-Front;0;No;2;Intersection;3;T-Intersection;0;None;1;On Roadway;1;Daylight;1;Clear;0;No Additional Atmospheric Conditions;1;Clear;0;No;0;Not Applicable;15;3:00pm-3:59pm;53;53;15;3:00pm-3:59pm;58;58;16;4:00pm-4:59pm;58;58;0;None;0;None;0;None;1;0
13;Georgia;130563;2;2;0;0;4;4;0;45;CARROLL (45);0;NOT APPLICABLE;29;29;5;May;2019;4;Wednesday;11;11:00am-11:59am;30;30;1;This section IS ON the NHS;3;State Highway;SR-166;SALESBARN RD;2;Urban;3;Principal Arterial - Other;1;State Highway Agency;210;210;33.60980278;33.60980278;-85.01174167;-85.01174167;0;No Special Jurisdiction;12;Motor Vehicle In-Transport;6;Angle;0;No;2;Intersection;3;T-Intersection;0;None;1;On Roadway;1;Daylight;1;Clear;0;No Additional Atmospheric Conditions;1;Clear;0;No;0;Not Applicable;11;11:00am-11:59am;31;31;11;11:00am-11:59am;40;40;12;12:00pm-12:59pm;23;23;0;None;0;None;0;None;1;0
13;Georgia;130575;2;2;0;0;2;2;0;139;HALL (139);2285;GAINESVILLE;31;31;5;May;2019;6;Friday;1;1:00am-1:59am;55;55;0;This section IS NOT on the NHS;4;County Road;CR-BROWNS BRIDGE RD;GREEN CREST DR;2;Urban;3;Principal Arterial - Other;2;County Highway Agency;62;62;34.2781;34.2781;-83.85520278;-83.85520278;0;No Special Jurisdiction;12;Motor Vehicle In-Transport;6;Angle;0;No;2;Intersection;3;T-Intersection;0;None;1;On Roadway;2;Dark - Not Lighted;1;Clear;0;No Additional Atmospheric Conditions;1;Clear;0;No;0;Not Applicable;1;1:00am-1:59am;59;59;2;2:00am-2:59am;4;4;2;2:00am-2:59am;50;50;0;None;0;None;0;None;1;1
13;Georgia;130577;1;1;0;1;1;1;1;251;SCREVEN (251);0;NOT APPLICABLE;31;31;5;May;2019;6;Friday;1;1:00am-1:59am;22;22;1;This section IS ON the NHS;3;State Highway;SR-21;OLD SR-21;1;Rural;3;Principal Arterial - Other;1;State Highway Agency;40;40;32.598075;32.598075;-81.51245556;-81.51245556;0;No Special Jurisdiction;8;Pedestrian;0;The First Harmful Event was Not a Collision with a Motor Vehicle in Transport;0;No;3;Intersection-Related;3;T-Intersection;0;None;1;On Roadway;2;Dark - Not Lighted;1;Clear;0;No Additional Atmospheric Conditions;1;Clear;0;No;0;Not Applicable;1;1:00am-1:59am;22;22;1;1:00am-1:59am;30;30;88;Not Applicable (Not Transported);88;Not Applicable (Not Transported);0;None;0;None;0;None;1;0
13;Georgia;130579;3;3;0;0;5;5;0;297;WALTON (297);0;NOT APPLICABLE;16;16;5;May;2019;5;Thursday;8;8:00am-8:59am;21;21;1;This section IS ON the NHS;2;U.S. Highway;US-SR10;YOUTH MONROE RD;2;Urban;3;Principal Arterial - Other;1;State Highway Agency;70;70;33.80960556;33.80960556;-83.79731111;-83.79731111;0;No Special Jurisdiction;12;Motor Vehicle In-Transport;6;Angle;0;No;2;Intersection;3;T-Intersection;0;None;1;On Roadway;1;Daylight;1;Clear;0;No Additional Atmospheric Conditions;1;Clear;0;No;0;Not Applicable;8;8:00am-8:59am;23;23;8;8:00am-8:59am;34;34;9;9:00am-9:59am;11;11;0;None;0;None;0;None;1;0
13;Georgia;130584;1;1;0;0;1;1;0;121;FULTON (121);280;ATLANTA;1;1;6;June;2019;7;Saturday;5;5:00am-5:59am;33;33;0;This section IS NOT on the NHS;3;State Highway;SR-280 HAMILTON E HOLMES DR;BAKER RIDGE DR;2;Urban;4;Minor Arterial;1;State Highway Agency;13;13;33.77029167;33.77029167;-84.47306667;-84.47306667;0;No Special Jurisdiction;33;Curb;0;The First Harmful Event was Not a Collision with a Motor Vehicle in Transport;0;No;3;Intersection-Related;3;T-Intersection;0;None;4;On Roadside;3;Dark - Lighted;1;Clear;0;No Additional Atmospheric Conditions;1;Clear;0;No;0;Not Applicable;99;Unknown;98;Unknown if Notified;99;Unknown EMS Scene Arrival Hour;98;Unknown if Arrived;88;Not Applicable (Not Transported);88;Not Applicable (Not Transported);0;None;0;None;0;None;1;0
13;Georgia;130594;2;2;0;0;2;2;0;45;CARROLL (45);5420;TEMPLE;3;3;6;June;2019;2;Monday;13;1:00pm-1:59pm;20;20;0;This section IS NOT on the NHS;2;U.S. Highway;US-SR8;LAKEVIEW DR;2;Urban;5;Major Collector;1;State Highway Agency;3;3;33.73194722;33.73194722;-85.04450556;-85.04450556;0;No Special Jurisdiction;12;Motor Vehicle In-Transport;1;Front-to-Rear;0;No;2;Intersection;3;T-Intersection;0;None;1;On Roadway;1;Daylight;1;Clear;0;No Additional Atmospheric Conditions;1;Clear;0;No;0;Not Applicable;13;1:00pm-1:59pm;23;23;13;1:00pm-1:59pm;40;40;88;Not Applicable (Not Transported);88;Not Applicable (Not Transported);0;None;0;None;0;None;1;0
13;Georgia;130595;2;2;0;0;4;4;0;63;CLAYTON (63);0;NOT APPLICABLE;3;3;6;June;2019;2;Monday;17;5:00pm-5:59pm;42;42;1;This section IS ON the NHS;2;U.S. Highway;US-SR3 TARA BLVD;CARDINAL RD;2;Urban;3;Principal Arterial - Other;1;State Highway Agency;26;26;33.46390556;33.46390556;-84.3342;-84.3342;0;No Special Jurisdiction;12;Motor Vehicle In-Transport;6;Angle;0;No;2;Intersection;3;T-Intersection;0;None;1;On Roadway;1;Daylight;1;Clear;0;No Additional Atmospheric Conditions;1;Clear;0;No;0;Not Applicable;99;Unknown;99;Unknown;99;Unknown EMS Scene Arrival Hour;99;Unknown EMS Scene Arrival Minutes;99;Unknown;99;Unknown EMS Hospital Arrival Time;0;None;0;None;0;None;1;0
13;Georgia;130610;2;2;0;0;4;4;0;121;FULTON (121);2060;FAIRBURN;6;6;6;June;2019;5;Thursday;16;4:00pm-4:59pm;3;3;0;This section IS NOT on the NHS;2;U.S. Highway;US-SR14;JOHN RIVERS RD;2;Urban;4;Minor Arterial;1;State Highway Agency;50;50;33.54924444;33.54924444;-84.60475278;-84.60475278;0;No Special Jurisdiction;12;Motor Vehicle In-Transport;6;Angle;0;No;2;Intersection;3;T-Intersection;0;None;1;On Roadway;1;Daylight;10;Cloudy;0;No Additional Atmospheric Conditions;10;Cloudy;0;No;0;Not Applicable;16;4:00pm-4:59pm;3;3;16;4:00pm-4:59pm;11;11;17;5:00pm-5:59pm;13;13;0;None;0;None;0;None;1;0
13;Georgia;130615;1;1;0;0;1;1;0;127;GLYNN (127);0;NOT APPLICABLE;8;8;6;June;2019;7;Saturday;0;0:00am-0:59am;18;18;0;This section IS NOT on the NHS;4;County Road;CR-78 PERRY LANE RD;SOUTHVIEW TRACE RD;2;Urban;7;Local;2;County Highway Agency;6;6;31.2469;31.2469;-81.51608611;-81.51608611;0;No Special Jurisdiction;53;Mail Box;0;The First Harmful Event was Not a Collision with a Motor Vehicle in Transport;0;No;3;Intersection-Related;3;T-Intersection;0;None;4;On Roadside;2;Dark - Not Lighted;1;Clear;0;No Additional Atmospheric Conditions;1;Clear;0;No;0;Not Applicable;0;0:00am-0:59am;19;19;0;0:00am-0:59am;25;25;1;1:00am-1:59am;0;0;0;None;0;None;0;None;1;1
13;Georgia;130632;1;1;0;1;4;4;1;89;DEKALB (89);1140;CLARKSTON;13;13;6;June;2019;5;Thursday;16;4:00pm-4:59pm;14;14;0;This section IS NOT on the NHS;6;Local Street - Municipality;N INDIAN CREEK DR;DEBELLE ST;2;Urban;5;Major Collector;4;City or Municipal Highway Agency;1;1;33.80404722;33.80404722;-84.23891944;-84.23891944;0;No Special Jurisdiction;9;Pedalcyclist;0;The First Harmful Event was Not a Collision with a Motor Vehicle in Transport;0;No;3;Intersection-Related;3;T-Intersection;0;None;1;On Roadway;1;Daylight;1;Clear;0;No Additional Atmospheric Conditions;1;Clear;0;No;0;Not Applicable;16;4:00pm-4:59pm;18;18;16;4:00pm-4:59pm;24;24;16;4:00pm-4:59pm;37;37;0;None;0;None;0;None;1;0