STATE;STATENAME;ST_CASE;VE_TOTAL;VE_FORMS;PVH_INVL;PEDS;PERSONS;PERMVIT;PERNOTMVIT;COUNTY;COUNTYNAME;CITY;CITYNAME;DAY;DAYNAME;MONTH;MONTHNAME;YEAR;DAY_WEEK;DAY_WEEKNAME;HOUR;HOURNAME;MINUTE;MINUTENAME;NHS;NHSNAME;ROUTE;ROUTENAME;TWAY_ID;TWAY_ID2;RUR_URB;RUR_URBNAME;FUNC_SYS;FUNC_SYSNAME;RD_OWNER;RD_OWNERNAME;MILEPT;MILEPTNAME;LATITUDE;LATITUDENAME;LONGITUD;LONGITUDNAME;SP_JUR;SP_JURNAME;HARM_EV;HARM_EVNAME;MAN_COLL;MAN_COLLNAME;RELJCT1;RELJCT1NAME;RELJCT2;RELJCT2NAME;TYP_INT;TYP_INTNAME;WRK_ZONE;WRK_ZONENAME;REL_ROAD;REL_ROADNAME;LGT_COND;LGT_CONDNAME;WEATHER1;WEATHER1NAME;WEATHER2;WEATHER2NAME;WEATHER;WEATHERNAME;SCH_BUS;SCH_BUSNAME;RAIL;RAILNAME;NOT_HOUR;NOT_HOURNAME;NOT_MIN;NOT_MINNAME;ARR_HOUR;ARR_HOURNAME;ARR_MIN;ARR_MINNAME;HOSP_HR;HOSP_HRNAME;HOSP_MN;HOSP_MNNAME;CF1;CF1NAME;CF2;CF2NAME;CF3;CF3NAME;FATALS;DRUNK_DR
17;Illinois;170625;2;1;1;1;1;1;1;197;WILL (197);0;NOT APPLICABLE;22;22;9;September;2019;1;Sunday;21;9:00pm-9:59pm;24;24;0;This section IS NOT on the NHS;5;Local Street - Township;YATES AVE;OFFNER RD;1;Rural;7;Local;3;Town or Township Highway Agency;0;None;41.38508611;41.38508611;-87.55448889;-87.55448889;0;No Special Jurisdiction;14;Parked Motor Vehicle;0;The First Harmful Event was Not a Collision with a Motor Vehicle in Transport;0;No;3;Intersection-Related;3;T-Intersection;0;None;5;Outside Trafficway;2;Dark - Not Lighted;2;Rain;0;No Additional Atmospheric Conditions;2;Rain;0;No;0;Not Applicable;21;9:00pm-9:59pm;29;29;21;9:00pm-9:59pm;34;34;88;Not Applicable (Not Transported);88;Not Applicable (Not Transported);19;Recent/Previous Crash scene Nearby;0;None;0;None;1;1
17;Illinois;170629;1;1;0;0;1;1;0;97;LAKE (97);7560;ROUND LAKE BEACH;1;1;9;September;2019;1;Sunday;0;0:00am-0:59am;20;20;0;This section IS NOT on the NHS;4;County Road;CR-31 ROLLINS RD;HOOK DR;2;Urban;4;Minor Arterial;3;Town or Township Highway Agency;0;None;42.38194444;42.38194444;-88.05569167;-88.05569167;0;No Special Jurisdiction;33;Curb;0;The First Harmful Event was Not a Collision with a Motor Vehicle in Transport;0;No;3;Intersection-Related;3;T-Intersection;0;None;4;On Roadside;3;Dark - Lighted;2;Rain;0;No Additional Atmospheric Conditions;2;Rain;0;No;0;Not Applicable;0;0:00am-0:59am;21;21;0;0:00am-0:59am;27;27;88;Not Applicable (Not Transported);88;Not Applicable (Not Transported);0;None;0;None;0;None;1;1
17;Illinois;170634;1;1;0;1;1;1;1;31;COOK (31);5380;MATTESON;2;2;9;September;2019;2;Monday;9;9:00am-9:59am;15;15;1;This section IS ON the NHS;3;State Highway;SR-50 CICERO AVE;GATEWAY DR;2;Urban;3;Principal Arterial - Other;1;State Highway Agency;292;292;41.49703333;41.49703333;-87.73235556;-87.73235556;0;No Special Jurisdiction;9;Pedalcyclist;0;The First Harmful Event was Not a Collision with a Motor Vehicle in Transport;0;No;3;Intersection-Related;3;T-Intersection;0;None;1;On Roadway;1;Daylight;1;Clear;0;No Additional Atmospheric Conditions;1;Clear;0;No;0;Not Applicable;9;9:00am-9:59am;15;15;9;9:00am-9:59am;20;20;99;Unknown;99;Unknown EMS Hospital Arrival Time;0;None;0;None;0;None;1;0
17;Illinois;170655;1;1;0;1;1;1;1;31;COOK (31);1670;CHICAGO;5;5;5;May;2019;1;Sunday;11;11:00am-11:59am;45;45;0;This section IS NOT on the NHS;6;Local Street - Municipality;DEARBORN ST;DELEWARE PL;2;Urban;5;Major Collector;4;City or Municipal Highway Agency;0;None;41.89875;41.89875;-87.6298;-87.6298;0;No Special Jurisdiction;8;Pedestrian;0;The First Harmful Event was Not a Collision with a Motor Vehicle in Transport;0;No;3;Intersection-Related;3;T-Intersection;0;None;1;On Roadway;1;Daylight;1;Clear;0;No Additional Atmospheric Conditions;1;Clear;0;No;0;Not Applicable;11;11:00am-11:59am;48;48;11;11:00am-11:59am;54;54;99;Unknown;99;Unknown EMS Hospital Arrival Time;0;None;0;None;0;None;1;0
17;Illinois;170676;4;2;2;0;2;2;0;119;MADISON (119);160;ALTON;6;6;10;October;2019;1;Sunday;17;5:00pm-5:59pm;16;16;0;This section IS NOT on the NHS;6;Local Street - Municipality;BROOKSIDE AVE;RESIDENCE ST;2;Urban;7;Local;4;City or Municipal Highway Agency;0;None;38.88811111;38.88811111;-90.14101111;-90.14101111;0;No Special Jurisdiction;12;Motor Vehicle In-Transport;2;Front-to-Front;0;No;3;Intersection-Related;3;T-Intersection;0;None;1;On Roadway;1;Daylight;1;Clear;0;No Additional Atmospheric Conditions;1;Clear;0;No;0;Not Applicable;17;5:00pm-5:59pm;19;19;99;Unknown EMS Scene Arrival Hour;99;Unknown EMS Scene Arrival Minutes;99;Unknown;99;Unknown EMS Hospital Arrival Time;0;None;0;None;0;None;1;0
17;Illinois;170678;1;1;0;1;1;1;1;143;PEORIA (143);6850;PEORIA;11;11;10;October;2019;6;Friday;19;7:00pm-7:59pm;17;17;0;This section IS NOT on the NHS;6;Local Street - Municipality;W GLEN AVE;BIGELOW;2;Urban;4;Minor Arterial;4;City or Municipal Highway Agency;0;None;40.74668056;40.74668056;-89.59616111;-89.59616111;0;No Special Jurisdiction;8;Pedestrian;0;The First Harmful Event was Not a Collision with a Motor Vehicle in Transport;0;No;3;Intersection-Related;3;T-Intersection;0;None;1;On Roadway;3;Dark - Lighted;1;Clear;0;No Additional Atmospheric Conditions;1;Clear;0;No;0;Not Applicable;19;7:00pm-7:59pm;29;29;19;7:00pm-7:59pm;35;35;88;Not Applicable (Not Transported);88;Not Applicable (Not Transported);0;None;0;None;0;None;1;0
17;Illinois;170714;1;1;0;1;2;2;1;111;MCHENRY (111);0;NOT APPLICABLE;23;23;10;October;2019;4;Wednesday;5;5:00am-5:59am;55;55;1;This section IS ON the NHS;3;State Highway;SR-31;DANIEL DR;2;Urban;3;Principal Arterial - Other;1;State Highway Agency;421;421;42.2379;42.2379;-88.28663889;-88.28663889;0;No Special Jurisdiction;8;Pedestrian;0;The First Harmful Event was Not a Collision with a Motor Vehicle in Transport;0;No;3;Intersection-Related;3;T-Intersection;0;None;1;On Roadway;3;Dark - Lighted;1;Clear;0;No Additional Atmospheric Conditions;1;Clear;0;No;0;Not Applicable;99;Unknown;99;Unknown;99;Unknown EMS Scene Arrival Hour;99;Unknown EMS Scene Arrival Minutes;88;Not Applicable (Not Transported);88;Not Applicable (Not Transported);23;Indication of a Stalled/Disabled Vehicle;0;None;0;None;1;0
17;Illinois;170735;1;1;0;1;1;1;1;43;DUPAGE (43);5980;NAPERVILLE;1;1;10;October;2019;3;Tuesday;19;7:00pm-7:59pm;22;22;0;This section IS NOT on the NHS;6;Local Street - Municipality;ROYAL ST GEORGE;5TH AVE;2;Urban;7;Local;4;City or Municipal Highway Agency;0;None;41.78139444;41.78139444;-88.16556389;-88.16556389;0;No Special Jurisdiction;8;Pedestrian;0;The First Harmful Event was Not a Collision with a Motor Vehicle in Transport;0;No;3;Intersection-Related;3;T-Intersection;0;None;1;On Roadway;3;Dark - Lighted;1;Clear;0;No Additional Atmospheric Conditions;1;Clear;0;No;0;Not Applicable;99;Unknown;99;Unknown;99;Unknown EMS Scene Arrival Hour;99;Unknown EMS Scene Arrival Minutes;99;Unknown;99;Unknown EMS Hospital Arrival Time;0;None;0;None;0;None;1;0
17;Illinois;170740;1;1;0;0;2;2;0;97;LAKE (97);9100;WAUKEGAN;4;4;7;July;2019;5;Thursday;22;10:00pm-10:59pm;42;42;0;This section IS NOT on the NHS;4;County Road;CR-27  LEWIS AVE;BONNIE BROOK LN;2;Urban;4;Minor Arterial;2;County Highway Agency;0;None;42.40458333;42.40458333;-87.85504722;-87.85504722;0;No Special Jurisdiction;42;Tree (Standing Only);0;The First Harmful Event was Not a Collision with a Motor Vehicle in Transport;0;No;3;Intersection-Related;3;T-Intersection;0;None;4;On Roadside;3;Dark - Lighted;1;Clear;0;No Additional Atmospheric Conditions;1;Clear;0;No;0;Not Applicable;22;10:00pm-10:59pm;42;42;22;10:00pm-10:59pm;45;45;99;Unknown;99;Unknown EMS Hospital Arrival Time;0;None;0;None;0;None;1;1
17;Illinois;170748;1;1;0;0;1;1;0;137;MORGAN (137);4250;JACKSONVILLE;28;28;9;September;2019;7;Saturday;12;12:00pm-12:59pm;3;3;1;This section IS ON the NHS;2;U.S. Highway;US-67  SR-267  MAIN ST;MINOR DR;2;Urban;3;Principal Arterial - Other;1;State Highway Agency;17;17;39.69733333;39.69733333;-90.229275;-90.229275;0;No Special Jurisdiction;1;Rollover/Overturn;0;The First Harmful Event was Not a Collision with a Motor Vehicle in Transport;0;No;3;Intersection-Related;3;T-Intersection;0;None;4;On Roadside;1;Daylight;1;Clear;0;No Additional Atmospheric Conditions;1;Clear;0;No;0;Not Applicable;12;12:00pm-12:59pm;3;3;12;12:00pm-12:59pm;10;10;99;Unknown;99;Unknown EMS Hospital Arrival Time;0;None;0;None;0;None;1;1
17;Illinois;170803;2;2;0;0;2;2;0;93;KENDALL (93);0;NOT APPLICABLE;14;14;11;November;2019;5;Thursday;12;12:00pm-12:59pm;22;22;0;This section IS NOT on the NHS;5;Local Street - Township;GRISWOLD SPRINGS RD;LITTLE ROCK RD;2;Urban;5;Major Collector;3;Town or Township Highway Agency;0;None;41.64610556;41.64610556;-88.557;-88.557;0;No Special Jurisdiction;12;Motor Vehicle In-Transport;6;Angle;0;No;2;Intersection;3;T-Intersection;0;None;1;On Roadway;1;Daylight;1;Clear;0;No Additional Atmospheric Conditions;1;Clear;0;No;0;Not Applicable;12;12:00pm-12:59pm;22;22;12;12:00pm-12:59pm;44;44;99;Unknown;99;Unknown EMS Hospital Arrival Time;0;None;0;None;0;None;1;0
17;Illinois;170833;3;3;0;0;7;7;0;99;LASALLE (99);0;NOT APPLICABLE;26;26;11;November;2019;3;Tuesday;17;5:00pm-5:59pm;40;40;1;This section IS ON the NHS;3;State Highway;SR-71;E 2975TH RD;1;Rural;3;Principal Arterial - Other;1;State Highway Agency;497;497;41.52395556;41.52395556;-88.60413889;-88.60413889;0;No Special Jurisdiction;12;Motor Vehicle In-Transport;1;Front-to-Rear;0;No;2;Intersection;3;T-Intersection;0;None;1;On Roadway;3;Dark - Lighted;2;Rain;0;No Additional Atmospheric Conditions;2;Rain;0;No;0;Not Applicable;17;5:00pm-5:59pm;40;40;17;5:00pm-5:59pm;47;47;99;Unknown;99;Unknown EMS Hospital Arrival Time;0;None;0;None;0;None;1;0
17;Illinois;170845;1;1;0;1;1;1;1;97;LAKE (97);9100;WAUKEGAN;21;21;11;November;2019;5;Thursday;6;6:00am-6:59am;36;36;0;This section IS NOT on the NHS;6;Local Street - Municipality;BELVIDERE ST;KELLER AVE;2;Urban;4;Minor Arterial;1;State Highway Agency;0;None;42.35008056;42.35008056;-87.86443889;-87.86443889;0;No Special Jurisdiction;8;Pedestrian;0;The First Harmful Event was Not a Collision with a Motor Vehicle in Transport;0;No;3;Intersection-Related;3;T-Intersection;0;None;1;On Roadway;3;Dark - Lighted;2;Rain;0;No Additional Atmospheric Conditions;2;Rain;0;No;0;Not Applicable;6;6:00am-6:59am;36;36;6;6:00am-6:59am;40;40;99;Unknown;99;Unknown EMS Hospital Arrival Time;0;None;0;None;0;None;1;0
17;Illinois;170846;1;1;0;0;1;1;0;31;COOK (31);1670;CHICAGO;25;25;11;November;2019;2;Monday;1;1:00am-1:59am;55;55;1;This section IS ON the NHS;2;U.S. Highway;US-41  LAKE SHORE DR;57TH DR;2;Urban;3;Principal Arterial - Other;1;State Highway Agency;17;17;41.79255556;41.79255556;-87.5802;-87.5802;0;No Special Jurisdiction;93;Unknown Fixed Object;0;The First Harmful Event was Not a Collision with a Motor Vehicle in Transport;0;No;3;Intersection-Related;3;T-Intersection;0;None;3;On Median;3;Dark - Lighted;1;Clear;0;No Additional Atmospheric Conditions;1;Clear;0;No;0;Not Applicable;1;1:00am-1:59am;57;57;2;2:00am-2:59am;0;0;99;Unknown;99;Unknown EMS Hospital Arrival Time;0;None;0;None;0;None;1;0
17;Illinois;170847;2;2;0;0;3;3;0;55;FRANKLIN (55);760;BENTON;23;23;11;November;2019;7;Saturday;18;6:00pm-6:59pm;10;10;1;This section IS ON the NHS;3;State Highway;SR-14 BAILEY LN;FAIRLAND ST;2;Urban;4;Minor Arterial;1;State Highway Agency;187;187;38.00918333;38.00918333;-88.91312222;-88.91312222;0;No Special Jurisdiction;12;Motor Vehicle In-Transport;6;Angle;0;No;2;Intersection;3;T-Intersection;0;None;1;On Roadway;3;Dark - Lighted;1;Clear;0;No Additional Atmospheric Conditions;1;Clear;0;No;0;Not Applicable;18;6:00pm-6:59pm;10;10;18;6:00pm-6:59pm;11;11;99;Unknown;99;Unknown EMS Hospital Arrival Time;0;None;0;None;0;None;1;0
17;Illinois;170852;2;2;0;0;2;2;0;31;COOK (31);980;BRIDGEVIEW;4;4;6;June;2019;3;Tuesday;5;5:00am-5:59am;37;37;0;This section IS NOT on the NHS;6;Local Street - Municipality;71ST ST;BELOIT AVE;2;Urban;5;Major Collector;4;City or Municipal Highway Agency;0;None;41.762525;41.762525;-87.80754722;-87.80754722;0;No Special Jurisdiction;12;Motor Vehicle In-Transport;6;Angle;0;No;2;Intersection;3;T-Intersection;0;None;1;On Roadway;1;Daylight;10;Cloudy;0;No Additional Atmospheric Conditions;10;Cloudy;0;No;0;Not Applicable;5;5:00am-5:59am;37;37;5;5:00am-5:59am;43;43;99;Unknown;99;Unknown EMS Hospital Arrival Time;0;None;0;None;0;None;1;0
17;Illinois;170874;2;2;0;0;2;2;0;31;COOK (31);7350;RIVERSIDE;5;5;12;December;2019;5;Thursday;21;9:00pm-9:59pm;35;35;0;This section IS NOT on the NHS;6;Local Street - Municipality;DES PLAINES AVE;31ST ST;2;Urban;5;Major Collector;1;State Highway Agency;0;None;41.83548333;41.83548333;-87.82255556;-87.82255556;0;No Special Jurisdiction;12;Motor Vehicle In-Transport;6;Angle;0;No;2;Intersection;3;T-Intersection;0;None;1;On Roadway;3;Dark - Lighted;1;Clear;0;No Additional Atmospheric Conditions;1;Clear;0;No;0;Not Applicable;21;9:00pm-9:59pm;36;36;21;9:00pm-9:59pm;38;38;99;Unknown;99;Unknown EMS Hospital Arrival Time;0;None;0;None;0;None;1;0
17;Illinois;170878;1;1;0;0;1;1;0;89;KANE (89);7640;SAINT CHARLES;3;3;12;December;2019;3;Tuesday;9;9:00am-9:59am;48;48;0;This section IS NOT on the NHS;6;Local Street - Municipality;PRAIRIE ST;RIVERSIDE AVE;1;Rural;5;Major Collector;4;City or Municipal Highway Agency;33;33;41.909325;41.909325;-88.30859722;-88.30859722;0;No Special Jurisdiction;33;Curb;0;The First Harmful Event was Not a Collision with a Motor Vehicle in Transport;0;No;3;Intersection-Related;3;T-Intersection;0;None;4;On Roadside;1;Daylight;1;Clear;0;No Additional Atmospheric Conditions;1;Clear;0;No;0;Not Applicable;9;9:00am-9:59am;48;48;9;9:00am-9:59am;52;52;99;Unknown;99;Unknown EMS Hospital Arrival Time;0;None;0;None;0;None;1;0
17;Illinois;170893;2;2;0;0;2;2;0;201;WINNEBAGO (201);0;NOT APPLICABLE;14;14;11;November;2019;5;Thursday;15;3:00pm-3:59pm;40;40;0;This section IS NOT on the NHS;4;County Road;CR-28  AUBURN RD;WELDON RD;1;Rural;3;Principal Arterial - Other;2;County Highway Agency;0;None;42.29446111;42.29446111;-89.19403889;-89.19403889;0;No Special Jurisdiction;12;Motor Vehicle In-Transport;2;Front-to-Front;0;No;3;Intersection-Related;3;T-Intersection;0;None;1;On Roadway;1;Daylight;1;Clear;0;No Additional Atmospheric Conditions;1;Clear;0;No;0;Not Applicable;15;3:00pm-3:59pm;40;40;15;3:00pm-3:59pm;46;46;99;Unknown;99;Unknown EMS Hospital Arrival Time;0;None;0;None;0;None;1;1
17;Illinois;170904;2;2;0;0;6;6;0;119;MADISON (119);2640;EDWARDSVILLE;17;17;8;August;2019;7;Saturday;12;12:00pm-12:59pm;28;28;1;This section IS ON the NHS;3;State Highway;SR-157  BLUFF RD;HARMONY RD;2;Urban;3;Principal Arterial - Other;1;State Highway Agency;124;124;38.76593611;38.76593611;-90.00393889;-90.00393889;0;No Special Jurisdiction;12;Motor Vehicle In-Transport;6;Angle;0;No;3;Intersection-Related;3;T-Intersection;0;None;1;On Roadway;1;Daylight;1;Clear;0;No Additional Atmospheric Conditions;1;Clear;0;No;0;Not Applicable;12;12:00pm-12:59pm;28;28;12;12:00pm-12:59pm;28;28;99;Unknown;99;Unknown EMS Hospital Arrival Time;0;None;0;None;0;None;1;0
17;Illinois;170917;1;1;0;0;1;1;0;201;WINNEBAGO (201);0;NOT APPLICABLE;24;24;12;December;2019;3;Tuesday;19;7:00pm-7:59pm;26;26;1;This section IS ON the NHS;3;State Highway;SR-2;PRAIRIE RD;1;Rural;3;Principal Arterial - Other;1;State Highway Agency;474;474;42.1897;42.1897;-89.14506111;-89.14506111;0;No Special Jurisdiction;35;Embankment;0;The First Harmful Event was Not a Collision with a Motor Vehicle in Transport;0;No;3;Intersection-Related;3;T-Intersection;0;None;4;On Roadside;3;Dark - Lighted;1;Clear;0;No Additional Atmospheric Conditions;1;Clear;0;No;0;Not Applicable;99;Unknown;99;Unknown;99;Unknown EMS Scene Arrival Hour;99;Unknown EMS Scene Arrival Minutes;88;Not Applicable (Not Transported);88;Not Applicable (Not Transported);0;None;0;None;0;None;1;0
17;Illinois;170930;2;2;0;0;2;2;0;197;WILL (197);0;NOT APPLICABLE;22;22;12;December;2019;1;Sunday;11;11:00am-11:59am;9;9;0;This section IS NOT on the NHS;3;State Highway;SR-171;BRUCE RD;2;Urban;4;Minor Arterial;1;State Highway Agency;0;None;41.56763611;41.56763611;-88.06829167;-88.06829167;0;No Special Jurisdiction;12;Motor Vehicle In-Transport;6;Angle;0;No;3;Intersection-Related;3;T-Intersection;0;None;1;On Roadway;1;Daylight;1;Clear;0;No Additional Atmospheric Conditions;1;Clear;0;No;0;Not Applicable;11;11:00am-11:59am;9;9;11;11:00am-11:59am;9;9;99;Unknown;99;Unknown EMS Hospital Arrival Time;0;None;0;None;0;None;1;0
17;Illinois;170948;1;1;0;1;1;1;1;31;COOK (31);1670;CHICAGO;26;26;12;December;2019;5;Thursday;15;3:00pm-3:59pm;7;7;0;This section IS NOT on the NHS;8;Other;ALLEY;GARFIELD BLVD;6;Trafficway Not in State Inventory;96;Trafficway Not in State Inventory;96;Trafficway Not in State Inventory;0;None;41.795125;41.795125;-87.6327;-87.6327;0;No Special Jurisdiction;8;Pedestrian;0;The First Harmful Event was Not a Collision with a Motor Vehicle in Transport;0;No;3;Intersection-Related;3;T-Intersection;0;None;1;On Roadway;1;Daylight;1;Clear;0;No Additional Atmospheric Conditions;1;Clear;0;No;0;Not Applicable;15;3:00pm-3:59pm;99;Unknown;15;3:00pm-3:59pm;15;15;99;Unknown;99;Unknown EMS Hospital Arrival Time;0;None;0;None;0;None;1;0
18;Indiana;180008;2;2;0;0;2;2;0;131;PULASKI (131);0;NOT APPLICABLE;8;8;1;January;2019;3;Tuesday;11;11:00am-11:59am;30;30;1;This section IS ON the NHS;2;U.S. Highway;US-421N;CR-600;1;Rural;3;Principal Arterial - Other;1;State Highway Agency;99998;Not Reported;40.97009444;40.97009444;-86.89156944;-86.89156944;0;No Special Jurisdiction;12;Motor Vehicle In-Transport;1;Front-to-Rear;0;No;2;Intersection;3;T-Intersection;0;None;1;On Roadway;1;Daylight;1;Clear;0;No Additional Atmospheric Conditions;1;Clear;0;No;0;Not Applicable;99;Unknown;99;Unknown;99;Unknown EMS Scene Arrival Hour;99;Unknown EMS Scene Arrival Minutes;88;Not Applicable (Not Transported);88;Not Applicable (Not Transported);0;None;0;None;0;None;1;0
18;Indiana;180018;3;3;0;0;7;7;0;57;HAMILTON (57);5180;WESTFIELD;18;18;1;January;2019;6;Friday;20;8:00pm-8:59pm;36;36;0;This section IS NOT on the NHS;3;State Highway;SR-32E;WILLOW CREEK WAY;1;Rural;3;Principal Arterial - Other;1;State Highway Agency;99998;Not Reported;40.04285556;40.04285556;-86.11595833;-86.11595833;0;No Special Jurisdiction;12;Motor Vehicle In-Transport;1;Front-to-Rear;0;No;3;Intersection-Related;3;T-Intersection;0;None;1;On Roadway;2;Dark - Not Lighted;1;Clear;0;No Additional Atmospheric Conditions;1;Clear;0;No;0;Not Applicable;99;Unknown;99;Unknown;99;Unknown EMS Scene Arrival Hour;99;Unknown EMS Scene Arrival Minutes;99;Unknown;99;Unknown EMS Hospital Arrival Time;0;None;0;None;0;None;1;1
18;Indiana;180041;2;2;0;0;2;2;0;133;PUTNAM (133);0;NOT APPLICABLE;2;2;2;February;2019;7;Saturday;19;7:00pm-7:59pm;43;43;1;This section IS ON the NHS;2;U.S. Highway;US-40W;CR-200;1;Rural;3;Principal Arterial - Other;1;State Highway Agency;99998;Not Reported;39.56821667;39.56821667;-86.88613611;-86.88613611;0;No Special Jurisdiction;12;Motor Vehicle In-Transport;6;Angle;0;No;2;Intersection;3;T-Intersection;0;None;1;On Roadway;2;Dark - Not Lighted;5;Fog, Smog, Smoke;0;No Additional Atmospheric Conditions;5;Fog, Smog, Smoke;0;No;0;Not Applicable;99;Unknown;99;Unknown;99;Unknown EMS Scene Arrival Hour;99;Unknown EMS Scene Arrival Minutes;88;Not Applicable (Not Transported);88;Not Applicable (Not Transported);0;None;0;None;0;None;1;0
18;Indiana;180050;2;2;0;0;2;2;0;57;HAMILTON (57);1540;FISHERS;3;3;2;February;2019;1;Sunday;18;6:00pm-6:59pm;6;6;0;This section IS NOT on the NHS;5;Local Street - Township;E 116TH ST;BELLE PLAINE BLVD;2;Urban;3;Principal Arterial - Other;4;City or Municipal Highway Agency;99998;Not Reported;39.95736389;39.95736389;-85.97004167;-85.97004167;0;No Special Jurisdiction;12;Motor Vehicle In-Transport;2;Front-to-Front;0;No;2;Intersection;3;T-Intersection;0;None;1;On Roadway;5;Dusk;1;Clear;0;No Additional Atmospheric Conditions;1;Clear;0;No;0;Not Applicable;99;Unknown;99;Unknown;99;Unknown EMS Scene Arrival Hour;99;Unknown EMS Scene Arrival Minutes;99;Unknown;99;Unknown EMS Hospital Arrival Time;0;None;0;None;0;None;1;1
18;Indiana;180053;1;1;0;1;1;1;1;97;MARION (97);2210;INDIANAPOLIS;6;6;2;February;2019;4;Wednesday;21;9:00pm-9:59pm;34;34;0;This section IS NOT on the NHS;6;Local Street - Municipality;ENGLISH AVE;GRAY ST;2;Urban;4;Minor Arterial;4;City or Municipal Highway Agency;99998;Not Reported;39.75987778;39.75987778;-86.11165278;-86.11165278;0;No Special Jurisdiction;9;Pedalcyclist;0;The First Harmful Event was Not a Collision with a Motor Vehicle in Transport;0;No;3;Intersection-Related;3;T-Intersection;0;None;1;On Roadway;3;Dark - Lighted;2;Rain;0;No Additional Atmospheric Conditions;2;Rain;0;No;0;Not Applicable;99;Unknown;99;Unknown;99;Unknown EMS Scene Arrival Hour;99;Unknown EMS Scene Arrival Minutes;88;Not Applicable (Not Transported);88;Not Applicable (Not Transported);0;None;0;None;0;None;1;0
18;Indiana;180098;2;2;0;0;6;6;0;133;PUTNAM (133);0;NOT APPLICABLE;2;2;3;March;2019;7;Saturday;17;5:00pm-5:59pm;15;15;1;This section IS ON the NHS;2;U.S. Highway;US-231;US-236;1;Rural;3;Principal Arterial - Other;1;State Highway Agency;99998;Not Reported;39.85055556;39.85055556;-86.895675;-86.895675;0;No Special Jurisdiction;12;Motor Vehicle In-Transport;1;Front-to-Rear;0;No;2;Intersection;3;T-Intersection;0;None;1;On Roadway;1;Daylight;10;Cloudy;0;No Additional Atmospheric Conditions;10;Cloudy;0;No;0;Not Applicable;99;Unknown;99;Unknown;99;Unknown EMS Scene Arrival Hour;99;Unknown EMS Scene Arrival Minutes;99;Unknown;99;Unknown EMS Hospital Arrival Time;0;None;0;None;0;None;1;0
18;Indiana;180109;2;2;0;0;2;2;0;97;MARION (97);2210;INDIANAPOLIS;28;28;2;February;2019;5;Thursday;13;1:00pm-1:59pm;13;13;0;This section IS NOT on the NHS;6;Local Street - Municipality;THOMPSON RD;SHERMAN DR;2;Urban;4;Minor Arterial;4;City or Municipal Highway Agency;99998;Not Reported;39.69418889;39.69418889;-86.101375;-86.101375;0;No Special Jurisdiction;12;Motor Vehicle In-Transport;1;Front-to-Rear;0;No;2;Intersection;3;T-Intersection;0;None;1;On Roadway;1;Daylight;1;Clear;0;No Additional Atmospheric Conditions;1;Clear;0;No;0;Not Applicable;99;Unknown;99;Unknown;99;Unknown EMS Scene Arrival Hour;99;Unknown EMS Scene Arrival Minutes;99;Unknown;99;Unknown EMS Hospital Arrival Time;0;None;0;None;0;None;1;0
18;Indiana;180153;2;2;0;0;3;3;0;5;BARTHOLOMEW (5);0;NOT APPLICABLE;6;6;4;April;2019;7;Saturday;20;8:00pm-8:59pm;24;24;0;This section IS NOT on the NHS;4;County Road;CR-650S;CR-100W;1;Rural;7;Local;2;County Highway Agency;99998;Not Reported;39.10566667;39.10566667;-85.92920556;-85.92920556;0;No Special Jurisdiction;12;Motor Vehicle In-Transport;6;Angle;0;No;3;Intersection-Related;3;T-Intersection;0;None;1;On Roadway;2;Dark - Not Lighted;10;Cloudy;0;No Additional Atmospheric Conditions;10;Cloudy;0;No;0;Not Applicable;99;Unknown;99;Unknown;99;Unknown EMS Scene Arrival Hour;99;Unknown EMS Scene Arrival Minutes;99;Unknown;99;Unknown EMS Hospital Arrival Time;0;None;0;None;0;None;1;1
18;Indiana;180196;1;1;0;0;1;1;0;97;MARION (97);2210;INDIANAPOLIS;21;21;4;April;2019;1;Sunday;1;1:00am-1:59am;16;16;0;This section IS NOT on the NHS;6;Local Street - Municipality;MITTHOEFER;JOHN JAY DR;2;Urban;4;Minor Arterial;4;City or Municipal Highway Agency;99998;Not Reported;39.81993611;39.81993611;-85.99103889;-85.99103889;0;No Special Jurisdiction;30;Utility Pole/Light Support;0;The First Harmful Event was Not a Collision with a Motor Vehicle in Transport;0;No;3;Intersection-Related;3;T-Intersection;0;None;4;On Roadside;3;Dark - Lighted;1;Clear;0;No Additional Atmospheric Conditions;1;Clear;0;No;0;Not Applicable;99;Unknown;98;Unknown if Notified;99;Unknown EMS Scene Arrival Hour;98;Unknown if Arrived;99;Unknown;98;Unknown if Transported;0;None;0;None;0;None;1;1
18;Indiana;180273;1;1;0;1;1;1;1;85;KOSCIUSKO (85);5110;WARSAW;10;10;6;June;2019;2;Monday;13;1:00pm-1:59pm;46;46;0;This section IS NOT on the NHS;5;Local Street - Township;HUSKY TRL;NORTH POINTE DR;2;Urban;4;Minor Arterial;4;City or Municipal Highway Agency;99998;Not Reported;41.25526389;41.25526389;-85.82339444;-85.82339444;0;No Special Jurisdiction;8;Pedestrian;0;The First Harmful Event was Not a Collision with a Motor Vehicle in Transport;0;No;3;Intersection-Related;3;T-Intersection;0;None;1;On Roadway;1;Daylight;1;Clear;0;No Additional Atmospheric Conditions;1;Clear;0;No;0;Not Applicable;99;Unknown;98;Unknown if Notified;99;Unknown EMS Scene Arrival Hour;98;Unknown if Arrived;99;Unknown;98;Unknown if Transported;21;Within Designated School Zone;0;None;0;None;1;0