STATE;STATENAME;ST_CASE;VE_TOTAL;VE_FORMS;PVH_INVL;PEDS;PERSONS;PERMVIT;PERNOTMVIT;COUNTY;COUNTYNAME;CITY;CITYNAME;DAY;DAYNAME;MONTH;MONTHNAME;YEAR;DAY_WEEK;DAY_WEEKNAME;HOUR;HOURNAME;MINUTE;MINUTENAME;NHS;NHSNAME;ROUTE;ROUTENAME;TWAY_ID;TWAY_ID2;RUR_URB;RUR_URBNAME;FUNC_SYS;FUNC_SYSNAME;RD_OWNER;RD_OWNERNAME;MILEPT;MILEPTNAME;LATITUDE;LATITUDENAME;LONGITUD;LONGITUDNAME;SP_JUR;SP_JURNAME;HARM_EV;HARM_EVNAME;MAN_COLL;MAN_COLLNAME;RELJCT1;RELJCT1NAME;RELJCT2;RELJCT2NAME;TYP_INT;TYP_INTNAME;WRK_ZONE;WRK_ZONENAME;REL_ROAD;REL_ROADNAME;LGT_COND;LGT_CONDNAME;WEATHER1;WEATHER1NAME;WEATHER2;WEATHER2NAME;WEATHER;WEATHERNAME;SCH_BUS;SCH_BUSNAME;RAIL;RAILNAME;NOT_HOUR;NOT_HOURNAME;NOT_MIN;NOT_MINNAME;ARR_HOUR;ARR_HOURNAME;ARR_MIN;ARR_MINNAME;HOSP_HR;HOSP_HRNAME;HOSP_MN;HOSP_MNNAME;CF1;CF1NAME;CF2;CF2NAME;CF3;CF3NAME;FATALS;DRUNK_DR
18;Indiana;180274;2;2;0;0;4;4;0;141;ST. JOSEPH (141);3100;MISHAWAKA;7;7;6;June;2019;6;Friday;16;4:00pm-4:59pm;56;56;0;This section IS NOT on the NHS;3;State Highway;SR-23W;FLORENCE AVE;2;Urban;3;Principal Arterial - Other;1;State Highway Agency;99998;Not Reported;41.72556111;41.72556111;-86.17322778;-86.17322778;0;No Special Jurisdiction;12;Motor Vehicle In-Transport;6;Angle;0;No;2;Intersection;3;T-Intersection;0;None;1;On Roadway;1;Daylight;1;Clear;0;No Additional Atmospheric Conditions;1;Clear;0;No;0;Not Applicable;99;Unknown;99;Unknown;99;Unknown EMS Scene Arrival Hour;99;Unknown EMS Scene Arrival Minutes;88;Not Applicable (Not Transported);88;Not Applicable (Not Transported);0;None;0;None;0;None;1;0
18;Indiana;180293;2;2;0;0;2;2;0;97;MARION (97);2210;INDIANAPOLIS;27;27;5;May;2019;2;Monday;21;9:00pm-9:59pm;52;52;0;This section IS NOT on the NHS;6;Local Street - Municipality;34TH ST;OLNEY ST;2;Urban;5;Major Collector;4;City or Municipal Highway Agency;99998;Not Reported;39.81815556;39.81815556;-86.10701944;-86.10701944;0;No Special Jurisdiction;12;Motor Vehicle In-Transport;6;Angle;0;No;2;Intersection;3;T-Intersection;0;None;1;On Roadway;3;Dark - Lighted;1;Clear;0;No Additional Atmospheric Conditions;1;Clear;0;No;0;Not Applicable;99;Unknown;99;Unknown;99;Unknown EMS Scene Arrival Hour;99;Unknown EMS Scene Arrival Minutes;99;Unknown;99;Unknown EMS Hospital Arrival Time;0;None;0;None;0;None;1;1
18;Indiana;180298;1;1;0;1;1;1;1;97;MARION (97);2210;INDIANAPOLIS;14;14;6;June;2019;6;Friday;22;10:00pm-10:59pm;4;4;0;This section IS NOT on the NHS;5;Local Street - Township;SOUTHEASTERN AVE;FERGUSON RD;2;Urban;5;Major Collector;4;City or Municipal Highway Agency;99998;Not Reported;39.7163;39.7163;-86.0303;-86.0303;0;No Special Jurisdiction;8;Pedestrian;0;The First Harmful Event was Not a Collision with a Motor Vehicle in Transport;0;No;2;Intersection;3;T-Intersection;0;None;1;On Roadway;2;Dark - Not Lighted;2;Rain;0;No Additional Atmospheric Conditions;2;Rain;0;No;0;Not Applicable;99;Unknown;98;Unknown if Notified;99;Unknown EMS Scene Arrival Hour;98;Unknown if Arrived;99;Unknown;98;Unknown if Transported;0;None;0;None;0;None;1;0
18;Indiana;180314;2;2;0;0;4;4;0;75;JAY (75);0;NOT APPLICABLE;29;29;6;June;2019;7;Saturday;18;6:00pm-6:59pm;33;33;0;This section IS NOT on the NHS;3;State Highway;SR-67W;CR-1250;1;Rural;4;Minor Arterial;1;State Highway Agency;99998;Not Reported;40.31329444;40.31329444;-85.21539722;-85.21539722;0;No Special Jurisdiction;12;Motor Vehicle In-Transport;6;Angle;0;No;3;Intersection-Related;3;T-Intersection;0;None;1;On Roadway;1;Daylight;1;Clear;0;No Additional Atmospheric Conditions;1;Clear;0;No;0;Not Applicable;99;Unknown;99;Unknown;99;Unknown EMS Scene Arrival Hour;99;Unknown EMS Scene Arrival Minutes;99;Unknown;99;Unknown EMS Hospital Arrival Time;0;None;0;None;0;None;1;0
18;Indiana;180321;2;2;0;0;5;5;0;3;ALLEN (3);1580;FORT WAYNE;1;1;7;July;2019;2;Monday;14;2:00pm-2:59pm;6;6;0;This section IS NOT on the NHS;6;Local Street - Municipality;LAFAYETTE ST;ESMOND ST;2;Urban;3;Principal Arterial - Other;4;City or Municipal Highway Agency;99998;Not Reported;41.05824722;41.05824722;-85.13296111;-85.13296111;0;No Special Jurisdiction;12;Motor Vehicle In-Transport;6;Angle;0;No;2;Intersection;3;T-Intersection;0;None;1;On Roadway;1;Daylight;1;Clear;0;No Additional Atmospheric Conditions;1;Clear;0;No;0;Not Applicable;99;Unknown;99;Unknown;99;Unknown EMS Scene Arrival Hour;99;Unknown EMS Scene Arrival Minutes;99;Unknown;99;Unknown EMS Hospital Arrival Time;0;None;0;None;0;None;1;0
18;Indiana;180359;2;2;0;0;2;2;0;89;LAKE (89);4300;SAINT JOHN;9;9;5;May;2019;5;Thursday;18;6:00pm-6:59pm;26;26;1;This section IS ON the NHS;2;U.S. Highway;US-41S;101ST PL;2;Urban;3;Principal Arterial - Other;1;State Highway Agency;99998;Not Reported;41.43716667;41.43716667;-87.46995556;-87.46995556;0;No Special Jurisdiction;12;Motor Vehicle In-Transport;6;Angle;0;No;2;Intersection;3;T-Intersection;0;None;1;On Roadway;1;Daylight;1;Clear;0;No Additional Atmospheric Conditions;1;Clear;0;No;0;Not Applicable;99;Unknown;99;Unknown;99;Unknown EMS Scene Arrival Hour;99;Unknown EMS Scene Arrival Minutes;99;Unknown;99;Unknown EMS Hospital Arrival Time;0;None;0;None;0;None;1;0
18;Indiana;180363;2;2;0;0;2;2;0;97;MARION (97);310;BEECH GROVE;19;19;7;July;2019;6;Friday;13;1:00pm-1:59pm;26;26;0;This section IS NOT on the NHS;5;Local Street - Township;EMERSON AVE;MAIN ST;2;Urban;3;Principal Arterial - Other;4;City or Municipal Highway Agency;99998;Not Reported;39.721725;39.721725;-86.08258333;-86.08258333;0;No Special Jurisdiction;12;Motor Vehicle In-Transport;6;Angle;0;No;2;Intersection;3;T-Intersection;0;None;1;On Roadway;1;Daylight;1;Clear;0;No Additional Atmospheric Conditions;1;Clear;0;No;0;Not Applicable;99;Unknown;99;Unknown;99;Unknown EMS Scene Arrival Hour;99;Unknown EMS Scene Arrival Minutes;99;Unknown;99;Unknown EMS Hospital Arrival Time;0;None;0;None;0;None;1;0
18;Indiana;180370;2;2;0;0;3;3;0;25;CRAWFORD (25);1460;ENGLISH;9;9;7;July;2019;3;Tuesday;10;10:00am-10:59am;50;50;0;This section IS NOT on the NHS;3;State Highway;SR-64W;KAISER RD;2;Urban;3;Principal Arterial - Other;1;State Highway Agency;99998;Not Reported;38.329625;38.329625;-86.61851389;-86.61851389;0;No Special Jurisdiction;12;Motor Vehicle In-Transport;8;Sideswipe - Opposite Direction;0;No;2;Intersection;3;T-Intersection;0;None;1;On Roadway;1;Daylight;1;Clear;0;No Additional Atmospheric Conditions;1;Clear;0;No;0;Not Applicable;99;Unknown;99;Unknown;99;Unknown EMS Scene Arrival Hour;99;Unknown EMS Scene Arrival Minutes;99;Unknown;99;Unknown EMS Hospital Arrival Time;0;None;0;None;0;None;1;0
18;Indiana;180372;2;2;0;0;2;2;0;163;VANDERBURGH (163);0;NOT APPLICABLE;24;24;7;July;2019;4;Wednesday;15;3:00pm-3:59pm;44;44;0;This section IS NOT on the NHS;5;Local Street - Township;FISCHER RD;DEER LAKE DR;1;Rural;7;Local;4;City or Municipal Highway Agency;99998;Not Reported;38.07775;38.07775;-87.61634722;-87.61634722;0;No Special Jurisdiction;12;Motor Vehicle In-Transport;6;Angle;0;No;2;Intersection;3;T-Intersection;0;None;1;On Roadway;1;Daylight;1;Clear;0;No Additional Atmospheric Conditions;1;Clear;0;No;0;Not Applicable;99;Unknown;99;Unknown;99;Unknown EMS Scene Arrival Hour;99;Unknown EMS Scene Arrival Minutes;88;Not Applicable (Not Transported);88;Not Applicable (Not Transported);0;None;0;None;0;None;1;0
18;Indiana;180376;2;2;0;0;6;6;0;3;ALLEN (3);1580;FORT WAYNE;20;20;7;July;2019;7;Saturday;16;4:00pm-4:59pm;15;15;0;This section IS NOT on the NHS;6;Local Street - Municipality;E JEFFERSON BLVD;WEBSTER;2;Urban;3;Principal Arterial - Other;4;City or Municipal Highway Agency;99998;Not Reported;41.07580833;41.07580833;-85.14186944;-85.14186944;0;No Special Jurisdiction;12;Motor Vehicle In-Transport;1;Front-to-Rear;0;No;2;Intersection;3;T-Intersection;0;None;1;On Roadway;1;Daylight;1;Clear;0;No Additional Atmospheric Conditions;1;Clear;0;No;0;Not Applicable;99;Unknown;99;Unknown;99;Unknown EMS Scene Arrival Hour;99;Unknown EMS Scene Arrival Minutes;99;Unknown;99;Unknown EMS Hospital Arrival Time;0;None;0;None;0;None;1;0
18;Indiana;180410;2;2;0;0;2;2;0;63;HENDRICKS (63);0;NOT APPLICABLE;12;12;8;August;2019;2;Monday;6;6:00am-6:59am;25;25;0;This section IS NOT on the NHS;5;Local Street - Township;JEFF GORDON;COMMERCE WAY;1;Rural;5;Major Collector;4;City or Municipal Highway Agency;99998;Not Reported;39.88171111;39.88171111;-86.47276944;-86.47276944;0;No Special Jurisdiction;12;Motor Vehicle In-Transport;6;Angle;0;No;2;Intersection;3;T-Intersection;0;None;1;On Roadway;2;Dark - Not Lighted;1;Clear;0;No Additional Atmospheric Conditions;1;Clear;0;No;0;Not Applicable;99;Unknown;98;Unknown if Notified;99;Unknown EMS Scene Arrival Hour;98;Unknown if Arrived;99;Unknown;98;Unknown if Transported;0;None;0;None;0;None;1;0
18;Indiana;180417;2;2;0;0;3;3;0;67;HOWARD (67);2430;KOKOMO;9;9;8;August;2019;6;Friday;17;5:00pm-5:59pm;45;45;0;This section IS NOT on the NHS;5;Local Street - Township;ALTO RD;WEBSTER ST;2;Urban;4;Minor Arterial;4;City or Municipal Highway Agency;99998;Not Reported;40.44064444;40.44064444;-86.13509444;-86.13509444;0;No Special Jurisdiction;1;Rollover/Overturn;0;The First Harmful Event was Not a Collision with a Motor Vehicle in Transport;0;No;2;Intersection;3;T-Intersection;0;None;1;On Roadway;1;Daylight;1;Clear;0;No Additional Atmospheric Conditions;1;Clear;0;No;0;Not Applicable;99;Unknown;99;Unknown;99;Unknown EMS Scene Arrival Hour;99;Unknown EMS Scene Arrival Minutes;99;Unknown;99;Unknown EMS Hospital Arrival Time;0;None;0;None;0;None;1;0
18;Indiana;180442;2;2;0;0;2;2;0;39;ELKHART (39);1410;ELKHART;23;23;8;August;2019;6;Friday;10;10:00am-10:59am;7;7;0;This section IS NOT on the NHS;4;County Road;CR-5S;TREVA ST;2;Urban;4;Minor Arterial;2;County Highway Agency;99998;Not Reported;41.75886667;41.75886667;-86.03967222;-86.03967222;0;No Special Jurisdiction;12;Motor Vehicle In-Transport;6;Angle;0;No;2;Intersection;3;T-Intersection;0;None;1;On Roadway;1;Daylight;1;Clear;0;No Additional Atmospheric Conditions;1;Clear;0;No;0;Not Applicable;99;Unknown;98;Unknown if Notified;99;Unknown EMS Scene Arrival Hour;98;Unknown if Arrived;99;Unknown;98;Unknown if Transported;0;None;0;None;0;None;1;0
18;Indiana;180443;1;1;0;0;1;1;0;39;ELKHART (39);480;BRISTOL;24;24;8;August;2019;7;Saturday;20;8:00pm-8:59pm;33;33;0;This section IS NOT on the NHS;4;County Road;CR-108;CR-27;2;Urban;7;Local;2;County Highway Agency;99998;Not Reported;41.71040833;41.71040833;-85.79293056;-85.79293056;0;No Special Jurisdiction;42;Tree (Standing Only);0;The First Harmful Event was Not a Collision with a Motor Vehicle in Transport;0;No;3;Intersection-Related;3;T-Intersection;0;None;4;On Roadside;1;Daylight;1;Clear;0;No Additional Atmospheric Conditions;1;Clear;0;No;0;Not Applicable;99;Unknown;98;Unknown if Notified;99;Unknown EMS Scene Arrival Hour;98;Unknown if Arrived;99;Unknown;98;Unknown if Transported;0;None;0;None;0;None;1;1
18;Indiana;180487;2;2;0;0;2;2;0;39;ELKHART (39);0;NOT APPLICABLE;12;12;9;September;2019;5;Thursday;17;5:00pm-5:59pm;25;25;1;This section IS ON the NHS;2;U.S. Highway;US-6;US-33;1;Rural;3;Principal Arterial - Other;1;State Highway Agency;99998;Not Reported;41.45126667;41.45126667;-85.69726389;-85.69726389;0;No Special Jurisdiction;12;Motor Vehicle In-Transport;6;Angle;0;No;2;Intersection;3;T-Intersection;0;None;1;On Roadway;1;Daylight;1;Clear;0;No Additional Atmospheric Conditions;1;Clear;0;No;0;Not Applicable;99;Unknown;98;Unknown if Notified;99;Unknown EMS Scene Arrival Hour;98;Unknown if Arrived;99;Unknown;98;Unknown if Transported;0;None;0;None;0;None;1;0
18;Indiana;180523;2;2;0;0;2;2;0;65;HENRY (65);0;NOT APPLICABLE;26;26;9;September;2019;5;Thursday;6;6:00am-6:59am;47;47;1;This section IS ON the NHS;3;State Highway;SR-3S;MIDWAY DR;2;Urban;3;Principal Arterial - Other;1;State Highway Agency;99998;Not Reported;39.91326667;39.91326667;-85.38488611;-85.38488611;0;No Special Jurisdiction;12;Motor Vehicle In-Transport;6;Angle;0;No;2;Intersection;3;T-Intersection;0;None;1;On Roadway;3;Dark - Lighted;1;Clear;0;No Additional Atmospheric Conditions;1;Clear;0;No;0;Not Applicable;99;Unknown;99;Unknown;99;Unknown EMS Scene Arrival Hour;99;Unknown EMS Scene Arrival Minutes;99;Unknown;99;Unknown EMS Hospital Arrival Time;0;None;0;None;0;None;1;0
18;Indiana;180548;2;2;0;0;5;5;0;67;HOWARD (67);0;NOT APPLICABLE;28;28;9;September;2019;7;Saturday;13;1:00pm-1:59pm;59;59;0;This section IS NOT on the NHS;3;State Highway;SR-26E;CR-200E;1;Rural;4;Minor Arterial;1;State Highway Agency;99998;Not Reported;40.41938889;40.41938889;-86.08758611;-86.08758611;0;No Special Jurisdiction;12;Motor Vehicle In-Transport;6;Angle;0;No;2;Intersection;3;T-Intersection;0;None;1;On Roadway;1;Daylight;1;Clear;0;No Additional Atmospheric Conditions;1;Clear;0;No;0;Not Applicable;99;Unknown;99;Unknown;99;Unknown EMS Scene Arrival Hour;99;Unknown EMS Scene Arrival Minutes;99;Unknown;99;Unknown EMS Hospital Arrival Time;0;None;0;None;0;None;1;0
18;Indiana;180562;2;2;0;0;4;4;0;89;LAKE (89);1730;GARY;4;4;10;October;2019;6;Friday;2;2:00am-2:59am;38;38;0;This section IS NOT on the NHS;6;Local Street - Municipality;GRANT ST;I-94 RAMP;2;Urban;4;Minor Arterial;4;City or Municipal Highway Agency;99998;Not Reported;41.57050833;41.57050833;-87.35605833;-87.35605833;0;No Special Jurisdiction;12;Motor Vehicle In-Transport;6;Angle;0;No;2;Intersection;3;T-Intersection;0;None;1;On Roadway;3;Dark - Lighted;10;Cloudy;0;No Additional Atmospheric Conditions;10;Cloudy;0;No;0;Not Applicable;99;Unknown;98;Unknown if Notified;99;Unknown EMS Scene Arrival Hour;98;Unknown if Arrived;99;Unknown;98;Unknown if Transported;20;Police Pursuit Involved;0;None;0;None;3;0
18;Indiana;180570;2;2;0;0;2;2;0;141;ST. JOSEPH (141);0;NOT APPLICABLE;12;12;10;October;2019;7;Saturday;18;6:00pm-6:59pm;58;58;0;This section IS NOT on the NHS;5;Local Street - Township;ASH RD;BYRKIT DR;1;Rural;5;Major Collector;4;City or Municipal Highway Agency;99998;Not Reported;41.64443333;41.64443333;-86.060875;-86.060875;0;No Special Jurisdiction;12;Motor Vehicle In-Transport;6;Angle;0;No;2;Intersection;3;T-Intersection;0;None;1;On Roadway;1;Daylight;1;Clear;0;No Additional Atmospheric Conditions;1;Clear;0;No;0;Not Applicable;99;Unknown;99;Unknown;99;Unknown EMS Scene Arrival Hour;99;Unknown EMS Scene Arrival Minutes;99;Unknown;99;Unknown EMS Hospital Arrival Time;0;None;0;None;0;None;1;0
18;Indiana;180585;2;2;0;0;2;2;0;41;FAYETTE (41);1000;CONNERSVILLE;9;9;8;August;2019;6;Friday;17;5:00pm-5:59pm;47;47;0;This section IS NOT on the NHS;3;State Highway;SR-1N;IOWA AVE;2;Urban;3;Principal Arterial - Other;1;State Highway Agency;99998;Not Reported;39.67164444;39.67164444;-85.1374;-85.1374;0;No Special Jurisdiction;1;Rollover/Overturn;0;The First Harmful Event was Not a Collision with a Motor Vehicle in Transport;0;No;2;Intersection;3;T-Intersection;0;None;1;On Roadway;1;Daylight;1;Clear;0;No Additional Atmospheric Conditions;1;Clear;0;No;0;Not Applicable;99;Unknown;99;Unknown;99;Unknown EMS Scene Arrival Hour;99;Unknown EMS Scene Arrival Minutes;99;Unknown;99;Unknown EMS Hospital Arrival Time;0;None;0;None;0;None;1;0
18;Indiana;180595;2;2;0;0;4;4;0;29;DEARBORN (29);0;NOT APPLICABLE;28;28;9;September;2019;7;Saturday;16;4:00pm-4:59pm;15;15;0;This section IS NOT on the NHS;2;U.S. Highway;US-52;I-74 RAMP;1;Rural;3;Principal Arterial - Other;1;State Highway Agency;99998;Not Reported;39.27836389;39.27836389;-84.85675833;-84.85675833;0;No Special Jurisdiction;12;Motor Vehicle In-Transport;2;Front-to-Front;1;Yes;2;Intersection;3;T-Intersection;0;None;1;On Roadway;1;Daylight;1;Clear;0;No Additional Atmospheric Conditions;1;Clear;0;No;0;Not Applicable;99;Unknown;99;Unknown;99;Unknown EMS Scene Arrival Hour;99;Unknown EMS Scene Arrival Minutes;99;Unknown;99;Unknown EMS Hospital Arrival Time;0;None;0;None;0;None;1;0
18;Indiana;180605;1;1;0;1;3;3;1;53;GRANT (53);2850;MARION;19;19;10;October;2019;7;Saturday;22;10:00pm-10:59pm;51;51;0;This section IS NOT on the NHS;3;State Highway;SR-9S;38TH ST;1;Rural;3;Principal Arterial - Other;1;State Highway Agency;99998;Not Reported;40.52386667;40.52386667;-85.67349167;-85.67349167;0;No Special Jurisdiction;8;Pedestrian;0;The First Harmful Event was Not a Collision with a Motor Vehicle in Transport;0;No;2;Intersection;3;T-Intersection;0;None;1;On Roadway;3;Dark - Lighted;1;Clear;0;No Additional Atmospheric Conditions;1;Clear;0;No;0;Not Applicable;99;Unknown;99;Unknown;99;Unknown EMS Scene Arrival Hour;99;Unknown EMS Scene Arrival Minutes;99;Unknown;99;Unknown EMS Hospital Arrival Time;0;None;0;None;0;None;1;0
18;Indiana;180614;3;3;0;0;3;3;0;103;MIAMI (103);0;NOT APPLICABLE;22;22;10;October;2019;3;Tuesday;7;7:00am-7:59am;58;58;1;This section IS ON the NHS;2;U.S. Highway;US-31;BUS 31 HWY;1;Rural;3;Principal Arterial - Other;1;State Highway Agency;99998;Not Reported;40.72601111;40.72601111;-86.12588889;-86.12588889;0;No Special Jurisdiction;12;Motor Vehicle In-Transport;1;Front-to-Rear;0;No;2;Intersection;3;T-Intersection;0;None;1;On Roadway;1;Daylight;10;Cloudy;0;No Additional Atmospheric Conditions;10;Cloudy;0;No;0;Not Applicable;99;Unknown;99;Unknown;99;Unknown EMS Scene Arrival Hour;99;Unknown EMS Scene Arrival Minutes;99;Unknown;99;Unknown EMS Hospital Arrival Time;0;None;0;None;0;None;1;1
18;Indiana;180639;2;2;0;0;2;2;0;97;MARION (97);2210;INDIANAPOLIS;28;28;10;October;2019;2;Monday;15;3:00pm-3:59pm;58;58;0;This section IS NOT on the NHS;6;Local Street - Municipality;BROOKVILLE RD;AUBUDON RD;2;Urban;4;Minor Arterial;4;City or Municipal Highway Agency;99998;Not Reported;39.75927222;39.75927222;-86.07020556;-86.07020556;0;No Special Jurisdiction;12;Motor Vehicle In-Transport;6;Angle;0;No;2;Intersection;3;T-Intersection;0;None;1;On Roadway;1;Daylight;1;Clear;0;No Additional Atmospheric Conditions;1;Clear;0;No;0;Not Applicable;99;Unknown;99;Unknown;99;Unknown EMS Scene Arrival Hour;99;Unknown EMS Scene Arrival Minutes;99;Unknown;99;Unknown EMS Hospital Arrival Time;0;None;0;None;0;None;1;0
18;Indiana;180640;2;2;0;0;4;4;0;35;DELAWARE (35);0;NOT APPLICABLE;25;25;10;October;2019;6;Friday;15;3:00pm-3:59pm;48;48;0;This section IS NOT on the NHS;3;State Highway;SR-3N;CR-1100;1;Rural;4;Minor Arterial;1;State Highway Agency;99998;Not Reported;40.34884167;40.34884167;-85.36947222;-85.36947222;0;No Special Jurisdiction;12;Motor Vehicle In-Transport;6;Angle;0;No;2;Intersection;3;T-Intersection;0;None;1;On Roadway;1;Daylight;1;Clear;0;No Additional Atmospheric Conditions;1;Clear;0;No;0;Not Applicable;99;Unknown;99;Unknown;99;Unknown EMS Scene Arrival Hour;99;Unknown EMS Scene Arrival Minutes;99;Unknown;99;Unknown EMS Hospital Arrival Time;0;None;0;None;0;None;1;0
18;Indiana;180642;1;1;0;0;1;1;0;91;LA PORTE (91);2990;MICHIGAN CITY;3;3;11;November;2019;1;Sunday;3;3:00am-3:59am;0;0;0;This section IS NOT on the NHS;6;Local Street - Municipality;WALL ST;KENTUCKY ST;2;Urban;6;Minor Collector;3;Town or Township Highway Agency;99998;Not Reported;41.7057;41.7057;-86.90637222;-86.90637222;0;No Special Jurisdiction;19;Building;0;The First Harmful Event was Not a Collision with a Motor Vehicle in Transport;0;No;3;Intersection-Related;3;T-Intersection;0;None;5;Outside Trafficway;2;Dark - Not Lighted;1;Clear;0;No Additional Atmospheric Conditions;1;Clear;0;No;0;Not Applicable;99;Unknown;98;Unknown if Notified;99;Unknown EMS Scene Arrival Hour;98;Unknown if Arrived;99;Unknown;98;Unknown if Transported;0;None;0;None;0;None;1;1
18;Indiana;180643;2;2;0;0;5;5;0;11;BOONE (11);0;NOT APPLICABLE;14;14;11;November;2019;5;Thursday;11;11:00am-11:59am;19;19;0;This section IS NOT on the NHS;4;County Road;CR-100S;CR-400;1;Rural;7;Local;2;County Highway Agency;99998;Not Reported;40.02586389;40.02586389;-86.39396389;-86.39396389;0;No Special Jurisdiction;12;Motor Vehicle In-Transport;6;Angle;0;No;2;Intersection;3;T-Intersection;0;None;1;On Roadway;1;Daylight;1;Clear;0;No Additional Atmospheric Conditions;1;Clear;0;No;0;Not Applicable;99;Unknown;99;Unknown;99;Unknown EMS Scene Arrival Hour;99;Unknown EMS Scene Arrival Minutes;99;Unknown;99;Unknown EMS Hospital Arrival Time;0;None;0;None;0;None;1;0
18;Indiana;180651;2;2;0;0;2;2;0;71;JACKSON (71);0;NOT APPLICABLE;13;13;11;November;2019;4;Wednesday;6;6:00am-6:59am;48;48;0;This section IS NOT on the NHS;2;U.S. Highway;US-50;SR-135;1;Rural;7;Local;1;State Highway Agency;99998;Not Reported;38.967025;38.967025;-85.91871111;-85.91871111;0;No Special Jurisdiction;12;Motor Vehicle In-Transport;6;Angle;0;No;2;Intersection;3;T-Intersection;0;None;1;On Roadway;2;Dark - Not Lighted;1;Clear;0;No Additional Atmospheric Conditions;1;Clear;0;No;0;Not Applicable;99;Unknown;99;Unknown;99;Unknown EMS Scene Arrival Hour;99;Unknown EMS Scene Arrival Minutes;99;Unknown;99;Unknown EMS Hospital Arrival Time;0;None;0;None;0;None;1;0
18;Indiana;180652;2;2;0;0;4;4;0;3;ALLEN (3);0;NOT APPLICABLE;18;18;11;November;2019;2;Monday;19;7:00pm-7:59pm;53;53;0;This section IS NOT on the NHS;5;Local Street - Township;WWASHINGTON CENTER RD;FLAUGH RD;1;Rural;4;Minor Arterial;4;City or Municipal Highway Agency;99998;Not Reported;41.13293056;41.13293056;-85.22628889;-85.22628889;0;No Special Jurisdiction;12;Motor Vehicle In-Transport;8;Sideswipe - Opposite Direction;0;No;2;Intersection;3;T-Intersection;0;None;1;On Roadway;2;Dark - Not Lighted;1;Clear;0;No Additional Atmospheric Conditions;1;Clear;0;No;0;Not Applicable;99;Unknown;99;Unknown;99;Unknown EMS Scene Arrival Hour;99;Unknown EMS Scene Arrival Minutes;99;Unknown;99;Unknown EMS Hospital Arrival Time;0;None;0;None;0;None;1;0
18;Indiana;180655;3;3;0;0;3;3;0;39;ELKHART (39);0;NOT APPLICABLE;20;20;11;November;2019;4;Wednesday;18;6:00pm-6:59pm;44;44;1;This section IS ON the NHS;2;U.S. Highway;US-33;CR-146;1;Rural;3;Principal Arterial - Other;1;State Highway Agency;99998;Not Reported;41.48926111;41.48926111;-85.71731389;-85.71731389;0;No Special Jurisdiction;12;Motor Vehicle In-Transport;1;Front-to-Rear;0;No;2;Intersection;3;T-Intersection;0;None;1;On Roadway;5;Dusk;10;Cloudy;0;No Additional Atmospheric Conditions;10;Cloudy;0;No;0;Not Applicable;99;Unknown;98;Unknown if Notified;99;Unknown EMS Scene Arrival Hour;98;Unknown if Arrived;99;Unknown;98;Unknown if Transported;0;None;0;None;0;None;1;0
18;Indiana;180663;1;1;0;0;1;1;0;15;CARROLL (15);0;NOT APPLICABLE;23;23;11;November;2019;7;Saturday;8;8:00am-8:59am;34;34;0;This section IS NOT on the NHS;4;County Road;CR-500E;CR-100N;1;Rural;7;Local;2;County Highway Agency;99998;Not Reported;40.56139722;40.56139722;-86.42990278;-86.42990278;0;No Special Jurisdiction;42;Tree (Standing Only);0;The First Harmful Event was Not a Collision with a Motor Vehicle in Transport;0;No;3;Intersection-Related;3;T-Intersection;0;None;4;On Roadside;1;Daylight;1;Clear;0;No Additional Atmospheric Conditions;1;Clear;0;No;0;Not Applicable;99;Unknown;99;Unknown;99;Unknown EMS Scene Arrival Hour;99;Unknown EMS Scene Arrival Minutes;88;Not Applicable (Not Transported);88;Not Applicable (Not Transported);0;None;0;None;0;None;1;1
18;Indiana;180690;2;2;0;0;4;4;0;79;JENNINGS (79);0;NOT APPLICABLE;4;4;12;December;2019;4;Wednesday;6;6:00am-6:59am;30;30;0;This section IS NOT on the NHS;3;State Highway;SR-7;SR-3;1;Rural;4;Minor Arterial;1;State Highway Agency;99998;Not Reported;38.98083611;38.98083611;-85.60575833;-85.60575833;0;No Special Jurisdiction;12;Motor Vehicle In-Transport;6;Angle;0;No;2;Intersection;3;T-Intersection;0;None;1;On Roadway;3;Dark - Lighted;1;Clear;0;No Additional Atmospheric Conditions;1;Clear;1;Yes;0;Not Applicable;99;Unknown;99;Unknown;99;Unknown EMS Scene Arrival Hour;99;Unknown EMS Scene Arrival Minutes;99;Unknown;99;Unknown EMS Hospital Arrival Time;0;None;0;None;0;None;1;0