STATE;STATENAME;ST_CASE;VE_TOTAL;VE_FORMS;PVH_INVL;PEDS;PERSONS;PERMVIT;PERNOTMVIT;COUNTY;COUNTYNAME;CITY;CITYNAME;DAY;DAYNAME;MONTH;MONTHNAME;YEAR;DAY_WEEK;DAY_WEEKNAME;HOUR;HOURNAME;MINUTE;MINUTENAME;NHS;NHSNAME;ROUTE;ROUTENAME;TWAY_ID;TWAY_ID2;RUR_URB;RUR_URBNAME;FUNC_SYS;FUNC_SYSNAME;RD_OWNER;RD_OWNERNAME;MILEPT;MILEPTNAME;LATITUDE;LATITUDENAME;LONGITUD;LONGITUDNAME;SP_JUR;SP_JURNAME;HARM_EV;HARM_EVNAME;MAN_COLL;MAN_COLLNAME;RELJCT1;RELJCT1NAME;RELJCT2;RELJCT2NAME;TYP_INT;TYP_INTNAME;WRK_ZONE;WRK_ZONENAME;REL_ROAD;REL_ROADNAME;LGT_COND;LGT_CONDNAME;WEATHER1;WEATHER1NAME;WEATHER2;WEATHER2NAME;WEATHER;WEATHERNAME;SCH_BUS;SCH_BUSNAME;RAIL;RAILNAME;NOT_HOUR;NOT_HOURNAME;NOT_MIN;NOT_MINNAME;ARR_HOUR;ARR_HOURNAME;ARR_MIN;ARR_MINNAME;HOSP_HR;HOSP_HRNAME;HOSP_MN;HOSP_MNNAME;CF1;CF1NAME;CF2;CF2NAME;CF3;CF3NAME;FATALS;DRUNK_DR
18;Indiana;180726;2;2;0;0;3;3;0;31;DECATUR (31);0;NOT APPLICABLE;19;19;12;December;2019;5;Thursday;15;3:00pm-3:59pm;34;34;0;This section IS NOT on the NHS;3;State Highway;SR-3N;CR-400;1;Rural;3;Principal Arterial - Other;1;State Highway Agency;99998;Not Reported;39.39531667;39.39531667;-85.47968889;-85.47968889;0;No Special Jurisdiction;12;Motor Vehicle In-Transport;1;Front-to-Rear;0;No;2;Intersection;3;T-Intersection;0;None;1;On Roadway;1;Daylight;1;Clear;0;No Additional Atmospheric Conditions;1;Clear;0;No;0;Not Applicable;99;Unknown;99;Unknown;99;Unknown EMS Scene Arrival Hour;99;Unknown EMS Scene Arrival Minutes;99;Unknown;99;Unknown EMS Hospital Arrival Time;0;None;0;None;0;None;1;0
18;Indiana;180728;2;2;0;0;3;3;0;89;LAKE (89);1970;GRIFFITH;21;21;12;December;2019;7;Saturday;16;4:00pm-4:59pm;18;18;0;This section IS NOT on the NHS;5;Local Street - Township;E RIDGE RD;N GLENWOOD ST;2;Urban;3;Principal Arterial - Other;3;Town or Township Highway Agency;99998;Not Reported;41.54981111;41.54981111;-87.41568611;-87.41568611;0;No Special Jurisdiction;12;Motor Vehicle In-Transport;1;Front-to-Rear;0;No;3;Intersection-Related;3;T-Intersection;0;None;1;On Roadway;3;Dark - Lighted;1;Clear;0;No Additional Atmospheric Conditions;1;Clear;0;No;0;Not Applicable;99;Unknown;99;Unknown;99;Unknown EMS Scene Arrival Hour;99;Unknown EMS Scene Arrival Minutes;99;Unknown;99;Unknown EMS Hospital Arrival Time;0;None;0;None;0;None;1;1
18;Indiana;180729;2;2;0;0;5;5;0;1;ADAMS (1);0;NOT APPLICABLE;22;22;12;December;2019;1;Sunday;10;10:00am-10:59am;32;32;0;This section IS NOT on the NHS;3;State Highway;SR-124E;CR-650;1;Rural;5;Major Collector;1;State Highway Agency;99998;Not Reported;40.74704722;40.74704722;-84.81201667;-84.81201667;0;No Special Jurisdiction;12;Motor Vehicle In-Transport;6;Angle;0;No;2;Intersection;3;T-Intersection;0;None;1;On Roadway;1;Daylight;1;Clear;0;No Additional Atmospheric Conditions;1;Clear;0;No;0;Not Applicable;99;Unknown;99;Unknown;99;Unknown EMS Scene Arrival Hour;99;Unknown EMS Scene Arrival Minutes;99;Unknown;99;Unknown EMS Hospital Arrival Time;0;None;0;None;0;None;4;0
18;Indiana;180745;3;3;0;0;3;3;0;97;MARION (97);2210;INDIANAPOLIS;26;26;11;November;2019;3;Tuesday;16;4:00pm-4:59pm;51;51;0;This section IS NOT on the NHS;6;Local Street - Municipality;KESSLER BLVD;54TH ST;2;Urban;4;Minor Arterial;4;City or Municipal Highway Agency;99998;Not Reported;39.84927222;39.84927222;-86.21192222;-86.21192222;0;No Special Jurisdiction;12;Motor Vehicle In-Transport;1;Front-to-Rear;0;No;2;Intersection;3;T-Intersection;0;None;1;On Roadway;5;Dusk;1;Clear;0;No Additional Atmospheric Conditions;1;Clear;0;No;0;Not Applicable;99;Unknown;99;Unknown;99;Unknown EMS Scene Arrival Hour;99;Unknown EMS Scene Arrival Minutes;99;Unknown;99;Unknown EMS Hospital Arrival Time;0;None;0;None;0;None;1;0
19;Iowa;190007;1;1;0;0;1;1;0;129;MILLS (129);0;NOT APPLICABLE;13;13;1;January;2019;1;Sunday;17;5:00pm-5:59pm;56;56;0;This section IS NOT on the NHS;4;County Road;CR-L45 4TH ST;CR-MAPLE ST;1;Rural;5;Major Collector;2;County Highway Agency;0;None;41.1422;41.1422;-95.69574167;-95.69574167;0;No Special Jurisdiction;34;Ditch;0;The First Harmful Event was Not a Collision with a Motor Vehicle in Transport;0;No;3;Intersection-Related;3;T-Intersection;0;None;4;On Roadside;3;Dark - Lighted;10;Cloudy;0;No Additional Atmospheric Conditions;10;Cloudy;0;No;0;Not Applicable;17;5:00pm-5:59pm;45;45;17;5:00pm-5:59pm;56;56;18;6:00pm-6:59pm;31;31;0;None;0;None;0;None;1;0
19;Iowa;190037;2;2;0;0;2;2;0;99;JASPER (99);0;NOT APPLICABLE;5;5;3;March;2019;3;Tuesday;7;7:00am-7:59am;17;17;0;This section IS NOT on the NHS;3;State Highway;SR-163;CR-PRAIRIE AVE;1;Rural;3;Principal Arterial - Other;1;State Highway Agency;67;67;41.58838056;41.58838056;-93.20194167;-93.20194167;0;No Special Jurisdiction;12;Motor Vehicle In-Transport;6;Angle;0;No;2;Intersection;3;T-Intersection;0;None;1;On Roadway;4;Dawn;1;Clear;0;No Additional Atmospheric Conditions;1;Clear;0;No;0;Not Applicable;7;7:00am-7:59am;14;14;7;7:00am-7:59am;21;21;8;8:00am-8:59am;14;14;0;None;0;None;0;None;1;0
19;Iowa;190046;1;1;0;0;1;1;0;5;ALLAMAKEE (5);0;NOT APPLICABLE;18;18;2;February;2019;2;Monday;23;11:00pm-11:59pm;20;20;0;This section IS NOT on the NHS;4;County Road;CR-SCHWEINFURTH RD;CR-VILLAGE CREEK RD;1;Rural;6;Minor Collector;2;County Highway Agency;0;None;43.33621111;43.33621111;-91.36957778;-91.36957778;0;No Special Jurisdiction;42;Tree (Standing Only);0;The First Harmful Event was Not a Collision with a Motor Vehicle in Transport;0;No;3;Intersection-Related;3;T-Intersection;0;None;4;On Roadside;2;Dark - Not Lighted;1;Clear;0;No Additional Atmospheric Conditions;1;Clear;0;No;0;Not Applicable;99;Unknown;98;Unknown if Notified;99;Unknown EMS Scene Arrival Hour;98;Unknown if Arrived;88;Not Applicable (Not Transported);88;Not Applicable (Not Transported);0;None;0;None;0;None;1;0
19;Iowa;190049;1;1;0;0;1;1;0;61;DUBUQUE (61);400;ASBURY;20;20;4;April;2019;7;Saturday;9;9:00am-9:59am;3;3;0;This section IS NOT on the NHS;6;Local Street - Municipality;TUSCANY RIDGE DR;TUSCANY RIDGE;1;Rural;7;Local;3;Town or Township Highway Agency;0;None;42.51061667;42.51061667;-90.81813056;-90.81813056;0;No Special Jurisdiction;42;Tree (Standing Only);0;The First Harmful Event was Not a Collision with a Motor Vehicle in Transport;0;No;3;Intersection-Related;3;T-Intersection;0;None;5;Outside Trafficway;1;Daylight;1;Clear;0;No Additional Atmospheric Conditions;1;Clear;0;No;0;Not Applicable;9;9:00am-9:59am;3;3;9;9:00am-9:59am;14;14;9;9:00am-9:59am;44;44;0;None;0;None;0;None;1;0
19;Iowa;190061;2;2;0;0;2;2;0;113;LINN (113);1340;CEDAR RAPIDS;6;6;4;April;2019;7;Saturday;18;6:00pm-6:59pm;39;39;0;This section IS NOT on the NHS;6;Local Street - Municipality;6TH ST SW;ST MARTIN BLVD SW;2;Urban;4;Minor Arterial;4;City or Municipal Highway Agency;0;None;41.89221944;41.89221944;-91.67603611;-91.67603611;0;No Special Jurisdiction;12;Motor Vehicle In-Transport;6;Angle;0;No;2;Intersection;3;T-Intersection;0;None;1;On Roadway;1;Daylight;1;Clear;0;No Additional Atmospheric Conditions;1;Clear;0;No;0;Not Applicable;18;6:00pm-6:59pm;48;48;19;7:00pm-7:59pm;2;2;19;7:00pm-7:59pm;31;31;19;Recent/Previous Crash scene Nearby;0;None;0;None;1;1
19;Iowa;190065;2;2;0;0;2;2;0;21;BUENA VISTA (21);0;NOT APPLICABLE;15;15;4;April;2019;2;Monday;18;6:00pm-6:59pm;7;7;0;This section IS NOT on the NHS;4;County Road;CR-M31 50TH AVE;CR-570TH ST;1;Rural;5;Major Collector;2;County Highway Agency;0;None;42.69113611;42.69113611;-95.30904167;-95.30904167;0;No Special Jurisdiction;12;Motor Vehicle In-Transport;6;Angle;0;No;2;Intersection;3;T-Intersection;0;None;1;On Roadway;1;Daylight;10;Cloudy;0;No Additional Atmospheric Conditions;10;Cloudy;0;No;0;Not Applicable;99;Unknown;98;Unknown if Notified;99;Unknown EMS Scene Arrival Hour;98;Unknown if Arrived;88;Not Applicable (Not Transported);88;Not Applicable (Not Transported);0;None;0;None;0;None;1;0
19;Iowa;190072;1;1;0;0;2;2;0;41;CLAY (41);0;NOT APPLICABLE;26;26;4;April;2019;6;Friday;23;11:00pm-11:59pm;44;44;0;This section IS NOT on the NHS;4;County Road;CR-M54 350TH ST;R-B24 280TH AVE;1;Rural;5;Major Collector;2;County Highway Agency;0;None;43.14050278;43.14050278;-95.03311667;-95.03311667;0;No Special Jurisdiction;59;Traffic Sign Support;0;The First Harmful Event was Not a Collision with a Motor Vehicle in Transport;0;No;3;Intersection-Related;3;T-Intersection;0;None;4;On Roadside;2;Dark - Not Lighted;2;Rain;0;No Additional Atmospheric Conditions;2;Rain;0;No;0;Not Applicable;23;11:00pm-11:59pm;47;47;0;0:00am-0:59am;1;1;0;0:00am-0:59am;26;26;0;None;0;None;0;None;2;1
19;Iowa;190077;1;1;0;0;2;2;0;155;POTTAWATTAMIE (155);1900;COUNCIL BLUFFS;8;8;5;May;2019;4;Wednesday;11;11:00am-11:59am;40;40;0;This section IS NOT on the NHS;6;Local Street - Municipality;OAKLAND AVE;US-6;2;Urban;7;Local;4;City or Municipal Highway Agency;0;None;41.2633;41.2633;-95.84834444;-95.84834444;0;No Special Jurisdiction;19;Building;0;The First Harmful Event was Not a Collision with a Motor Vehicle in Transport;0;No;3;Intersection-Related;3;T-Intersection;0;None;5;Outside Trafficway;1;Daylight;2;Rain;0;No Additional Atmospheric Conditions;2;Rain;0;No;0;Not Applicable;11;11:00am-11:59am;42;42;11;11:00am-11:59am;46;46;99;Unknown;99;Unknown EMS Hospital Arrival Time;0;None;0;None;0;None;1;0
19;Iowa;190079;2;2;0;0;2;2;0;153;POLK (153);2260;DES MOINES;13;13;5;May;2019;2;Monday;19;7:00pm-7:59pm;21;21;0;This section IS NOT on the NHS;6;Local Street - Municipality;FOREST AVE;18TH ST;2;Urban;7;Local;4;City or Municipal Highway Agency;0;None;41.60406111;41.60406111;-93.64143333;-93.64143333;0;No Special Jurisdiction;12;Motor Vehicle In-Transport;1;Front-to-Rear;0;No;2;Intersection;3;T-Intersection;0;None;1;On Roadway;1;Daylight;10;Cloudy;0;No Additional Atmospheric Conditions;10;Cloudy;0;No;0;Not Applicable;19;7:00pm-7:59pm;24;24;19;7:00pm-7:59pm;26;26;19;7:00pm-7:59pm;47;47;0;None;0;None;0;None;1;0
19;Iowa;190081;2;2;0;0;2;2;0;5;ALLAMAKEE (5);8800;WATERVILLE;14;14;5;May;2019;3;Tuesday;18;6:00pm-6:59pm;12;12;0;This section IS NOT on the NHS;4;County Road;CR-A52 ELON DR;CR-STRAWBERRY RD;1;Rural;5;Major Collector;2;County Highway Agency;0;None;43.26162778;43.26162778;-91.34668056;-91.34668056;0;No Special Jurisdiction;12;Motor Vehicle In-Transport;2;Front-to-Front;0;No;3;Intersection-Related;3;T-Intersection;0;None;1;On Roadway;1;Daylight;1;Clear;0;No Additional Atmospheric Conditions;1;Clear;0;No;0;Not Applicable;99;Unknown;99;Unknown;99;Unknown EMS Scene Arrival Hour;99;Unknown EMS Scene Arrival Minutes;99;Unknown;99;Unknown EMS Hospital Arrival Time;0;None;0;None;0;None;1;1
19;Iowa;190099;1;1;0;0;1;1;0;193;WOODBURY (193);0;NOT APPLICABLE;27;27;5;May;2019;2;Monday;19;7:00pm-7:59pm;43;43;0;This section IS NOT on the NHS;4;County Road;CR-VINE AVE;CR-282ND ST;1;Rural;5;Major Collector;2;County Highway Agency;0;None;41.24689722;41.24689722;-91.53880833;-91.53880833;0;No Special Jurisdiction;34;Ditch;0;The First Harmful Event was Not a Collision with a Motor Vehicle in Transport;0;No;3;Intersection-Related;3;T-Intersection;0;None;4;On Roadside;1;Daylight;1;Clear;0;No Additional Atmospheric Conditions;1;Clear;0;No;0;Not Applicable;19;7:00pm-7:59pm;43;43;19;7:00pm-7:59pm;48;48;20;8:00pm-8:59pm;24;24;0;None;0;None;0;None;1;0
19;Iowa;190106;1;1;0;0;1;1;0;145;PAGE (145);1540;CLARINDA;29;29;6;June;2019;7;Saturday;3;3:00am-3:59am;0;0;0;This section IS NOT on the NHS;6;Local Street - Municipality;E STUART ST;S 12TH ST;2;Urban;7;Local;4;City or Municipal Highway Agency;0;None;40.73715833;40.73715833;-95.03250556;-95.03250556;0;No Special Jurisdiction;33;Curb;0;The First Harmful Event was Not a Collision with a Motor Vehicle in Transport;0;No;3;Intersection-Related;3;T-Intersection;0;None;4;On Roadside;3;Dark - Lighted;1;Clear;0;No Additional Atmospheric Conditions;1;Clear;0;No;0;Not Applicable;3;3:00am-3:59am;44;44;3;3:00am-3:59am;50;50;88;Not Applicable (Not Transported);88;Not Applicable (Not Transported);0;None;0;None;0;None;1;1
19;Iowa;190107;2;2;0;0;3;3;0;165;SHELBY (165);3660;HARLAN;27;27;6;June;2019;5;Thursday;18;6:00pm-6:59pm;19;19;1;This section IS ON the NHS;3;State Highway;SR-44 CHATBURN AVE;9TH ST;2;Urban;3;Principal Arterial - Other;1;State Highway Agency;121;121;41.64536111;41.64536111;-95.32112778;-95.32112778;0;No Special Jurisdiction;12;Motor Vehicle In-Transport;6;Angle;0;No;2;Intersection;3;T-Intersection;0;None;1;On Roadway;1;Daylight;1;Clear;0;No Additional Atmospheric Conditions;1;Clear;0;No;0;Not Applicable;18;6:00pm-6:59pm;19;19;18;6:00pm-6:59pm;25;25;99;Unknown;99;Unknown EMS Hospital Arrival Time;0;None;0;None;0;None;1;1
19;Iowa;190115;1;1;0;0;2;2;0;157;POWESHIEK (157);0;NOT APPLICABLE;28;28;4;April;2019;1;Sunday;3;3:00am-3:59am;0;0;0;This section IS NOT on the NHS;4;County Road;CR-F29 OLD HWY 6;CR-230TH ST;1;Rural;5;Major Collector;2;County Highway Agency;0;None;41.72726111;41.72726111;-92.338725;-92.338725;0;No Special Jurisdiction;34;Ditch;0;The First Harmful Event was Not a Collision with a Motor Vehicle in Transport;0;No;3;Intersection-Related;3;T-Intersection;0;None;4;On Roadside;2;Dark - Not Lighted;1;Clear;0;No Additional Atmospheric Conditions;1;Clear;0;No;0;Not Applicable;3;3:00am-3:59am;5;5;3;3:00am-3:59am;17;17;4;4:00am-4:59am;5;5;0;None;0;None;0;None;1;1
19;Iowa;190132;2;2;0;0;2;2;0;57;DES MOINES (57);1120;BURLINGTON;6;6;7;July;2019;7;Saturday;18;6:00pm-6:59pm;13;13;0;This section IS NOT on the NHS;6;Local Street - Municipality;CURRAN ST;MT PLEASANT ST;2;Urban;4;Minor Arterial;4;City or Municipal Highway Agency;0;None;40.82093611;40.82093611;-91.12623333;-91.12623333;0;No Special Jurisdiction;12;Motor Vehicle In-Transport;6;Angle;0;No;2;Intersection;3;T-Intersection;0;None;1;On Roadway;1;Daylight;1;Clear;0;No Additional Atmospheric Conditions;1;Clear;0;No;0;Not Applicable;18;6:00pm-6:59pm;5;5;18;6:00pm-6:59pm;10;10;18;6:00pm-6:59pm;22;22;0;None;0;None;0;None;1;1
19;Iowa;190133;1;1;0;1;4;4;1;153;POLK (153);210;ALTOONA;26;26;7;July;2019;6;Friday;21;9:00pm-9:59pm;38;38;1;This section IS ON the NHS;2;U.S. Highway;US-6 FREDERICK M HUBBELL AVE;TALLGRASS PKWY;2;Urban;3;Principal Arterial - Other;1;State Highway Agency;174;174;41.65223889;41.65223889;-93.50665278;-93.50665278;0;No Special Jurisdiction;8;Pedestrian;0;The First Harmful Event was Not a Collision with a Motor Vehicle in Transport;0;No;3;Intersection-Related;3;T-Intersection;0;None;1;On Roadway;2;Dark - Not Lighted;1;Clear;0;No Additional Atmospheric Conditions;1;Clear;0;No;0;Not Applicable;21;9:00pm-9:59pm;38;38;21;9:00pm-9:59pm;44;44;22;10:00pm-10:59pm;17;17;0;None;0;None;0;None;1;0
19;Iowa;190134;1;1;0;0;1;1;0;177;VAN BUREN (177);0;NOT APPLICABLE;26;26;7;July;2019;6;Friday;22;10:00pm-10:59pm;30;30;0;This section IS NOT on the NHS;4;County Road;CR-V56;CR-J40;1;Rural;5;Major Collector;2;County Highway Agency;0;None;40.72651389;40.72651389;-92.13985556;-92.13985556;0;No Special Jurisdiction;34;Ditch;0;The First Harmful Event was Not a Collision with a Motor Vehicle in Transport;0;No;3;Intersection-Related;3;T-Intersection;0;None;4;On Roadside;2;Dark - Not Lighted;1;Clear;0;No Additional Atmospheric Conditions;1;Clear;0;No;0;Not Applicable;88;Not Applicable (Not Notified);88;Not Applicable (Not Notified);88;Not Applicable;88;Not Applicable;88;Not Applicable (Not Transported);88;Not Applicable (Not Transported);0;None;0;None;0;None;1;1
19;Iowa;190156;2;2;0;0;2;2;0;59;DICKINSON (59);7960;SPIRIT LAKE;24;24;5;May;2019;6;Friday;10;10:00am-10:59am;25;25;1;This section IS ON the NHS;2;U.S. Highway;US-71;170TH ST/41ST ST/NATURE CENTER;1;Rural;3;Principal Arterial - Other;1;State Highway Agency;1057;1057;43.40022222;43.40022222;-95.12858611;-95.12858611;0;No Special Jurisdiction;12;Motor Vehicle In-Transport;6;Angle;0;No;2;Intersection;3;T-Intersection;0;None;1;On Roadway;1;Daylight;2;Rain;0;No Additional Atmospheric Conditions;2;Rain;0;No;0;Not Applicable;10;10:00am-10:59am;27;27;10;10:00am-10:59am;32;32;10;10:00am-10:59am;49;49;0;None;0;None;0;None;1;0
19;Iowa;190164;2;2;0;0;2;2;0;113;LINN (113);2850;FAIRFAX;25;25;8;August;2019;1;Sunday;9;9:00am-9:59am;42;42;1;This section IS ON the NHS;2;U.S. Highway;US-151 WILLIAMS BLVD;LOSEY AVE;1;Rural;3;Principal Arterial - Other;1;State Highway Agency;39;39;41.92229444;41.92229444;-91.78380833;-91.78380833;0;No Special Jurisdiction;12;Motor Vehicle In-Transport;2;Front-to-Front;0;No;2;Intersection;3;T-Intersection;0;None;1;On Roadway;1;Daylight;1;Clear;0;No Additional Atmospheric Conditions;1;Clear;0;No;0;Not Applicable;9;9:00am-9:59am;49;49;9;9:00am-9:59am;53;53;88;Not Applicable (Not Transported);88;Not Applicable (Not Transported);0;None;0;None;0;None;1;0
19;Iowa;190170;1;1;0;0;1;1;0;69;FRANKLIN (69);0;NOT APPLICABLE;6;6;8;August;2019;3;Tuesday;23;11:00pm-11:59pm;20;20;1;This section IS ON the NHS;3;State Highway;SR-3;CR-QUAIL AVE;1;Rural;3;Principal Arterial - Other;1;State Highway Agency;160;160;42.73845833;42.73845833;-93.18265833;-93.18265833;0;No Special Jurisdiction;42;Tree (Standing Only);0;The First Harmful Event was Not a Collision with a Motor Vehicle in Transport;0;No;3;Intersection-Related;3;T-Intersection;0;None;5;Outside Trafficway;2;Dark - Not Lighted;1;Clear;0;No Additional Atmospheric Conditions;1;Clear;0;No;0;Not Applicable;88;Not Applicable (Not Notified);88;Not Applicable (Not Notified);88;Not Applicable;88;Not Applicable;88;Not Applicable (Not Transported);88;Not Applicable (Not Transported);0;None;0;None;0;None;1;0
19;Iowa;190189;1;1;0;0;1;1;0;97;JACKSON (97);0;NOT APPLICABLE;7;7;9;September;2019;7;Saturday;18;6:00pm-6:59pm;29;29;0;This section IS NOT on the NHS;2;U.S. Highway;US-52;CR-114TH ST;1;Rural;4;Minor Arterial;1;State Highway Agency;122;122;42.13159722;42.13159722;-90.30603889;-90.30603889;0;No Special Jurisdiction;34;Ditch;0;The First Harmful Event was Not a Collision with a Motor Vehicle in Transport;0;No;3;Intersection-Related;3;T-Intersection;0;None;4;On Roadside;1;Daylight;10;Cloudy;0;No Additional Atmospheric Conditions;10;Cloudy;0;No;0;Not Applicable;18;6:00pm-6:59pm;29;29;19;7:00pm-7:59pm;13;13;99;Unknown;96;Terminated Transport;0;None;0;None;0;None;1;1
19;Iowa;190191;2;2;0;0;2;2;0;155;POTTAWATTAMIE (155);1260;CARSON;14;14;9;September;2019;7;Saturday;20;8:00pm-8:59pm;11;11;0;This section IS NOT on the NHS;3;State Highway;SR-92;CHRISTY ST;1;Rural;4;Minor Arterial;1;State Highway Agency;264;264;41.23288333;41.23288333;-95.42818333;-95.42818333;0;No Special Jurisdiction;12;Motor Vehicle In-Transport;1;Front-to-Rear;0;No;2;Intersection;3;T-Intersection;0;None;1;On Roadway;2;Dark - Not Lighted;1;Clear;0;No Additional Atmospheric Conditions;1;Clear;0;No;0;Not Applicable;0;0:00am-0:59am;0;0;0;0:00am-0:59am;0;0;88;Not Applicable (Not Transported);88;Not Applicable (Not Transported);0;None;0;None;0;None;1;0
19;Iowa;190227;1;1;0;0;1;1;0;173;TAYLOR (173);0;NOT APPLICABLE;26;26;7;July;2019;6;Friday;22;10:00pm-10:59pm;30;30;0;This section IS NOT on the NHS;4;County Road;CR-J55 300TH ST;CR-FOREST AVE;1;Rural;7;Local;2;County Highway Agency;0;None;40.62008056;40.62008056;-94.83871667;-94.83871667;0;No Special Jurisdiction;34;Ditch;0;The First Harmful Event was Not a Collision with a Motor Vehicle in Transport;0;No;3;Intersection-Related;3;T-Intersection;0;None;4;On Roadside;2;Dark - Not Lighted;1;Clear;0;No Additional Atmospheric Conditions;1;Clear;0;No;0;Not Applicable;88;Not Applicable (Not Notified);88;Not Applicable (Not Notified);88;Not Applicable;88;Not Applicable;88;Not Applicable (Not Transported);88;Not Applicable (Not Transported);0;None;0;None;0;None;1;0
19;Iowa;190230;2;2;0;0;8;8;0;179;WAPELLO (179);0;NOT APPLICABLE;11;11;10;October;2019;6;Friday;15;3:00pm-3:59pm;6;6;1;This section IS ON the NHS;2;U.S. Highway;US-63;CR- EDDYVILLE RD;1;Rural;3;Principal Arterial - Other;1;State Highway Agency;210;210;41.09497778;41.09497778;-92.51323889;-92.51323889;0;No Special Jurisdiction;12;Motor Vehicle In-Transport;6;Angle;0;No;2;Intersection;3;T-Intersection;0;None;1;On Roadway;1;Daylight;10;Cloudy;0;No Additional Atmospheric Conditions;10;Cloudy;0;No;0;Not Applicable;15;3:00pm-3:59pm;8;8;15;3:00pm-3:59pm;22;22;16;4:00pm-4:59pm;4;4;0;None;0;None;0;None;1;0
19;Iowa;190257;1;1;0;0;1;1;0;113;LINN (113);1340;CEDAR RAPIDS;3;3;9;September;2019;3;Tuesday;2;2:00am-2:59am;0;0;0;This section IS NOT on the NHS;6;Local Street - Municipality;66TH AVE SW;J ST SW;2;Urban;7;Local;4;City or Municipal Highway Agency;0;None;41.91478889;41.91478889;-91.66656389;-91.66656389;0;No Special Jurisdiction;33;Curb;0;The First Harmful Event was Not a Collision with a Motor Vehicle in Transport;1;Yes;3;Intersection-Related;3;T-Intersection;0;None;4;On Roadside;3;Dark - Lighted;1;Clear;0;No Additional Atmospheric Conditions;1;Clear;0;No;0;Not Applicable;2;2:00am-2:59am;11;11;2;2:00am-2:59am;19;19;2;2:00am-2:59am;54;54;0;None;0;None;0;None;1;1
19;Iowa;190282;2;2;0;0;2;2;0;61;DUBUQUE (61);2430;DUBUQUE;26;26;9;September;2019;5;Thursday;15;3:00pm-3:59pm;56;56;1;This section IS ON the NHS;3;State Highway;SR-946 LOCUST ST CONNECTOR;SR-946 LOCUST ST;2;Urban;3;Principal Arterial - Other;4;City or Municipal Highway Agency;7;7;42.493725;42.493725;-90.66480278;-90.66480278;0;No Special Jurisdiction;33;Curb;0;The First Harmful Event was Not a Collision with a Motor Vehicle in Transport;0;No;3;Intersection-Related;3;T-Intersection;0;None;4;On Roadside;1;Daylight;1;Clear;0;No Additional Atmospheric Conditions;1;Clear;0;No;0;Not Applicable;99;Unknown;99;Unknown;99;Unknown EMS Scene Arrival Hour;99;Unknown EMS Scene Arrival Minutes;99;Unknown;99;Unknown EMS Hospital Arrival Time;0;None;0;None;0;None;1;0
20;Kansas;200019;2;2;0;0;2;2;0;103;LEAVENWORTH (103);0;NOT APPLICABLE;3;3;2;February;2019;1;Sunday;17;5:00pm-5:59pm;20;20;0;This section IS NOT on the NHS;6;Local Street - Municipality;TONGANOXIE RD;207TH ST;1;Rural;5;Major Collector;4;City or Municipal Highway Agency;0;None;39.131625;39.131625;-95.05870833;-95.05870833;0;No Special Jurisdiction;12;Motor Vehicle In-Transport;1;Front-to-Rear;0;No;2;Intersection;3;T-Intersection;0;None;1;On Roadway;1;Daylight;98;Not Reported;0;No Additional Atmospheric Conditions;98;Not Reported;0;No;0;Not Applicable;99;Unknown;98;Unknown if Notified;99;Unknown EMS Scene Arrival Hour;98;Unknown if Arrived;88;Not Applicable (Not Transported);88;Not Applicable (Not Transported);0;None;0;None;0;None;1;0
20;Kansas;200021;3;3;0;0;3;3;0;119;MEADE (119);3600;MEADE;3;3;1;January;2019;5;Thursday;11;11:00am-11:59am;43;43;1;This section IS ON the NHS;2;U.S. Highway;US-54;S BLAINE ST;1;Rural;3;Principal Arterial - Other;1;State Highway Agency;0;None;37.28548056;37.28548056;-100.3448667;-100.34486667;0;No Special Jurisdiction;12;Motor Vehicle In-Transport;7;Sideswipe - Same Direction;0;No;2;Intersection;3;T-Intersection;0;None;1;On Roadway;1;Daylight;98;Not Reported;0;No Additional Atmospheric Conditions;98;Not Reported;0;No;0;Not Applicable;11;11:00am-11:59am;44;44;11;11:00am-11:59am;46;46;11;11:00am-11:59am;56;56;0;None;0;None;0;None;1;0
20;Kansas;200068;3;3;0;0;4;4;0;173;SEDGWICK (173);5880;WICHITA;18;18;2;February;2019;2;Monday;18;6:00pm-6:59pm;28;28;0;This section IS NOT on the NHS;6;Local Street - Municipality;S BROADWAY RD;E HAZEL ST;2;Urban;4;Minor Arterial;4;City or Municipal Highway Agency;0;None;37.59976667;37.59976667;-97.33410556;-97.33410556;0;No Special Jurisdiction;12;Motor Vehicle In-Transport;6;Angle;0;No;2;Intersection;3;T-Intersection;0;None;1;On Roadway;2;Dark - Not Lighted;98;Not Reported;0;No Additional Atmospheric Conditions;98;Not Reported;0;No;0;Not Applicable;18;6:00pm-6:59pm;29;29;18;6:00pm-6:59pm;35;35;19;7:00pm-7:59pm;16;16;0;None;0;None;0;None;1;0
20;Kansas;200120;1;1;0;0;1;1;0;161;RILEY (161);0;NOT APPLICABLE;4;4;4;April;2019;5;Thursday;7;7:00am-7:59am;55;55;1;This section IS ON the NHS;2;U.S. Highway;US-24;SR-113;2;Urban;3;Principal Arterial - Other;1;State Highway Agency;3103;3103;39.24739167;39.24739167;-96.62295556;-96.62295556;0;No Special Jurisdiction;24;Guardrail Face;0;The First Harmful Event was Not a Collision with a Motor Vehicle in Transport;0;No;3;Intersection-Related;3;T-Intersection;4;Work Zone, Type Unknown;4;On Roadside;1;Daylight;10;Cloudy;0;No Additional Atmospheric Conditions;10;Cloudy;0;No;0;Not Applicable;8;8:00am-8:59am;1;1;8;8:00am-8:59am;2;2;88;Not Applicable (Not Transported);88;Not Applicable (Not Transported);0;None;0;None;0;None;1;0