STATE;STATENAME;ST_CASE;VE_TOTAL;VE_FORMS;PVH_INVL;PEDS;PERSONS;PERMVIT;PERNOTMVIT;COUNTY;COUNTYNAME;CITY;CITYNAME;DAY;DAYNAME;MONTH;MONTHNAME;YEAR;DAY_WEEK;DAY_WEEKNAME;HOUR;HOURNAME;MINUTE;MINUTENAME;NHS;NHSNAME;ROUTE;ROUTENAME;TWAY_ID;TWAY_ID2;RUR_URB;RUR_URBNAME;FUNC_SYS;FUNC_SYSNAME;RD_OWNER;RD_OWNERNAME;MILEPT;MILEPTNAME;LATITUDE;LATITUDENAME;LONGITUD;LONGITUDNAME;SP_JUR;SP_JURNAME;HARM_EV;HARM_EVNAME;MAN_COLL;MAN_COLLNAME;RELJCT1;RELJCT1NAME;RELJCT2;RELJCT2NAME;TYP_INT;TYP_INTNAME;WRK_ZONE;WRK_ZONENAME;REL_ROAD;REL_ROADNAME;LGT_COND;LGT_CONDNAME;WEATHER1;WEATHER1NAME;WEATHER2;WEATHER2NAME;WEATHER;WEATHERNAME;SCH_BUS;SCH_BUSNAME;RAIL;RAILNAME;NOT_HOUR;NOT_HOURNAME;NOT_MIN;NOT_MINNAME;ARR_HOUR;ARR_HOURNAME;ARR_MIN;ARR_MINNAME;HOSP_HR;HOSP_HRNAME;HOSP_MN;HOSP_MNNAME;CF1;CF1NAME;CF2;CF2NAME;CF3;CF3NAME;FATALS;DRUNK_DR
20;Kansas;200163;2;2;0;0;3;3;0;177;SHAWNEE (177);5400;TOPEKA;17;17;6;June;2019;2;Monday;15;3:00pm-3:59pm;2;2;0;This section IS NOT on the NHS;6;Local Street - Municipality;SE 21ST RD;SE WASHINGTON ST;2;Urban;4;Minor Arterial;4;City or Municipal Highway Agency;0;None;39.02976111;39.02976111;-95.66290278;-95.66290278;0;No Special Jurisdiction;12;Motor Vehicle In-Transport;6;Angle;0;No;2;Intersection;3;T-Intersection;0;None;1;On Roadway;1;Daylight;98;Not Reported;0;No Additional Atmospheric Conditions;98;Not Reported;0;No;0;Not Applicable;15;3:00pm-3:59pm;4;4;15;3:00pm-3:59pm;8;8;15;3:00pm-3:59pm;32;32;0;None;0;None;0;None;1;0
20;Kansas;200178;3;3;0;0;5;5;0;87;JEFFERSON (87);4430;PERRY;14;14;7;July;2019;1;Sunday;16;4:00pm-4:59pm;30;30;1;This section IS ON the NHS;2;U.S. Highway;US-24;N OAK RD;1;Rural;3;Principal Arterial - Other;1;State Highway Agency;0;None;39.06955556;39.06955556;-95.35108889;-95.35108889;0;No Special Jurisdiction;12;Motor Vehicle In-Transport;1;Front-to-Rear;0;No;2;Intersection;3;T-Intersection;0;None;1;On Roadway;1;Daylight;1;Clear;0;No Additional Atmospheric Conditions;1;Clear;0;No;0;Not Applicable;16;4:00pm-4:59pm;34;34;16;4:00pm-4:59pm;48;48;17;5:00pm-5:59pm;58;58;0;None;0;None;0;None;1;0
20;Kansas;200188;2;2;0;0;4;4;0;173;SEDGWICK (173);5880;WICHITA;23;23;6;June;2019;1;Sunday;12;12:00pm-12:59pm;2;2;0;This section IS NOT on the NHS;6;Local Street - Municipality;N RIDGE RD;W 34TH ST N;2;Urban;4;Minor Arterial;4;City or Municipal Highway Agency;0;None;37.74647222;37.74647222;-97.42624722;-97.42624722;0;No Special Jurisdiction;12;Motor Vehicle In-Transport;6;Angle;0;No;2;Intersection;3;T-Intersection;0;None;1;On Roadway;1;Daylight;1;Clear;0;No Additional Atmospheric Conditions;1;Clear;0;No;0;Not Applicable;12;12:00pm-12:59pm;3;3;12;12:00pm-12:59pm;8;8;12;12:00pm-12:59pm;38;38;0;None;0;None;0;None;1;0
20;Kansas;200207;2;2;0;0;4;4;0;209;WYANDOTTE (209);2820;KANSAS CITY;24;24;6;June;2019;2;Monday;22;10:00pm-10:59pm;42;42;0;This section IS NOT on the NHS;6;Local Street - Municipality;N 38TH RD;BRYANT CIR;2;Urban;4;Minor Arterial;4;City or Municipal Highway Agency;0;None;39.11296944;39.11296944;-94.67339167;-94.67339167;0;No Special Jurisdiction;12;Motor Vehicle In-Transport;6;Angle;0;No;2;Intersection;3;T-Intersection;0;None;1;On Roadway;3;Dark - Lighted;98;Not Reported;0;No Additional Atmospheric Conditions;98;Not Reported;0;No;0;Not Applicable;22;10:00pm-10:59pm;49;49;22;10:00pm-10:59pm;54;54;23;11:00pm-11:59pm;2;2;13;Aggressive Driving / Road Rage by Non-contact Vehicle Driver;0;None;0;None;1;0
20;Kansas;200208;1;1;0;0;2;2;0;103;LEAVENWORTH (103);0;NOT APPLICABLE;10;10;8;August;2019;7;Saturday;0;0:00am-0:59am;15;15;0;This section IS NOT on the NHS;6;Local Street - Municipality;LAMING RD;TONGANOXIE DR;1;Rural;5;Major Collector;3;Town or Township Highway Agency;0;None;39.12163889;39.12163889;-95.07061111;-95.07061111;0;No Special Jurisdiction;34;Ditch;0;The First Harmful Event was Not a Collision with a Motor Vehicle in Transport;0;No;3;Intersection-Related;3;T-Intersection;0;None;4;On Roadside;3;Dark - Lighted;98;Not Reported;0;No Additional Atmospheric Conditions;98;Not Reported;0;No;0;Not Applicable;0;0:00am-0:59am;20;20;0;0:00am-0:59am;25;25;99;Unknown;99;Unknown EMS Hospital Arrival Time;0;None;0;None;0;None;1;1
20;Kansas;200251;2;2;0;0;3;3;0;173;SEDGWICK (173);5880;WICHITA;24;24;8;August;2019;7;Saturday;0;0:00am-0:59am;47;47;1;This section IS ON the NHS;6;Local Street - Municipality;W SOUTHWEST BLVD;W SOUTHWEST DR;2;Urban;2;Principal Arterial - Other Freeways and Expressways;4;City or Municipal Highway Agency;0;None;37.65398611;37.65398611;-97.38584722;-97.38584722;0;No Special Jurisdiction;12;Motor Vehicle In-Transport;6;Angle;0;No;2;Intersection;3;T-Intersection;0;None;1;On Roadway;3;Dark - Lighted;98;Not Reported;0;No Additional Atmospheric Conditions;98;Not Reported;0;No;0;Not Applicable;0;0:00am-0:59am;47;47;0;0:00am-0:59am;57;57;1;1:00am-1:59am;30;30;0;None;0;None;0;None;1;0
20;Kansas;200255;1;1;0;1;3;3;1;9;BARTON (9);2150;GREAT BEND;26;26;7;July;2019;6;Friday;5;5:00am-5:59am;55;55;0;This section IS NOT on the NHS;6;Local Street - Municipality;2ND RD;HUBBARD ST;2;Urban;4;Minor Arterial;4;City or Municipal Highway Agency;0;None;38.35460278;38.35460278;-98.75953333;-98.75953333;0;No Special Jurisdiction;9;Pedalcyclist;0;The First Harmful Event was Not a Collision with a Motor Vehicle in Transport;0;No;2;Intersection;3;T-Intersection;0;None;1;On Roadway;4;Dawn;98;Not Reported;0;No Additional Atmospheric Conditions;98;Not Reported;0;No;0;Not Applicable;5;5:00am-5:59am;57;57;6;6:00am-6:59am;2;2;6;6:00am-6:59am;20;20;0;None;0;None;0;None;1;0
20;Kansas;200274;1;1;0;0;1;1;0;155;RENO (155);0;NOT APPLICABLE;6;6;10;October;2019;1;Sunday;0;0:00am-0:59am;1;1;0;This section IS NOT on the NHS;6;Local Street - Municipality;E 69TH RD;N WILLISON RD;1;Rural;7;Local;3;Town or Township Highway Agency;0;None;38.13018056;38.13018056;-97.79409722;-97.79409722;0;No Special Jurisdiction;42;Tree (Standing Only);0;The First Harmful Event was Not a Collision with a Motor Vehicle in Transport;0;No;3;Intersection-Related;3;T-Intersection;0;None;4;On Roadside;6;Dark - Unknown Lighting;98;Not Reported;0;No Additional Atmospheric Conditions;98;Not Reported;0;No;0;Not Applicable;99;Unknown;98;Unknown if Notified;99;Unknown EMS Scene Arrival Hour;98;Unknown if Arrived;88;Not Applicable (Not Transported);88;Not Applicable (Not Transported);0;None;0;None;0;None;1;1
20;Kansas;200276;2;2;0;0;4;4;0;173;SEDGWICK (173);5880;WICHITA;14;14;10;October;2019;2;Monday;12;12:00pm-12:59pm;53;53;0;This section IS NOT on the NHS;6;Local Street - Municipality;W CENTRAL RD;N SOCORA ST;2;Urban;4;Minor Arterial;4;City or Municipal Highway Agency;0;None;37.69429444;37.69429444;-97.43778889;-97.43778889;0;No Special Jurisdiction;12;Motor Vehicle In-Transport;6;Angle;0;No;2;Intersection;3;T-Intersection;0;None;1;On Roadway;1;Daylight;1;Clear;0;No Additional Atmospheric Conditions;1;Clear;0;No;0;Not Applicable;12;12:00pm-12:59pm;54;54;12;12:00pm-12:59pm;58;58;13;1:00pm-1:59pm;31;31;0;None;0;None;0;None;1;0
20;Kansas;200285;2;2;0;0;4;4;0;207;WOODSON (207);0;NOT APPLICABLE;14;14;10;October;2019;2;Monday;12;12:00pm-12:59pm;48;48;1;This section IS ON the NHS;2;U.S. Highway;US-75 HWY;US-54 HWY;1;Rural;3;Principal Arterial - Other;1;State Highway Agency;699;699;37.80662222;37.80662222;-95.73891944;-95.73891944;0;No Special Jurisdiction;12;Motor Vehicle In-Transport;6;Angle;0;No;3;Intersection-Related;3;T-Intersection;0;None;1;On Roadway;1;Daylight;98;Not Reported;0;No Additional Atmospheric Conditions;98;Not Reported;0;No;0;Not Applicable;12;12:00pm-12:59pm;50;50;12;12:00pm-12:59pm;59;59;88;Not Applicable (Not Transported);88;Not Applicable (Not Transported);0;None;0;None;0;None;1;0
20;Kansas;200314;1;1;0;0;1;1;0;107;LINN (107);0;NOT APPLICABLE;14;14;11;November;2019;5;Thursday;18;6:00pm-6:59pm;32;32;0;This section IS NOT on the NHS;4;County Road;CR-1095 RD;SR-152;1;Rural;5;Major Collector;2;County Highway Agency;0;None;38.34534167;38.34534167;-94.79793611;-94.79793611;0;No Special Jurisdiction;35;Embankment;0;The First Harmful Event was Not a Collision with a Motor Vehicle in Transport;0;No;3;Intersection-Related;3;T-Intersection;0;None;4;On Roadside;2;Dark - Not Lighted;98;Not Reported;0;No Additional Atmospheric Conditions;98;Not Reported;0;No;0;Not Applicable;18;6:00pm-6:59pm;39;39;18;6:00pm-6:59pm;40;40;88;Not Applicable (Not Transported);88;Not Applicable (Not Transported);0;None;0;None;0;None;1;1
21;Kentucky;210005;2;2;0;0;4;4;0;79;GARRARD (79);0;NOT APPLICABLE;5;5;1;January;2019;7;Saturday;17;5:00pm-5:59pm;42;42;1;This section IS ON the NHS;2;U.S. Highway;US-27;SUTTON LN;1;Rural;3;Principal Arterial - Other;1;State Highway Agency;116;116;37.70636944;37.70636944;-84.65647778;-84.65647778;0;No Special Jurisdiction;12;Motor Vehicle In-Transport;6;Angle;0;No;2;Intersection;3;T-Intersection;0;None;1;On Roadway;1;Daylight;1;Clear;0;No Additional Atmospheric Conditions;1;Clear;0;No;0;Not Applicable;17;5:00pm-5:59pm;37;37;17;5:00pm-5:59pm;53;53;18;6:00pm-6:59pm;23;23;0;None;0;None;0;None;1;0
21;Kentucky;210013;2;2;0;0;2;2;0;109;JACKSON (109);0;NOT APPLICABLE;11;11;1;January;2019;6;Friday;9;9:00am-9:59am;57;57;0;This section IS NOT on the NHS;3;State Highway;SR-30;WALCHBURG RD;1;Rural;4;Minor Arterial;1;State Highway Agency;66;66;37.32322778;37.32322778;-83.93447778;-83.93447778;0;No Special Jurisdiction;12;Motor Vehicle In-Transport;6;Angle;0;No;2;Intersection;3;T-Intersection;0;None;1;On Roadway;1;Daylight;1;Clear;0;No Additional Atmospheric Conditions;1;Clear;0;No;0;Not Applicable;9;9:00am-9:59am;58;58;10;10:00am-10:59am;5;5;88;Not Applicable (Not Transported);88;Not Applicable (Not Transported);0;None;0;None;0;None;1;0
21;Kentucky;210025;2;2;0;0;3;3;0;37;CAMPBELL (37);0;NOT APPLICABLE;10;10;1;January;2019;5;Thursday;10;10:00am-10:59am;51;51;1;This section IS ON the NHS;3;State Highway;SR-9;EXIT 77 RAMP;2;Urban;3;Principal Arterial - Other;1;State Highway Agency;179;179;39.02529722;39.02529722;-84.48068056;-84.48068056;0;No Special Jurisdiction;12;Motor Vehicle In-Transport;6;Angle;0;No;2;Intersection;3;T-Intersection;0;None;1;On Roadway;1;Daylight;10;Cloudy;0;No Additional Atmospheric Conditions;10;Cloudy;0;No;0;Not Applicable;10;10:00am-10:59am;54;54;11;11:00am-11:59am;0;0;11;11:00am-11:59am;25;25;0;None;0;None;0;None;1;0
21;Kentucky;210030;3;3;0;0;4;4;0;39;CARLISLE (39);0;NOT APPLICABLE;17;17;1;January;2019;5;Thursday;15;3:00pm-3:59pm;0;0;0;This section IS NOT on the NHS;2;U.S. Highway;US-62;SR-307;1;Rural;4;Minor Arterial;1;State Highway Agency;90;90;36.90706944;36.90706944;-88.86415833;-88.86415833;0;No Special Jurisdiction;12;Motor Vehicle In-Transport;6;Angle;0;No;2;Intersection;3;T-Intersection;0;None;1;On Roadway;1;Daylight;2;Rain;0;No Additional Atmospheric Conditions;2;Rain;0;No;0;Not Applicable;15;3:00pm-3:59pm;3;3;15;3:00pm-3:59pm;11;11;15;3:00pm-3:59pm;34;34;14;Motor Vehicle struck by falling cargo,or something that came loose from or something that was set in motion by a vehicle;0;None;0;None;1;0
21;Kentucky;210034;2;2;0;0;2;2;0;133;LETCHER (133);3530;WHITESBURG;10;10;1;January;2019;5;Thursday;12;12:00pm-12:59pm;50;50;0;This section IS NOT on the NHS;3;State Highway;SR-588;ICE RD;1;Rural;6;Minor Collector;1;State Highway Agency;108;108;37.10758333;37.10758333;-82.86334722;-82.86334722;0;No Special Jurisdiction;12;Motor Vehicle In-Transport;2;Front-to-Front;0;No;2;Intersection;3;T-Intersection;0;None;1;On Roadway;1;Daylight;10;Cloudy;0;No Additional Atmospheric Conditions;10;Cloudy;0;No;0;Not Applicable;0;0:00am-0:59am;0;0;0;0:00am-0:59am;0;0;0;0:00am-0:59am;0;0;0;None;0;None;0;None;1;0
21;Kentucky;210039;1;1;0;1;1;1;1;137;LINCOLN (137);0;NOT APPLICABLE;1;1;2;February;2019;6;Friday;19;7:00pm-7:59pm;0;0;1;This section IS ON the NHS;2;U.S. Highway;US-27;SR-328;1;Rural;3;Principal Arterial - Other;1;State Highway Agency;31;31;37.33430556;37.33430556;-84.65909444;-84.65909444;0;No Special Jurisdiction;8;Pedestrian;0;The First Harmful Event was Not a Collision with a Motor Vehicle in Transport;0;No;3;Intersection-Related;3;T-Intersection;0;None;1;On Roadway;2;Dark - Not Lighted;1;Clear;0;No Additional Atmospheric Conditions;1;Clear;0;No;0;Not Applicable;18;6:00pm-6:59pm;46;46;18;6:00pm-6:59pm;50;50;88;Not Applicable (Not Transported);88;Not Applicable (Not Transported);19;Recent/Previous Crash scene Nearby;0;None;0;None;1;0
21;Kentucky;210041;1;1;0;0;2;2;0;199;PULASKI (199);3070;SOMERSET;4;4;2;February;2019;2;Monday;1;1:00am-1:59am;33;33;0;This section IS NOT on the NHS;3;State Highway;SR-80;GRANDE AVE;1;Rural;5;Major Collector;1;State Highway Agency;40;40;37.09465278;37.09465278;-84.59796944;-84.59796944;0;No Special Jurisdiction;30;Utility Pole/Light Support;0;The First Harmful Event was Not a Collision with a Motor Vehicle in Transport;0;No;3;Intersection-Related;3;T-Intersection;0;None;4;On Roadside;2;Dark - Not Lighted;1;Clear;0;No Additional Atmospheric Conditions;1;Clear;0;No;0;Not Applicable;1;1:00am-1:59am;37;37;1;1:00am-1:59am;42;42;2;2:00am-2:59am;3;3;0;None;0;None;0;None;1;0
21;Kentucky;210065;1;1;0;1;1;1;1;111;JEFFERSON (111);3010;SHIVELY;2;2;2;February;2019;7;Saturday;19;7:00pm-7:59pm;47;47;0;This section IS NOT on the NHS;2;U.S. Highway;US-31;SAN JOSE AVE;2;Urban;3;Principal Arterial - Other;1;State Highway Agency;141;141;38.17778056;38.17778056;-85.81941944;-85.81941944;0;No Special Jurisdiction;8;Pedestrian;0;The First Harmful Event was Not a Collision with a Motor Vehicle in Transport;0;No;3;Intersection-Related;3;T-Intersection;0;None;1;On Roadway;3;Dark - Lighted;1;Clear;0;No Additional Atmospheric Conditions;1;Clear;0;No;0;Not Applicable;19;7:00pm-7:59pm;47;47;19;7:00pm-7:59pm;52;52;20;8:00pm-8:59pm;11;11;0;None;0;None;0;None;1;0
21;Kentucky;210072;1;1;0;0;3;3;0;195;PIKE (195);2640;PIKEVILLE;16;16;1;January;2019;4;Wednesday;14;2:00pm-2:59pm;47;47;0;This section IS NOT on the NHS;6;Local Street - Municipality;BOB AMOS DR;TOWER RD;2;Urban;7;Local;4;City or Municipal Highway Agency;10;10;37.46567778;37.46567778;-82.54294167;-82.54294167;0;No Special Jurisdiction;58;Ground;0;The First Harmful Event was Not a Collision with a Motor Vehicle in Transport;0;No;3;Intersection-Related;3;T-Intersection;0;None;1;On Roadway;1;Daylight;10;Cloudy;0;No Additional Atmospheric Conditions;10;Cloudy;0;No;0;Not Applicable;14;2:00pm-2:59pm;47;47;15;3:00pm-3:59pm;17;17;15;3:00pm-3:59pm;30;30;0;None;0;None;0;None;2;0
21;Kentucky;210074;1;1;0;1;1;1;1;111;JEFFERSON (111);2090;LOUISVILLE;27;27;2;February;2019;4;Wednesday;5;5:00am-5:59am;49;49;0;This section IS NOT on the NHS;3;State Highway;SR-1020;ENTERPRISE DR;2;Urban;4;Minor Arterial;1;State Highway Agency;51;51;38.14723333;38.14723333;-85.75924444;-85.75924444;0;No Special Jurisdiction;8;Pedestrian;0;The First Harmful Event was Not a Collision with a Motor Vehicle in Transport;0;No;3;Intersection-Related;3;T-Intersection;0;None;1;On Roadway;2;Dark - Not Lighted;1;Clear;0;No Additional Atmospheric Conditions;1;Clear;0;No;0;Not Applicable;5;5:00am-5:59am;49;49;5;5:00am-5:59am;57;57;6;6:00am-6:59am;40;40;0;None;0;None;0;None;1;0
21;Kentucky;210075;1;1;0;1;1;1;1;59;DAVIESS (59);2490;OWENSBORO;22;22;2;February;2019;6;Friday;6;6:00am-6:59am;5;5;0;This section IS NOT on the NHS;5;Local Street - Township;FRAYSER LN;W 2ND ST;2;Urban;7;Local;1;State Highway Agency;0;None;37.77403611;37.77403611;-87.12648333;-87.12648333;0;No Special Jurisdiction;8;Pedestrian;0;The First Harmful Event was Not a Collision with a Motor Vehicle in Transport;0;No;2;Intersection;3;T-Intersection;0;None;1;On Roadway;1;Daylight;10;Cloudy;0;No Additional Atmospheric Conditions;10;Cloudy;0;No;0;Not Applicable;6;6:00am-6:59am;5;5;6;6:00am-6:59am;9;9;6;6:00am-6:59am;24;24;0;None;0;None;0;None;1;0
21;Kentucky;210106;2;2;0;0;3;3;0;29;BULLITT (29);2335;MOUNT WASHINGTON;15;15;3;March;2019;6;Friday;16;4:00pm-4:59pm;30;30;0;This section IS NOT on the NHS;2;U.S. Highway;US-31E;VILLAGE LN;2;Urban;4;Minor Arterial;1;State Highway Agency;40;40;38.06080556;38.06080556;-85.54544722;-85.54544722;0;No Special Jurisdiction;12;Motor Vehicle In-Transport;6;Angle;0;No;2;Intersection;3;T-Intersection;0;None;1;On Roadway;1;Daylight;10;Cloudy;0;No Additional Atmospheric Conditions;10;Cloudy;0;No;0;Not Applicable;16;4:00pm-4:59pm;34;34;16;4:00pm-4:59pm;46;46;18;6:00pm-6:59pm;34;34;0;None;0;None;0;None;1;0
21;Kentucky;210126;3;2;1;0;5;5;0;93;HARDIN (93);2724;RADCLIFF;29;29;3;March;2019;6;Friday;11;11:00am-11:59am;0;0;1;This section IS ON the NHS;2;U.S. Highway;US-31;SOUTH ST;2;Urban;3;Principal Arterial - Other;1;State Highway Agency;264;264;37.82435833;37.82435833;-85.92707222;-85.92707222;0;No Special Jurisdiction;12;Motor Vehicle In-Transport;6;Angle;0;No;2;Intersection;3;T-Intersection;0;None;1;On Roadway;1;Daylight;10;Cloudy;0;No Additional Atmospheric Conditions;10;Cloudy;0;No;0;Not Applicable;11;11:00am-11:59am;1;1;11;11:00am-11:59am;11;11;12;12:00pm-12:59pm;20;20;0;None;0;None;0;None;1;0
21;Kentucky;210134;2;2;0;0;3;3;0;127;LAWRENCE (127);2080;LOUISA;5;5;3;March;2019;3;Tuesday;9;9:00am-9:59am;17;17;1;This section IS ON the NHS;2;U.S. Highway;US-23;COMMERCE DR;1;Rural;3;Principal Arterial - Other;1;State Highway Agency;165;165;38.10028611;38.10028611;-82.62689444;-82.62689444;0;No Special Jurisdiction;12;Motor Vehicle In-Transport;1;Front-to-Rear;0;No;3;Intersection-Related;3;T-Intersection;0;None;1;On Roadway;1;Daylight;1;Clear;0;No Additional Atmospheric Conditions;1;Clear;0;No;0;Not Applicable;9;9:00am-9:59am;19;19;9;9:00am-9:59am;24;24;10;10:00am-10:59am;5;5;0;None;0;None;0;None;1;0
21;Kentucky;210135;2;2;0;0;5;5;0;29;BULLITT (29);0;NOT APPLICABLE;1;1;4;April;2019;2;Monday;11;11:00am-11:59am;58;58;0;This section IS NOT on the NHS;3;State Highway;SR-61;HILLBROOK DR;2;Urban;4;Minor Arterial;1;State Highway Agency;177;177;38.0316;38.0316;-85.69060833;-85.69060833;0;No Special Jurisdiction;12;Motor Vehicle In-Transport;6;Angle;0;No;2;Intersection;3;T-Intersection;0;None;1;On Roadway;1;Daylight;1;Clear;0;No Additional Atmospheric Conditions;1;Clear;0;No;0;Not Applicable;11;11:00am-11:59am;57;57;12;12:00pm-12:59pm;2;2;12;12:00pm-12:59pm;30;30;0;None;0;None;0;None;1;0
21;Kentucky;210138;2;2;0;0;3;3;0;49;CLARK (49);0;NOT APPLICABLE;4;4;4;April;2019;5;Thursday;9;9:00am-9:59am;50;50;1;This section IS ON the NHS;3;State Highway;SR-627;OLD BOONESBORO RD;2;Urban;3;Principal Arterial - Other;1;State Highway Agency;58;58;37.97048611;37.97048611;-84.20150556;-84.20150556;0;No Special Jurisdiction;12;Motor Vehicle In-Transport;6;Angle;0;No;2;Intersection;3;T-Intersection;0;None;1;On Roadway;1;Daylight;1;Clear;0;No Additional Atmospheric Conditions;1;Clear;0;No;0;Not Applicable;9;9:00am-9:59am;59;59;10;10:00am-10:59am;5;5;10;10:00am-10:59am;26;26;0;None;0;None;0;None;1;0
21;Kentucky;210143;2;2;0;0;2;2;0;15;BOONE (15);1150;FLORENCE;6;6;4;April;2019;7;Saturday;20;8:00pm-8:59pm;23;23;0;This section IS NOT on the NHS;3;State Highway;SR-1017;SEBREE DR;2;Urban;4;Minor Arterial;1;State Highway Agency;37;37;39.00752222;39.00752222;-84.62295833;-84.62295833;0;No Special Jurisdiction;1;Rollover/Overturn;0;The First Harmful Event was Not a Collision with a Motor Vehicle in Transport;0;No;2;Intersection;3;T-Intersection;0;None;1;On Roadway;3;Dark - Lighted;1;Clear;0;No Additional Atmospheric Conditions;1;Clear;0;No;0;Not Applicable;20;8:00pm-8:59pm;23;23;20;8:00pm-8:59pm;28;28;20;8:00pm-8:59pm;38;38;0;None;0;None;0;None;1;0
21;Kentucky;210144;1;1;0;0;2;2;0;111;JEFFERSON (111);2090;LOUISVILLE;6;6;4;April;2019;7;Saturday;21;9:00pm-9:59pm;54;54;0;This section IS NOT on the NHS;5;Local Street - Township;BASEBALL ALY;S 4TH ST;2;Urban;7;Local;1;State Highway Agency;99999;Unknown;38.239575;38.239575;-85.75951944;-85.75951944;0;No Special Jurisdiction;33;Curb;0;The First Harmful Event was Not a Collision with a Motor Vehicle in Transport;0;No;3;Intersection-Related;3;T-Intersection;0;None;4;On Roadside;3;Dark - Lighted;1;Clear;0;No Additional Atmospheric Conditions;1;Clear;0;No;0;Not Applicable;21;9:00pm-9:59pm;57;57;22;10:00pm-10:59pm;3;3;88;Not Applicable (Not Transported);88;Not Applicable (Not Transported);0;None;0;None;0;None;2;1
21;Kentucky;210146;2;2;0;0;3;3;0;67;FAYETTE (67);1980;LEXINGTON-FAYETTE;9;9;4;April;2019;3;Tuesday;7;7:00am-7:59am;46;46;0;This section IS NOT on the NHS;6;Local Street - Municipality;MAN O WAR BLVD;JOCASTA DR;2;Urban;7;Local;1;State Highway Agency;109;109;37.97835;37.97835;-84.46349444;-84.46349444;0;No Special Jurisdiction;12;Motor Vehicle In-Transport;6;Angle;0;No;2;Intersection;3;T-Intersection;0;None;1;On Roadway;1;Daylight;10;Cloudy;0;No Additional Atmospheric Conditions;10;Cloudy;0;No;0;Not Applicable;7;7:00am-7:59am;47;47;7;7:00am-7:59am;54;54;8;8:00am-8:59am;13;13;0;None;0;None;0;None;1;0
21;Kentucky;210152;2;2;0;0;4;4;0;37;CAMPBELL (37);730;COLD SPRING;14;14;4;April;2019;1;Sunday;21;9:00pm-9:59pm;42;42;1;This section IS ON the NHS;3;State Highway;SR-0009;ROCKYVIEW DR;2;Urban;3;Principal Arterial - Other;1;State Highway Agency;131;131;38.99968889;38.99968889;-84.40874722;-84.40874722;0;No Special Jurisdiction;12;Motor Vehicle In-Transport;6;Angle;0;No;2;Intersection;3;T-Intersection;0;None;1;On Roadway;3;Dark - Lighted;10;Cloudy;0;No Additional Atmospheric Conditions;10;Cloudy;0;No;0;Not Applicable;21;9:00pm-9:59pm;42;42;21;9:00pm-9:59pm;47;47;22;10:00pm-10:59pm;8;8;0;None;0;None;0;None;1;0
21;Kentucky;210162;2;2;0;0;3;3;0;59;DAVIESS (59);2490;OWENSBORO;11;11;4;April;2019;5;Thursday;19;7:00pm-7:59pm;51;51;0;This section IS NOT on the NHS;2;U.S. Highway;US-231;US-60;2;Urban;4;Minor Arterial;1;State Highway Agency;112;112;37.73083056;37.73083056;-87.08746667;-87.08746667;0;No Special Jurisdiction;12;Motor Vehicle In-Transport;6;Angle;0;No;2;Intersection;3;T-Intersection;0;None;1;On Roadway;3;Dark - Lighted;1;Clear;0;No Additional Atmospheric Conditions;1;Clear;0;No;0;Not Applicable;19;7:00pm-7:59pm;52;52;19;7:00pm-7:59pm;58;58;20;8:00pm-8:59pm;25;25;0;None;0;None;0;None;1;0
21;Kentucky;210163;4;4;0;0;4;4;0;117;KENTON (117);1050;ERLANGER;19;19;4;April;2019;6;Friday;15;3:00pm-3:59pm;15;15;0;This section IS NOT on the NHS;3;State Highway;SR-236;I-75 S EXIT RAMP 184;2;Urban;4;Minor Arterial;1;State Highway Agency;24;24;39.02672778;39.02672778;-84.61423056;-84.61423056;0;No Special Jurisdiction;12;Motor Vehicle In-Transport;7;Sideswipe - Same Direction;0;No;3;Intersection-Related;3;T-Intersection;0;None;1;On Roadway;1;Daylight;2;Rain;0;No Additional Atmospheric Conditions;2;Rain;0;No;0;Not Applicable;15;3:00pm-3:59pm;19;19;15;3:00pm-3:59pm;25;25;15;3:00pm-3:59pm;34;34;0;None;0;None;0;None;1;0
21;Kentucky;210165;2;2;0;0;3;3;0;199;PULASKI (199);1110;FERGUSON;19;19;4;April;2019;6;Friday;11;11:00am-11:59am;54;54;1;This section IS ON the NHS;3;State Highway;SR-914;SR-3075;2;Urban;3;Principal Arterial - Other;1;State Highway Agency;81;81;37.04529167;37.04529167;-84.5994;-84.5994;0;No Special Jurisdiction;12;Motor Vehicle In-Transport;6;Angle;0;No;2;Intersection;3;T-Intersection;0;None;1;On Roadway;1;Daylight;2;Rain;0;No Additional Atmospheric Conditions;2;Rain;0;No;0;Not Applicable;11;11:00am-11:59am;59;59;12;12:00pm-12:59pm;6;6;12;12:00pm-12:59pm;40;40;0;None;0;None;0;None;1;0
21;Kentucky;210187;2;2;0;0;2;2;0;67;FAYETTE (67);1980;LEXINGTON-FAYETTE;5;5;5;May;2019;1;Sunday;21;9:00pm-9:59pm;6;6;0;This section IS NOT on the NHS;3;State Highway;SR-1969;BACK GATE DR;1;Rural;6;Minor Collector;1;State Highway Agency;8;8;38.05472222;38.05472222;-84.60989444;-84.60989444;0;No Special Jurisdiction;12;Motor Vehicle In-Transport;8;Sideswipe - Opposite Direction;0;No;2;Intersection;3;T-Intersection;0;None;1;On Roadway;2;Dark - Not Lighted;1;Clear;0;No Additional Atmospheric Conditions;1;Clear;0;No;0;Not Applicable;21;9:00pm-9:59pm;6;6;21;9:00pm-9:59pm;14;14;21;9:00pm-9:59pm;46;46;0;None;0;None;0;None;1;1