STATE;STATENAME;ST_CASE;VE_TOTAL;VE_FORMS;PVH_INVL;PEDS;PERSONS;PERMVIT;PERNOTMVIT;COUNTY;COUNTYNAME;CITY;CITYNAME;DAY;DAYNAME;MONTH;MONTHNAME;YEAR;DAY_WEEK;DAY_WEEKNAME;HOUR;HOURNAME;MINUTE;MINUTENAME;NHS;NHSNAME;ROUTE;ROUTENAME;TWAY_ID;TWAY_ID2;RUR_URB;RUR_URBNAME;FUNC_SYS;FUNC_SYSNAME;RD_OWNER;RD_OWNERNAME;MILEPT;MILEPTNAME;LATITUDE;LATITUDENAME;LONGITUD;LONGITUDNAME;SP_JUR;SP_JURNAME;HARM_EV;HARM_EVNAME;MAN_COLL;MAN_COLLNAME;RELJCT1;RELJCT1NAME;RELJCT2;RELJCT2NAME;TYP_INT;TYP_INTNAME;WRK_ZONE;WRK_ZONENAME;REL_ROAD;REL_ROADNAME;LGT_COND;LGT_CONDNAME;WEATHER1;WEATHER1NAME;WEATHER2;WEATHER2NAME;WEATHER;WEATHERNAME;SCH_BUS;SCH_BUSNAME;RAIL;RAILNAME;NOT_HOUR;NOT_HOURNAME;NOT_MIN;NOT_MINNAME;ARR_HOUR;ARR_HOURNAME;ARR_MIN;ARR_MINNAME;HOSP_HR;HOSP_HRNAME;HOSP_MN;HOSP_MNNAME;CF1;CF1NAME;CF2;CF2NAME;CF3;CF3NAME;FATALS;DRUNK_DR
22;Louisiana;220047;2;2;0;0;3;3;0;33;EAST BATON ROUGE (33);150;BATON ROUGE;11;11;2;February;2019;2;Monday;15;3:00pm-3:59pm;42;42;0;This section IS NOT on the NHS;3;State Highway;SR-427;BLES;2;Urban;4;Minor Arterial;1;State Highway Agency;51;51;30.39149722;30.39149722;-91.10666111;-91.10666111;0;No Special Jurisdiction;12;Motor Vehicle In-Transport;6;Angle;0;No;2;Intersection;3;T-Intersection;0;None;1;On Roadway;1;Daylight;1;Clear;0;No Additional Atmospheric Conditions;1;Clear;0;No;0;Not Applicable;15;3:00pm-3:59pm;43;43;15;3:00pm-3:59pm;48;48;99;Unknown;99;Unknown EMS Hospital Arrival Time;0;None;0;None;0;None;1;1
22;Louisiana;220060;1;1;0;0;3;3;0;119;WEBSTER (119);1550;MINDEN;24;24;2;February;2019;1;Sunday;13;1:00pm-1:59pm;51;51;0;This section IS NOT on the NHS;6;Local Street - Municipality;EAST ST;MIDDLAND ST;2;Urban;7;Local;4;City or Municipal Highway Agency;0;None;32.60843333;32.60843333;-93.28456111;-93.28456111;0;No Special Jurisdiction;5;Fell/Jumped from Vehicle;0;The First Harmful Event was Not a Collision with a Motor Vehicle in Transport;1;Yes;2;Intersection;3;T-Intersection;0;None;1;On Roadway;1;Daylight;1;Clear;0;No Additional Atmospheric Conditions;1;Clear;0;No;0;Not Applicable;13;1:00pm-1:59pm;54;54;14;2:00pm-2:59pm;0;0;14;2:00pm-2:59pm;6;6;0;None;0;None;0;None;1;0
22;Louisiana;220067;2;2;0;0;3;3;0;17;CADDO (17);2130;SHREVEPORT;23;23;3;March;2019;7;Saturday;12;12:00pm-12:59pm;56;56;1;This section IS ON the NHS;2;U.S. Highway;US-71;THOMAS DR;2;Urban;3;Principal Arterial - Other;1;State Highway Agency;1963;1963;32.53248889;32.53248889;-93.76595833;-93.76595833;0;No Special Jurisdiction;1;Rollover/Overturn;0;The First Harmful Event was Not a Collision with a Motor Vehicle in Transport;0;No;3;Intersection-Related;3;T-Intersection;0;None;1;On Roadway;1;Daylight;1;Clear;0;No Additional Atmospheric Conditions;1;Clear;0;No;0;Not Applicable;99;Unknown;99;Unknown;99;Unknown EMS Scene Arrival Hour;99;Unknown EMS Scene Arrival Minutes;99;Unknown;99;Unknown EMS Hospital Arrival Time;0;None;0;None;0;None;1;1
22;Louisiana;220082;2;2;0;0;2;2;0;93;ST. JAMES (93);9898;Not Reported;25;25;2;February;2019;2;Monday;5;5:00am-5:59am;21;21;0;This section IS NOT on the NHS;3;State Highway;SR-3127;SR-3213;1;Rural;4;Minor Arterial;1;State Highway Agency;206;206;29.98425833;29.98425833;-90.68191944;-90.68191944;0;No Special Jurisdiction;12;Motor Vehicle In-Transport;6;Angle;0;No;2;Intersection;3;T-Intersection;0;None;1;On Roadway;2;Dark - Not Lighted;10;Cloudy;0;No Additional Atmospheric Conditions;10;Cloudy;0;No;0;Not Applicable;5;5:00am-5:59am;22;22;5;5:00am-5:59am;31;31;6;6:00am-6:59am;15;15;0;None;0;None;0;None;1;0
22;Louisiana;220097;2;2;0;0;4;4;0;17;CADDO (17);9898;Not Reported;3;3;4;April;2019;4;Wednesday;7;7:00am-7:59am;46;46;0;This section IS NOT on the NHS;4;County Road;CR-MIRA MYRTIS RD;CR-HOSSTON RODESSA RD;1;Rural;7;Local;2;County Highway Agency;0;None;32.93640833;32.93640833;-93.91311389;-93.91311389;0;No Special Jurisdiction;12;Motor Vehicle In-Transport;6;Angle;0;No;2;Intersection;3;T-Intersection;0;None;1;On Roadway;4;Dawn;1;Clear;0;No Additional Atmospheric Conditions;1;Clear;0;No;0;Not Applicable;7;7:00am-7:59am;45;45;7;7:00am-7:59am;56;56;8;8:00am-8:59am;49;49;0;None;0;None;0;None;1;0
22;Louisiana;220098;2;2;0;0;2;2;0;33;EAST BATON ROUGE (33);150;BATON ROUGE;5;5;4;April;2019;6;Friday;16;4:00pm-4:59pm;2;2;0;This section IS NOT on the NHS;6;Local Street - Municipality;4900 STUMBERG LANE;12900 CARRINGTON;2;Urban;7;Local;4;City or Municipal Highway Agency;0;None;30.40702222;30.40702222;-91.03673889;-91.03673889;0;No Special Jurisdiction;12;Motor Vehicle In-Transport;6;Angle;0;No;2;Intersection;3;T-Intersection;0;None;1;On Roadway;1;Daylight;1;Clear;0;No Additional Atmospheric Conditions;1;Clear;0;No;0;Not Applicable;16;4:00pm-4:59pm;2;2;16;4:00pm-4:59pm;8;8;88;Not Applicable (Not Transported);88;Not Applicable (Not Transported);0;None;0;None;0;None;1;0
22;Louisiana;220102;2;2;0;0;3;3;0;63;LIVINGSTON (63);9898;Not Reported;2;2;2;February;2019;7;Saturday;1;1:00am-1:59am;10;10;0;This section IS NOT on the NHS;3;State Highway;SR-16;JAMES STREET;2;Urban;4;Minor Arterial;1;State Highway Agency;193;193;30.43722222;30.43722222;-90.93915;-90.93915;0;No Special Jurisdiction;12;Motor Vehicle In-Transport;2;Front-to-Front;0;No;2;Intersection;3;T-Intersection;0;None;1;On Roadway;2;Dark - Not Lighted;1;Clear;0;No Additional Atmospheric Conditions;1;Clear;0;No;0;Not Applicable;1;1:00am-1:59am;13;13;1;1:00am-1:59am;20;20;1;1:00am-1:59am;48;48;0;None;0;None;0;None;1;1
22;Louisiana;220105;2;2;0;0;2;2;0;95;ST. JOHN THE BAPTIST (95);9898;Not Reported;23;23;2;February;2019;7;Saturday;12;12:00pm-12:59pm;40;40;0;This section IS NOT on the NHS;3;State Highway;SR-44;BRADFORD DRIVE;2;Urban;5;Major Collector;1;State Highway Agency;490;490;30.06888056;30.06888056;-90.49287222;-90.49287222;0;No Special Jurisdiction;1;Rollover/Overturn;0;The First Harmful Event was Not a Collision with a Motor Vehicle in Transport;0;No;2;Intersection;3;T-Intersection;0;None;1;On Roadway;1;Daylight;1;Clear;0;No Additional Atmospheric Conditions;1;Clear;0;No;0;Not Applicable;12;12:00pm-12:59pm;34;34;12;12:00pm-12:59pm;37;37;12;12:00pm-12:59pm;56;56;14;Motor Vehicle struck by falling cargo,or something that came loose from or something that was set in motion by a vehicle;0;None;0;None;1;0
22;Louisiana;220107;2;2;0;0;3;3;0;33;EAST BATON ROUGE (33);9898;Not Reported;1;1;2;February;2019;6;Friday;18;6:00pm-6:59pm;6;6;1;This section IS ON the NHS;2;U.S. Highway;US-61;PALADIN DRIVE;2;Urban;3;Principal Arterial - Other;1;State Highway Agency;654;654;30.34903889;30.34903889;-90.99782222;-90.99782222;0;No Special Jurisdiction;12;Motor Vehicle In-Transport;6;Angle;1;Yes;2;Intersection;3;T-Intersection;0;None;1;On Roadway;3;Dark - Lighted;1;Clear;0;No Additional Atmospheric Conditions;1;Clear;0;No;0;Not Applicable;18;6:00pm-6:59pm;14;14;18;6:00pm-6:59pm;24;24;18;6:00pm-6:59pm;50;50;0;None;0;None;0;None;1;0
22;Louisiana;220111;2;2;0;0;6;6;0;87;ST. BERNARD (87);9898;Not Reported;14;14;3;March;2019;5;Thursday;15;3:00pm-3:59pm;32;32;1;This section IS ON the NHS;3;State Highway;SR-47;MARINA RD;2;Urban;3;Principal Arterial - Other;1;State Highway Agency;30;30;29.97130556;29.97130556;-89.94943056;-89.94943056;0;No Special Jurisdiction;12;Motor Vehicle In-Transport;6;Angle;0;No;2;Intersection;3;T-Intersection;0;None;1;On Roadway;1;Daylight;1;Clear;0;No Additional Atmospheric Conditions;1;Clear;0;No;0;Not Applicable;15;3:00pm-3:59pm;41;41;16;4:00pm-4:59pm;2;2;16;4:00pm-4:59pm;33;33;0;None;0;None;0;None;1;0
22;Louisiana;220132;3;3;0;0;5;5;0;15;BOSSIER (15);230;BOSSIER CITY;22;22;1;January;2019;3;Tuesday;12;12:00pm-12:59pm;15;15;1;This section IS ON the NHS;2;U.S. Highway;US-71;SR-511;2;Urban;3;Principal Arterial - Other;1;State Highway Agency;1873;1873;32.46119167;32.46119167;-93.66291944;-93.66291944;0;No Special Jurisdiction;12;Motor Vehicle In-Transport;1;Front-to-Rear;0;No;3;Intersection-Related;3;T-Intersection;0;None;1;On Roadway;1;Daylight;1;Clear;0;No Additional Atmospheric Conditions;1;Clear;0;No;0;Not Applicable;12;12:00pm-12:59pm;17;17;12;12:00pm-12:59pm;22;22;12;12:00pm-12:59pm;38;38;28;Regular Congestion;0;None;0;None;1;0
22;Louisiana;220147;4;2;2;0;5;5;0;109;TERREBONNE (109);9898;Not Reported;11;11;4;April;2019;5;Thursday;11;11:00am-11:59am;10;10;1;This section IS ON the NHS;3;State Highway;SR-24;BUQUET STREET BRIDGE;2;Urban;3;Principal Arterial - Other;1;State Highway Agency;93;93;29.62093889;29.62093889;-90.74806111;-90.74806111;0;No Special Jurisdiction;12;Motor Vehicle In-Transport;6;Angle;0;No;2;Intersection;3;T-Intersection;0;None;1;On Roadway;1;Daylight;1;Clear;0;No Additional Atmospheric Conditions;1;Clear;0;No;0;Not Applicable;11;11:00am-11:59am;11;11;11;11:00am-11:59am;17;17;12;12:00pm-12:59pm;17;17;14;Motor Vehicle struck by falling cargo,or something that came loose from or something that was set in motion by a vehicle;0;None;0;None;1;0
22;Louisiana;220149;3;3;0;0;4;4;0;9;AVOYELLES (9);9898;Not Reported;25;25;4;April;2019;5;Thursday;7;7:00am-7:59am;40;40;0;This section IS NOT on the NHS;3;State Highway;SR-107;SR-1196;1;Rural;5;Major Collector;1;State Highway Agency;450;450;31.20818333;31.20818333;-92.15021389;-92.15021389;0;No Special Jurisdiction;12;Motor Vehicle In-Transport;1;Front-to-Rear;0;No;2;Intersection;3;T-Intersection;0;None;1;On Roadway;1;Daylight;2;Rain;0;No Additional Atmospheric Conditions;2;Rain;0;No;0;Not Applicable;7;7:00am-7:59am;47;47;8;8:00am-8:59am;0;0;88;Not Applicable (Not Transported);88;Not Applicable (Not Transported);14;Motor Vehicle struck by falling cargo,or something that came loose from or something that was set in motion by a vehicle;0;None;0;None;1;0
22;Louisiana;220154;2;2;0;0;5;5;0;9;AVOYELLES (9);9898;Not Reported;22;22;4;April;2019;2;Monday;15;3:00pm-3:59pm;42;42;0;This section IS NOT on the NHS;3;State Highway;SR-1;SR-1192;1;Rural;4;Minor Arterial;1;State Highway Agency;2471;2471;31.15449167;31.15449167;-92.11867778;-92.11867778;0;No Special Jurisdiction;12;Motor Vehicle In-Transport;2;Front-to-Front;0;No;3;Intersection-Related;3;T-Intersection;0;None;1;On Roadway;1;Daylight;1;Clear;0;No Additional Atmospheric Conditions;1;Clear;0;No;0;Not Applicable;15;3:00pm-3:59pm;51;51;16;4:00pm-4:59pm;0;0;17;5:00pm-5:59pm;5;5;0;None;0;None;0;None;1;0
22;Louisiana;220174;2;2;0;0;3;3;0;97;ST. LANDRY (97);1800;OPELOUSAS;11;11;5;May;2019;7;Saturday;22;10:00pm-10:59pm;24;24;0;This section IS NOT on the NHS;3;State Highway;SR-182;EAST CHURCH STREET;2;Urban;3;Principal Arterial - Other;1;State Highway Agency;1521;1521;30.543;30.543;-92.08041111;-92.08041111;0;No Special Jurisdiction;12;Motor Vehicle In-Transport;6;Angle;1;Yes;2;Intersection;3;T-Intersection;0;None;1;On Roadway;3;Dark - Lighted;10;Cloudy;0;No Additional Atmospheric Conditions;10;Cloudy;0;No;0;Not Applicable;22;10:00pm-10:59pm;36;36;22;10:00pm-10:59pm;42;42;23;11:00pm-11:59pm;6;6;0;None;0;None;0;None;1;0
22;Louisiana;220187;1;1;0;0;1;1;0;95;ST. JOHN THE BAPTIST (95);9898;Not Reported;7;7;4;April;2019;1;Sunday;20;8:00pm-8:59pm;25;25;0;This section IS NOT on the NHS;3;State Highway;SR-636-3;PEACH ST;2;Urban;5;Major Collector;1;State Highway Agency;11;11;30.06103333;30.06103333;-90.49220278;-90.49220278;0;No Special Jurisdiction;18;Other Object (not fixed);0;The First Harmful Event was Not a Collision with a Motor Vehicle in Transport;1;Yes;3;Intersection-Related;3;T-Intersection;0;None;4;On Roadside;3;Dark - Lighted;2;Rain;0;No Additional Atmospheric Conditions;2;Rain;0;No;0;Not Applicable;20;8:00pm-8:59pm;36;36;20;8:00pm-8:59pm;46;46;20;8:00pm-8:59pm;54;54;0;None;0;None;0;None;1;1
22;Louisiana;220236;2;2;0;0;2;2;0;15;BOSSIER (15);9898;Not Reported;21;21;5;May;2019;3;Tuesday;20;8:00pm-8:59pm;59;59;0;This section IS NOT on the NHS;4;County Road;CR-WAFER ROAD;CRESTWOOD DRIVE;1;Rural;7;Local;2;County Highway Agency;0;None;32.5669;32.5669;-93.5716;-93.5716;0;No Special Jurisdiction;12;Motor Vehicle In-Transport;6;Angle;0;No;2;Intersection;3;T-Intersection;0;None;1;On Roadway;2;Dark - Not Lighted;10;Cloudy;0;No Additional Atmospheric Conditions;10;Cloudy;0;No;0;Not Applicable;21;9:00pm-9:59pm;4;4;21;9:00pm-9:59pm;7;7;21;9:00pm-9:59pm;47;47;0;None;0;None;0;None;1;0
22;Louisiana;220240;1;1;0;1;1;1;1;79;RAPIDES (79);9898;Not Reported;4;4;6;June;2019;3;Tuesday;11;11:00am-11:59am;30;30;0;This section IS NOT on the NHS;4;County Road;CR-FOXFIRE LANE;OLD BATON ROUGE;1;Rural;7;Local;2;County Highway Agency;0;None;31.20615;31.20615;-92.41465;-92.41465;0;No Special Jurisdiction;8;Pedestrian;0;The First Harmful Event was Not a Collision with a Motor Vehicle in Transport;1;Yes;3;Intersection-Related;3;T-Intersection;0;None;1;On Roadway;1;Daylight;1;Clear;0;No Additional Atmospheric Conditions;1;Clear;0;No;0;Not Applicable;11;11:00am-11:59am;34;34;11;11:00am-11:59am;49;49;12;12:00pm-12:59pm;16;16;0;None;0;None;0;None;1;0
22;Louisiana;220244;2;2;0;0;3;3;0;33;EAST BATON ROUGE (33);150;BATON ROUGE;20;20;6;June;2019;5;Thursday;2;2:00am-2:59am;16;16;1;This section IS ON the NHS;3;State Highway;SR-67;PLUSKAT STREET;2;Urban;3;Principal Arterial - Other;1;State Highway Agency;30;30;30.48733333;30.48733333;-91.15745833;-91.15745833;0;No Special Jurisdiction;12;Motor Vehicle In-Transport;7;Sideswipe - Same Direction;0;No;2;Intersection;3;T-Intersection;0;None;1;On Roadway;3;Dark - Lighted;1;Clear;0;No Additional Atmospheric Conditions;1;Clear;0;No;0;Not Applicable;2;2:00am-2:59am;17;17;2;2:00am-2:59am;19;19;3;3:00am-3:59am;20;20;0;None;0;None;0;None;1;0
22;Louisiana;220250;2;2;0;0;3;3;0;73;OUACHITA (73);1560;MONROE;11;11;4;April;2019;5;Thursday;16;4:00pm-4:59pm;18;18;1;This section IS ON the NHS;2;U.S. Highway;US-80;VERNON LANE;2;Urban;3;Principal Arterial - Other;1;State Highway Agency;1187;1187;32.51596667;32.51596667;-92.19003056;-92.19003056;0;No Special Jurisdiction;12;Motor Vehicle In-Transport;6;Angle;0;No;2;Intersection;3;T-Intersection;0;None;1;On Roadway;1;Daylight;1;Clear;0;No Additional Atmospheric Conditions;1;Clear;0;No;0;Not Applicable;16;4:00pm-4:59pm;19;19;16;4:00pm-4:59pm;22;22;16;4:00pm-4:59pm;41;41;0;None;0;None;0;None;1;0
22;Louisiana;220260;2;2;0;0;5;5;0;19;CALCASIEU (19);9898;Not Reported;4;4;5;May;2019;7;Saturday;11;11:00am-11:59am;50;50;0;This section IS NOT on the NHS;4;County Road;CR-N PERKINS FERRY RD;JOE MILLER RD;1;Rural;7;Local;2;County Highway Agency;0;None;30.34473611;30.34473611;-93.23289722;-93.23289722;0;No Special Jurisdiction;12;Motor Vehicle In-Transport;2;Front-to-Front;0;No;2;Intersection;3;T-Intersection;0;None;1;On Roadway;1;Daylight;2;Rain;0;No Additional Atmospheric Conditions;2;Rain;0;No;0;Not Applicable;11;11:00am-11:59am;52;52;12;12:00pm-12:59pm;6;6;12;12:00pm-12:59pm;35;35;0;None;0;None;0;None;2;0
22;Louisiana;220267;4;2;2;1;7;7;1;71;ORLEANS (71);1690;NEW ORLEANS;6;6;6;June;2019;5;Thursday;12;12:00pm-12:59pm;57;57;1;This section IS ON the NHS;2;U.S. Highway;US-90;PAPANIA DR;2;Urban;3;Principal Arterial - Other;1;State Highway Agency;2687;2687;30.02083056;30.02083056;-89.95908889;-89.95908889;0;No Special Jurisdiction;12;Motor Vehicle In-Transport;6;Angle;0;No;2;Intersection;3;T-Intersection;0;None;1;On Roadway;1;Daylight;2;Rain;0;No Additional Atmospheric Conditions;2;Rain;0;No;0;Not Applicable;99;Unknown;99;Unknown;99;Unknown EMS Scene Arrival Hour;99;Unknown EMS Scene Arrival Minutes;99;Unknown;99;Unknown EMS Hospital Arrival Time;15;Non-occupant struck by falling cargo, or something that came loose from, or something that was set in motion by a vehicle;0;None;0;None;1;0
22;Louisiana;220270;1;1;0;0;1;1;0;103;ST. TAMMANY (103);9898;Not Reported;21;21;6;June;2019;6;Friday;21;9:00pm-9:59pm;54;54;0;This section IS NOT on the NHS;3;State Highway;SR-437;PLAYERMAKERS RD;1;Rural;4;Minor Arterial;1;State Highway Agency;23;23;30.5121;30.5121;-90.07826944;-90.07826944;0;No Special Jurisdiction;35;Embankment;0;The First Harmful Event was Not a Collision with a Motor Vehicle in Transport;1;Yes;3;Intersection-Related;3;T-Intersection;0;None;4;On Roadside;2;Dark - Not Lighted;1;Clear;0;No Additional Atmospheric Conditions;1;Clear;0;No;0;Not Applicable;22;10:00pm-10:59pm;4;4;22;10:00pm-10:59pm;16;16;22;10:00pm-10:59pm;37;37;0;None;0;None;0;None;1;1
22;Louisiana;220313;1;1;0;0;2;2;0;17;CADDO (17);9898;Not Reported;26;26;5;May;2019;1;Sunday;20;8:00pm-8:59pm;45;45;0;This section IS NOT on the NHS;3;State Highway;SR-1;MYRA MYRTIS ROAD;1;Rural;4;Minor Arterial;1;State Highway Agency;4243;4243;32.93370833;32.93370833;-93.99379167;-93.99379167;0;No Special Jurisdiction;7;Other Non-Collision;0;The First Harmful Event was Not a Collision with a Motor Vehicle in Transport;1;Yes;2;Intersection;3;T-Intersection;0;None;1;On Roadway;2;Dark - Not Lighted;1;Clear;0;No Additional Atmospheric Conditions;1;Clear;0;No;0;Not Applicable;20;8:00pm-8:59pm;45;45;20;8:00pm-8:59pm;50;50;21;9:00pm-9:59pm;10;10;0;None;0;None;0;None;1;0
22;Louisiana;220318;2;2;0;0;4;4;0;47;IBERVILLE (47);9898;Not Reported;6;6;7;July;2019;7;Saturday;17;5:00pm-5:59pm;15;15;0;This section IS NOT on the NHS;3;State Highway;SR-77;KIRTLEY DRIVE;1;Rural;5;Major Collector;1;State Highway Agency;45;45;30.24865;30.24865;-91.28593056;-91.28593056;0;No Special Jurisdiction;1;Rollover/Overturn;0;The First Harmful Event was Not a Collision with a Motor Vehicle in Transport;0;No;2;Intersection;3;T-Intersection;0;None;1;On Roadway;1;Daylight;1;Clear;0;No Additional Atmospheric Conditions;1;Clear;0;No;0;Not Applicable;17;5:00pm-5:59pm;22;22;17;5:00pm-5:59pm;29;29;18;6:00pm-6:59pm;16;16;0;None;0;None;0;None;1;1
22;Louisiana;220386;3;3;0;0;5;5;0;99;ST. MARTIN (99);9898;Not Reported;27;27;8;August;2019;3;Tuesday;17;5:00pm-5:59pm;11;11;0;This section IS NOT on the NHS;3;State Highway;SR-31;LIVE OAK CIRCLE;2;Urban;4;Minor Arterial;1;State Highway Agency;195;195;30.24237778;30.24237778;-91.88408889;-91.88408889;0;No Special Jurisdiction;12;Motor Vehicle In-Transport;2;Front-to-Front;0;No;3;Intersection-Related;3;T-Intersection;0;None;2;On Shoulder;1;Daylight;1;Clear;0;No Additional Atmospheric Conditions;1;Clear;0;No;0;Not Applicable;17;5:00pm-5:59pm;16;16;17;5:00pm-5:59pm;21;21;18;6:00pm-6:59pm;5;5;14;Motor Vehicle struck by falling cargo,or something that came loose from or something that was set in motion by a vehicle;0;None;0;None;1;0
22;Louisiana;220388;2;2;0;0;3;3;0;105;TANGIPAHOA (105);9898;Not Reported;6;6;9;September;2019;6;Friday;23;11:00pm-11:59pm;3;3;0;This section IS NOT on the NHS;3;State Highway;SR-445;STEPP ROAD;1;Rural;5;Major Collector;1;State Highway Agency;36;36;30.48709444;30.48709444;-90.33859167;-90.33859167;0;No Special Jurisdiction;12;Motor Vehicle In-Transport;7;Sideswipe - Same Direction;0;No;2;Intersection;3;T-Intersection;0;None;1;On Roadway;2;Dark - Not Lighted;1;Clear;0;No Additional Atmospheric Conditions;1;Clear;0;No;0;Not Applicable;23;11:00pm-11:59pm;4;4;23;11:00pm-11:59pm;17;17;23;11:00pm-11:59pm;54;54;20;Police Pursuit Involved;0;None;0;None;1;0
22;Louisiana;220389;2;2;0;0;4;4;0;79;RAPIDES (79);40;ALEXANDRIA;6;6;9;September;2019;6;Friday;19;7:00pm-7:59pm;58;58;1;This section IS ON the NHS;2;U.S. Highway;US-167;6TH ST;2;Urban;3;Principal Arterial - Other;1;State Highway Agency;1113;1113;31.30616944;31.30616944;-92.44223333;-92.44223333;0;No Special Jurisdiction;12;Motor Vehicle In-Transport;6;Angle;1;Yes;2;Intersection;3;T-Intersection;0;None;1;On Roadway;3;Dark - Lighted;1;Clear;0;No Additional Atmospheric Conditions;1;Clear;0;No;0;Not Applicable;19;7:00pm-7:59pm;51;51;20;8:00pm-8:59pm;3;3;20;8:00pm-8:59pm;19;19;0;None;0;None;0;None;1;0
22;Louisiana;220397;2;2;0;0;7;7;0;51;JEFFERSON (51);9898;Not Reported;13;13;7;July;2019;7;Saturday;17;5:00pm-5:59pm;7;7;0;This section IS NOT on the NHS;3;State Highway;SR-45;SELORES DR;2;Urban;5;Major Collector;1;State Highway Agency;169;169;29.8354;29.8354;-90.11590833;-90.11590833;0;No Special Jurisdiction;12;Motor Vehicle In-Transport;6;Angle;0;No;2;Intersection;3;T-Intersection;0;None;1;On Roadway;1;Daylight;10;Cloudy;0;No Additional Atmospheric Conditions;10;Cloudy;0;No;0;Not Applicable;17;5:00pm-5:59pm;11;11;17;5:00pm-5:59pm;24;24;18;6:00pm-6:59pm;3;3;0;None;0;None;0;None;1;0
22;Louisiana;220406;3;3;0;0;7;7;0;57;LAFOURCHE (57);1970;RACELAND;9;9;7;July;2019;3;Tuesday;9;9:00am-9:59am;47;47;0;This section IS NOT on the NHS;3;State Highway;SR-1;FOUR POINT DRIVE;2;Urban;4;Minor Arterial;1;State Highway Agency;730;730;29.73768611;29.73768611;-90.66045833;-90.66045833;0;No Special Jurisdiction;12;Motor Vehicle In-Transport;1;Front-to-Rear;0;No;3;Intersection-Related;3;T-Intersection;0;None;1;On Roadway;1;Daylight;1;Clear;0;No Additional Atmospheric Conditions;1;Clear;0;No;0;Not Applicable;9;9:00am-9:59am;50;50;10;10:00am-10:59am;6;6;10;10:00am-10:59am;45;45;0;None;0;None;0;None;1;0
22;Louisiana;220408;2;2;0;0;2;2;0;45;IBERIA (45);9898;Not Reported;3;3;9;September;2019;3;Tuesday;15;3:00pm-3:59pm;4;4;0;This section IS NOT on the NHS;3;State Highway;SR-14;CLAUDE VIATOR;2;Urban;4;Minor Arterial;1;State Highway Agency;943;943;29.97443611;29.97443611;-91.90174722;-91.90174722;0;No Special Jurisdiction;12;Motor Vehicle In-Transport;6;Angle;0;No;2;Intersection;3;T-Intersection;0;None;1;On Roadway;1;Daylight;1;Clear;0;No Additional Atmospheric Conditions;1;Clear;0;No;0;Not Applicable;15;3:00pm-3:59pm;9;9;15;3:00pm-3:59pm;21;21;16;4:00pm-4:59pm;19;19;0;None;0;None;0;None;1;0
22;Louisiana;220410;2;2;0;0;3;3;0;17;CADDO (17);2130;SHREVEPORT;21;21;9;September;2019;7;Saturday;0;0:00am-0:59am;5;5;0;This section IS NOT on the NHS;3;State Highway;SR-511;QUILDEN;2;Urban;4;Minor Arterial;1;State Highway Agency;99;99;32.44201667;32.44201667;-93.79318889;-93.79318889;0;No Special Jurisdiction;12;Motor Vehicle In-Transport;6;Angle;0;No;2;Intersection;3;T-Intersection;0;None;1;On Roadway;3;Dark - Lighted;1;Clear;0;No Additional Atmospheric Conditions;1;Clear;0;No;0;Not Applicable;99;Unknown;99;Unknown;99;Unknown EMS Scene Arrival Hour;99;Unknown EMS Scene Arrival Minutes;99;Unknown;99;Unknown EMS Hospital Arrival Time;0;None;0;None;0;None;1;1
22;Louisiana;220426;2;2;0;0;2;2;0;121;WEST BATON ROUGE (121);9898;Not Reported;22;22;8;August;2019;5;Thursday;5;5:00am-5:59am;9;9;1;This section IS ON the NHS;3;State Highway;SR-1;SR-988;2;Urban;3;Principal Arterial - Other;1;State Highway Agency;1479;1479;30.41840556;30.41840556;-91.22146667;-91.22146667;0;No Special Jurisdiction;12;Motor Vehicle In-Transport;6;Angle;0;No;2;Intersection;3;T-Intersection;0;None;1;On Roadway;2;Dark - Not Lighted;1;Clear;0;No Additional Atmospheric Conditions;1;Clear;0;No;0;Not Applicable;5;5:00am-5:59am;21;21;5;5:00am-5:59am;29;29;88;Not Applicable (Not Transported);88;Not Applicable (Not Transported);0;None;0;None;0;None;1;0
22;Louisiana;220450;1;1;0;1;1;1;1;51;JEFFERSON (51);9898;Not Reported;5;5;7;July;2019;6;Friday;1;1:00am-1:59am;28;28;0;This section IS NOT on the NHS;4;County Road;CR-MANHATTAN BLVD;APACHE DR;1;Rural;7;Local;2;County Highway Agency;0;None;29.90021667;29.90021667;-90.06387778;-90.06387778;0;No Special Jurisdiction;9;Pedalcyclist;0;The First Harmful Event was Not a Collision with a Motor Vehicle in Transport;0;No;3;Intersection-Related;3;T-Intersection;0;None;1;On Roadway;3;Dark - Lighted;1;Clear;0;No Additional Atmospheric Conditions;1;Clear;0;No;0;Not Applicable;99;Unknown;99;Unknown;99;Unknown EMS Scene Arrival Hour;99;Unknown EMS Scene Arrival Minutes;99;Unknown;99;Unknown EMS Hospital Arrival Time;0;None;0;None;0;None;1;1
22;Louisiana;220497;2;2;0;0;3;3;0;91;ST. HELENA (91);9898;Not Reported;20;20;10;October;2019;1;Sunday;0;0:00am-0:59am;10;10;0;This section IS NOT on the NHS;3;State Highway;SR-16;E HORSESHOE DRIVE;1;Rural;4;Minor Arterial;1;State Highway Agency;562;562;30.70068611;30.70068611;-90.60319722;-90.60319722;0;No Special Jurisdiction;12;Motor Vehicle In-Transport;6;Angle;0;No;2;Intersection;3;T-Intersection;0;None;1;On Roadway;3;Dark - Lighted;1;Clear;0;No Additional Atmospheric Conditions;1;Clear;0;No;0;Not Applicable;0;0:00am-0:59am;14;14;0;0:00am-0:59am;24;24;88;Not Applicable (Not Transported);88;Not Applicable (Not Transported);0;None;0;None;0;None;1;1