STATE;STATENAME;ST_CASE;VE_TOTAL;VE_FORMS;PVH_INVL;PEDS;PERSONS;PERMVIT;PERNOTMVIT;COUNTY;COUNTYNAME;CITY;CITYNAME;DAY;DAYNAME;MONTH;MONTHNAME;YEAR;DAY_WEEK;DAY_WEEKNAME;HOUR;HOURNAME;MINUTE;MINUTENAME;NHS;NHSNAME;ROUTE;ROUTENAME;TWAY_ID;TWAY_ID2;RUR_URB;RUR_URBNAME;FUNC_SYS;FUNC_SYSNAME;RD_OWNER;RD_OWNERNAME;MILEPT;MILEPTNAME;LATITUDE;LATITUDENAME;LONGITUD;LONGITUDNAME;SP_JUR;SP_JURNAME;HARM_EV;HARM_EVNAME;MAN_COLL;MAN_COLLNAME;RELJCT1;RELJCT1NAME;RELJCT2;RELJCT2NAME;TYP_INT;TYP_INTNAME;WRK_ZONE;WRK_ZONENAME;REL_ROAD;REL_ROADNAME;LGT_COND;LGT_CONDNAME;WEATHER1;WEATHER1NAME;WEATHER2;WEATHER2NAME;WEATHER;WEATHERNAME;SCH_BUS;SCH_BUSNAME;RAIL;RAILNAME;NOT_HOUR;NOT_HOURNAME;NOT_MIN;NOT_MINNAME;ARR_HOUR;ARR_HOURNAME;ARR_MIN;ARR_MINNAME;HOSP_HR;HOSP_HRNAME;HOSP_MN;HOSP_MNNAME;CF1;CF1NAME;CF2;CF2NAME;CF3;CF3NAME;FATALS;DRUNK_DR
22;Louisiana;220500;3;3;0;0;3;3;0;61;LINCOLN (61);9898;Not Reported;1;1;11;November;2019;6;Friday;16;4:00pm-4:59pm;50;50;0;This section IS NOT on the NHS;3;State Highway;SR-33;SR-822;1;Rural;4;Minor Arterial;1;State Highway Agency;74;74;32.6178;32.6178;-92.56099444;-92.56099444;0;No Special Jurisdiction;12;Motor Vehicle In-Transport;9;Rear-to-Side;0;No;2;Intersection;3;T-Intersection;0;None;1;On Roadway;1;Daylight;1;Clear;0;No Additional Atmospheric Conditions;1;Clear;0;No;0;Not Applicable;16;4:00pm-4:59pm;52;52;17;5:00pm-5:59pm;2;2;18;6:00pm-6:59pm;39;39;0;None;0;None;0;None;1;0
22;Louisiana;220514;2;2;0;0;4;4;0;5;ASCENSION (5);0;NOT APPLICABLE;1;1;9;September;2019;1;Sunday;20;8:00pm-8:59pm;2;2;0;This section IS NOT on the NHS;3;State Highway;SR-74;L LANDRY ROAD;2;Urban;5;Major Collector;1;State Highway Agency;79;79;30.25465;30.25465;-90.97185278;-90.97185278;0;No Special Jurisdiction;12;Motor Vehicle In-Transport;6;Angle;0;No;2;Intersection;3;T-Intersection;0;None;1;On Roadway;2;Dark - Not Lighted;1;Clear;0;No Additional Atmospheric Conditions;1;Clear;0;No;0;Not Applicable;20;8:00pm-8:59pm;9;9;20;8:00pm-8:59pm;18;18;20;8:00pm-8:59pm;40;40;0;None;0;None;0;None;1;0
22;Louisiana;220552;2;2;0;0;2;2;0;85;SABINE (85);9898;Not Reported;23;23;11;November;2019;7;Saturday;6;6:00am-6:59am;40;40;1;This section IS ON the NHS;2;U.S. Highway;US-171;US-171 BUSINESS;1;Rural;3;Principal Arterial - Other;1;State Highway Agency;1099;1099;31.62881944;31.62881944;-93.61868333;-93.61868333;0;No Special Jurisdiction;12;Motor Vehicle In-Transport;6;Angle;1;Yes;3;Intersection-Related;3;T-Intersection;0;None;1;On Roadway;1;Daylight;10;Cloudy;0;No Additional Atmospheric Conditions;10;Cloudy;0;No;0;Not Applicable;6;6:00am-6:59am;50;50;7;7:00am-7:59am;0;0;7;7:00am-7:59am;35;35;0;None;0;None;0;None;1;0
22;Louisiana;220562;2;2;0;0;3;3;0;63;LIVINGSTON (63);9898;Not Reported;29;29;9;September;2019;1;Sunday;11;11:00am-11:59am;14;14;0;This section IS NOT on the NHS;3;State Highway;SR-63;GRAND LAKE BLVD;2;Urban;5;Major Collector;1;State Highway Agency;80;80;30.45603333;30.45603333;-90.744975;-90.744975;0;No Special Jurisdiction;12;Motor Vehicle In-Transport;8;Sideswipe - Opposite Direction;1;Yes;2;Intersection;3;T-Intersection;0;None;1;On Roadway;1;Daylight;10;Cloudy;0;No Additional Atmospheric Conditions;10;Cloudy;0;No;0;Not Applicable;11;11:00am-11:59am;22;22;11;11:00am-11:59am;27;27;11;11:00am-11:59am;54;54;0;None;0;None;0;None;1;1
22;Louisiana;220563;1;1;0;1;1;1;1;89;ST. CHARLES (89);2108;SAINT ROSE;29;29;9;September;2019;1;Sunday;1;1:00am-1:59am;44;44;1;This section IS ON the NHS;2;U.S. Highway;US-61;RIVERBEND DR;2;Urban;3;Principal Arterial - Other;1;State Highway Agency;128;128;29.97424722;29.97424722;-90.29885833;-90.29885833;0;No Special Jurisdiction;8;Pedestrian;0;The First Harmful Event was Not a Collision with a Motor Vehicle in Transport;1;Yes;2;Intersection;3;T-Intersection;0;None;1;On Roadway;3;Dark - Lighted;1;Clear;0;No Additional Atmospheric Conditions;1;Clear;0;No;0;Not Applicable;1;1:00am-1:59am;44;44;1;1:00am-1:59am;52;52;2;2:00am-2:59am;20;20;0;None;0;None;0;None;1;0
22;Louisiana;220574;2;2;0;0;2;2;0;103;ST. TAMMANY (103);2180;SLIDELL;12;12;9;September;2019;5;Thursday;19;7:00pm-7:59pm;27;27;0;This section IS NOT on the NHS;3;State Highway;SR-433;IROQUOIS STREET;2;Urban;4;Minor Arterial;2;County Highway Agency;94;94;30.27754722;30.27754722;-89.80454722;-89.80454722;0;No Special Jurisdiction;12;Motor Vehicle In-Transport;8;Sideswipe - Opposite Direction;0;No;2;Intersection;3;T-Intersection;0;None;1;On Roadway;2;Dark - Not Lighted;1;Clear;0;No Additional Atmospheric Conditions;1;Clear;0;No;0;Not Applicable;19;7:00pm-7:59pm;29;29;19;7:00pm-7:59pm;37;37;20;8:00pm-8:59pm;3;3;0;None;0;None;0;None;1;1
22;Louisiana;220620;2;2;0;0;9;9;0;99;ST. MARTIN (99);9898;Not Reported;15;15;12;December;2019;1;Sunday;22;10:00pm-10:59pm;36;36;0;This section IS NOT on the NHS;3;State Highway;SR-347;CLAYTON CASTILLE;1;Rural;5;Major Collector;1;State Highway Agency;165;165;30.24034722;30.24034722;-91.86830833;-91.86830833;0;No Special Jurisdiction;12;Motor Vehicle In-Transport;2;Front-to-Front;1;Yes;3;Intersection-Related;3;T-Intersection;0;None;1;On Roadway;2;Dark - Not Lighted;1;Clear;0;No Additional Atmospheric Conditions;1;Clear;0;No;0;Not Applicable;22;10:00pm-10:59pm;41;41;22;10:00pm-10:59pm;47;47;23;11:00pm-11:59pm;58;58;0;None;0;None;0;None;2;1
22;Louisiana;220627;2;2;0;0;2;2;0;33;EAST BATON ROUGE (33);150;BATON ROUGE;29;29;9;September;2019;1;Sunday;15;3:00pm-3:59pm;44;44;0;This section IS NOT on the NHS;3;State Highway;SR-73;PARKVIEW CHURCH RD;2;Urban;5;Major Collector;1;State Highway Agency;165;165;30.39585278;30.39585278;-91.049875;-91.049875;0;No Special Jurisdiction;12;Motor Vehicle In-Transport;6;Angle;0;No;2;Intersection;3;T-Intersection;0;None;1;On Roadway;1;Daylight;1;Clear;0;No Additional Atmospheric Conditions;1;Clear;0;No;0;Not Applicable;15;3:00pm-3:59pm;44;44;15;3:00pm-3:59pm;52;52;16;4:00pm-4:59pm;14;14;0;None;0;None;0;None;1;0
22;Louisiana;220632;1;1;0;1;1;1;1;17;CADDO (17);2130;SHREVEPORT;13;13;12;December;2019;6;Friday;6;6:00am-6:59am;11;11;1;This section IS ON the NHS;2;U.S. Highway;US-71;HAVNS RD;2;Urban;3;Principal Arterial - Other;1;State Highway Agency;1977;1977;32.54937778;32.54937778;-93.77886667;-93.77886667;0;No Special Jurisdiction;8;Pedestrian;0;The First Harmful Event was Not a Collision with a Motor Vehicle in Transport;1;Yes;2;Intersection;3;T-Intersection;0;None;1;On Roadway;2;Dark - Not Lighted;10;Cloudy;0;No Additional Atmospheric Conditions;10;Cloudy;0;No;0;Not Applicable;6;6:00am-6:59am;11;11;6;6:00am-6:59am;17;17;6;6:00am-6:59am;31;31;0;None;0;None;0;None;1;0
22;Louisiana;220637;2;2;0;0;2;2;0;77;POINTE COUPEE (77);9898;Not Reported;23;23;11;November;2019;7;Saturday;5;5:00am-5:59am;35;35;1;This section IS ON the NHS;2;U.S. Highway;US-190;RIVER STATION ROAD;1;Rural;3;Principal Arterial - Other;1;State Highway Agency;1487;1487;30.55565278;30.55565278;-91.59853611;-91.59853611;0;No Special Jurisdiction;12;Motor Vehicle In-Transport;6;Angle;0;No;2;Intersection;3;T-Intersection;0;None;1;On Roadway;2;Dark - Not Lighted;2;Rain;0;No Additional Atmospheric Conditions;2;Rain;0;No;0;Not Applicable;5;5:00am-5:59am;41;41;5;5:00am-5:59am;53;53;88;Not Applicable (Not Transported);88;Not Applicable (Not Transported);0;None;0;None;0;None;1;0
22;Louisiana;220638;3;3;0;0;3;3;0;69;NATCHITOCHES (69);9898;Not Reported;26;26;12;December;2019;5;Thursday;20;8:00pm-8:59pm;19;19;1;This section IS ON the NHS;3;State Highway;SR-6;MILLER DRIVE;2;Urban;3;Principal Arterial - Other;1;State Highway Agency;495;495;31.79653611;31.79653611;-93.08773889;-93.08773889;0;No Special Jurisdiction;12;Motor Vehicle In-Transport;1;Front-to-Rear;0;No;3;Intersection-Related;3;T-Intersection;0;None;1;On Roadway;1;Daylight;1;Clear;0;No Additional Atmospheric Conditions;1;Clear;0;No;0;Not Applicable;11;11:00am-11:59am;55;55;12;12:00pm-12:59pm;2;2;12;12:00pm-12:59pm;18;18;0;None;0;None;0;None;1;0
22;Louisiana;220674;1;1;0;0;1;1;0;71;ORLEANS (71);1690;NEW ORLEANS;8;8;6;June;2019;7;Saturday;22;10:00pm-10:59pm;39;39;0;This section IS NOT on the NHS;6;Local Street - Municipality;SOUTH CARROLLTON AVE;LEAKE AVENUE;2;Urban;4;Minor Arterial;4;City or Municipal Highway Agency;0;None;29.94282778;29.94282778;-90.13471111;-90.13471111;0;No Special Jurisdiction;33;Curb;0;The First Harmful Event was Not a Collision with a Motor Vehicle in Transport;0;No;3;Intersection-Related;3;T-Intersection;0;None;4;On Roadside;3;Dark - Lighted;1;Clear;0;No Additional Atmospheric Conditions;1;Clear;0;No;0;Not Applicable;22;10:00pm-10:59pm;39;39;22;10:00pm-10:59pm;48;48;23;11:00pm-11:59pm;22;22;0;None;0;None;0;None;1;0
22;Louisiana;220676;3;3;0;0;4;4;0;71;ORLEANS (71);1690;NEW ORLEANS;2;2;2;February;2019;7;Saturday;21;9:00pm-9:59pm;35;35;1;This section IS ON the NHS;2;U.S. Highway;US-90;CARDENAS DRIVE;2;Urban;3;Principal Arterial - Other;1;State Highway Agency;2683;2683;30.0192;30.0192;-89.96514167;-89.96514167;0;No Special Jurisdiction;12;Motor Vehicle In-Transport;7;Sideswipe - Same Direction;0;No;2;Intersection;3;T-Intersection;0;None;1;On Roadway;3;Dark - Lighted;1;Clear;0;No Additional Atmospheric Conditions;1;Clear;0;No;0;Not Applicable;21;9:00pm-9:59pm;36;36;21;9:00pm-9:59pm;48;48;22;10:00pm-10:59pm;6;6;0;None;0;None;0;None;1;0
22;Louisiana;220688;1;1;0;0;2;2;0;11;BEAUREGARD (11);590;DERIDDER;2;2;2;February;2019;7;Saturday;22;10:00pm-10:59pm;53;53;1;This section IS ON the NHS;2;U.S. Highway;US-90;CHARLES ROAD;2;Urban;3;Principal Arterial - Other;1;State Highway Agency;195;195;30.83956667;30.83956667;-93.34988611;-93.34988611;0;No Special Jurisdiction;5;Fell/Jumped from Vehicle;0;The First Harmful Event was Not a Collision with a Motor Vehicle in Transport;0;No;2;Intersection;3;T-Intersection;0;None;1;On Roadway;2;Dark - Not Lighted;98;Not Reported;0;No Additional Atmospheric Conditions;98;Not Reported;0;No;0;Not Applicable;23;11:00pm-11:59pm;99;Unknown;0;0:00am-0:59am;99;Unknown EMS Scene Arrival Minutes;99;Unknown;99;Unknown EMS Hospital Arrival Time;0;None;0;None;0;None;1;0
23;Maine;230001;2;2;0;0;2;2;0;3;AROOSTOOK (3);5850;ORIENT;3;3;1;January;2019;5;Thursday;12;12:00pm-12:59pm;13;13;0;This section IS NOT on the NHS;2;U.S. Highway;US-1;BEAVER BROOK LN;1;Rural;5;Major Collector;1;State Highway Agency;3788;3788;45.77618333;45.77618333;-67.86409722;-67.86409722;0;No Special Jurisdiction;12;Motor Vehicle In-Transport;6;Angle;0;No;2;Intersection;3;T-Intersection;0;None;1;On Roadway;1;Daylight;4;Snow;0;No Additional Atmospheric Conditions;4;Snow;0;No;0;Not Applicable;12;12:00pm-12:59pm;30;30;13;1:00pm-1:59pm;11;11;88;Not Applicable (Not Transported);88;Not Applicable (Not Transported);0;None;0;None;0;None;1;0
23;Maine;230004;2;2;0;0;3;3;0;31;YORK (31);8899;WATERBORO;10;10;1;January;2019;5;Thursday;6;6:00am-6:59am;25;25;1;This section IS ON the NHS;2;U.S. Highway;US-202 SR-4 MAIN ST;STRAW MILL RD;1;Rural;3;Principal Arterial - Other;1;State Highway Agency;244;244;43.54786944;43.54786944;-70.71084722;-70.71084722;0;No Special Jurisdiction;12;Motor Vehicle In-Transport;1;Front-to-Rear;0;No;2;Intersection;3;T-Intersection;0;None;1;On Roadway;3;Dark - Lighted;10;Cloudy;0;No Additional Atmospheric Conditions;10;Cloudy;0;No;0;Not Applicable;6;6:00am-6:59am;29;29;6;6:00am-6:59am;39;39;6;6:00am-6:59am;49;49;0;None;0;None;0;None;1;0
23;Maine;230005;2;2;0;0;2;2;0;31;YORK (31);7200;SACO;14;14;1;January;2019;2;Monday;14;2:00pm-2:59pm;45;45;0;This section IS NOT on the NHS;2;U.S. Highway;US-1;WILLOW HAVEN ST;2;Urban;6;Minor Collector;1;State Highway Agency;381;381;43.54158056;43.54158056;-70.41691111;-70.41691111;0;No Special Jurisdiction;12;Motor Vehicle In-Transport;6;Angle;0;No;2;Intersection;3;T-Intersection;0;None;1;On Roadway;1;Daylight;1;Clear;0;No Additional Atmospheric Conditions;1;Clear;0;No;0;Not Applicable;14;2:00pm-2:59pm;57;57;15;3:00pm-3:59pm;0;0;15;3:00pm-3:59pm;20;20;0;None;0;None;0;None;1;0
23;Maine;230052;1;1;0;1;1;1;1;9;HANCOCK (9);7650;SOUTHWEST HARBOR;16;16;7;July;2019;3;Tuesday;8;8:00am-8:59am;53;53;0;This section IS NOT on the NHS;6;Local Street - Municipality;VILLAGE GREEN WAY;GOOGS POND ROAD;1;Rural;7;Local;3;Town or Township Highway Agency;0;None;44.27993056;44.27993056;-68.32681111;-68.32681111;0;No Special Jurisdiction;8;Pedestrian;0;The First Harmful Event was Not a Collision with a Motor Vehicle in Transport;0;No;3;Intersection-Related;3;T-Intersection;0;None;1;On Roadway;1;Daylight;1;Clear;0;No Additional Atmospheric Conditions;1;Clear;0;No;0;Not Applicable;9;9:00am-9:59am;14;14;9;9:00am-9:59am;55;55;10;10:00am-10:59am;43;43;0;None;0;None;0;None;1;0
23;Maine;230054;2;2;0;0;4;4;0;19;PENOBSCOT (19);3229;WEST GLENBURN;20;20;7;July;2019;7;Saturday;11;11:00am-11:59am;36;36;0;This section IS NOT on the NHS;3;State Highway;SR-15 BROADWAY ST;PINEVIEW AVE;1;Rural;4;Minor Arterial;1;State Highway Agency;697;697;44.88321111;44.88321111;-68.8656;-68.8656;0;No Special Jurisdiction;12;Motor Vehicle In-Transport;2;Front-to-Front;0;No;3;Intersection-Related;3;T-Intersection;0;None;1;On Roadway;1;Daylight;1;Clear;0;No Additional Atmospheric Conditions;1;Clear;0;No;0;Not Applicable;11;11:00am-11:59am;40;40;12;12:00pm-12:59pm;2;2;12;12:00pm-12:59pm;36;36;0;None;0;None;0;None;1;0
23;Maine;230059;3;3;0;0;6;6;0;5;CUMBERLAND (5);3250;GORHAM;21;21;7;July;2019;1;Sunday;14;2:00pm-2:59pm;53;53;0;This section IS NOT on the NHS;3;State Highway;SR-25 OSSIPEE TRL;DOW ROAD;1;Rural;4;Minor Arterial;1;State Highway Agency;134;134;43.69406944;43.69406944;-70.49226944;-70.49226944;0;No Special Jurisdiction;12;Motor Vehicle In-Transport;1;Front-to-Rear;0;No;2;Intersection;3;T-Intersection;0;None;1;On Roadway;1;Daylight;1;Clear;0;No Additional Atmospheric Conditions;1;Clear;0;No;0;Not Applicable;15;3:00pm-3:59pm;15;15;15;3:00pm-3:59pm;29;29;16;4:00pm-4:59pm;8;8;0;None;0;None;0;None;1;0
23;Maine;230071;2;2;0;0;3;3;0;15;LINCOLN (15);9400;WISCASSET;6;6;6;June;2019;5;Thursday;18;6:00pm-6:59pm;39;39;0;This section IS NOT on the NHS;2;U.S. Highway;US-1 BATH RD;OLD FERRY ROAD;1;Rural;3;Principal Arterial - Other;1;State Highway Agency;907;907;43.97066944;43.97066944;-69.71471111;-69.71471111;0;No Special Jurisdiction;12;Motor Vehicle In-Transport;2;Front-to-Front;0;No;2;Intersection;3;T-Intersection;0;None;1;On Roadway;1;Daylight;1;Clear;0;No Additional Atmospheric Conditions;1;Clear;0;No;0;Not Applicable;18;6:00pm-6:59pm;44;44;18;6:00pm-6:59pm;48;48;88;Not Applicable (Not Transported);88;Not Applicable (Not Transported);0;None;0;None;0;None;1;0
23;Maine;230080;1;1;0;0;1;1;0;1;ANDROSCOGGIN (1);4350;LEWISTON;6;6;6;June;2019;5;Thursday;17;5:00pm-5:59pm;56;56;0;This section IS NOT on the NHS;6;Local Street - Municipality;NORTH TEMPLE STREET;ORCHARD CIRCLE;2;Urban;7;Local;3;Town or Township Highway Agency;0;None;44.10340833;44.10340833;-70.16629722;-70.16629722;0;No Special Jurisdiction;42;Tree (Standing Only);0;The First Harmful Event was Not a Collision with a Motor Vehicle in Transport;0;No;3;Intersection-Related;3;T-Intersection;0;None;5;Outside Trafficway;1;Daylight;1;Clear;0;No Additional Atmospheric Conditions;1;Clear;0;No;0;Not Applicable;18;6:00pm-6:59pm;0;0;18;6:00pm-6:59pm;6;6;88;Not Applicable (Not Transported);88;Not Applicable (Not Transported);0;None;0;None;0;None;1;0
23;Maine;230087;2;2;0;0;3;3;0;25;SOMERSET (25);4950;MADISON;4;4;7;July;2019;5;Thursday;9;9:00am-9:59am;33;33;0;This section IS NOT on the NHS;6;Local Street - Municipality;WARD HILL ROAD;PREBLE AVE;1;Rural;7;Local;3;Town or Township Highway Agency;44;44;44.78368889;44.78368889;-69.81545278;-69.81545278;0;No Special Jurisdiction;12;Motor Vehicle In-Transport;6;Angle;0;No;2;Intersection;3;T-Intersection;0;None;1;On Roadway;1;Daylight;1;Clear;0;No Additional Atmospheric Conditions;1;Clear;0;No;0;Not Applicable;9;9:00am-9:59am;42;42;9;9:00am-9:59am;51;51;10;10:00am-10:59am;25;25;0;None;0;None;0;None;2;0
23;Maine;230095;2;2;0;0;4;4;0;17;OXFORD (17);9550;NORTH WOODSTOCK;20;20;9;September;2019;6;Friday;22;10:00pm-10:59pm;53;53;0;This section IS NOT on the NHS;3;State Highway;SR-26 MAIN ST;RAILROAD ST;1;Rural;3;Principal Arterial - Other;1;State Highway Agency;590;590;44.37838056;44.37838056;-70.64593889;-70.64593889;0;No Special Jurisdiction;12;Motor Vehicle In-Transport;6;Angle;0;No;3;Intersection-Related;3;T-Intersection;0;None;1;On Roadway;3;Dark - Lighted;1;Clear;0;No Additional Atmospheric Conditions;1;Clear;0;No;0;Not Applicable;22;10:00pm-10:59pm;55;55;23;11:00pm-11:59pm;16;16;23;11:00pm-11:59pm;48;48;0;None;0;None;0;None;1;1
23;Maine;230099;1;1;0;1;1;1;1;5;CUMBERLAND (5);6400;PORTLAND;10;10;7;July;2019;4;Wednesday;23;11:00pm-11:59pm;12;12;0;This section IS NOT on the NHS;6;Local Street - Municipality;CUMBERLAND AVENUE;AVON STREET;2;Urban;7;Local;3;Town or Township Highway Agency;0;None;43.65538056;43.65538056;-70.26671944;-70.26671944;0;No Special Jurisdiction;15;Non-Motorist on Personal Conveyance;0;The First Harmful Event was Not a Collision with a Motor Vehicle in Transport;0;No;3;Intersection-Related;3;T-Intersection;0;None;1;On Roadway;3;Dark - Lighted;1;Clear;0;No Additional Atmospheric Conditions;1;Clear;0;No;0;Not Applicable;23;11:00pm-11:59pm;15;15;23;11:00pm-11:59pm;18;18;23;11:00pm-11:59pm;26;26;0;None;0;None;0;None;1;0
23;Maine;230108;1;1;0;0;1;1;0;1;ANDROSCOGGIN (1);80;AUBURN;25;25;8;August;2019;1;Sunday;13;1:00pm-1:59pm;8;8;0;This section IS NOT on the NHS;3;State Highway;SR-122 HOTEL RD;POLAND SPRING RD;2;Urban;5;Major Collector;1;State Highway Agency;0;None;44.02913889;44.02913889;-70.28977222;-70.28977222;0;No Special Jurisdiction;1;Rollover/Overturn;0;The First Harmful Event was Not a Collision with a Motor Vehicle in Transport;0;No;3;Intersection-Related;3;T-Intersection;0;None;1;On Roadway;1;Daylight;1;Clear;0;No Additional Atmospheric Conditions;1;Clear;0;No;0;Not Applicable;13;1:00pm-1:59pm;11;11;13;1:00pm-1:59pm;18;18;13;1:00pm-1:59pm;31;31;0;None;0;None;0;None;1;0
23;Maine;230109;1;1;0;0;1;1;0;3;AROOSTOOK (3);6450;PRESQUE ISLE;26;26;10;October;2019;7;Saturday;19;7:00pm-7:59pm;43;43;0;This section IS NOT on the NHS;2;U.S. Highway;US-1;CARIBOU ROAD;1;Rural;3;Principal Arterial - Other;1;State Highway Agency;4522;4522;46.76321944;46.76321944;-67.99006944;-67.99006944;0;No Special Jurisdiction;35;Embankment;0;The First Harmful Event was Not a Collision with a Motor Vehicle in Transport;0;No;3;Intersection-Related;3;T-Intersection;0;None;4;On Roadside;2;Dark - Not Lighted;1;Clear;0;No Additional Atmospheric Conditions;1;Clear;0;No;0;Not Applicable;19;7:00pm-7:59pm;44;44;19;7:00pm-7:59pm;51;51;88;Not Applicable (Not Transported);88;Not Applicable (Not Transported);0;None;0;None;0;None;1;1
23;Maine;230133;1;1;0;1;1;1;1;5;CUMBERLAND (5);9000;WESTBROOK;5;5;9;September;2019;5;Thursday;7;7:00am-7:59am;35;35;0;This section IS NOT on the NHS;6;Local Street - Municipality;AUSTIN STREET;EAST BRIDGE STREET;2;Urban;7;Local;3;Town or Township Highway Agency;0;None;43.69698889;43.69698889;-70.33925;-70.33925;0;No Special Jurisdiction;8;Pedestrian;0;The First Harmful Event was Not a Collision with a Motor Vehicle in Transport;0;No;3;Intersection-Related;3;T-Intersection;0;None;1;On Roadway;1;Daylight;1;Clear;0;No Additional Atmospheric Conditions;1;Clear;0;No;0;Not Applicable;7;7:00am-7:59am;38;38;7;7:00am-7:59am;41;41;8;8:00am-8:59am;8;8;0;None;0;None;0;None;1;0
24;Maryland;240003;2;2;0;1;4;4;1;33;PRINCE GEORGE`S (33);0;NOT APPLICABLE;6;6;1;January;2019;1;Sunday;15;3:00pm-3:59pm;30;30;0;This section IS NOT on the NHS;3;State Highway;SR-650;CR-230;2;Urban;3;Principal Arterial - Other;1;State Highway Agency;30;30;39.00425;39.00425;-76.98086111;-76.98086111;0;No Special Jurisdiction;8;Pedestrian;0;The First Harmful Event was Not a Collision with a Motor Vehicle in Transport;0;No;2;Intersection;3;T-Intersection;0;None;1;On Roadway;1;Daylight;1;Clear;0;No Additional Atmospheric Conditions;1;Clear;0;No;0;Not Applicable;99;Unknown;99;Unknown;99;Unknown EMS Scene Arrival Hour;99;Unknown EMS Scene Arrival Minutes;99;Unknown;99;Unknown EMS Hospital Arrival Time;0;None;0;None;0;None;1;0
24;Maryland;240010;2;2;0;0;2;2;0;43;WASHINGTON (43);0;NOT APPLICABLE;22;22;1;January;2019;3;Tuesday;5;5:00am-5:59am;42;42;0;This section IS NOT on the NHS;2;U.S. Highway;US-40;MU-405;2;Urban;3;Principal Arterial - Other;1;State Highway Agency;0;None;39.65335;39.65335;-77.75867778;-77.75867778;0;No Special Jurisdiction;12;Motor Vehicle In-Transport;6;Angle;0;No;2;Intersection;3;T-Intersection;0;None;1;On Roadway;3;Dark - Lighted;1;Clear;0;No Additional Atmospheric Conditions;1;Clear;0;No;0;Not Applicable;99;Unknown;99;Unknown;99;Unknown EMS Scene Arrival Hour;99;Unknown EMS Scene Arrival Minutes;99;Unknown;99;Unknown EMS Hospital Arrival Time;0;None;0;None;0;None;1;0
24;Maryland;240023;1;1;0;0;1;1;0;15;CECIL (15);0;NOT APPLICABLE;31;31;1;January;2019;5;Thursday;2;2:00am-2:59am;16;16;0;This section IS NOT on the NHS;4;County Road;CR-268;CR-269;1;Rural;7;Local;2;County Highway Agency;0;None;39.571;39.571;-75.78778056;-75.78778056;0;No Special Jurisdiction;42;Tree (Standing Only);0;The First Harmful Event was Not a Collision with a Motor Vehicle in Transport;0;No;3;Intersection-Related;3;T-Intersection;0;None;4;On Roadside;2;Dark - Not Lighted;1;Clear;0;No Additional Atmospheric Conditions;1;Clear;0;No;0;Not Applicable;99;Unknown;99;Unknown;99;Unknown EMS Scene Arrival Hour;99;Unknown EMS Scene Arrival Minutes;88;Not Applicable (Not Transported);88;Not Applicable (Not Transported);0;None;0;None;0;None;1;1
24;Maryland;240034;3;3;0;0;3;3;0;13;CARROLL (13);0;NOT APPLICABLE;11;11;2;February;2019;2;Monday;4;4:00am-4:59am;55;55;0;This section IS NOT on the NHS;3;State Highway;SR-26;CR-272;2;Urban;4;Minor Arterial;1;State Highway Agency;8;8;39.46078611;39.46078611;-77.10288056;-77.10288056;0;No Special Jurisdiction;24;Guardrail Face;0;The First Harmful Event was Not a Collision with a Motor Vehicle in Transport;0;No;3;Intersection-Related;3;T-Intersection;0;None;4;On Roadside;3;Dark - Lighted;4;Snow;0;No Additional Atmospheric Conditions;4;Snow;0;No;0;Not Applicable;99;Unknown;99;Unknown;99;Unknown EMS Scene Arrival Hour;99;Unknown EMS Scene Arrival Minutes;99;Unknown;99;Unknown EMS Hospital Arrival Time;0;None;0;None;0;None;1;1
24;Maryland;240038;1;1;0;1;1;1;1;43;WASHINGTON (43);0;NOT APPLICABLE;13;13;2;February;2019;4;Wednesday;19;7:00pm-7:59pm;11;11;0;This section IS NOT on the NHS;4;County Road;CR-179;CR-182;2;Urban;4;Minor Arterial;2;County Highway Agency;11;11;39.63145833;39.63145833;-77.75169444;-77.75169444;0;No Special Jurisdiction;8;Pedestrian;0;The First Harmful Event was Not a Collision with a Motor Vehicle in Transport;0;No;3;Intersection-Related;3;T-Intersection;0;None;1;On Roadway;2;Dark - Not Lighted;98;Not Reported;0;No Additional Atmospheric Conditions;98;Not Reported;0;No;0;Not Applicable;99;Unknown;99;Unknown;99;Unknown EMS Scene Arrival Hour;99;Unknown EMS Scene Arrival Minutes;99;Unknown;99;Unknown EMS Hospital Arrival Time;0;None;0;None;0;None;1;0
24;Maryland;240049;1;1;0;1;1;1;1;5;BALTIMORE (5);0;NOT APPLICABLE;27;27;1;January;2019;1;Sunday;13;1:00pm-1:59pm;11;11;0;This section IS NOT on the NHS;3;State Highway;SR-150;OP-4115;2;Urban;3;Principal Arterial - Other;1;State Highway Agency;93;93;39.34867778;39.34867778;-76.38481667;-76.38481667;0;No Special Jurisdiction;8;Pedestrian;0;The First Harmful Event was Not a Collision with a Motor Vehicle in Transport;0;No;3;Intersection-Related;3;T-Intersection;0;None;1;On Roadway;1;Daylight;10;Cloudy;0;No Additional Atmospheric Conditions;10;Cloudy;0;No;0;Not Applicable;99;Unknown;99;Unknown;99;Unknown EMS Scene Arrival Hour;99;Unknown EMS Scene Arrival Minutes;99;Unknown;99;Unknown EMS Hospital Arrival Time;31;Related to a Bus Stop;0;None;0;None;1;0