STATE;STATENAME;ST_CASE;VE_TOTAL;VE_FORMS;PVH_INVL;PEDS;PERSONS;PERMVIT;PERNOTMVIT;COUNTY;COUNTYNAME;CITY;CITYNAME;DAY;DAYNAME;MONTH;MONTHNAME;YEAR;DAY_WEEK;DAY_WEEKNAME;HOUR;HOURNAME;MINUTE;MINUTENAME;NHS;NHSNAME;ROUTE;ROUTENAME;TWAY_ID;TWAY_ID2;RUR_URB;RUR_URBNAME;FUNC_SYS;FUNC_SYSNAME;RD_OWNER;RD_OWNERNAME;MILEPT;MILEPTNAME;LATITUDE;LATITUDENAME;LONGITUD;LONGITUDNAME;SP_JUR;SP_JURNAME;HARM_EV;HARM_EVNAME;MAN_COLL;MAN_COLLNAME;RELJCT1;RELJCT1NAME;RELJCT2;RELJCT2NAME;TYP_INT;TYP_INTNAME;WRK_ZONE;WRK_ZONENAME;REL_ROAD;REL_ROADNAME;LGT_COND;LGT_CONDNAME;WEATHER1;WEATHER1NAME;WEATHER2;WEATHER2NAME;WEATHER;WEATHERNAME;SCH_BUS;SCH_BUSNAME;RAIL;RAILNAME;NOT_HOUR;NOT_HOURNAME;NOT_MIN;NOT_MINNAME;ARR_HOUR;ARR_HOURNAME;ARR_MIN;ARR_MINNAME;HOSP_HR;HOSP_HRNAME;HOSP_MN;HOSP_MNNAME;CF1;CF1NAME;CF2;CF2NAME;CF3;CF3NAME;FATALS;DRUNK_DR
24;Maryland;240058;2;2;0;0;4;4;0;37;ST. MARY`S (37);0;NOT APPLICABLE;3;3;3;March;2019;1;Sunday;18;6:00pm-6:59pm;12;12;0;This section IS NOT on the NHS;3;State Highway;SR-4 PATUXENT BCH RD;CR-211;2;Urban;7;Local;1;State Highway Agency;72;72;38.30970556;38.30970556;-76.50480556;-76.50480556;0;No Special Jurisdiction;12;Motor Vehicle In-Transport;6;Angle;0;No;2;Intersection;3;T-Intersection;0;None;1;On Roadway;2;Dark - Not Lighted;2;Rain;0;No Additional Atmospheric Conditions;2;Rain;0;No;0;Not Applicable;99;Unknown;99;Unknown;99;Unknown EMS Scene Arrival Hour;99;Unknown EMS Scene Arrival Minutes;99;Unknown;99;Unknown EMS Hospital Arrival Time;0;None;0;None;0;None;1;0
24;Maryland;240059;1;1;0;0;1;1;0;31;MONTGOMERY (31);0;NOT APPLICABLE;2;2;3;March;2019;7;Saturday;4;4:00am-4:59am;16;16;0;This section IS NOT on the NHS;4;County Road;CR-4226;CR-7009;2;Urban;4;Minor Arterial;2;County Highway Agency;0;None;39.09652222;39.09652222;-77.20356667;-77.20356667;0;No Special Jurisdiction;42;Tree (Standing Only);0;The First Harmful Event was Not a Collision with a Motor Vehicle in Transport;0;No;3;Intersection-Related;3;T-Intersection;0;None;4;On Roadside;3;Dark - Lighted;98;Not Reported;0;No Additional Atmospheric Conditions;98;Not Reported;0;No;0;Not Applicable;99;Unknown;99;Unknown;99;Unknown EMS Scene Arrival Hour;99;Unknown EMS Scene Arrival Minutes;88;Not Applicable (Not Transported);88;Not Applicable (Not Transported);0;None;0;None;0;None;1;1
24;Maryland;240105;2;2;0;0;2;2;0;11;CAROLINE (11);0;NOT APPLICABLE;18;18;4;April;2019;5;Thursday;5;5:00am-5:59am;58;58;0;This section IS NOT on the NHS;3;State Highway;SR-404;SR-404P;1;Rural;7;Local;1;State Highway Agency;99;99;38.86668056;38.86668056;-75.82421389;-75.82421389;0;No Special Jurisdiction;12;Motor Vehicle In-Transport;1;Front-to-Rear;0;No;2;Intersection;3;T-Intersection;0;None;1;On Roadway;4;Dawn;1;Clear;0;No Additional Atmospheric Conditions;1;Clear;0;No;0;Not Applicable;99;Unknown;99;Unknown;99;Unknown EMS Scene Arrival Hour;99;Unknown EMS Scene Arrival Minutes;99;Unknown;99;Unknown EMS Hospital Arrival Time;0;None;0;None;0;None;1;0
24;Maryland;240107;3;3;0;0;4;4;0;25;HARFORD (25);0;NOT APPLICABLE;25;25;4;April;2019;5;Thursday;5;5:00am-5:59am;30;30;0;This section IS NOT on the NHS;3;State Highway;SR-23;CR-352;1;Rural;5;Major Collector;1;State Highway Agency;134;134;39.67643889;39.67643889;-76.53769167;-76.53769167;0;No Special Jurisdiction;12;Motor Vehicle In-Transport;1;Front-to-Rear;0;No;2;Intersection;3;T-Intersection;0;None;1;On Roadway;2;Dark - Not Lighted;1;Clear;0;No Additional Atmospheric Conditions;1;Clear;0;No;0;Not Applicable;99;Unknown;99;Unknown;99;Unknown EMS Scene Arrival Hour;99;Unknown EMS Scene Arrival Minutes;99;Unknown;99;Unknown EMS Hospital Arrival Time;0;None;0;None;0;None;1;0
24;Maryland;240139;3;3;0;0;3;3;0;25;HARFORD (25);0;NOT APPLICABLE;24;24;5;May;2019;6;Friday;19;7:00pm-7:59pm;28;28;0;This section IS NOT on the NHS;2;U.S. Highway;US-1;CR-1037;1;Rural;3;Principal Arterial - Other;1;State Highway Agency;24;24;39.50285556;39.50285556;-76.38324167;-76.38324167;0;No Special Jurisdiction;12;Motor Vehicle In-Transport;6;Angle;0;No;2;Intersection;3;T-Intersection;0;None;1;On Roadway;1;Daylight;1;Clear;0;No Additional Atmospheric Conditions;1;Clear;0;No;0;Not Applicable;99;Unknown;99;Unknown;99;Unknown EMS Scene Arrival Hour;99;Unknown EMS Scene Arrival Minutes;99;Unknown;99;Unknown EMS Hospital Arrival Time;0;None;0;None;0;None;1;1
24;Maryland;240197;2;2;0;0;2;2;0;31;MONTGOMERY (31);0;NOT APPLICABLE;3;3;7;July;2019;4;Wednesday;15;3:00pm-3:59pm;12;12;0;This section IS NOT on the NHS;4;County Road;CR-2603;SR-190;2;Urban;5;Major Collector;2;County Highway Agency;66;66;39.07887222;39.07887222;-77.32765278;-77.32765278;0;No Special Jurisdiction;12;Motor Vehicle In-Transport;6;Angle;0;No;2;Intersection;3;T-Intersection;0;None;1;On Roadway;1;Daylight;1;Clear;0;No Additional Atmospheric Conditions;1;Clear;0;No;0;Not Applicable;99;Unknown;99;Unknown;99;Unknown EMS Scene Arrival Hour;99;Unknown EMS Scene Arrival Minutes;88;Not Applicable (Not Transported);88;Not Applicable (Not Transported);0;None;0;None;0;None;1;0
24;Maryland;240199;3;3;0;0;6;6;0;510;BALTIMORE (510);50;BALTIMORE;6;6;1;January;2019;1;Sunday;13;1:00pm-1:59pm;32;32;1;This section IS ON the NHS;3;State Highway;SR-140 REISTERSTOWN RD;GRANTLEY AVE;2;Urban;3;Principal Arterial - Other;1;State Highway Agency;0;None;39.33753889;39.33753889;-76.66689167;-76.66689167;0;No Special Jurisdiction;12;Motor Vehicle In-Transport;6;Angle;0;No;2;Intersection;3;T-Intersection;0;None;1;On Roadway;1;Daylight;1;Clear;0;No Additional Atmospheric Conditions;1;Clear;0;No;0;Not Applicable;99;Unknown;99;Unknown;99;Unknown EMS Scene Arrival Hour;99;Unknown EMS Scene Arrival Minutes;99;Unknown;99;Unknown EMS Hospital Arrival Time;0;None;0;None;0;None;1;0
24;Maryland;240206;3;3;0;0;3;3;0;5;BALTIMORE (5);0;NOT APPLICABLE;2;2;4;April;2019;3;Tuesday;7;7:00am-7:59am;7;7;0;This section IS NOT on the NHS;3;State Highway;SR-30;RU ST LO DR;2;Urban;3;Principal Arterial - Other;1;State Highway Agency;23;23;39.50124722;39.50124722;-76.83288056;-76.83288056;0;No Special Jurisdiction;12;Motor Vehicle In-Transport;1;Front-to-Rear;0;No;2;Intersection;3;T-Intersection;0;None;1;On Roadway;4;Dawn;1;Clear;0;No Additional Atmospheric Conditions;1;Clear;0;No;0;Not Applicable;99;Unknown;99;Unknown;99;Unknown EMS Scene Arrival Hour;99;Unknown EMS Scene Arrival Minutes;99;Unknown;99;Unknown EMS Hospital Arrival Time;0;None;0;None;0;None;1;0
24;Maryland;240210;1;1;0;1;2;2;1;21;FREDERICK (21);0;NOT APPLICABLE;21;21;7;July;2019;1;Sunday;9;9:00am-9:59am;55;55;0;This section IS NOT on the NHS;3;State Highway;SR-194;CR-511;1;Rural;4;Minor Arterial;1;State Highway Agency;111;111;39.57904722;39.57904722;-77.26123333;-77.26123333;0;No Special Jurisdiction;9;Pedalcyclist;0;The First Harmful Event was Not a Collision with a Motor Vehicle in Transport;0;No;2;Intersection;3;T-Intersection;0;None;1;On Roadway;1;Daylight;1;Clear;0;No Additional Atmospheric Conditions;1;Clear;0;No;0;Not Applicable;99;Unknown;99;Unknown;99;Unknown EMS Scene Arrival Hour;99;Unknown EMS Scene Arrival Minutes;88;Not Applicable (Not Transported);88;Not Applicable (Not Transported);0;None;0;None;0;None;1;0
24;Maryland;240232;1;1;0;1;1;1;1;510;BALTIMORE (510);0;NOT APPLICABLE;10;10;4;April;2019;4;Wednesday;19;7:00pm-7:59pm;44;44;0;This section IS NOT on the NHS;6;Local Street - Municipality;MU-100;STRANDEN RD;2;Urban;3;Principal Arterial - Other;4;City or Municipal Highway Agency;21;21;39.25130278;39.25130278;-76.64600278;-76.64600278;0;No Special Jurisdiction;8;Pedestrian;0;The First Harmful Event was Not a Collision with a Motor Vehicle in Transport;0;No;3;Intersection-Related;3;T-Intersection;0;None;1;On Roadway;3;Dark - Lighted;1;Clear;0;No Additional Atmospheric Conditions;1;Clear;0;No;0;Not Applicable;99;Unknown;99;Unknown;99;Unknown EMS Scene Arrival Hour;99;Unknown EMS Scene Arrival Minutes;99;Unknown;99;Unknown EMS Hospital Arrival Time;0;None;0;None;0;None;1;0
24;Maryland;240233;1;1;0;1;2;2;1;31;MONTGOMERY (31);0;NOT APPLICABLE;10;10;2;February;2019;1;Sunday;18;6:00pm-6:59pm;47;47;0;This section IS NOT on the NHS;4;County Road;CR-3727;SR-124;2;Urban;4;Minor Arterial;2;County Highway Agency;0;None;39.15891111;39.15891111;-77.20311111;-77.20311111;0;No Special Jurisdiction;8;Pedestrian;0;The First Harmful Event was Not a Collision with a Motor Vehicle in Transport;0;No;3;Intersection-Related;3;T-Intersection;0;None;1;On Roadway;6;Dark - Unknown Lighting;1;Clear;0;No Additional Atmospheric Conditions;1;Clear;0;No;0;Not Applicable;99;Unknown;99;Unknown;99;Unknown EMS Scene Arrival Hour;99;Unknown EMS Scene Arrival Minutes;99;Unknown;99;Unknown EMS Hospital Arrival Time;0;None;0;None;0;None;1;0
24;Maryland;240234;1;1;0;2;1;1;2;31;MONTGOMERY (31);0;NOT APPLICABLE;23;23;3;March;2019;7;Saturday;21;9:00pm-9:59pm;30;30;0;This section IS NOT on the NHS;6;Local Street - Municipality;MU-272;OP-6215;2;Urban;5;Major Collector;4;City or Municipal Highway Agency;8;8;39.08708611;39.08708611;-77.15123889;-77.15123889;0;No Special Jurisdiction;8;Pedestrian;0;The First Harmful Event was Not a Collision with a Motor Vehicle in Transport;0;No;2;Intersection;3;T-Intersection;0;None;1;On Roadway;3;Dark - Lighted;1;Clear;0;No Additional Atmospheric Conditions;1;Clear;0;No;0;Not Applicable;99;Unknown;99;Unknown;99;Unknown EMS Scene Arrival Hour;99;Unknown EMS Scene Arrival Minutes;99;Unknown;99;Unknown EMS Hospital Arrival Time;0;None;0;None;0;None;1;0
24;Maryland;240240;2;2;0;0;2;2;0;33;PRINCE GEORGE`S (33);0;NOT APPLICABLE;19;19;7;July;2019;6;Friday;20;8:00pm-8:59pm;15;15;0;This section IS NOT on the NHS;4;County Road;CR-332;LANDING WAY;2;Urban;5;Major Collector;2;County Highway Agency;99998;Not Reported;38.938275;38.938275;-76.90068611;-76.90068611;0;No Special Jurisdiction;12;Motor Vehicle In-Transport;8;Sideswipe - Opposite Direction;0;No;2;Intersection;3;T-Intersection;0;None;1;On Roadway;5;Dusk;1;Clear;0;No Additional Atmospheric Conditions;1;Clear;0;No;0;Not Applicable;99;Unknown;99;Unknown;99;Unknown EMS Scene Arrival Hour;99;Unknown EMS Scene Arrival Minutes;99;Unknown;99;Unknown EMS Hospital Arrival Time;99;Reported as Unknown;99;Reported as Unknown;99;Reported as Unknown;1;0
24;Maryland;240256;1;1;0;0;1;1;0;37;ST. MARY`S (37);0;NOT APPLICABLE;15;15;8;August;2019;5;Thursday;3;3:00am-3:59am;47;47;0;This section IS NOT on the NHS;8;Other;OP-15;OP-21;1;Rural;7;Local;4;City or Municipal Highway Agency;1;1;38.33826944;38.33826944;-76.83776111;-76.83776111;0;No Special Jurisdiction;34;Ditch;0;The First Harmful Event was Not a Collision with a Motor Vehicle in Transport;0;No;3;Intersection-Related;3;T-Intersection;0;None;4;On Roadside;2;Dark - Not Lighted;1;Clear;0;No Additional Atmospheric Conditions;1;Clear;0;No;0;Not Applicable;99;Unknown;99;Unknown;99;Unknown EMS Scene Arrival Hour;99;Unknown EMS Scene Arrival Minutes;99;Unknown;99;Unknown EMS Hospital Arrival Time;0;None;0;None;0;None;1;0
24;Maryland;240259;2;2;0;0;18;18;0;510;BALTIMORE (510);0;NOT APPLICABLE;22;22;2;February;2019;6;Friday;16;4:00pm-4:59pm;20;20;0;This section IS NOT on the NHS;6;Local Street - Municipality;MU-100;LIGHT RAIL EXIT;2;Urban;3;Principal Arterial - Other;4;City or Municipal Highway Agency;11;11;39.24340833;39.24340833;-76.63088333;-76.63088333;0;No Special Jurisdiction;12;Motor Vehicle In-Transport;6;Angle;0;No;2;Intersection;3;T-Intersection;0;None;1;On Roadway;1;Daylight;1;Clear;0;No Additional Atmospheric Conditions;1;Clear;0;No;0;Not Applicable;99;Unknown;99;Unknown;99;Unknown EMS Scene Arrival Hour;99;Unknown EMS Scene Arrival Minutes;99;Unknown;99;Unknown EMS Hospital Arrival Time;0;None;0;None;0;None;2;1
24;Maryland;240269;1;1;0;0;3;3;0;21;FREDERICK (21);0;NOT APPLICABLE;8;8;8;August;2019;5;Thursday;2;2:00am-2:59am;7;7;0;This section IS NOT on the NHS;4;County Road;CR-292 ELMER DERR RD;CR-322 ELMER RD;2;Urban;7;Local;2;County Highway Agency;16;16;39.36930278;39.36930278;-77.49563333;-77.49563333;0;No Special Jurisdiction;32;Culvert;0;The First Harmful Event was Not a Collision with a Motor Vehicle in Transport;0;No;3;Intersection-Related;3;T-Intersection;0;None;4;On Roadside;2;Dark - Not Lighted;1;Clear;0;No Additional Atmospheric Conditions;1;Clear;0;No;0;Not Applicable;99;Unknown;99;Unknown;99;Unknown EMS Scene Arrival Hour;99;Unknown EMS Scene Arrival Minutes;99;Unknown;99;Unknown EMS Hospital Arrival Time;0;None;0;None;0;None;1;1
24;Maryland;240277;1;1;0;0;1;1;0;17;CHARLES (17);0;NOT APPLICABLE;24;24;8;August;2019;7;Saturday;1;1:00am-1:59am;8;8;0;This section IS NOT on the NHS;3;State Highway;SR-229;SR-227;2;Urban;5;Major Collector;1;State Highway Agency;0;None;38.58729167;38.58729167;-77.01671667;-77.01671667;0;No Special Jurisdiction;42;Tree (Standing Only);0;The First Harmful Event was Not a Collision with a Motor Vehicle in Transport;0;No;3;Intersection-Related;3;T-Intersection;0;None;4;On Roadside;2;Dark - Not Lighted;1;Clear;0;No Additional Atmospheric Conditions;1;Clear;0;No;0;Not Applicable;99;Unknown;99;Unknown;99;Unknown EMS Scene Arrival Hour;99;Unknown EMS Scene Arrival Minutes;88;Not Applicable (Not Transported);88;Not Applicable (Not Transported);0;None;0;None;0;None;1;1
24;Maryland;240284;2;2;0;0;3;3;0;31;MONTGOMERY (31);0;NOT APPLICABLE;4;4;3;March;2019;2;Monday;15;3:00pm-3:59pm;43;43;0;This section IS NOT on the NHS;3;State Highway;SR-929B;SR-929D;2;Urban;4;Minor Arterial;1;State Highway Agency;1;1;39.06205;39.06205;-76.96011944;-76.96011944;0;No Special Jurisdiction;12;Motor Vehicle In-Transport;6;Angle;0;No;2;Intersection;3;T-Intersection;0;None;1;On Roadway;1;Daylight;1;Clear;0;No Additional Atmospheric Conditions;1;Clear;0;No;0;Not Applicable;99;Unknown;99;Unknown;99;Unknown EMS Scene Arrival Hour;99;Unknown EMS Scene Arrival Minutes;99;Unknown;99;Unknown EMS Hospital Arrival Time;0;None;0;None;0;None;1;0
24;Maryland;240287;3;2;1;0;3;3;0;33;PRINCE GEORGE`S (33);0;NOT APPLICABLE;1;1;9;September;2019;1;Sunday;19;7:00pm-7:59pm;35;35;0;This section IS NOT on the NHS;2;U.S. Highway;US-1;MU-510;2;Urban;3;Principal Arterial - Other;1;State Highway Agency;57;57;39.00813333;39.00813333;-76.92940278;-76.92940278;0;No Special Jurisdiction;12;Motor Vehicle In-Transport;2;Front-to-Front;0;No;2;Intersection;3;T-Intersection;0;None;1;On Roadway;1;Daylight;1;Clear;0;No Additional Atmospheric Conditions;1;Clear;0;No;0;Not Applicable;99;Unknown;99;Unknown;99;Unknown EMS Scene Arrival Hour;99;Unknown EMS Scene Arrival Minutes;99;Unknown;99;Unknown EMS Hospital Arrival Time;0;None;0;None;0;None;1;0
24;Maryland;240300;1;1;0;1;1;1;1;33;PRINCE GEORGE`S (33);0;NOT APPLICABLE;17;17;9;September;2019;3;Tuesday;5;5:00am-5:59am;51;51;1;This section IS ON the NHS;3;State Highway;SR-450 ANNAPOLIS RD;ATWELL AVE;2;Urban;3;Principal Arterial - Other;1;State Highway Agency;81;81;38.95679444;38.95679444;-76.80944722;-76.80944722;0;No Special Jurisdiction;8;Pedestrian;0;The First Harmful Event was Not a Collision with a Motor Vehicle in Transport;0;No;3;Intersection-Related;3;T-Intersection;0;None;1;On Roadway;4;Dawn;98;Not Reported;0;No Additional Atmospheric Conditions;98;Not Reported;0;No;0;Not Applicable;99;Unknown;99;Unknown;99;Unknown EMS Scene Arrival Hour;99;Unknown EMS Scene Arrival Minutes;88;Not Applicable (Not Transported);88;Not Applicable (Not Transported);0;None;0;None;0;None;1;0
24;Maryland;240301;1;1;0;1;1;1;1;31;MONTGOMERY (31);630;GAITHERSBURG;11;11;9;September;2019;4;Wednesday;10;10:00am-10:59am;20;20;0;This section IS NOT on the NHS;6;Local Street - Municipality;COPLEY PL;NONE;2;Urban;7;Local;4;City or Municipal Highway Agency;0;None;39.11486667;39.11486667;-77.20693056;-77.20693056;0;No Special Jurisdiction;8;Pedestrian;0;The First Harmful Event was Not a Collision with a Motor Vehicle in Transport;0;No;2;Intersection;3;T-Intersection;0;None;1;On Roadway;1;Daylight;1;Clear;0;No Additional Atmospheric Conditions;1;Clear;0;No;0;Not Applicable;99;Unknown;99;Unknown;99;Unknown EMS Scene Arrival Hour;99;Unknown EMS Scene Arrival Minutes;99;Unknown;99;Unknown EMS Hospital Arrival Time;0;None;0;None;0;None;1;0
24;Maryland;240304;2;2;0;0;4;4;0;5;BALTIMORE (5);0;NOT APPLICABLE;21;21;8;August;2019;4;Wednesday;2;2:00am-2:59am;9;9;0;This section IS NOT on the NHS;4;County Road;CR-5560 WISE AVE;CR-5566 PARK DR;2;Urban;4;Minor Arterial;2;County Highway Agency;13;13;39.26210556;39.26210556;-76.48088611;-76.48088611;0;No Special Jurisdiction;12;Motor Vehicle In-Transport;2;Front-to-Front;0;No;2;Intersection;3;T-Intersection;0;None;1;On Roadway;3;Dark - Lighted;1;Clear;0;No Additional Atmospheric Conditions;1;Clear;0;No;0;Not Applicable;2;2:00am-2:59am;99;Unknown;2;2:00am-2:59am;99;Unknown EMS Scene Arrival Minutes;99;Unknown;98;Unknown if Transported;0;None;0;None;0;None;1;1
24;Maryland;240335;1;1;0;1;1;1;1;3;ANNE ARUNDEL (3);0;NOT APPLICABLE;10;10;10;October;2019;5;Thursday;6;6:00am-6:59am;4;4;0;This section IS NOT on the NHS;4;County Road;CR-3616;CR-3708;2;Urban;4;Minor Arterial;2;County Highway Agency;6;6;39.17645833;39.17645833;-76.62451111;-76.62451111;0;No Special Jurisdiction;8;Pedestrian;0;The First Harmful Event was Not a Collision with a Motor Vehicle in Transport;0;No;2;Intersection;3;T-Intersection;0;None;1;On Roadway;3;Dark - Lighted;1;Clear;0;No Additional Atmospheric Conditions;1;Clear;0;No;0;Not Applicable;99;Unknown;99;Unknown;99;Unknown EMS Scene Arrival Hour;99;Unknown EMS Scene Arrival Minutes;88;Not Applicable (Not Transported);88;Not Applicable (Not Transported);0;None;0;None;0;None;1;0
24;Maryland;240350;3;2;1;3;2;2;3;43;WASHINGTON (43);0;NOT APPLICABLE;10;10;10;October;2019;5;Thursday;13;1:00pm-1:59pm;14;14;0;This section IS NOT on the NHS;2;U.S. Highway;US-40;US-11;2;Urban;3;Principal Arterial - Other;1;State Highway Agency;357;357;39.64528333;39.64528333;-77.72689722;-77.72689722;0;No Special Jurisdiction;12;Motor Vehicle In-Transport;6;Angle;0;No;2;Intersection;3;T-Intersection;0;None;1;On Roadway;1;Daylight;1;Clear;0;No Additional Atmospheric Conditions;1;Clear;0;No;0;Not Applicable;99;Unknown;99;Unknown;99;Unknown EMS Scene Arrival Hour;99;Unknown EMS Scene Arrival Minutes;99;Unknown;99;Unknown EMS Hospital Arrival Time;0;None;0;None;0;None;1;0
24;Maryland;240353;2;2;0;0;2;2;0;27;HOWARD (27);0;NOT APPLICABLE;18;18;10;October;2019;6;Friday;8;8:00am-8:59am;5;5;1;This section IS ON the NHS;2;U.S. Highway;US-29;CR-1878;2;Urban;2;Principal Arterial - Other Freeways and Expressways;1;State Highway Agency;37;37;39.17395;39.17395;-76.88129167;-76.88129167;0;No Special Jurisdiction;12;Motor Vehicle In-Transport;6;Angle;0;No;2;Intersection;3;T-Intersection;0;None;1;On Roadway;1;Daylight;1;Clear;0;No Additional Atmospheric Conditions;1;Clear;0;No;0;Not Applicable;99;Unknown;99;Unknown;99;Unknown EMS Scene Arrival Hour;99;Unknown EMS Scene Arrival Minutes;99;Unknown;99;Unknown EMS Hospital Arrival Time;0;None;0;None;0;None;1;1
24;Maryland;240361;4;4;0;0;5;5;0;43;WASHINGTON (43);0;NOT APPLICABLE;29;29;10;October;2019;3;Tuesday;14;2:00pm-2:59pm;26;26;0;This section IS NOT on the NHS;2;U.S. Highway;US-40;CR-522;1;Rural;5;Major Collector;1;State Highway Agency;450;450;39.54958056;39.54958056;-77.6113;-77.6113;0;No Special Jurisdiction;12;Motor Vehicle In-Transport;1;Front-to-Rear;0;No;3;Intersection-Related;3;T-Intersection;0;None;1;On Roadway;1;Daylight;1;Clear;0;No Additional Atmospheric Conditions;1;Clear;0;No;0;Not Applicable;99;Unknown;99;Unknown;99;Unknown EMS Scene Arrival Hour;99;Unknown EMS Scene Arrival Minutes;99;Unknown;99;Unknown EMS Hospital Arrival Time;0;None;0;None;0;None;3;0
24;Maryland;240368;2;2;0;0;3;3;0;33;PRINCE GEORGE`S (33);0;NOT APPLICABLE;3;3;11;November;2019;1;Sunday;13;1:00pm-1:59pm;10;10;0;This section IS NOT on the NHS;4;County Road;CR-19;CR-1884;2;Urban;7;Local;2;County Highway Agency;7;7;39.03550833;39.03550833;-76.92138611;-76.92138611;0;No Special Jurisdiction;12;Motor Vehicle In-Transport;6;Angle;0;No;2;Intersection;3;T-Intersection;0;None;1;On Roadway;1;Daylight;1;Clear;0;No Additional Atmospheric Conditions;1;Clear;0;No;0;Not Applicable;99;Unknown;99;Unknown;99;Unknown EMS Scene Arrival Hour;99;Unknown EMS Scene Arrival Minutes;99;Unknown;99;Unknown EMS Hospital Arrival Time;0;None;0;None;0;None;1;0
24;Maryland;240370;1;1;0;0;1;1;0;5;BALTIMORE (5);0;NOT APPLICABLE;15;15;10;October;2019;3;Tuesday;7;7:00am-7:59am;34;34;0;This section IS NOT on the NHS;3;State Highway;SR-588;CR-457;2;Urban;4;Minor Arterial;1;State Highway Agency;18;18;39.35426944;39.35426944;-76.51273611;-76.51273611;0;No Special Jurisdiction;33;Curb;0;The First Harmful Event was Not a Collision with a Motor Vehicle in Transport;0;No;3;Intersection-Related;3;T-Intersection;0;None;4;On Roadside;4;Dawn;98;Not Reported;0;No Additional Atmospheric Conditions;98;Not Reported;0;No;0;Not Applicable;99;Unknown;99;Unknown;99;Unknown EMS Scene Arrival Hour;99;Unknown EMS Scene Arrival Minutes;99;Unknown;99;Unknown EMS Hospital Arrival Time;0;None;0;None;0;None;1;0
24;Maryland;240389;2;2;0;0;3;3;0;3;ANNE ARUNDEL (3);1415;SEVERN;27;27;9;September;2019;6;Friday;20;8:00pm-8:59pm;31;31;0;This section IS NOT on the NHS;3;State Highway;SR-175 ANNAPOLIS RD;CR-5454;2;Urban;4;Minor Arterial;1;State Highway Agency;47;47;39.09596667;39.09596667;-76.72041944;-76.72041944;0;No Special Jurisdiction;12;Motor Vehicle In-Transport;6;Angle;0;No;2;Intersection;3;T-Intersection;0;None;1;On Roadway;3;Dark - Lighted;1;Clear;0;No Additional Atmospheric Conditions;1;Clear;0;No;0;Not Applicable;99;Unknown;99;Unknown;99;Unknown EMS Scene Arrival Hour;99;Unknown EMS Scene Arrival Minutes;88;Not Applicable (Not Transported);88;Not Applicable (Not Transported);0;None;0;None;0;None;1;1
24;Maryland;240392;2;2;0;0;2;2;0;41;TALBOT (41);0;NOT APPLICABLE;15;15;11;November;2019;6;Friday;7;7:00am-7:59am;45;45;0;This section IS NOT on the NHS;3;State Highway;SR-331;CR-28;1;Rural;4;Minor Arterial;1;State Highway Agency;18;18;38.77386944;38.77386944;-76.02157222;-76.02157222;0;No Special Jurisdiction;12;Motor Vehicle In-Transport;2;Front-to-Front;0;No;2;Intersection;3;T-Intersection;0;None;1;On Roadway;1;Daylight;1;Clear;0;No Additional Atmospheric Conditions;1;Clear;0;No;0;Not Applicable;99;Unknown;99;Unknown;99;Unknown EMS Scene Arrival Hour;99;Unknown EMS Scene Arrival Minutes;99;Unknown;99;Unknown EMS Hospital Arrival Time;0;None;0;None;0;None;1;0
24;Maryland;240402;2;2;0;0;4;4;0;510;BALTIMORE (510);50;BALTIMORE;9;9;7;July;2019;3;Tuesday;18;6:00pm-6:59pm;37;37;0;This section IS NOT on the NHS;6;Local Street - Municipality;MU-10 WABASH AVE;MT HOPE DR;2;Urban;4;Minor Arterial;4;City or Municipal Highway Agency;23;23;39.34977778;39.34977778;-76.70195278;-76.70195278;0;No Special Jurisdiction;12;Motor Vehicle In-Transport;6;Angle;0;No;2;Intersection;3;T-Intersection;0;None;1;On Roadway;5;Dusk;1;Clear;0;No Additional Atmospheric Conditions;1;Clear;0;No;0;Not Applicable;99;Unknown;99;Unknown;99;Unknown EMS Scene Arrival Hour;99;Unknown EMS Scene Arrival Minutes;99;Unknown;99;Unknown EMS Hospital Arrival Time;0;None;0;None;0;None;1;0
24;Maryland;240406;2;2;0;0;2;2;0;5;BALTIMORE (5);0;NOT APPLICABLE;16;16;8;August;2019;6;Friday;12;12:00pm-12:59pm;21;21;0;This section IS NOT on the NHS;3;State Highway;SR-45;CR-429;2;Urban;4;Minor Arterial;1;State Highway Agency;96;96;39.50073611;39.50073611;-76.65058333;-76.65058333;0;No Special Jurisdiction;12;Motor Vehicle In-Transport;6;Angle;0;No;2;Intersection;3;T-Intersection;0;None;1;On Roadway;1;Daylight;10;Cloudy;0;No Additional Atmospheric Conditions;10;Cloudy;0;No;0;Not Applicable;99;Unknown;99;Unknown;99;Unknown EMS Scene Arrival Hour;99;Unknown EMS Scene Arrival Minutes;99;Unknown;99;Unknown EMS Hospital Arrival Time;0;None;0;None;0;None;1;0
24;Maryland;240411;1;1;0;0;1;1;0;33;PRINCE GEORGE`S (33);0;NOT APPLICABLE;1;1;12;December;2019;1;Sunday;23;11:00pm-11:59pm;36;36;0;This section IS NOT on the NHS;3;State Highway;SR-200;US-1;2;Urban;3;Principal Arterial - Other;1;State Highway Agency;29;29;39.06508056;39.06508056;-76.881775;-76.881775;0;No Special Jurisdiction;33;Curb;0;The First Harmful Event was Not a Collision with a Motor Vehicle in Transport;0;No;3;Intersection-Related;3;T-Intersection;0;None;3;On Median;3;Dark - Lighted;10;Cloudy;0;No Additional Atmospheric Conditions;10;Cloudy;0;No;0;Not Applicable;99;Unknown;99;Unknown;99;Unknown EMS Scene Arrival Hour;99;Unknown EMS Scene Arrival Minutes;88;Not Applicable (Not Transported);88;Not Applicable (Not Transported);0;None;0;None;0;None;1;1