STATE;STATENAME;ST_CASE;VE_TOTAL;VE_FORMS;PVH_INVL;PEDS;PERSONS;PERMVIT;PERNOTMVIT;COUNTY;COUNTYNAME;CITY;CITYNAME;DAY;DAYNAME;MONTH;MONTHNAME;YEAR;DAY_WEEK;DAY_WEEKNAME;HOUR;HOURNAME;MINUTE;MINUTENAME;NHS;NHSNAME;ROUTE;ROUTENAME;TWAY_ID;TWAY_ID2;RUR_URB;RUR_URBNAME;FUNC_SYS;FUNC_SYSNAME;RD_OWNER;RD_OWNERNAME;MILEPT;MILEPTNAME;LATITUDE;LATITUDENAME;LONGITUD;LONGITUDNAME;SP_JUR;SP_JURNAME;HARM_EV;HARM_EVNAME;MAN_COLL;MAN_COLLNAME;RELJCT1;RELJCT1NAME;RELJCT2;RELJCT2NAME;TYP_INT;TYP_INTNAME;WRK_ZONE;WRK_ZONENAME;REL_ROAD;REL_ROADNAME;LGT_COND;LGT_CONDNAME;WEATHER1;WEATHER1NAME;WEATHER2;WEATHER2NAME;WEATHER;WEATHERNAME;SCH_BUS;SCH_BUSNAME;RAIL;RAILNAME;NOT_HOUR;NOT_HOURNAME;NOT_MIN;NOT_MINNAME;ARR_HOUR;ARR_HOURNAME;ARR_MIN;ARR_MINNAME;HOSP_HR;HOSP_HRNAME;HOSP_MN;HOSP_MNNAME;CF1;CF1NAME;CF2;CF2NAME;CF3;CF3NAME;FATALS;DRUNK_DR
24;Maryland;240427;3;3;0;0;6;6;0;3;ANNE ARUNDEL (3);0;NOT APPLICABLE;21;21;11;November;2019;5;Thursday;10;10:00am-10:59am;4;4;0;This section IS NOT on the NHS;3;State Highway;SR-648E;CR-199;2;Urban;4;Minor Arterial;1;State Highway Agency;46;46;39.18040278;39.18040278;-76.63888056;-76.63888056;0;No Special Jurisdiction;12;Motor Vehicle In-Transport;6;Angle;0;No;2;Intersection;3;T-Intersection;0;None;1;On Roadway;1;Daylight;1;Clear;0;No Additional Atmospheric Conditions;1;Clear;0;No;0;Not Applicable;99;Unknown;99;Unknown;99;Unknown EMS Scene Arrival Hour;99;Unknown EMS Scene Arrival Minutes;99;Unknown;99;Unknown EMS Hospital Arrival Time;0;None;0;None;0;None;1;0
24;Maryland;240428;1;1;0;0;1;1;0;23;GARRETT (23);0;NOT APPLICABLE;16;16;11;November;2019;7;Saturday;22;10:00pm-10:59pm;30;30;0;This section IS NOT on the NHS;2;U.S. Highway;US-219;MU-140;1;Rural;3;Principal Arterial - Other;1;State Highway Agency;307;307;39.62628333;39.62628333;-79.320925;-79.320925;0;No Special Jurisdiction;42;Tree (Standing Only);0;The First Harmful Event was Not a Collision with a Motor Vehicle in Transport;0;No;3;Intersection-Related;3;T-Intersection;0;None;4;On Roadside;3;Dark - Lighted;1;Clear;0;No Additional Atmospheric Conditions;1;Clear;0;No;0;Not Applicable;99;Unknown;99;Unknown;99;Unknown EMS Scene Arrival Hour;99;Unknown EMS Scene Arrival Minutes;88;Not Applicable (Not Transported);88;Not Applicable (Not Transported);0;None;0;None;0;None;1;1
24;Maryland;240429;2;2;0;0;2;2;0;3;ANNE ARUNDEL (3);0;NOT APPLICABLE;11;11;12;December;2019;4;Wednesday;15;3:00pm-3:59pm;16;16;0;This section IS NOT on the NHS;3;State Highway;SR-176;CR-597;2;Urban;4;Minor Arterial;1;State Highway Agency;35;35;39.16266389;39.16266389;-76.66871944;-76.66871944;0;No Special Jurisdiction;12;Motor Vehicle In-Transport;2;Front-to-Front;0;No;2;Intersection;3;T-Intersection;0;None;1;On Roadway;1;Daylight;1;Clear;0;No Additional Atmospheric Conditions;1;Clear;0;No;0;Not Applicable;99;Unknown;99;Unknown;99;Unknown EMS Scene Arrival Hour;99;Unknown EMS Scene Arrival Minutes;99;Unknown;99;Unknown EMS Hospital Arrival Time;0;None;0;None;0;None;1;0
24;Maryland;240431;1;1;0;1;1;1;1;31;MONTGOMERY (31);0;NOT APPLICABLE;12;12;12;December;2019;5;Thursday;15;3:00pm-3:59pm;48;48;0;This section IS NOT on the NHS;4;County Road;CR-2138;CR-2134;2;Urban;7;Local;2;County Highway Agency;2;2;38.97675833;38.97675833;-77.11987222;-77.11987222;0;No Special Jurisdiction;8;Pedestrian;0;The First Harmful Event was Not a Collision with a Motor Vehicle in Transport;0;No;2;Intersection;3;T-Intersection;0;None;1;On Roadway;1;Daylight;1;Clear;0;No Additional Atmospheric Conditions;1;Clear;1;Yes;0;Not Applicable;99;Unknown;99;Unknown;99;Unknown EMS Scene Arrival Hour;99;Unknown EMS Scene Arrival Minutes;99;Unknown;99;Unknown EMS Hospital Arrival Time;31;Related to a Bus Stop;0;None;0;None;1;0
24;Maryland;240432;1;1;0;1;1;1;1;13;CARROLL (13);0;NOT APPLICABLE;26;26;11;November;2019;3;Tuesday;18;6:00pm-6:59pm;3;3;0;This section IS NOT on the NHS;3;State Highway;SR-194;OP-59;2;Urban;4;Minor Arterial;1;State Highway Agency;85;85;39.68443889;39.68443889;-77.150175;-77.150175;0;No Special Jurisdiction;8;Pedestrian;0;The First Harmful Event was Not a Collision with a Motor Vehicle in Transport;0;No;3;Intersection-Related;3;T-Intersection;0;None;1;On Roadway;6;Dark - Unknown Lighting;1;Clear;0;No Additional Atmospheric Conditions;1;Clear;0;No;0;Not Applicable;99;Unknown;99;Unknown;99;Unknown EMS Scene Arrival Hour;99;Unknown EMS Scene Arrival Minutes;99;Unknown;99;Unknown EMS Hospital Arrival Time;0;None;0;None;0;None;1;0
24;Maryland;240434;2;2;0;0;4;4;0;33;PRINCE GEORGE`S (33);1400;SEAT PLEASANT;28;28;11;November;2019;5;Thursday;23;11:00pm-11:59pm;57;57;1;This section IS ON the NHS;3;State Highway;SR-704 MARTIN LUTHER KING JR;CR-2949 GLEN WILLOW DR;2;Urban;3;Principal Arterial - Other;1;State Highway Agency;8;8;38.90233611;38.90233611;-76.90036944;-76.90036944;0;No Special Jurisdiction;12;Motor Vehicle In-Transport;6;Angle;0;No;2;Intersection;3;T-Intersection;0;None;1;On Roadway;3;Dark - Lighted;1;Clear;0;No Additional Atmospheric Conditions;1;Clear;0;No;0;Not Applicable;99;Unknown;99;Unknown;99;Unknown EMS Scene Arrival Hour;99;Unknown EMS Scene Arrival Minutes;99;Unknown;99;Unknown EMS Hospital Arrival Time;0;None;0;None;0;None;1;0
24;Maryland;240440;2;2;0;0;3;3;0;5;BALTIMORE (5);0;NOT APPLICABLE;7;7;10;October;2019;2;Monday;19;7:00pm-7:59pm;6;6;0;This section IS NOT on the NHS;3;State Highway;SR-7;CR-3952;2;Urban;4;Minor Arterial;1;State Highway Agency;94;94;39.40986667;39.40986667;-76.41035833;-76.41035833;0;No Special Jurisdiction;12;Motor Vehicle In-Transport;2;Front-to-Front;0;No;2;Intersection;3;T-Intersection;0;None;1;On Roadway;3;Dark - Lighted;10;Cloudy;0;No Additional Atmospheric Conditions;10;Cloudy;0;No;0;Not Applicable;99;Unknown;99;Unknown;99;Unknown EMS Scene Arrival Hour;99;Unknown EMS Scene Arrival Minutes;99;Unknown;99;Unknown EMS Hospital Arrival Time;0;None;0;None;0;None;1;0
24;Maryland;240442;1;1;0;1;1;1;1;45;WICOMICO (45);0;NOT APPLICABLE;20;20;12;December;2019;6;Friday;22;10:00pm-10:59pm;35;35;0;This section IS NOT on the NHS;2;U.S. Highway;US-13;UU0;2;Urban;3;Principal Arterial - Other;1;State Highway Agency;157;157;38.45310556;38.45310556;-75.55873889;-75.55873889;0;No Special Jurisdiction;8;Pedestrian;0;The First Harmful Event was Not a Collision with a Motor Vehicle in Transport;0;No;3;Intersection-Related;3;T-Intersection;0;None;1;On Roadway;2;Dark - Not Lighted;1;Clear;0;No Additional Atmospheric Conditions;1;Clear;0;No;0;Not Applicable;99;Unknown;99;Unknown;99;Unknown EMS Scene Arrival Hour;99;Unknown EMS Scene Arrival Minutes;88;Not Applicable (Not Transported);88;Not Applicable (Not Transported);0;None;0;None;0;None;1;1
24;Maryland;240444;2;2;0;0;2;2;0;510;BALTIMORE (510);50;BALTIMORE;18;18;6;June;2019;3;Tuesday;18;6:00pm-6:59pm;21;21;1;This section IS ON the NHS;6;Local Street - Municipality;MU-43 MONROE ST;CARROLL ST;2;Urban;3;Principal Arterial - Other;4;City or Municipal Highway Agency;7;7;39.27451667;39.27451667;-76.64110556;-76.64110556;0;No Special Jurisdiction;12;Motor Vehicle In-Transport;6;Angle;0;No;2;Intersection;3;T-Intersection;0;None;1;On Roadway;1;Daylight;1;Clear;0;No Additional Atmospheric Conditions;1;Clear;0;No;0;Not Applicable;18;6:00pm-6:59pm;99;Unknown;18;6:00pm-6:59pm;99;Unknown EMS Scene Arrival Minutes;88;Not Applicable (Not Transported);88;Not Applicable (Not Transported);0;None;0;None;0;None;1;0
24;Maryland;240445;1;1;0;0;1;1;0;510;BALTIMORE (510);0;NOT APPLICABLE;9;9;11;November;2019;7;Saturday;5;5:00am-5:59am;7;7;0;This section IS NOT on the NHS;6;Local Street - Municipality;MU-1360;N BOND ST;2;Urban;3;Principal Arterial - Other;4;City or Municipal Highway Agency;14;14;39.29933889;39.29933889;-76.59630278;-76.59630278;0;No Special Jurisdiction;46;Traffic Signal Support;0;The First Harmful Event was Not a Collision with a Motor Vehicle in Transport;0;No;3;Intersection-Related;3;T-Intersection;0;None;4;On Roadside;3;Dark - Lighted;1;Clear;0;No Additional Atmospheric Conditions;1;Clear;0;No;0;Not Applicable;99;Unknown;99;Unknown;99;Unknown EMS Scene Arrival Hour;99;Unknown EMS Scene Arrival Minutes;99;Unknown;99;Unknown EMS Hospital Arrival Time;0;None;0;None;0;None;1;0
24;Maryland;240460;2;2;0;0;4;4;0;510;BALTIMORE (510);50;BALTIMORE;18;18;11;November;2019;2;Monday;18;6:00pm-6:59pm;32;32;0;This section IS NOT on the NHS;6;Local Street - Municipality;MU-1281;ATCO;2;Urban;3;Principal Arterial - Other;4;City or Municipal Highway Agency;29;29;39.25894167;39.25894167;-76.66163333;-76.66163333;0;No Special Jurisdiction;12;Motor Vehicle In-Transport;1;Front-to-Rear;0;No;2;Intersection;3;T-Intersection;0;None;1;On Roadway;3;Dark - Lighted;1;Clear;0;No Additional Atmospheric Conditions;1;Clear;0;No;0;Not Applicable;99;Unknown;99;Unknown;99;Unknown EMS Scene Arrival Hour;99;Unknown EMS Scene Arrival Minutes;99;Unknown;99;Unknown EMS Hospital Arrival Time;0;None;0;None;0;None;1;0
24;Maryland;240492;3;3;0;0;6;6;0;5;BALTIMORE (5);255;CATONSVILLE;30;30;8;August;2019;6;Friday;17;5:00pm-5:59pm;41;41;1;This section IS ON the NHS;2;U.S. Highway;US-40 BALTIMORE NATL PK;CR-2687 PINE ST;2;Urban;3;Principal Arterial - Other;1;State Highway Agency;19;19;39.28391389;39.28391389;-76.74773611;-76.74773611;0;No Special Jurisdiction;12;Motor Vehicle In-Transport;6;Angle;0;No;2;Intersection;3;T-Intersection;0;None;1;On Roadway;1;Daylight;1;Clear;0;No Additional Atmospheric Conditions;1;Clear;0;No;0;Not Applicable;99;Unknown;99;Unknown;99;Unknown EMS Scene Arrival Hour;99;Unknown EMS Scene Arrival Minutes;99;Unknown;99;Unknown EMS Hospital Arrival Time;0;None;0;None;0;None;2;0
24;Maryland;240497;1;1;0;0;2;2;0;510;BALTIMORE (510);50;BALTIMORE;29;29;12;December;2019;1;Sunday;7;7:00am-7:59am;43;43;0;This section IS NOT on the NHS;6;Local Street - Municipality;MU-1022;SR-26;2;Urban;3;Principal Arterial - Other;4;City or Municipal Highway Agency;0;None;39.335525;39.335525;-76.71001389;-76.71001389;0;No Special Jurisdiction;33;Curb;0;The First Harmful Event was Not a Collision with a Motor Vehicle in Transport;0;No;3;Intersection-Related;3;T-Intersection;0;None;4;On Roadside;1;Daylight;1;Clear;0;No Additional Atmospheric Conditions;1;Clear;0;No;0;Not Applicable;99;Unknown;99;Unknown;99;Unknown EMS Scene Arrival Hour;99;Unknown EMS Scene Arrival Minutes;99;Unknown;99;Unknown EMS Hospital Arrival Time;0;None;0;None;0;None;2;1
25;Massachusetts;250006;1;1;0;0;1;1;0;27;WORCESTER (27);390;GARDNER;29;29;1;January;2019;3;Tuesday;1;1:00am-1:59am;53;53;0;This section IS NOT on the NHS;8;Other;BETTY SPRING RD;FOSTER CT;2;Urban;4;Minor Arterial;1;State Highway Agency;99998;Not Reported;42.57353889;42.57353889;-71.96431944;-71.96431944;0;No Special Jurisdiction;42;Tree (Standing Only);0;The First Harmful Event was Not a Collision with a Motor Vehicle in Transport;0;No;3;Intersection-Related;3;T-Intersection;0;None;4;On Roadside;2;Dark - Not Lighted;10;Cloudy;0;No Additional Atmospheric Conditions;10;Cloudy;0;No;0;Not Applicable;1;1:00am-1:59am;54;54;1;1:00am-1:59am;59;59;2;2:00am-2:59am;23;23;0;None;0;None;0;None;1;1
25;Massachusetts;250011;1;1;0;1;1;1;1;17;MIDDLESEX (17);630;LOWELL;19;19;1;January;2019;7;Saturday;12;12:00pm-12:59pm;12;12;0;This section IS NOT on the NHS;8;Other;MERRIMACK ST;CENTRAL ST;2;Urban;4;Minor Arterial;4;City or Municipal Highway Agency;99998;Not Reported;42.64555833;42.64555833;-71.30836944;-71.30836944;0;No Special Jurisdiction;8;Pedestrian;0;The First Harmful Event was Not a Collision with a Motor Vehicle in Transport;1;Yes;3;Intersection-Related;3;T-Intersection;0;None;1;On Roadway;1;Daylight;10;Cloudy;0;No Additional Atmospheric Conditions;10;Cloudy;0;No;0;Not Applicable;9;9:00am-9:59am;3;3;9;9:00am-9:59am;4;4;9;9:00am-9:59am;27;27;0;None;0;None;0;None;1;0
25;Massachusetts;250027;1;1;0;0;2;2;0;21;NORFOLK (21);925;NORWOOD;3;3;2;February;2019;1;Sunday;3;3:00am-3:59am;0;0;0;This section IS NOT on the NHS;8;Other;WALPOLE ST;DAVIS AVE;2;Urban;4;Minor Arterial;3;Town or Township Highway Agency;99998;Not Reported;42.17828611;42.17828611;-71.22223056;-71.22223056;0;No Special Jurisdiction;33;Curb;0;The First Harmful Event was Not a Collision with a Motor Vehicle in Transport;1;Yes;3;Intersection-Related;3;T-Intersection;0;None;4;On Roadside;3;Dark - Lighted;1;Clear;0;No Additional Atmospheric Conditions;1;Clear;0;No;0;Not Applicable;3;3:00am-3:59am;0;0;3;3:00am-3:59am;7;7;3;3:00am-3:59am;26;26;0;None;0;None;0;None;1;1
25;Massachusetts;250040;1;1;0;0;3;3;0;13;HAMPDEN (13);210;CHICOPEE;27;27;2;February;2019;4;Wednesday;0;0:00am-0:59am;5;5;0;This section IS NOT on the NHS;8;Other;CAREW ST;QUEBEC ST;2;Urban;5;Major Collector;4;City or Municipal Highway Agency;99998;Not Reported;42.14825;42.14825;-72.56453889;-72.56453889;0;No Special Jurisdiction;30;Utility Pole/Light Support;0;The First Harmful Event was Not a Collision with a Motor Vehicle in Transport;1;Yes;3;Intersection-Related;3;T-Intersection;0;None;4;On Roadside;3;Dark - Lighted;1;Clear;0;No Additional Atmospheric Conditions;1;Clear;0;No;0;Not Applicable;0;0:00am-0:59am;9;9;0;0:00am-0:59am;16;16;88;Not Applicable (Not Transported);88;Not Applicable (Not Transported);0;None;0;None;0;None;2;1
25;Massachusetts;250042;1;1;0;0;1;1;0;3;BERKSHIRE (3);1145;SHEFFIELD;28;28;2;February;2019;5;Thursday;23;11:00pm-11:59pm;25;25;0;This section IS NOT on the NHS;8;Other;BERKSHIRE SCHOOL RD;BEARS DEN RD;1;Rural;6;Minor Collector;3;Town or Township Highway Agency;99998;Not Reported;42.10961944;42.10961944;-73.377;-73.377;0;No Special Jurisdiction;30;Utility Pole/Light Support;0;The First Harmful Event was Not a Collision with a Motor Vehicle in Transport;0;No;3;Intersection-Related;3;T-Intersection;0;None;4;On Roadside;2;Dark - Not Lighted;1;Clear;0;No Additional Atmospheric Conditions;1;Clear;0;No;0;Not Applicable;23;11:00pm-11:59pm;32;32;23;11:00pm-11:59pm;45;45;88;Not Applicable (Not Transported);88;Not Applicable (Not Transported);0;None;0;None;0;None;1;1
25;Massachusetts;250046;1;1;0;2;1;1;2;17;MIDDLESEX (17);1190;SOMERVILLE;8;8;2;February;2019;6;Friday;19;7:00pm-7:59pm;16;16;0;This section IS NOT on the NHS;8;Other;HARDAN RD;POWDER HOUSE BLVD;2;Urban;7;Local;4;City or Municipal Highway Agency;99998;Not Reported;42.40599444;42.40599444;-71.1268;-71.1268;0;No Special Jurisdiction;8;Pedestrian;0;The First Harmful Event was Not a Collision with a Motor Vehicle in Transport;1;Yes;2;Intersection;3;T-Intersection;0;None;1;On Roadway;8;Not Reported;98;Not Reported;0;No Additional Atmospheric Conditions;98;Not Reported;0;No;0;Not Applicable;19;7:00pm-7:59pm;19;19;19;7:00pm-7:59pm;27;27;19;7:00pm-7:59pm;52;52;0;None;0;None;0;None;1;0
25;Massachusetts;250048;3;3;0;0;8;8;0;13;HAMPDEN (13);636;LUDLOW;20;20;2;February;2019;4;Wednesday;14;2:00pm-2:59pm;53;53;0;This section IS NOT on the NHS;8;Other;RUSSELL ST;SHAWINIGAN DR;2;Urban;4;Minor Arterial;3;Town or Township Highway Agency;99998;Not Reported;42.163275;42.163275;-72.51305;-72.51305;0;No Special Jurisdiction;12;Motor Vehicle In-Transport;6;Angle;0;No;2;Intersection;3;T-Intersection;0;None;1;On Roadway;1;Daylight;10;Cloudy;0;No Additional Atmospheric Conditions;10;Cloudy;0;No;0;Not Applicable;14;2:00pm-2:59pm;53;53;14;2:00pm-2:59pm;58;58;15;3:00pm-3:59pm;12;12;0;None;0;None;0;None;2;0
25;Massachusetts;250053;2;2;0;0;2;2;0;27;WORCESTER (27);1390;WESTBOROUGH;2;2;3;March;2019;7;Saturday;9;9:00am-9:59am;59;59;0;This section IS NOT on the NHS;3;State Highway;SR-30 NOURSE ST;CAPTAIN SAMUEL FORBUSH RD;2;Urban;4;Minor Arterial;3;Town or Township Highway Agency;99998;Not Reported;42.25463611;42.25463611;-71.63581111;-71.63581111;0;No Special Jurisdiction;12;Motor Vehicle In-Transport;6;Angle;0;No;3;Intersection-Related;3;T-Intersection;0;None;1;On Roadway;1;Daylight;10;Cloudy;4;Snow;4;Snow;0;No;0;Not Applicable;9;9:00am-9:59am;56;56;9;9:00am-9:59am;59;59;10;10:00am-10:59am;36;36;0;None;0;None;0;None;1;1
25;Massachusetts;250061;1;1;0;0;1;1;0;17;MIDDLESEX (17);680;MARLBOROUGH;19;19;3;March;2019;3;Tuesday;17;5:00pm-5:59pm;57;57;0;This section IS NOT on the NHS;8;Other;FARM RD;BROADMEADOW;2;Urban;5;Major Collector;4;City or Municipal Highway Agency;99998;Not Reported;42.34263056;42.34263056;-71.51416944;-71.51416944;0;No Special Jurisdiction;30;Utility Pole/Light Support;0;The First Harmful Event was Not a Collision with a Motor Vehicle in Transport;1;Yes;3;Intersection-Related;3;T-Intersection;0;None;1;On Roadway;1;Daylight;1;Clear;0;No Additional Atmospheric Conditions;1;Clear;0;No;0;Not Applicable;17;5:00pm-5:59pm;59;59;18;6:00pm-6:59pm;4;4;18;6:00pm-6:59pm;30;30;0;None;0;None;0;None;1;0
25;Massachusetts;250078;2;2;0;0;4;4;0;5;BRISTOL (5);1280;TOWN OF DIGHTON;6;6;4;April;2019;7;Saturday;19;7:00pm-7:59pm;45;45;0;This section IS NOT on the NHS;8;Other;SCHOOL ST;BLINNS CT;2;Urban;7;Local;4;City or Municipal Highway Agency;0;None;41.91205556;41.91205556;-71.08508889;-71.08508889;0;No Special Jurisdiction;12;Motor Vehicle In-Transport;6;Angle;1;Yes;3;Intersection-Related;3;T-Intersection;0;None;1;On Roadway;5;Dusk;1;Clear;0;No Additional Atmospheric Conditions;1;Clear;0;No;0;Not Applicable;19;7:00pm-7:59pm;42;42;19;7:00pm-7:59pm;45;45;20;8:00pm-8:59pm;5;5;0;None;0;None;0;None;1;0
25;Massachusetts;250082;1;1;0;1;1;1;1;23;PLYMOUTH (23);140;BROCKTON;9;9;4;April;2019;3;Tuesday;9;9:00am-9:59am;26;26;0;This section IS NOT on the NHS;8;Other;N MAIN ST;AMES ST;2;Urban;7;Local;4;City or Municipal Highway Agency;99998;Not Reported;42.10107222;42.10107222;-71.02123056;-71.02123056;0;No Special Jurisdiction;8;Pedestrian;0;The First Harmful Event was Not a Collision with a Motor Vehicle in Transport;0;No;3;Intersection-Related;3;T-Intersection;0;None;1;On Roadway;1;Daylight;10;Cloudy;0;No Additional Atmospheric Conditions;10;Cloudy;0;No;0;Not Applicable;9;9:00am-9:59am;29;29;9;9:00am-9:59am;31;31;9;9:00am-9:59am;51;51;0;None;0;None;0;None;1;0
25;Massachusetts;250107;1;1;0;0;1;1;0;9;ESSEX (9);765;METHUEN;29;29;5;May;2019;4;Wednesday;15;3:00pm-3:59pm;11;11;0;This section IS NOT on the NHS;8;Other;PINE TREE DR;HOWE ST;2;Urban;7;Local;4;City or Municipal Highway Agency;99998;Not Reported;42.77438611;42.77438611;-71.15376944;-71.15376944;0;No Special Jurisdiction;53;Mail Box;0;The First Harmful Event was Not a Collision with a Motor Vehicle in Transport;0;No;3;Intersection-Related;3;T-Intersection;0;None;2;On Shoulder;1;Daylight;1;Clear;0;No Additional Atmospheric Conditions;1;Clear;0;No;0;Not Applicable;15;3:00pm-3:59pm;16;16;15;3:00pm-3:59pm;19;19;15;3:00pm-3:59pm;55;55;0;None;0;None;0;None;1;0
25;Massachusetts;250109;1;1;0;0;1;1;0;17;MIDDLESEX (17);680;MARLBOROUGH;30;30;5;May;2019;5;Thursday;12;12:00pm-12:59pm;0;0;0;This section IS NOT on the NHS;8;Other;BOLTON ST;BLAISWOOD AVE;2;Urban;4;Minor Arterial;4;City or Municipal Highway Agency;99998;Not Reported;42.36638889;42.36638889;-71.55946944;-71.55946944;0;No Special Jurisdiction;33;Curb;0;The First Harmful Event was Not a Collision with a Motor Vehicle in Transport;1;Yes;3;Intersection-Related;3;T-Intersection;0;None;4;On Roadside;1;Daylight;10;Cloudy;0;No Additional Atmospheric Conditions;10;Cloudy;0;No;0;Not Applicable;12;12:00pm-12:59pm;16;16;12;12:00pm-12:59pm;18;18;88;Not Applicable (Not Transported);88;Not Applicable (Not Transported);0;None;0;None;0;None;1;0
25;Massachusetts;250110;1;1;0;0;1;1;0;1;BARNSTABLE (1);469;HARWICH;30;30;5;May;2019;5;Thursday;15;3:00pm-3:59pm;28;28;0;This section IS NOT on the NHS;8;Other;QUEEN ANNE RD;POND VIEW DR;2;Urban;4;Minor Arterial;3;Town or Township Highway Agency;99998;Not Reported;41.699875;41.699875;-70.03016111;-70.03016111;0;No Special Jurisdiction;42;Tree (Standing Only);0;The First Harmful Event was Not a Collision with a Motor Vehicle in Transport;1;Yes;3;Intersection-Related;3;T-Intersection;0;None;4;On Roadside;1;Daylight;10;Cloudy;0;No Additional Atmospheric Conditions;10;Cloudy;0;No;0;Not Applicable;15;3:00pm-3:59pm;29;29;15;3:00pm-3:59pm;34;34;16;4:00pm-4:59pm;11;11;0;None;0;None;0;None;1;1
25;Massachusetts;250115;1;1;0;1;1;1;1;25;SUFFOLK (25);120;BOSTON;16;16;5;May;2019;5;Thursday;15;3:00pm-3:59pm;22;22;0;This section IS NOT on the NHS;8;Other;FOTTLER RD;HIAWATHA RD;2;Urban;7;Local;4;City or Municipal Highway Agency;99998;Not Reported;42.27791111;42.27791111;-71.09718333;-71.09718333;0;No Special Jurisdiction;8;Pedestrian;0;The First Harmful Event was Not a Collision with a Motor Vehicle in Transport;1;Yes;2;Intersection;3;T-Intersection;0;None;1;On Roadway;1;Daylight;1;Clear;0;No Additional Atmospheric Conditions;1;Clear;0;No;0;Not Applicable;15;3:00pm-3:59pm;26;26;15;3:00pm-3:59pm;33;33;88;Not Applicable (Not Transported);88;Not Applicable (Not Transported);0;None;0;None;0;None;1;0
25;Massachusetts;250127;1;1;0;0;1;1;0;9;ESSEX (9);100;BEVERLY;8;8;6;June;2019;7;Saturday;1;1:00am-1:59am;50;50;0;This section IS NOT on the NHS;8;Other;CABOT ST;LP HENDERSON RD;2;Urban;4;Minor Arterial;4;City or Municipal Highway Agency;99998;Not Reported;42.5879;42.5879;-70.9045;-70.9045;0;No Special Jurisdiction;17;Boulder;0;The First Harmful Event was Not a Collision with a Motor Vehicle in Transport;1;Yes;3;Intersection-Related;3;T-Intersection;0;None;5;Outside Trafficway;3;Dark - Lighted;1;Clear;0;No Additional Atmospheric Conditions;1;Clear;0;No;0;Not Applicable;2;2:00am-2:59am;6;6;2;2:00am-2:59am;10;10;2;2:00am-2:59am;28;28;0;None;0;None;0;None;1;1
25;Massachusetts;250145;1;1;0;1;1;1;1;25;SUFFOLK (25);120;BOSTON;24;24;6;June;2019;2;Monday;7;7:00am-7:59am;48;48;1;This section IS ON the NHS;8;Other;MASSACHUSETTS AVE CONNECTOR;MELNEA CASS BLVD;2;Urban;2;Principal Arterial - Other Freeways and Expressways;1;State Highway Agency;99998;Not Reported;42.33279167;42.33279167;-71.07206944;-71.07206944;0;No Special Jurisdiction;8;Pedestrian;0;The First Harmful Event was Not a Collision with a Motor Vehicle in Transport;1;Yes;3;Intersection-Related;3;T-Intersection;0;None;1;On Roadway;1;Daylight;1;Clear;0;No Additional Atmospheric Conditions;1;Clear;0;No;0;Not Applicable;7;7:00am-7:59am;34;34;7;7:00am-7:59am;40;40;7;7:00am-7:59am;51;51;0;None;0;None;0;None;1;0
25;Massachusetts;250153;2;2;0;0;2;2;0;3;BERKSHIRE (3);1030;PITTSFIELD;2;2;7;July;2019;3;Tuesday;7;7:00am-7:59am;48;48;1;This section IS ON the NHS;2;U.S. Highway;US-20 EB W HOUSATONIC ST;OSCEOLA ST;2;Urban;3;Principal Arterial - Other;1;State Highway Agency;99998;Not Reported;42.44015;42.44015;-73.28753056;-73.28753056;0;No Special Jurisdiction;12;Motor Vehicle In-Transport;6;Angle;1;Yes;2;Intersection;3;T-Intersection;0;None;1;On Roadway;1;Daylight;10;Cloudy;0;No Additional Atmospheric Conditions;10;Cloudy;0;No;0;Not Applicable;7;7:00am-7:59am;49;49;7;7:00am-7:59am;56;56;8;8:00am-8:59am;12;12;0;None;0;None;0;None;1;0
25;Massachusetts;250155;2;2;0;0;3;3;0;17;MIDDLESEX (17);1340;WALTHAM;9;9;7;July;2019;3;Tuesday;7;7:00am-7:59am;7;7;0;This section IS NOT on the NHS;8;Other;ELM ST;PINE ST;2;Urban;5;Major Collector;4;City or Municipal Highway Agency;99998;Not Reported;42.37046944;42.37046944;-71.23123889;-71.23123889;0;No Special Jurisdiction;12;Motor Vehicle In-Transport;6;Angle;1;Yes;2;Intersection;3;T-Intersection;0;None;1;On Roadway;1;Daylight;1;Clear;0;No Additional Atmospheric Conditions;1;Clear;0;No;0;Not Applicable;7;7:00am-7:59am;9;9;7;7:00am-7:59am;13;13;7;7:00am-7:59am;40;40;0;None;0;None;0;None;1;0
25;Massachusetts;250157;1;1;0;1;1;1;1;13;HAMPDEN (13);210;CHICOPEE;3;3;7;July;2019;4;Wednesday;11;11:00am-11:59am;24;24;0;This section IS NOT on the NHS;8;Other;FULLER RD;OAKHILL CIR;2;Urban;4;Minor Arterial;4;City or Municipal Highway Agency;99998;Not Reported;42.44015;42.44015;-73.28753056;-73.28753056;0;No Special Jurisdiction;9;Pedalcyclist;0;The First Harmful Event was Not a Collision with a Motor Vehicle in Transport;0;No;3;Intersection-Related;3;T-Intersection;0;None;1;On Roadway;1;Daylight;1;Clear;0;No Additional Atmospheric Conditions;1;Clear;0;No;0;Not Applicable;11;11:00am-11:59am;25;25;11;11:00am-11:59am;27;27;11;11:00am-11:59am;59;59;0;None;0;None;0;None;1;0