STATE;STATENAME;ST_CASE;VE_TOTAL;VE_FORMS;PVH_INVL;PEDS;PERSONS;PERMVIT;PERNOTMVIT;COUNTY;COUNTYNAME;CITY;CITYNAME;DAY;DAYNAME;MONTH;MONTHNAME;YEAR;DAY_WEEK;DAY_WEEKNAME;HOUR;HOURNAME;MINUTE;MINUTENAME;NHS;NHSNAME;ROUTE;ROUTENAME;TWAY_ID;TWAY_ID2;RUR_URB;RUR_URBNAME;FUNC_SYS;FUNC_SYSNAME;RD_OWNER;RD_OWNERNAME;MILEPT;MILEPTNAME;LATITUDE;LATITUDENAME;LONGITUD;LONGITUDNAME;SP_JUR;SP_JURNAME;HARM_EV;HARM_EVNAME;MAN_COLL;MAN_COLLNAME;RELJCT1;RELJCT1NAME;RELJCT2;RELJCT2NAME;TYP_INT;TYP_INTNAME;WRK_ZONE;WRK_ZONENAME;REL_ROAD;REL_ROADNAME;LGT_COND;LGT_CONDNAME;WEATHER1;WEATHER1NAME;WEATHER2;WEATHER2NAME;WEATHER;WEATHERNAME;SCH_BUS;SCH_BUSNAME;RAIL;RAILNAME;NOT_HOUR;NOT_HOURNAME;NOT_MIN;NOT_MINNAME;ARR_HOUR;ARR_HOURNAME;ARR_MIN;ARR_MINNAME;HOSP_HR;HOSP_HRNAME;HOSP_MN;HOSP_MNNAME;CF1;CF1NAME;CF2;CF2NAME;CF3;CF3NAME;FATALS;DRUNK_DR
25;Massachusetts;250163;1;1;0;1;1;1;1;5;BRISTOL (5);1280;TOWN OF DIGHTON;11;11;7;July;2019;5;Thursday;10;10:00am-10:59am;20;20;1;This section IS ON the NHS;2;U.S. Highway;US-44 EB;WINTHROP ST;2;Urban;3;Principal Arterial - Other;3;Town or Township Highway Agency;99998;Not Reported;41.89924722;41.89924722;-71.09583056;-71.09583056;8;Other;8;Pedestrian;0;The First Harmful Event was Not a Collision with a Motor Vehicle in Transport;1;Yes;3;Intersection-Related;3;T-Intersection;0;None;1;On Roadway;1;Daylight;1;Clear;0;No Additional Atmospheric Conditions;1;Clear;0;No;0;Not Applicable;10;10:00am-10:59am;21;21;10;10:00am-10:59am;25;25;11;11:00am-11:59am;3;3;0;None;0;None;0;None;1;0
25;Massachusetts;250172;1;1;0;1;1;1;1;27;WORCESTER (27);1260;SPENCER;31;31;7;July;2019;4;Wednesday;10;10:00am-10:59am;28;28;1;This section IS ON the NHS;3;State Highway;SR-9 MAIN ST;GREENVILLE ST;2;Urban;3;Principal Arterial - Other;1;State Highway Agency;99998;Not Reported;42.249625;42.249625;-71.98138056;-71.98138056;0;No Special Jurisdiction;8;Pedestrian;0;The First Harmful Event was Not a Collision with a Motor Vehicle in Transport;1;Yes;2;Intersection;3;T-Intersection;3;Utility;1;On Roadway;1;Daylight;1;Clear;0;No Additional Atmospheric Conditions;1;Clear;0;No;0;Not Applicable;10;10:00am-10:59am;30;30;10;10:00am-10:59am;34;34;11;11:00am-11:59am;12;12;0;None;0;None;0;None;1;0
25;Massachusetts;250187;1;1;0;0;1;1;0;13;HAMPDEN (13);1430;WESTFIELD;9;9;8;August;2019;6;Friday;0;0:00am-0:59am;15;15;1;This section IS ON the NHS;2;U.S. Highway;US-20 RUSSELL RD;BECKWITH AVE;2;Urban;3;Principal Arterial - Other;1;State Highway Agency;99998;Not Reported;42.12858611;42.12858611;-72.76416944;-72.76416944;0;No Special Jurisdiction;30;Utility Pole/Light Support;0;The First Harmful Event was Not a Collision with a Motor Vehicle in Transport;0;No;3;Intersection-Related;3;T-Intersection;0;None;4;On Roadside;3;Dark - Lighted;1;Clear;0;No Additional Atmospheric Conditions;1;Clear;0;No;0;Not Applicable;0;0:00am-0:59am;16;16;0;0:00am-0:59am;19;19;0;0:00am-0:59am;35;35;0;None;0;None;0;None;1;1
25;Massachusetts;250200;1;1;0;1;1;1;1;17;MIDDLESEX (17);310;EVERETT;30;30;8;August;2019;6;Friday;21;9:00pm-9:59pm;30;30;1;This section IS ON the NHS;8;Other;REVERE BEACH PKWY;VINE ST;2;Urban;3;Principal Arterial - Other;4;City or Municipal Highway Agency;99998;Not Reported;42.62570556;42.62570556;-70.69998889;-70.69998889;0;No Special Jurisdiction;8;Pedestrian;0;The First Harmful Event was Not a Collision with a Motor Vehicle in Transport;1;Yes;3;Intersection-Related;3;T-Intersection;0;None;1;On Roadway;3;Dark - Lighted;1;Clear;0;No Additional Atmospheric Conditions;1;Clear;0;No;0;Not Applicable;21;9:00pm-9:59pm;31;31;21;9:00pm-9:59pm;40;40;21;9:00pm-9:59pm;55;55;0;None;0;None;0;None;1;0
25;Massachusetts;250217;1;1;0;0;2;2;0;27;WORCESTER (27);610;LEOMINSTER;8;8;9;September;2019;1;Sunday;1;1:00am-1:59am;38;38;0;This section IS NOT on the NHS;8;Other;MECHANIC ST;JOHNSON ST;2;Urban;4;Minor Arterial;4;City or Municipal Highway Agency;99998;Not Reported;42.5218;42.5218;-71.74411111;-71.74411111;0;No Special Jurisdiction;30;Utility Pole/Light Support;0;The First Harmful Event was Not a Collision with a Motor Vehicle in Transport;0;No;3;Intersection-Related;3;T-Intersection;0;None;4;On Roadside;3;Dark - Lighted;1;Clear;0;No Additional Atmospheric Conditions;1;Clear;0;No;0;Not Applicable;1;1:00am-1:59am;51;51;2;2:00am-2:59am;1;1;2;2:00am-2:59am;15;15;0;None;0;None;0;None;1;1
25;Massachusetts;250218;1;1;0;1;4;4;1;15;HAMPSHIRE (15);30;AMHERST;11;11;9;September;2019;4;Wednesday;11;11:00am-11:59am;12;12;1;This section IS ON the NHS;3;State Highway;SR-116;WEST ST;2;Urban;3;Principal Arterial - Other;3;Town or Township Highway Agency;99998;Not Reported;42.34696111;42.34696111;-72.5203;-72.5203;0;No Special Jurisdiction;8;Pedestrian;0;The First Harmful Event was Not a Collision with a Motor Vehicle in Transport;1;Yes;3;Intersection-Related;3;T-Intersection;0;None;1;On Roadway;1;Daylight;1;Clear;0;No Additional Atmospheric Conditions;1;Clear;1;Yes;0;Not Applicable;11;11:00am-11:59am;11;11;11;11:00am-11:59am;14;14;88;Not Applicable (Not Transported);88;Not Applicable (Not Transported);0;None;0;None;0;None;1;0
25;Massachusetts;250219;1;1;0;2;1;1;2;25;SUFFOLK (25);120;BOSTON;11;11;9;September;2019;4;Wednesday;20;8:00pm-8:59pm;47;47;1;This section IS ON the NHS;8;Other;SUMMER ST;MELCHER ST;2;Urban;3;Principal Arterial - Other;4;City or Municipal Highway Agency;99998;Not Reported;42.35064444;42.35064444;-71.05108056;-71.05108056;0;No Special Jurisdiction;8;Pedestrian;0;The First Harmful Event was Not a Collision with a Motor Vehicle in Transport;1;Yes;2;Intersection;3;T-Intersection;0;None;1;On Roadway;5;Dusk;1;Clear;0;No Additional Atmospheric Conditions;1;Clear;0;No;0;Not Applicable;20;8:00pm-8:59pm;52;52;20;8:00pm-8:59pm;55;55;21;9:00pm-9:59pm;6;6;0;None;0;None;0;None;1;0
25;Massachusetts;250234;1;1;0;1;2;2;1;27;WORCESTER (27);1520;WORCESTER;3;3;9;September;2019;3;Tuesday;19;7:00pm-7:59pm;58;58;0;This section IS NOT on the NHS;3;State Highway;SR-70 LINCOLN ST;CATHARINE ST;2;Urban;4;Minor Arterial;4;City or Municipal Highway Agency;99998;Not Reported;42.27625278;42.27625278;-71.79551111;-71.79551111;0;No Special Jurisdiction;8;Pedestrian;0;The First Harmful Event was Not a Collision with a Motor Vehicle in Transport;1;Yes;3;Intersection-Related;3;T-Intersection;0;None;1;On Roadway;3;Dark - Lighted;1;Clear;0;No Additional Atmospheric Conditions;1;Clear;0;No;0;Not Applicable;19;7:00pm-7:59pm;58;58;20;8:00pm-8:59pm;3;3;20;8:00pm-8:59pm;18;18;0;None;0;None;0;None;1;0
25;Massachusetts;250236;1;1;0;0;1;1;0;5;BRISTOL (5);1280;TOWN OF DIGHTON;22;22;9;September;2019;1;Sunday;22;10:00pm-10:59pm;47;47;0;This section IS NOT on the NHS;8;Other;ARLINGTON ST;DEAN ST;2;Urban;5;Major Collector;4;City or Municipal Highway Agency;99998;Not Reported;41.90389722;41.90389722;-71.08133056;-71.08133056;0;No Special Jurisdiction;24;Guardrail Face;0;The First Harmful Event was Not a Collision with a Motor Vehicle in Transport;1;Yes;3;Intersection-Related;3;T-Intersection;0;None;4;On Roadside;3;Dark - Lighted;1;Clear;0;No Additional Atmospheric Conditions;1;Clear;0;No;0;Not Applicable;22;10:00pm-10:59pm;48;48;22;10:00pm-10:59pm;52;52;88;Not Applicable (Not Transported);88;Not Applicable (Not Transported);0;None;0;None;0;None;1;1
25;Massachusetts;250253;1;1;0;0;1;1;0;27;WORCESTER (27);533;HUBBARDSTON STATION;9;9;10;October;2019;4;Wednesday;14;2:00pm-2:59pm;0;0;0;This section IS NOT on the NHS;3;State Highway;SR-62 EB OLD BOSTON TPKE;UPPER INTERVALE RD;1;Rural;5;Major Collector;3;Town or Township Highway Agency;99998;Not Reported;42.44750833;42.44750833;-71.96948889;-71.96948889;0;No Special Jurisdiction;42;Tree (Standing Only);0;The First Harmful Event was Not a Collision with a Motor Vehicle in Transport;0;No;3;Intersection-Related;3;T-Intersection;0;None;5;Outside Trafficway;1;Daylight;2;Rain;0;No Additional Atmospheric Conditions;2;Rain;0;No;0;Not Applicable;13;1:00pm-1:59pm;53;53;14;2:00pm-2:59pm;0;0;14;2:00pm-2:59pm;29;29;0;None;0;None;0;None;1;1
25;Massachusetts;250257;1;1;0;0;1;1;0;5;BRISTOL (5);7;ACUSHNET;12;12;10;October;2019;7;Saturday;16;4:00pm-4:59pm;39;39;0;This section IS NOT on the NHS;8;Other;WING LN;MICHAEL WAY;2;Urban;7;Local;3;Town or Township Highway Agency;99998;Not Reported;41.68175;41.68175;-70.89676944;-70.89676944;0;No Special Jurisdiction;59;Traffic Sign Support;0;The First Harmful Event was Not a Collision with a Motor Vehicle in Transport;0;No;3;Intersection-Related;3;T-Intersection;0;None;5;Outside Trafficway;1;Daylight;10;Cloudy;0;No Additional Atmospheric Conditions;10;Cloudy;0;No;0;Not Applicable;16;4:00pm-4:59pm;40;40;16;4:00pm-4:59pm;44;44;17;5:00pm-5:59pm;11;11;0;None;0;None;0;None;1;1
25;Massachusetts;250260;1;1;0;1;2;2;1;5;BRISTOL (5);315;FAIRHAVEN;20;20;10;October;2019;1;Sunday;22;10:00pm-10:59pm;57;57;0;This section IS NOT on the NHS;8;Other;MAIN ST;NEWBURY AVE;2;Urban;4;Minor Arterial;3;Town or Township Highway Agency;99998;Not Reported;41.66071667;41.66071667;-70.9085;-70.9085;0;No Special Jurisdiction;8;Pedestrian;0;The First Harmful Event was Not a Collision with a Motor Vehicle in Transport;0;No;3;Intersection-Related;3;T-Intersection;0;None;1;On Roadway;3;Dark - Lighted;10;Cloudy;2;Rain;2;Rain;0;No;0;Not Applicable;22;10:00pm-10:59pm;59;59;23;11:00pm-11:59pm;1;1;23;11:00pm-11:59pm;18;18;0;None;0;None;0;None;1;0
25;Massachusetts;250270;1;1;0;1;1;1;1;9;ESSEX (9);550;IPSWICH;5;5;11;November;2019;3;Tuesday;18;6:00pm-6:59pm;5;5;0;This section IS NOT on the NHS;8;Other;TOPSFIELD RD;CONGRESS ST;2;Urban;4;Minor Arterial;3;Town or Township Highway Agency;99998;Not Reported;42.67579722;42.67579722;-70.84283056;-70.84283056;0;No Special Jurisdiction;9;Pedalcyclist;0;The First Harmful Event was Not a Collision with a Motor Vehicle in Transport;1;Yes;3;Intersection-Related;3;T-Intersection;0;None;1;On Roadway;3;Dark - Lighted;2;Rain;10;Cloudy;2;Rain;0;No;0;Not Applicable;18;6:00pm-6:59pm;6;6;18;6:00pm-6:59pm;8;8;99;Unknown;99;Unknown EMS Hospital Arrival Time;0;None;0;None;0;None;1;0
25;Massachusetts;250271;2;2;0;0;2;2;0;1;BARNSTABLE (1);330;FALMOUTH;6;6;11;November;2019;4;Wednesday;14;2:00pm-2:59pm;44;44;1;This section IS ON the NHS;8;Other;SANDWICH RD;JOHN PARKER RD;2;Urban;3;Principal Arterial - Other;3;Town or Township Highway Agency;99998;Not Reported;41.59726111;41.59726111;-70.57315;-70.57315;0;No Special Jurisdiction;12;Motor Vehicle In-Transport;6;Angle;0;No;2;Intersection;3;T-Intersection;0;None;1;On Roadway;1;Daylight;1;Clear;0;No Additional Atmospheric Conditions;1;Clear;0;No;0;Not Applicable;14;2:00pm-2:59pm;44;44;14;2:00pm-2:59pm;50;50;15;3:00pm-3:59pm;13;13;0;None;0;None;0;None;1;0
25;Massachusetts;250318;1;1;0;1;1;1;1;5;BRISTOL (5);1280;TOWN OF DIGHTON;6;6;11;November;2019;4;Wednesday;17;5:00pm-5:59pm;30;30;0;This section IS NOT on the NHS;8;Other;MIDDLEBORO AVE;CENTER ST;2;Urban;5;Major Collector;4;City or Municipal Highway Agency;99998;Not Reported;41.88091111;41.88091111;-71.03638056;-71.03638056;0;No Special Jurisdiction;8;Pedestrian;0;The First Harmful Event was Not a Collision with a Motor Vehicle in Transport;1;Yes;3;Intersection-Related;3;T-Intersection;0;None;1;On Roadway;3;Dark - Lighted;1;Clear;0;No Additional Atmospheric Conditions;1;Clear;0;No;0;Not Applicable;17;5:00pm-5:59pm;30;30;17;5:00pm-5:59pm;36;36;18;6:00pm-6:59pm;1;1;0;None;0;None;0;None;1;0
25;Massachusetts;250325;1;1;0;0;1;1;0;27;WORCESTER (27);1172;SHREWSBURY;7;7;12;December;2019;7;Saturday;4;4:00am-4:59am;24;24;0;This section IS NOT on the NHS;8;Other;LAKEWOOD DRIVE;EDGEWATER;2;Urban;5;Major Collector;3;Town or Township Highway Agency;99998;Not Reported;42.26953611;42.26953611;-71.74743889;-71.74743889;0;No Special Jurisdiction;33;Curb;0;The First Harmful Event was Not a Collision with a Motor Vehicle in Transport;1;Yes;3;Intersection-Related;3;T-Intersection;0;None;4;On Roadside;3;Dark - Lighted;1;Clear;0;No Additional Atmospheric Conditions;1;Clear;0;No;0;Not Applicable;4;4:00am-4:59am;28;28;4;4:00am-4:59am;31;31;99;Unknown;99;Unknown EMS Hospital Arrival Time;0;None;0;None;0;None;1;1
25;Massachusetts;250331;2;2;0;0;2;2;0;27;WORCESTER (27);585;LEICESTER;26;26;11;November;2019;3;Tuesday;14;2:00pm-2:59pm;58;58;1;This section IS ON the NHS;3;State Highway;SR-9 MAIN ST;BURNCOAT ST;2;Urban;3;Principal Arterial - Other;1;State Highway Agency;99998;Not Reported;42.24512222;42.24512222;-71.93111111;-71.93111111;0;No Special Jurisdiction;12;Motor Vehicle In-Transport;1;Front-to-Rear;0;No;3;Intersection-Related;3;T-Intersection;0;None;1;On Roadway;1;Daylight;1;Clear;0;No Additional Atmospheric Conditions;1;Clear;0;No;0;Not Applicable;14;2:00pm-2:59pm;59;59;15;3:00pm-3:59pm;2;2;15;3:00pm-3:59pm;38;38;0;None;0;None;0;None;1;0
25;Massachusetts;250334;3;3;0;0;3;3;0;3;BERKSHIRE (3);203;CHESHIRE;20;20;10;October;2019;1;Sunday;7;7:00am-7:59am;11;11;1;This section IS ON the NHS;3;State Highway;SR-8;FARNUMS RD;2;Urban;3;Principal Arterial - Other;1;State Highway Agency;99998;Not Reported;42.53751667;42.53751667;-73.18156111;-73.18156111;0;No Special Jurisdiction;12;Motor Vehicle In-Transport;2;Front-to-Front;0;No;2;Intersection;3;T-Intersection;0;None;1;On Roadway;1;Daylight;1;Clear;0;No Additional Atmospheric Conditions;1;Clear;0;No;0;Not Applicable;7;7:00am-7:59am;9;9;7;7:00am-7:59am;19;19;99;Unknown;99;Unknown EMS Hospital Arrival Time;0;None;0;None;0;None;1;0
26;Michigan;260040;2;2;0;0;2;2;0;115;MONROE (115);0;NOT APPLICABLE;14;14;1;January;2019;2;Monday;6;6:00am-6:59am;35;35;0;This section IS NOT on the NHS;3;State Highway;SR-50 CUSTER RD;HERR RD;2;Urban;4;Minor Arterial;1;State Highway Agency;177;177;41.92281944;41.92281944;-83.43759167;-83.43759167;0;No Special Jurisdiction;12;Motor Vehicle In-Transport;1;Front-to-Rear;0;No;3;Intersection-Related;3;T-Intersection;0;None;1;On Roadway;2;Dark - Not Lighted;1;Clear;0;No Additional Atmospheric Conditions;1;Clear;0;No;0;Not Applicable;99;Unknown;99;Unknown;99;Unknown EMS Scene Arrival Hour;99;Unknown EMS Scene Arrival Minutes;99;Unknown;99;Unknown EMS Hospital Arrival Time;0;None;0;None;0;None;1;0
26;Michigan;260043;1;1;0;1;1;1;1;163;WAYNE (163);4295;ROMULUS;29;29;1;January;2019;3;Tuesday;18;6:00pm-6:59pm;57;57;0;This section IS NOT on the NHS;6;Local Street - Municipality;ECORSE RD;TAFT ST;2;Urban;4;Minor Arterial;4;City or Municipal Highway Agency;73;73;42.25298889;42.25298889;-83.34175;-83.34175;0;No Special Jurisdiction;8;Pedestrian;0;The First Harmful Event was Not a Collision with a Motor Vehicle in Transport;0;No;3;Intersection-Related;3;T-Intersection;0;None;1;On Roadway;2;Dark - Not Lighted;1;Clear;0;No Additional Atmospheric Conditions;1;Clear;0;No;0;Not Applicable;18;6:00pm-6:59pm;59;59;19;7:00pm-7:59pm;9;9;88;Not Applicable (Not Transported);88;Not Applicable (Not Transported);0;None;0;None;0;None;1;0
26;Michigan;260047;3;3;0;0;5;5;0;25;CALHOUN (25);0;NOT APPLICABLE;30;30;1;January;2019;4;Wednesday;16;4:00pm-4:59pm;0;0;1;This section IS ON the NHS;3;State Highway;SR-96 E COLUMBIA AVE;E GREENVILLE ST;2;Urban;3;Principal Arterial - Other;1;State Highway Agency;60;60;42.3017;42.3017;-85.16386111;-85.16386111;0;No Special Jurisdiction;12;Motor Vehicle In-Transport;6;Angle;0;No;3;Intersection-Related;3;T-Intersection;0;None;1;On Roadway;1;Daylight;1;Clear;0;No Additional Atmospheric Conditions;1;Clear;0;No;0;Not Applicable;16;4:00pm-4:59pm;0;0;16;4:00pm-4:59pm;5;5;99;Unknown;99;Unknown EMS Hospital Arrival Time;99;Reported as Unknown;99;Reported as Unknown;99;Reported as Unknown;2;1
26;Michigan;260054;2;2;0;0;5;5;0;125;OAKLAND (125);0;NOT APPLICABLE;26;26;1;January;2019;7;Saturday;13;1:00pm-1:59pm;35;35;1;This section IS ON the NHS;2;U.S. Highway;US-24 DIXIE HWY;SILVER LAKE RD;2;Urban;3;Principal Arterial - Other;1;State Highway Agency;81;81;42.67125556;42.67125556;-83.33693333;-83.33693333;0;No Special Jurisdiction;12;Motor Vehicle In-Transport;6;Angle;0;No;2;Intersection;3;T-Intersection;0;None;1;On Roadway;1;Daylight;1;Clear;0;No Additional Atmospheric Conditions;1;Clear;0;No;0;Not Applicable;13;1:00pm-1:59pm;36;36;13;1:00pm-1:59pm;41;41;99;Unknown;99;Unknown EMS Hospital Arrival Time;0;None;0;None;0;None;1;0
26;Michigan;260076;2;2;0;0;3;3;0;111;MIDLAND (111);0;NOT APPLICABLE;17;17;2;February;2019;1;Sunday;15;3:00pm-3:59pm;17;17;0;This section IS NOT on the NHS;4;County Road;CR-GORDONVILLE RD;N RIVER RD;2;Urban;4;Minor Arterial;2;County Highway Agency;75;75;43.56894722;43.56894722;-84.19819167;-84.19819167;0;No Special Jurisdiction;12;Motor Vehicle In-Transport;6;Angle;0;No;2;Intersection;3;T-Intersection;0;None;1;On Roadway;1;Daylight;10;Cloudy;0;No Additional Atmospheric Conditions;10;Cloudy;0;No;0;Not Applicable;15;3:00pm-3:59pm;21;21;15;3:00pm-3:59pm;31;31;99;Unknown;99;Unknown EMS Hospital Arrival Time;22;Speed Limit is a Statutory Limit as Recorded or was determined as this state`s `basic rule`;0;None;0;None;1;0
26;Michigan;260079;2;2;0;0;2;2;0;103;MARQUETTE (103);3050;MARQUETTE;13;13;2;February;2019;4;Wednesday;16;4:00pm-4:59pm;19;19;0;This section IS NOT on the NHS;3;State Highway;SR-553;HARBOR HILLS DR;2;Urban;4;Minor Arterial;1;State Highway Agency;16;16;46.53843333;46.53843333;-87.41734167;-87.41734167;0;No Special Jurisdiction;12;Motor Vehicle In-Transport;6;Angle;0;No;3;Intersection-Related;3;T-Intersection;0;None;1;On Roadway;1;Daylight;1;Clear;0;No Additional Atmospheric Conditions;1;Clear;0;No;0;Not Applicable;99;Unknown;99;Unknown;99;Unknown EMS Scene Arrival Hour;99;Unknown EMS Scene Arrival Minutes;99;Unknown;99;Unknown EMS Hospital Arrival Time;0;None;0;None;0;None;1;0
26;Michigan;260083;2;2;0;0;2;2;0;163;WAYNE (163);1260;DETROIT;23;23;2;February;2019;7;Saturday;10;10:00am-10:59am;25;25;0;This section IS NOT on the NHS;6;Local Street - Municipality;E LAFAYETTE;BEAUFAIT;2;Urban;4;Minor Arterial;4;City or Municipal Highway Agency;2;2;42.34798611;42.34798611;-83.00959722;-83.00959722;0;No Special Jurisdiction;12;Motor Vehicle In-Transport;6;Angle;0;No;2;Intersection;3;T-Intersection;0;None;1;On Roadway;1;Daylight;1;Clear;0;No Additional Atmospheric Conditions;1;Clear;0;No;0;Not Applicable;99;Unknown;99;Unknown;99;Unknown EMS Scene Arrival Hour;99;Unknown EMS Scene Arrival Minutes;99;Unknown;99;Unknown EMS Hospital Arrival Time;99;Reported as Unknown;99;Reported as Unknown;99;Reported as Unknown;1;2
26;Michigan;260084;1;1;0;1;1;1;1;49;GENESEE (49);1730;FLINT;22;22;2;February;2019;6;Friday;18;6:00pm-6:59pm;49;49;0;This section IS NOT on the NHS;6;Local Street - Municipality;W 12TH ST;BROOKS ST;2;Urban;4;Minor Arterial;4;City or Municipal Highway Agency;12;12;42.99995833;42.99995833;-83.69516667;-83.69516667;0;No Special Jurisdiction;8;Pedestrian;0;The First Harmful Event was Not a Collision with a Motor Vehicle in Transport;0;No;3;Intersection-Related;3;T-Intersection;0;None;1;On Roadway;3;Dark - Lighted;1;Clear;0;No Additional Atmospheric Conditions;1;Clear;0;No;0;Not Applicable;99;Unknown;99;Unknown;99;Unknown EMS Scene Arrival Hour;99;Unknown EMS Scene Arrival Minutes;99;Unknown;99;Unknown EMS Hospital Arrival Time;99;Reported as Unknown;99;Reported as Unknown;99;Reported as Unknown;1;0
26;Michigan;260113;2;2;0;0;4;4;0;125;OAKLAND (125);3632;OAKLAND;7;7;2;February;2019;5;Thursday;16;4:00pm-4:59pm;6;6;0;This section IS NOT on the NHS;4;County Road;CR-ROCHESTER RD;COACH LAMP RD;2;Urban;4;Minor Arterial;2;County Highway Agency;155;155;42.71996944;42.71996944;-83.13466389;-83.13466389;0;No Special Jurisdiction;12;Motor Vehicle In-Transport;6;Angle;0;No;2;Intersection;3;T-Intersection;0;None;1;On Roadway;1;Daylight;5;Fog, Smog, Smoke;0;No Additional Atmospheric Conditions;5;Fog, Smog, Smoke;0;No;0;Not Applicable;16;4:00pm-4:59pm;9;9;16;4:00pm-4:59pm;14;14;99;Unknown;99;Unknown EMS Hospital Arrival Time;0;None;0;None;0;None;1;0
26;Michigan;260129;1;1;0;1;1;1;1;163;WAYNE (163);1260;DETROIT;13;13;3;March;2019;4;Wednesday;19;7:00pm-7:59pm;28;28;1;This section IS ON the NHS;6;Local Street - Municipality;W MCNICHOLS RD;OAK DR;2;Urban;3;Principal Arterial - Other;4;City or Municipal Highway Agency;211;211;42.41718611;42.41718611;-83.13835278;-83.13835278;0;No Special Jurisdiction;8;Pedestrian;0;The First Harmful Event was Not a Collision with a Motor Vehicle in Transport;0;No;3;Intersection-Related;3;T-Intersection;0;None;1;On Roadway;1;Daylight;1;Clear;0;No Additional Atmospheric Conditions;1;Clear;0;No;0;Not Applicable;99;Unknown;99;Unknown;99;Unknown EMS Scene Arrival Hour;99;Unknown EMS Scene Arrival Minutes;88;Not Applicable (Not Transported);88;Not Applicable (Not Transported);0;None;0;None;0;None;1;0
26;Michigan;260131;2;2;0;0;3;3;0;21;BERRIEN (21);448;BERTRAND;15;15;3;March;2019;6;Friday;13;1:00pm-1:59pm;5;5;1;This section IS ON the NHS;2;U.S. Highway;US-12 E PULASKI HWY;RAMP 080A;2;Urban;3;Principal Arterial - Other;1;State Highway Agency;213;213;41.80508611;41.80508611;-86.31375278;-86.31375278;0;No Special Jurisdiction;12;Motor Vehicle In-Transport;6;Angle;1;Yes;2;Intersection;3;T-Intersection;0;None;1;On Roadway;1;Daylight;2;Rain;0;No Additional Atmospheric Conditions;2;Rain;0;No;0;Not Applicable;15;3:00pm-3:59pm;7;7;15;3:00pm-3:59pm;18;18;99;Unknown;99;Unknown EMS Hospital Arrival Time;0;None;0;None;0;None;1;0
26;Michigan;260132;2;2;0;0;2;2;0;49;GENESEE (49);1931;GENESEE;15;15;3;March;2019;6;Friday;18;6:00pm-6:59pm;20;20;0;This section IS NOT on the NHS;4;County Road;CR-N GENESEE RD;ESTA DR;2;Urban;4;Minor Arterial;2;County Highway Agency;81;81;43.0626;43.0626;-83.61636389;-83.61636389;0;No Special Jurisdiction;12;Motor Vehicle In-Transport;6;Angle;0;No;2;Intersection;3;T-Intersection;0;None;1;On Roadway;1;Daylight;2;Rain;0;No Additional Atmospheric Conditions;2;Rain;0;No;0;Not Applicable;18;6:00pm-6:59pm;23;23;18;6:00pm-6:59pm;30;30;88;Not Applicable (Not Transported);88;Not Applicable (Not Transported);0;None;0;None;0;None;1;0
26;Michigan;260147;2;2;0;1;2;2;1;163;WAYNE (163);1260;DETROIT;14;14;3;March;2019;5;Thursday;14;2:00pm-2:59pm;40;40;1;This section IS ON the NHS;6;Local Street - Municipality;LIVERNOIS AVE;BUCHANAN ST;2;Urban;3;Principal Arterial - Other;4;City or Municipal Highway Agency;25;25;42.33241667;42.33241667;-83.12125;-83.12125;0;No Special Jurisdiction;12;Motor Vehicle In-Transport;1;Front-to-Rear;0;No;3;Intersection-Related;3;T-Intersection;0;None;1;On Roadway;1;Daylight;2;Rain;0;No Additional Atmospheric Conditions;2;Rain;0;No;0;Not Applicable;99;Unknown;99;Unknown;99;Unknown EMS Scene Arrival Hour;99;Unknown EMS Scene Arrival Minutes;99;Unknown;99;Unknown EMS Hospital Arrival Time;0;None;0;None;0;None;1;0
26;Michigan;260164;2;2;0;0;4;4;0;125;OAKLAND (125);3800;OXFORD;23;23;3;March;2019;7;Saturday;9;9:00am-9:59am;11;11;0;This section IS NOT on the NHS;4;County Road;CR-SEMOURE LAKE RD;DUNLAP RD;2;Urban;4;Minor Arterial;2;County Highway Agency;18;18;42.82384444;42.82384444;-83.29759167;-83.29759167;0;No Special Jurisdiction;12;Motor Vehicle In-Transport;2;Front-to-Front;0;No;3;Intersection-Related;3;T-Intersection;0;None;1;On Roadway;1;Daylight;1;Clear;0;No Additional Atmospheric Conditions;1;Clear;0;No;0;Not Applicable;9;9:00am-9:59am;14;14;9;9:00am-9:59am;14;14;88;Not Applicable (Not Transported);88;Not Applicable (Not Transported);0;None;0;None;0;None;1;0
26;Michigan;260177;1;1;0;0;1;1;0;81;KENT (81);2020;GRANDVILLE;5;5;4;April;2019;6;Friday;19;7:00pm-7:59pm;41;41;1;This section IS ON the NHS;6;Local Street - Municipality;RIVERTOWN TKWY SW;44TH ST SW;2;Urban;3;Principal Arterial - Other;4;City or Municipal Highway Agency;0;None;42.88426667;42.88426667;-85.77183333;-85.77183333;0;No Special Jurisdiction;1;Rollover/Overturn;0;The First Harmful Event was Not a Collision with a Motor Vehicle in Transport;0;No;3;Intersection-Related;3;T-Intersection;0;None;1;On Roadway;1;Daylight;1;Clear;0;No Additional Atmospheric Conditions;1;Clear;0;No;0;Not Applicable;19;7:00pm-7:59pm;42;42;19;7:00pm-7:59pm;46;46;99;Unknown;99;Unknown EMS Hospital Arrival Time;0;None;0;None;0;None;1;1