STATE;STATENAME;ST_CASE;VE_TOTAL;VE_FORMS;PVH_INVL;PEDS;PERSONS;PERMVIT;PERNOTMVIT;COUNTY;COUNTYNAME;CITY;CITYNAME;DAY;DAYNAME;MONTH;MONTHNAME;YEAR;DAY_WEEK;DAY_WEEKNAME;HOUR;HOURNAME;MINUTE;MINUTENAME;NHS;NHSNAME;ROUTE;ROUTENAME;TWAY_ID;TWAY_ID2;RUR_URB;RUR_URBNAME;FUNC_SYS;FUNC_SYSNAME;RD_OWNER;RD_OWNERNAME;MILEPT;MILEPTNAME;LATITUDE;LATITUDENAME;LONGITUD;LONGITUDNAME;SP_JUR;SP_JURNAME;HARM_EV;HARM_EVNAME;MAN_COLL;MAN_COLLNAME;RELJCT1;RELJCT1NAME;RELJCT2;RELJCT2NAME;TYP_INT;TYP_INTNAME;WRK_ZONE;WRK_ZONENAME;REL_ROAD;REL_ROADNAME;LGT_COND;LGT_CONDNAME;WEATHER1;WEATHER1NAME;WEATHER2;WEATHER2NAME;WEATHER;WEATHERNAME;SCH_BUS;SCH_BUSNAME;RAIL;RAILNAME;NOT_HOUR;NOT_HOURNAME;NOT_MIN;NOT_MINNAME;ARR_HOUR;ARR_HOURNAME;ARR_MIN;ARR_MINNAME;HOSP_HR;HOSP_HRNAME;HOSP_MN;HOSP_MNNAME;CF1;CF1NAME;CF2;CF2NAME;CF3;CF3NAME;FATALS;DRUNK_DR
26;Michigan;260188;1;1;0;1;1;1;1;81;KENT (81);0;NOT APPLICABLE;19;19;4;April;2019;6;Friday;3;3:00am-3:59am;3;3;1;This section IS ON the NHS;4;County Road;CR-WEST-RIVER DR;US-131;2;Urban;3;Principal Arterial - Other;2;County Highway Agency;23;23;43.03954167;43.03954167;-85.6625;-85.6625;0;No Special Jurisdiction;8;Pedestrian;0;The First Harmful Event was Not a Collision with a Motor Vehicle in Transport;0;No;3;Intersection-Related;3;T-Intersection;0;None;1;On Roadway;2;Dark - Not Lighted;1;Clear;0;No Additional Atmospheric Conditions;1;Clear;0;No;0;Not Applicable;3;3:00am-3:59am;19;19;3;3:00am-3:59am;19;19;88;Not Applicable (Not Transported);88;Not Applicable (Not Transported);0;None;0;None;0;None;1;0
26;Michigan;260222;1;1;0;0;3;3;0;91;LENAWEE (91);0;NOT APPLICABLE;15;15;4;April;2019;2;Monday;23;11:00pm-11:59pm;53;53;0;This section IS NOT on the NHS;4;County Road;CR-SEBRING RD;E MULBERRY RD;1;Rural;7;Local;2;County Highway Agency;0;None;41.74320833;41.74320833;-83.94870556;-83.94870556;0;No Special Jurisdiction;34;Ditch;0;The First Harmful Event was Not a Collision with a Motor Vehicle in Transport;0;No;3;Intersection-Related;3;T-Intersection;0;None;4;On Roadside;2;Dark - Not Lighted;1;Clear;0;No Additional Atmospheric Conditions;1;Clear;0;No;0;Not Applicable;23;11:00pm-11:59pm;50;50;0;0:00am-0:59am;9;9;88;Not Applicable (Not Transported);88;Not Applicable (Not Transported);0;None;0;None;0;None;1;1
26;Michigan;260225;1;1;0;1;1;1;1;125;OAKLAND (125);4020;PONTIAC;26;26;4;April;2019;6;Friday;21;9:00pm-9:59pm;56;56;1;This section IS ON the NHS;2;U.S. Highway;US-24 TELEGRAPH RD;JAMES K BLVD;2;Urban;3;Principal Arterial - Other;1;State Highway Agency;31;31;42.62446944;42.62446944;-83.32517222;-83.32517222;0;No Special Jurisdiction;8;Pedestrian;0;The First Harmful Event was Not a Collision with a Motor Vehicle in Transport;0;No;3;Intersection-Related;3;T-Intersection;0;None;1;On Roadway;3;Dark - Lighted;1;Clear;0;No Additional Atmospheric Conditions;1;Clear;0;No;0;Not Applicable;21;9:00pm-9:59pm;58;58;22;10:00pm-10:59pm;2;2;88;Not Applicable (Not Transported);88;Not Applicable (Not Transported);0;None;0;None;0;None;1;0
26;Michigan;260232;1;1;0;1;1;1;1;145;SAGINAW (145);0;NOT APPLICABLE;3;3;5;May;2019;6;Friday;16;4:00pm-4:59pm;2;2;0;This section IS NOT on the NHS;4;County Road;CR-S RIVER RD;GINGER LN;2;Urban;5;Major Collector;2;County Highway Agency;37;37;43.41296111;43.41296111;-84.05207222;-84.05207222;0;No Special Jurisdiction;8;Pedestrian;0;The First Harmful Event was Not a Collision with a Motor Vehicle in Transport;0;No;3;Intersection-Related;3;T-Intersection;0;None;1;On Roadway;1;Daylight;1;Clear;0;No Additional Atmospheric Conditions;1;Clear;0;No;0;Not Applicable;16;4:00pm-4:59pm;4;4;16;4:00pm-4:59pm;9;9;88;Not Applicable (Not Transported);88;Not Applicable (Not Transported);0;None;0;None;0;None;1;0
26;Michigan;260264;1;1;0;1;1;1;1;163;WAYNE (163);4815;TAYLOR;29;29;3;March;2019;6;Friday;0;0:00am-0:59am;9;9;1;This section IS ON the NHS;6;Local Street - Municipality;EUREKA RD;TELEGRAPH RD;2;Urban;3;Principal Arterial - Other;4;City or Municipal Highway Agency;70;70;42.19755;42.19755;-83.26876389;-83.26876389;0;No Special Jurisdiction;9;Pedalcyclist;0;The First Harmful Event was Not a Collision with a Motor Vehicle in Transport;0;No;2;Intersection;3;T-Intersection;0;None;1;On Roadway;3;Dark - Lighted;2;Rain;0;No Additional Atmospheric Conditions;2;Rain;0;No;0;Not Applicable;99;Unknown;99;Unknown;99;Unknown EMS Scene Arrival Hour;99;Unknown EMS Scene Arrival Minutes;99;Unknown;99;Unknown EMS Hospital Arrival Time;0;None;0;None;0;None;1;0
26;Michigan;260284;1;1;0;0;1;1;0;25;CALHOUN (25);0;NOT APPLICABLE;22;22;5;May;2019;4;Wednesday;4;4:00am-4:59am;52;52;0;This section IS NOT on the NHS;4;County Road;CR-COUNTY LINE RD;22 MILE RD;1;Rural;6;Minor Collector;2;County Highway Agency;0;None;42.07246389;42.07246389;-84.86540278;-84.86540278;0;No Special Jurisdiction;42;Tree (Standing Only);0;The First Harmful Event was Not a Collision with a Motor Vehicle in Transport;0;No;3;Intersection-Related;3;T-Intersection;0;None;4;On Roadside;3;Dark - Lighted;10;Cloudy;0;No Additional Atmospheric Conditions;10;Cloudy;0;No;0;Not Applicable;5;5:00am-5:59am;30;30;5;5:00am-5:59am;50;50;88;Not Applicable (Not Transported);88;Not Applicable (Not Transported);99;Reported as Unknown;99;Reported as Unknown;99;Reported as Unknown;1;1
26;Michigan;260300;2;2;0;0;2;2;0;25;CALHOUN (25);310;BATTLE CREEK;28;28;5;May;2019;3;Tuesday;21;9:00pm-9:59pm;37;37;1;This section IS ON the NHS;3;State Highway;SR-89 W MICHIGAN AVE;LENON ST;2;Urban;3;Principal Arterial - Other;1;State Highway Agency;50;50;42.33503333;42.33503333;-85.21369444;-85.21369444;0;No Special Jurisdiction;12;Motor Vehicle In-Transport;6;Angle;0;No;3;Intersection-Related;3;T-Intersection;0;None;1;On Roadway;3;Dark - Lighted;10;Cloudy;0;No Additional Atmospheric Conditions;10;Cloudy;0;No;0;Not Applicable;99;Unknown;99;Unknown;99;Unknown EMS Scene Arrival Hour;99;Unknown EMS Scene Arrival Minutes;99;Unknown;99;Unknown EMS Hospital Arrival Time;0;None;0;None;0;None;1;0
26;Michigan;260321;1;1;0;1;1;1;1;81;KENT (81);785;CASCADE;13;13;6;June;2019;5;Thursday;18;6:00pm-6:59pm;10;10;0;This section IS NOT on the NHS;4;County Road;CR-LARAWAY LAKE DR SE;CASCADE RD SE;2;Urban;7;Local;2;County Highway Agency;0;None;42.92539444;42.92539444;-85.51061944;-85.51061944;0;No Special Jurisdiction;9;Pedalcyclist;0;The First Harmful Event was Not a Collision with a Motor Vehicle in Transport;0;No;3;Intersection-Related;3;T-Intersection;0;None;1;On Roadway;1;Daylight;1;Clear;0;No Additional Atmospheric Conditions;1;Clear;0;No;0;Not Applicable;18;6:00pm-6:59pm;11;11;18;6:00pm-6:59pm;21;21;88;Not Applicable (Not Transported);88;Not Applicable (Not Transported);0;None;0;None;0;None;1;0
26;Michigan;260324;1;1;0;0;1;1;0;147;ST. CLAIR (147);3020;MARINE CITY;4;4;3;March;2019;2;Monday;9;9:00am-9:59am;0;0;0;This section IS NOT on the NHS;6;Local Street - Municipality;S WATER ST;BRIDGE;2;Urban;7;Local;4;City or Municipal Highway Agency;0;None;42.71254444;42.71254444;-82.49441667;-82.49441667;0;No Special Jurisdiction;3;Immersion or Partial Immersion;0;The First Harmful Event was Not a Collision with a Motor Vehicle in Transport;0;No;3;Intersection-Related;3;T-Intersection;0;None;5;Outside Trafficway;9;Reported as Unknown;1;Clear;0;No Additional Atmospheric Conditions;1;Clear;0;No;0;Not Applicable;99;Unknown;99;Unknown;99;Unknown EMS Scene Arrival Hour;99;Unknown EMS Scene Arrival Minutes;88;Not Applicable (Not Transported);88;Not Applicable (Not Transported);0;None;0;None;0;None;1;0
26;Michigan;260325;2;2;0;0;3;3;0;49;GENESEE (49);1730;FLINT;31;31;5;May;2019;6;Friday;15;3:00pm-3:59pm;33;33;1;This section IS ON the NHS;3;State Highway;SR-54 N DORT HWY;DELAWARE AVE;2;Urban;3;Principal Arterial - Other;1;State Highway Agency;94;94;43.03965833;43.03965833;-83.65551667;-83.65551667;0;No Special Jurisdiction;12;Motor Vehicle In-Transport;6;Angle;0;No;2;Intersection;3;T-Intersection;0;None;1;On Roadway;1;Daylight;1;Clear;0;No Additional Atmospheric Conditions;1;Clear;0;No;0;Not Applicable;15;3:00pm-3:59pm;34;34;15;3:00pm-3:59pm;38;38;99;Unknown;99;Unknown EMS Hospital Arrival Time;0;None;0;None;0;None;1;0
26;Michigan;260327;1;1;0;0;2;2;0;125;OAKLAND (125);5166;W. BLOOMFIELD;8;8;5;May;2019;4;Wednesday;4;4:00am-4:59am;15;15;1;This section IS ON the NHS;3;State Highway;SR-10 NORTHWESTERN HWY;ORCHARD LAKE RD;2;Urban;3;Principal Arterial - Other;1;State Highway Agency;0;None;42.52965;42.52965;-83.36006667;-83.36006667;0;No Special Jurisdiction;59;Traffic Sign Support;0;The First Harmful Event was Not a Collision with a Motor Vehicle in Transport;0;No;3;Intersection-Related;3;T-Intersection;0;None;12;Pedestrian Refuge Island or Traffic Island;3;Dark - Lighted;10;Cloudy;0;No Additional Atmospheric Conditions;10;Cloudy;0;No;0;Not Applicable;99;Unknown;99;Unknown;99;Unknown EMS Scene Arrival Hour;99;Unknown EMS Scene Arrival Minutes;99;Unknown;99;Unknown EMS Hospital Arrival Time;20;Police Pursuit Involved;0;None;0;None;2;1
26;Michigan;260328;2;2;0;0;5;5;0;163;WAYNE (163);1260;DETROIT;23;23;5;May;2019;5;Thursday;23;11:00pm-11:59pm;36;36;0;This section IS NOT on the NHS;6;Local Street - Municipality;CHICAGO ST;FORRER ST;2;Urban;4;Minor Arterial;4;City or Municipal Highway Agency;24;24;42.36532222;42.36532222;-83.20046667;-83.20046667;0;No Special Jurisdiction;12;Motor Vehicle In-Transport;6;Angle;0;No;2;Intersection;3;T-Intersection;0;None;1;On Roadway;3;Dark - Lighted;1;Clear;0;No Additional Atmospheric Conditions;1;Clear;0;No;0;Not Applicable;99;Unknown;99;Unknown;99;Unknown EMS Scene Arrival Hour;99;Unknown EMS Scene Arrival Minutes;99;Unknown;99;Unknown EMS Hospital Arrival Time;0;None;0;None;0;None;1;2
26;Michigan;260334;1;1;0;0;1;1;0;19;BENZIE (19);0;NOT APPLICABLE;21;21;6;June;2019;6;Friday;6;6:00am-6:59am;29;29;0;This section IS NOT on the NHS;4;County Road;CR-ARNER RD;WALLAKER RD;1;Rural;7;Local;2;County Highway Agency;0;None;44.56613611;44.56613611;-86.07944722;-86.07944722;0;No Special Jurisdiction;42;Tree (Standing Only);0;The First Harmful Event was Not a Collision with a Motor Vehicle in Transport;0;No;3;Intersection-Related;3;T-Intersection;0;None;4;On Roadside;1;Daylight;1;Clear;0;No Additional Atmospheric Conditions;1;Clear;0;No;0;Not Applicable;6;6:00am-6:59am;28;28;6;6:00am-6:59am;49;49;88;Not Applicable (Not Transported);88;Not Applicable (Not Transported);22;Speed Limit is a Statutory Limit as Recorded or was determined as this state`s `basic rule`;0;None;0;None;1;1
26;Michigan;260336;2;2;0;0;5;5;0;47;EMMET (47);0;NOT APPLICABLE;23;23;6;June;2019;1;Sunday;11;11:00am-11:59am;1;1;0;This section IS NOT on the NHS;4;County Road;CR-E MITCHELL RD;E ALCAN DR;2;Urban;5;Major Collector;2;County Highway Agency;32;32;45.373775;45.373775;-84.89419444;-84.89419444;0;No Special Jurisdiction;12;Motor Vehicle In-Transport;6;Angle;0;No;2;Intersection;3;T-Intersection;0;None;1;On Roadway;1;Daylight;1;Clear;0;No Additional Atmospheric Conditions;1;Clear;0;No;0;Not Applicable;11;11:00am-11:59am;3;3;11;11:00am-11:59am;10;10;88;Not Applicable (Not Transported);88;Not Applicable (Not Transported);22;Speed Limit is a Statutory Limit as Recorded or was determined as this state`s `basic rule`;0;None;0;None;1;0
26;Michigan;260346;2;2;0;0;5;5;0;139;OTTAWA (139);0;NOT APPLICABLE;15;15;6;June;2019;7;Saturday;14;2:00pm-2:59pm;42;42;0;This section IS NOT on the NHS;4;County Road;CR-FERRIS ST;FOREST PARK DR;2;Urban;7;Local;2;County Highway Agency;24;24;43.00856389;43.00856389;-86.17099444;-86.17099444;0;No Special Jurisdiction;12;Motor Vehicle In-Transport;6;Angle;0;No;2;Intersection;3;T-Intersection;0;None;1;On Roadway;1;Daylight;1;Clear;0;No Additional Atmospheric Conditions;1;Clear;0;No;0;Not Applicable;14;2:00pm-2:59pm;43;43;15;3:00pm-3:59pm;13;13;99;Unknown;99;Unknown EMS Hospital Arrival Time;0;None;0;None;0;None;1;0
26;Michigan;260369;2;2;0;0;2;2;0;139;OTTAWA (139);0;NOT APPLICABLE;11;11;7;July;2019;5;Thursday;15;3:00pm-3:59pm;17;17;1;This section IS ON the NHS;2;U.S. Highway;US-31;COMSTOCK ST;2;Urban;3;Principal Arterial - Other;1;State Highway Agency;201;201;43.03716944;43.03716944;-86.22014444;-86.22014444;0;No Special Jurisdiction;12;Motor Vehicle In-Transport;6;Angle;0;No;2;Intersection;3;T-Intersection;0;None;1;On Roadway;1;Daylight;1;Clear;0;No Additional Atmospheric Conditions;1;Clear;0;No;0;Not Applicable;15;3:00pm-3:59pm;18;18;15;3:00pm-3:59pm;20;20;88;Not Applicable (Not Transported);88;Not Applicable (Not Transported);0;None;0;None;0;None;1;1
26;Michigan;260375;1;1;0;0;1;1;0;15;BARRY (15);0;NOT APPLICABLE;7;7;7;July;2019;1;Sunday;0;0:00am-0:59am;53;53;0;This section IS NOT on the NHS;3;State Highway;SR-79;SR-37;1;Rural;4;Minor Arterial;1;State Highway Agency;0;None;42.61146667;42.61146667;-85.27068056;-85.27068056;0;No Special Jurisdiction;34;Ditch;0;The First Harmful Event was Not a Collision with a Motor Vehicle in Transport;0;No;3;Intersection-Related;3;T-Intersection;0;None;4;On Roadside;2;Dark - Not Lighted;1;Clear;0;No Additional Atmospheric Conditions;1;Clear;0;No;0;Not Applicable;0;0:00am-0:59am;56;56;1;1:00am-1:59am;2;2;88;Not Applicable (Not Transported);88;Not Applicable (Not Transported);0;None;0;None;0;None;1;0
26;Michigan;260405;1;1;0;0;3;3;0;163;WAYNE (163);1260;DETROIT;20;20;7;July;2019;7;Saturday;3;3:00am-3:59am;5;5;0;This section IS NOT on the NHS;6;Local Street - Municipality;CAPITOL ST;LITLEFIELD ST;2;Urban;7;Local;4;City or Municipal Highway Agency;13;13;42.37739167;42.37739167;-83.17566667;-83.17566667;0;No Special Jurisdiction;1;Rollover/Overturn;0;The First Harmful Event was Not a Collision with a Motor Vehicle in Transport;0;No;3;Intersection-Related;3;T-Intersection;0;None;4;On Roadside;3;Dark - Lighted;1;Clear;0;No Additional Atmospheric Conditions;1;Clear;0;No;0;Not Applicable;99;Unknown;99;Unknown;99;Unknown EMS Scene Arrival Hour;99;Unknown EMS Scene Arrival Minutes;99;Unknown;99;Unknown EMS Hospital Arrival Time;99;Reported as Unknown;99;Reported as Unknown;99;Reported as Unknown;1;0
26;Michigan;260411;2;2;0;0;2;2;0;99;MACOMB (99);2934;MACOMB, TOWNSHIP;18;18;5;May;2019;7;Saturday;2;2:00am-2:59am;5;5;0;This section IS NOT on the NHS;4;County Road;CR-24 MILE RD;CARD RD;2;Urban;7;Local;2;County Highway Agency;100;100;42.68777222;42.68777222;-82.89870556;-82.89870556;0;No Special Jurisdiction;12;Motor Vehicle In-Transport;6;Angle;0;No;2;Intersection;3;T-Intersection;0;None;1;On Roadway;2;Dark - Not Lighted;1;Clear;0;No Additional Atmospheric Conditions;1;Clear;0;No;0;Not Applicable;99;Unknown;99;Unknown;99;Unknown EMS Scene Arrival Hour;99;Unknown EMS Scene Arrival Minutes;99;Unknown;99;Unknown EMS Hospital Arrival Time;22;Speed Limit is a Statutory Limit as Recorded or was determined as this state`s `basic rule`;0;None;0;None;1;1
26;Michigan;260419;2;2;0;0;3;3;0;163;WAYNE (163);1260;DETROIT;28;28;7;July;2019;1;Sunday;0;0:00am-0:59am;24;24;0;This section IS NOT on the NHS;6;Local Street - Municipality;SOUTHFIELD SERVICE DR;DAVISON;2;Urban;5;Major Collector;4;City or Municipal Highway Agency;13;13;42.38435556;42.38435556;-83.21784167;-83.21784167;0;No Special Jurisdiction;12;Motor Vehicle In-Transport;6;Angle;0;No;2;Intersection;3;T-Intersection;0;None;1;On Roadway;3;Dark - Lighted;1;Clear;0;No Additional Atmospheric Conditions;1;Clear;0;No;0;Not Applicable;99;Unknown;99;Unknown;99;Unknown EMS Scene Arrival Hour;99;Unknown EMS Scene Arrival Minutes;99;Unknown;99;Unknown EMS Hospital Arrival Time;99;Reported as Unknown;99;Reported as Unknown;99;Reported as Unknown;1;0
26;Michigan;260428;2;2;0;0;3;3;0;147;ST. CLAIR (147);0;NOT APPLICABLE;21;21;7;July;2019;1;Sunday;7;7:00am-7:59am;59;59;0;This section IS NOT on the NHS;3;State Highway;SR-136 PINE GROVE AVE;KEEWAHDIN RD;2;Urban;4;Minor Arterial;1;State Highway Agency;50;50;43.03853333;43.03853333;-82.48469444;-82.48469444;0;No Special Jurisdiction;12;Motor Vehicle In-Transport;2;Front-to-Front;0;No;2;Intersection;3;T-Intersection;0;None;1;On Roadway;1;Daylight;2;Rain;0;No Additional Atmospheric Conditions;2;Rain;0;No;0;Not Applicable;99;Unknown;99;Unknown;99;Unknown EMS Scene Arrival Hour;99;Unknown EMS Scene Arrival Minutes;99;Unknown;99;Unknown EMS Hospital Arrival Time;0;None;0;None;0;None;1;0
26;Michigan;260459;2;2;0;0;2;2;0;11;ARENAC (11);0;NOT APPLICABLE;22;22;7;July;2019;2;Monday;13;1:00pm-1:59pm;44;44;1;This section IS ON the NHS;2;U.S. Highway;US-23 N HURON RD;PRESCOTT LN;1;Rural;3;Principal Arterial - Other;2;County Highway Agency;252;252;44.12848611;44.12848611;-83.57025278;-83.57025278;0;No Special Jurisdiction;12;Motor Vehicle In-Transport;2;Front-to-Front;0;No;3;Intersection-Related;3;T-Intersection;0;None;1;On Roadway;1;Daylight;1;Clear;0;No Additional Atmospheric Conditions;1;Clear;0;No;0;Not Applicable;13;1:00pm-1:59pm;48;48;13;1:00pm-1:59pm;59;59;99;Unknown;99;Unknown EMS Hospital Arrival Time;0;None;0;None;0;None;1;1
26;Michigan;260472;2;2;0;0;3;3;0;147;ST. CLAIR (147);0;NOT APPLICABLE;25;25;7;July;2019;5;Thursday;20;8:00pm-8:59pm;5;5;0;This section IS NOT on the NHS;4;County Road;CR-BEARD RD;FARGO RD;1;Rural;7;Local;2;County Highway Agency;55;55;43.04845278;43.04845278;-82.65501667;-82.65501667;0;No Special Jurisdiction;12;Motor Vehicle In-Transport;6;Angle;0;No;2;Intersection;3;T-Intersection;0;None;1;On Roadway;1;Daylight;1;Clear;0;No Additional Atmospheric Conditions;1;Clear;0;No;0;Not Applicable;20;8:00pm-8:59pm;6;6;20;8:00pm-8:59pm;17;17;99;Unknown;99;Unknown EMS Hospital Arrival Time;22;Speed Limit is a Statutory Limit as Recorded or was determined as this state`s `basic rule`;0;None;0;None;2;0
26;Michigan;260495;2;2;0;0;2;2;0;81;KENT (81);5089;WALKER;21;21;8;August;2019;4;Wednesday;5;5:00am-5:59am;44;44;0;This section IS NOT on the NHS;6;Local Street - Municipality;TURNER AVE NW;NASON ST NW;2;Urban;4;Minor Arterial;4;City or Municipal Highway Agency;27;27;42.99941389;42.99941389;-85.678525;-85.678525;0;No Special Jurisdiction;12;Motor Vehicle In-Transport;6;Angle;0;No;2;Intersection;3;T-Intersection;0;None;1;On Roadway;3;Dark - Lighted;5;Fog, Smog, Smoke;0;No Additional Atmospheric Conditions;5;Fog, Smog, Smoke;0;No;0;Not Applicable;5;5:00am-5:59am;46;46;5;5:00am-5:59am;50;50;99;Unknown;99;Unknown EMS Hospital Arrival Time;0;None;0;None;0;None;1;0
26;Michigan;260499;3;3;0;0;4;4;0;69;IOSCO (69);0;NOT APPLICABLE;30;30;8;August;2019;6;Friday;15;3:00pm-3:59pm;16;16;1;This section IS ON the NHS;2;U.S. Highway;US-23 HURON RD;TAC TRAIL;1;Rural;3;Principal Arterial - Other;1;State Highway Agency;138;138;44.29808056;44.29808056;-83.41074167;-83.41074167;0;No Special Jurisdiction;12;Motor Vehicle In-Transport;1;Front-to-Rear;0;No;3;Intersection-Related;3;T-Intersection;0;None;1;On Roadway;1;Daylight;1;Clear;0;No Additional Atmospheric Conditions;1;Clear;0;No;0;Not Applicable;15;3:00pm-3:59pm;21;21;15;3:00pm-3:59pm;22;22;99;Unknown;99;Unknown EMS Hospital Arrival Time;99;Reported as Unknown;99;Reported as Unknown;99;Reported as Unknown;1;0
26;Michigan;260539;1;1;0;1;2;2;1;65;INGHAM (65);0;NOT APPLICABLE;23;23;8;August;2019;6;Friday;18;6:00pm-6:59pm;27;27;0;This section IS NOT on the NHS;4;County Road;CR-OKEMOS RD;WILLOUGHBY RD;2;Urban;5;Major Collector;2;County Highway Agency;49;49;42.65111389;42.65111389;-84.43298611;-84.43298611;0;No Special Jurisdiction;9;Pedalcyclist;0;The First Harmful Event was Not a Collision with a Motor Vehicle in Transport;0;No;2;Intersection;3;T-Intersection;0;None;1;On Roadway;1;Daylight;1;Clear;0;No Additional Atmospheric Conditions;1;Clear;0;No;0;Not Applicable;18;6:00pm-6:59pm;28;28;18;6:00pm-6:59pm;36;36;99;Unknown;99;Unknown EMS Hospital Arrival Time;22;Speed Limit is a Statutory Limit as Recorded or was determined as this state`s `basic rule`;0;None;0;None;1;0
26;Michigan;260541;2;2;0;0;2;2;0;139;OTTAWA (139);0;NOT APPLICABLE;5;5;9;September;2019;5;Thursday;14;2:00pm-2:59pm;5;5;0;This section IS NOT on the NHS;4;County Road;CR-ADAMS ST;88TH AVE;2;Urban;5;Major Collector;2;County Highway Agency;66;66;42.78342222;42.78342222;-86.00174722;-86.00174722;0;No Special Jurisdiction;12;Motor Vehicle In-Transport;6;Angle;0;No;2;Intersection;3;T-Intersection;0;None;1;On Roadway;1;Daylight;1;Clear;0;No Additional Atmospheric Conditions;1;Clear;0;No;0;Not Applicable;14;2:00pm-2:59pm;8;8;14;2:00pm-2:59pm;15;15;88;Not Applicable (Not Transported);88;Not Applicable (Not Transported);22;Speed Limit is a Statutory Limit as Recorded or was determined as this state`s `basic rule`;0;None;0;None;1;0
26;Michigan;260554;1;1;0;0;1;1;0;131;ONTONAGON (131);3700;ONTONAGON;14;14;9;September;2019;7;Saturday;20;8:00pm-8:59pm;30;30;0;This section IS NOT on the NHS;6;Local Street - Municipality;GREENLAND RD;SR-38;1;Rural;5;Major Collector;4;City or Municipal Highway Agency;4;4;46.86623889;46.86623889;-89.30833056;-89.30833056;0;No Special Jurisdiction;33;Curb;0;The First Harmful Event was Not a Collision with a Motor Vehicle in Transport;0;No;3;Intersection-Related;3;T-Intersection;0;None;4;On Roadside;5;Dusk;10;Cloudy;0;No Additional Atmospheric Conditions;10;Cloudy;0;No;0;Not Applicable;20;8:00pm-8:59pm;33;33;20;8:00pm-8:59pm;40;40;99;Unknown;99;Unknown EMS Hospital Arrival Time;99;Reported as Unknown;99;Reported as Unknown;99;Reported as Unknown;1;0
26;Michigan;260571;1;1;0;0;1;1;0;75;JACKSON (75);0;NOT APPLICABLE;20;20;8;August;2019;3;Tuesday;13;1:00pm-1:59pm;0;0;0;This section IS NOT on the NHS;4;County Road;CR-JEFFERSON RD;GILETTE RD;1;Rural;5;Major Collector;2;County Highway Agency;5;5;42.11993611;42.11993611;-84.39347222;-84.39347222;0;No Special Jurisdiction;35;Embankment;0;The First Harmful Event was Not a Collision with a Motor Vehicle in Transport;0;No;3;Intersection-Related;3;T-Intersection;0;None;4;On Roadside;1;Daylight;1;Clear;0;No Additional Atmospheric Conditions;1;Clear;0;No;0;Not Applicable;14;2:00pm-2:59pm;9;9;14;2:00pm-2:59pm;11;11;99;Unknown;99;Unknown EMS Hospital Arrival Time;0;None;0;None;0;None;1;0
26;Michigan;260578;2;2;0;0;2;2;0;99;MACOMB (99);1440;EASTPOINTE;5;5;9;September;2019;5;Thursday;22;10:00pm-10:59pm;53;53;0;This section IS NOT on the NHS;6;Local Street - Municipality;10 MILE RD;DALE AVE;2;Urban;4;Minor Arterial;4;City or Municipal Highway Agency;62;62;42.47954444;42.47954444;-82.96408889;-82.96408889;0;No Special Jurisdiction;12;Motor Vehicle In-Transport;1;Front-to-Rear;0;No;3;Intersection-Related;3;T-Intersection;0;None;1;On Roadway;3;Dark - Lighted;1;Clear;0;No Additional Atmospheric Conditions;1;Clear;0;No;0;Not Applicable;22;10:00pm-10:59pm;57;57;23;11:00pm-11:59pm;1;1;99;Unknown;99;Unknown EMS Hospital Arrival Time;0;None;0;None;0;None;1;1
26;Michigan;260599;2;2;0;0;2;2;0;163;WAYNE (163);1260;DETROIT;30;30;9;September;2019;2;Monday;18;6:00pm-6:59pm;29;29;1;This section IS ON the NHS;3;State Highway;SR-102 E 8 MILE RD;STRASBURG;2;Urban;3;Principal Arterial - Other;1;State Highway Agency;43;43;42.44896667;42.44896667;-82.99898611;-82.99898611;0;No Special Jurisdiction;12;Motor Vehicle In-Transport;6;Angle;0;No;3;Intersection-Related;3;T-Intersection;0;None;1;On Roadway;1;Daylight;1;Clear;0;No Additional Atmospheric Conditions;1;Clear;0;No;0;Not Applicable;99;Unknown;99;Unknown;99;Unknown EMS Scene Arrival Hour;99;Unknown EMS Scene Arrival Minutes;88;Not Applicable (Not Transported);88;Not Applicable (Not Transported);0;None;0;None;0;None;1;0
26;Michigan;260618;1;1;0;1;1;1;1;49;GENESEE (49);1730;FLINT;2;2;10;October;2019;4;Wednesday;6;6:00am-6:59am;50;50;1;This section IS ON the NHS;3;State Highway;SR-54 DORT HWY;MOHAWK AVE;2;Urban;3;Principal Arterial - Other;1;State Highway Agency;64;64;42.99745;42.99745;-83.65376111;-83.65376111;0;No Special Jurisdiction;8;Pedestrian;0;The First Harmful Event was Not a Collision with a Motor Vehicle in Transport;0;No;2;Intersection;3;T-Intersection;0;None;1;On Roadway;3;Dark - Lighted;2;Rain;0;No Additional Atmospheric Conditions;2;Rain;0;No;0;Not Applicable;7;7:00am-7:59am;0;0;7;7:00am-7:59am;1;1;99;Unknown;99;Unknown EMS Hospital Arrival Time;0;None;0;None;0;None;1;0