STATE;STATENAME;ST_CASE;VE_TOTAL;VE_FORMS;PVH_INVL;PEDS;PERSONS;PERMVIT;PERNOTMVIT;COUNTY;COUNTYNAME;CITY;CITYNAME;DAY;DAYNAME;MONTH;MONTHNAME;YEAR;DAY_WEEK;DAY_WEEKNAME;HOUR;HOURNAME;MINUTE;MINUTENAME;NHS;NHSNAME;ROUTE;ROUTENAME;TWAY_ID;TWAY_ID2;RUR_URB;RUR_URBNAME;FUNC_SYS;FUNC_SYSNAME;RD_OWNER;RD_OWNERNAME;MILEPT;MILEPTNAME;LATITUDE;LATITUDENAME;LONGITUD;LONGITUDNAME;SP_JUR;SP_JURNAME;HARM_EV;HARM_EVNAME;MAN_COLL;MAN_COLLNAME;RELJCT1;RELJCT1NAME;RELJCT2;RELJCT2NAME;TYP_INT;TYP_INTNAME;WRK_ZONE;WRK_ZONENAME;REL_ROAD;REL_ROADNAME;LGT_COND;LGT_CONDNAME;WEATHER1;WEATHER1NAME;WEATHER2;WEATHER2NAME;WEATHER;WEATHERNAME;SCH_BUS;SCH_BUSNAME;RAIL;RAILNAME;NOT_HOUR;NOT_HOURNAME;NOT_MIN;NOT_MINNAME;ARR_HOUR;ARR_HOURNAME;ARR_MIN;ARR_MINNAME;HOSP_HR;HOSP_HRNAME;HOSP_MN;HOSP_MNNAME;CF1;CF1NAME;CF2;CF2NAME;CF3;CF3NAME;FATALS;DRUNK_DR
28;Mississippi;280190;2;2;0;0;4;4;0;93;MARSHALL (93);370;BYHALIA;6;6;5;May;2019;2;Monday;15;3:00pm-3:59pm;3;3;0;This section IS NOT on the NHS;3;State Highway;SR-178;EDWARDS ROAD;1;Rural;5;Major Collector;1;State Highway Agency;99998;Not Reported;34.86843333;34.86843333;-89.66916111;-89.66916111;0;No Special Jurisdiction;12;Motor Vehicle In-Transport;6;Angle;0;No;2;Intersection;3;T-Intersection;0;None;1;On Roadway;1;Daylight;1;Clear;0;No Additional Atmospheric Conditions;1;Clear;0;No;0;Not Applicable;99;Unknown;99;Unknown;99;Unknown EMS Scene Arrival Hour;99;Unknown EMS Scene Arrival Minutes;99;Unknown;99;Unknown EMS Hospital Arrival Time;0;None;0;None;0;None;1;0
28;Mississippi;280192;1;1;0;0;1;1;0;101;NEWTON (101);0;NOT APPLICABLE;6;6;5;May;2019;2;Monday;20;8:00pm-8:59pm;31;31;0;This section IS NOT on the NHS;4;County Road;CR-TULLUS ROAD;GREENLAND ROAD;1;Rural;6;Minor Collector;2;County Highway Agency;99998;Not Reported;32.56693333;32.56693333;-89.07095;-89.07095;0;No Special Jurisdiction;35;Embankment;0;The First Harmful Event was Not a Collision with a Motor Vehicle in Transport;0;No;3;Intersection-Related;3;T-Intersection;0;None;4;On Roadside;2;Dark - Not Lighted;1;Clear;0;No Additional Atmospheric Conditions;1;Clear;0;No;0;Not Applicable;99;Unknown;98;Unknown if Notified;99;Unknown EMS Scene Arrival Hour;98;Unknown if Arrived;88;Not Applicable (Not Transported);88;Not Applicable (Not Transported);0;None;0;None;0;None;1;1
28;Mississippi;280207;2;2;0;1;2;2;1;11;BOLIVAR (11);2310;SHAW;15;15;1;January;2019;3;Tuesday;20;8:00pm-8:59pm;5;5;1;This section IS ON the NHS;2;U.S. Highway;US-61;BUCKHALTER STREET;1;Rural;3;Principal Arterial - Other;1;State Highway Agency;99998;Not Reported;33.60844722;33.60844722;-90.76555556;-90.76555556;0;No Special Jurisdiction;8;Pedestrian;0;The First Harmful Event was Not a Collision with a Motor Vehicle in Transport;0;No;3;Intersection-Related;3;T-Intersection;0;None;1;On Roadway;2;Dark - Not Lighted;1;Clear;0;No Additional Atmospheric Conditions;1;Clear;0;No;0;Not Applicable;99;Unknown;98;Unknown if Notified;99;Unknown EMS Scene Arrival Hour;98;Unknown if Arrived;88;Not Applicable (Not Transported);88;Not Applicable (Not Transported);0;None;0;None;0;None;1;0
28;Mississippi;280223;2;2;0;0;2;2;0;81;LEE (81);1730;NETTLETON;20;20;5;May;2019;2;Monday;17;5:00pm-5:59pm;19;19;0;This section IS NOT on the NHS;3;State Highway;SR-45;CR-WILL ROBBINS;1;Rural;3;Principal Arterial - Other;1;State Highway Agency;99998;Not Reported;34.09355278;34.09355278;-88.64114722;-88.64114722;0;No Special Jurisdiction;12;Motor Vehicle In-Transport;6;Angle;0;No;2;Intersection;3;T-Intersection;0;None;1;On Roadway;1;Daylight;1;Clear;0;No Additional Atmospheric Conditions;1;Clear;0;No;0;Not Applicable;99;Unknown;99;Unknown;99;Unknown EMS Scene Arrival Hour;99;Unknown EMS Scene Arrival Minutes;99;Unknown;99;Unknown EMS Hospital Arrival Time;0;None;0;None;0;None;1;0
28;Mississippi;280264;2;2;0;0;3;3;0;123;SCOTT (123);0;NOT APPLICABLE;10;10;6;June;2019;2;Monday;10;10:00am-10:59am;37;37;0;This section IS NOT on the NHS;3;State Highway;SR-481;CR - MEASELS ROAD;1;Rural;4;Minor Arterial;1;State Highway Agency;99998;Not Reported;32.43120278;32.43120278;-89.71214167;-89.71214167;0;No Special Jurisdiction;12;Motor Vehicle In-Transport;6;Angle;0;No;2;Intersection;3;T-Intersection;0;None;1;On Roadway;1;Daylight;1;Clear;0;No Additional Atmospheric Conditions;1;Clear;0;No;0;Not Applicable;99;Unknown;99;Unknown;99;Unknown EMS Scene Arrival Hour;99;Unknown EMS Scene Arrival Minutes;99;Unknown;99;Unknown EMS Hospital Arrival Time;0;None;0;None;0;None;2;0
28;Mississippi;280299;1;1;0;0;1;1;0;67;JONES (67);0;NOT APPLICABLE;9;9;7;July;2019;3;Tuesday;12;12:00pm-12:59pm;52;52;0;This section IS NOT on the NHS;3;State Highway;SR-537;CR-SHARON MOSS ROAD;1;Rural;5;Major Collector;1;State Highway Agency;99998;Not Reported;31.78951389;31.78951389;-89.09838056;-89.09838056;0;No Special Jurisdiction;35;Embankment;0;The First Harmful Event was Not a Collision with a Motor Vehicle in Transport;0;No;3;Intersection-Related;3;T-Intersection;0;None;4;On Roadside;1;Daylight;1;Clear;0;No Additional Atmospheric Conditions;1;Clear;0;No;0;Not Applicable;99;Unknown;99;Unknown;99;Unknown EMS Scene Arrival Hour;99;Unknown EMS Scene Arrival Minutes;99;Unknown;99;Unknown EMS Hospital Arrival Time;0;None;0;None;0;None;1;0
28;Mississippi;280339;2;2;0;0;5;5;0;73;LAMAR (73);0;NOT APPLICABLE;3;3;8;August;2019;7;Saturday;13;1:00pm-1:59pm;41;41;1;This section IS ON the NHS;2;U.S. Highway;US-98;PURVIS-OHLOH RD;1;Rural;3;Principal Arterial - Other;1;State Highway Agency;99998;Not Reported;31.29020556;31.29020556;-89.58460556;-89.58460556;0;No Special Jurisdiction;12;Motor Vehicle In-Transport;6;Angle;0;No;2;Intersection;3;T-Intersection;0;None;1;On Roadway;1;Daylight;1;Clear;0;No Additional Atmospheric Conditions;1;Clear;0;No;0;Not Applicable;99;Unknown;99;Unknown;99;Unknown EMS Scene Arrival Hour;99;Unknown EMS Scene Arrival Minutes;99;Unknown;99;Unknown EMS Hospital Arrival Time;0;None;0;None;0;None;1;0
28;Mississippi;280352;2;2;0;0;2;2;0;107;PANOLA (107);0;NOT APPLICABLE;15;15;8;August;2019;5;Thursday;23;11:00pm-11:59pm;42;42;0;This section IS NOT on the NHS;3;State Highway;SR-310;SMART ROAD;1;Rural;5;Major Collector;1;State Highway Agency;99998;Not Reported;34.51300556;34.51300556;-89.77373333;-89.77373333;0;No Special Jurisdiction;12;Motor Vehicle In-Transport;6;Angle;0;No;3;Intersection-Related;3;T-Intersection;0;None;1;On Roadway;2;Dark - Not Lighted;1;Clear;0;No Additional Atmospheric Conditions;1;Clear;0;No;0;Not Applicable;99;Unknown;98;Unknown if Notified;99;Unknown EMS Scene Arrival Hour;98;Unknown if Arrived;88;Not Applicable (Not Transported);88;Not Applicable (Not Transported);0;None;0;None;0;None;1;0
28;Mississippi;280384;2;2;0;0;2;2;0;11;BOLIVAR (11);0;NOT APPLICABLE;26;26;8;August;2019;2;Monday;12;12:00pm-12:59pm;38;38;1;This section IS ON the NHS;2;U.S. Highway;US-61;SR-161;1;Rural;3;Principal Arterial - Other;1;State Highway Agency;99998;Not Reported;33.82562778;33.82562778;-90.72495;-90.72495;0;No Special Jurisdiction;12;Motor Vehicle In-Transport;6;Angle;0;No;2;Intersection;3;T-Intersection;0;None;1;On Roadway;1;Daylight;1;Clear;0;No Additional Atmospheric Conditions;1;Clear;0;No;0;Not Applicable;12;12:00pm-12:59pm;38;38;12;12:00pm-12:59pm;43;43;13;1:00pm-1:59pm;47;47;0;None;0;None;0;None;2;0
28;Mississippi;280387;2;2;0;0;2;2;0;93;MARSHALL (93);0;NOT APPLICABLE;29;29;8;August;2019;5;Thursday;5;5:00am-5:59am;56;56;0;This section IS NOT on the NHS;3;State Highway;SR-302;MCCORMICK RD;1;Rural;3;Principal Arterial - Other;1;State Highway Agency;99998;Not Reported;34.96352222;34.96352222;-89.60029167;-89.60029167;0;No Special Jurisdiction;12;Motor Vehicle In-Transport;6;Angle;0;No;2;Intersection;3;T-Intersection;0;None;1;On Roadway;4;Dawn;1;Clear;0;No Additional Atmospheric Conditions;1;Clear;0;No;0;Not Applicable;99;Unknown;99;Unknown;99;Unknown EMS Scene Arrival Hour;99;Unknown EMS Scene Arrival Minutes;99;Unknown;99;Unknown EMS Hospital Arrival Time;0;None;0;None;0;None;1;0
28;Mississippi;280396;1;1;0;0;1;1;0;49;HINDS (49);0;NOT APPLICABLE;3;3;9;September;2019;3;Tuesday;1;1:00am-1:59am;12;12;0;This section IS NOT on the NHS;4;County Road;CR-LEARNED ROAD;OLD PORT GIBSON ROAD;1;Rural;5;Major Collector;2;County Highway Agency;99998;Not Reported;32.22222222;32.22222222;-90.55845278;-90.55845278;0;No Special Jurisdiction;31;Post, Pole or Other Supports;0;The First Harmful Event was Not a Collision with a Motor Vehicle in Transport;0;No;3;Intersection-Related;3;T-Intersection;0;None;4;On Roadside;2;Dark - Not Lighted;1;Clear;0;No Additional Atmospheric Conditions;1;Clear;0;No;0;Not Applicable;99;Unknown;98;Unknown if Notified;99;Unknown EMS Scene Arrival Hour;98;Unknown if Arrived;88;Not Applicable (Not Transported);88;Not Applicable (Not Transported);0;None;0;None;0;None;1;1
28;Mississippi;280420;1;1;0;0;1;1;0;161;YALOBUSHA (161);0;NOT APPLICABLE;11;11;9;September;2019;4;Wednesday;3;3:00am-3:59am;24;24;0;This section IS NOT on the NHS;4;County Road;CR-223;SR-32;1;Rural;6;Minor Collector;2;County Highway Agency;99998;Not Reported;34.12514722;34.12514722;-89.61039444;-89.61039444;0;No Special Jurisdiction;35;Embankment;0;The First Harmful Event was Not a Collision with a Motor Vehicle in Transport;0;No;3;Intersection-Related;3;T-Intersection;0;None;4;On Roadside;2;Dark - Not Lighted;1;Clear;0;No Additional Atmospheric Conditions;1;Clear;0;No;0;Not Applicable;99;Unknown;99;Unknown;99;Unknown EMS Scene Arrival Hour;99;Unknown EMS Scene Arrival Minutes;88;Not Applicable (Not Transported);88;Not Applicable (Not Transported);0;None;0;None;0;None;1;0
28;Mississippi;280426;2;2;0;0;3;3;0;13;CALHOUN (13);390;CALHOUN CITY;19;19;9;September;2019;5;Thursday;15;3:00pm-3:59pm;16;16;0;This section IS NOT on the NHS;6;Local Street - Municipality;SOUTH MAIN STREET;PUBLIC SQUARE;1;Rural;7;Local;4;City or Municipal Highway Agency;99998;Not Reported;33.85460833;33.85460833;-89.31129167;-89.31129167;0;No Special Jurisdiction;33;Curb;0;The First Harmful Event was Not a Collision with a Motor Vehicle in Transport;0;No;3;Intersection-Related;3;T-Intersection;0;None;4;On Roadside;1;Daylight;1;Clear;0;No Additional Atmospheric Conditions;1;Clear;0;No;0;Not Applicable;99;Unknown;99;Unknown;99;Unknown EMS Scene Arrival Hour;99;Unknown EMS Scene Arrival Minutes;99;Unknown;99;Unknown EMS Hospital Arrival Time;0;None;0;None;0;None;1;0
28;Mississippi;280430;2;2;0;0;2;2;0;143;TUNICA (143);0;NOT APPLICABLE;22;22;9;September;2019;1;Sunday;20;8:00pm-8:59pm;9;9;1;This section IS ON the NHS;2;U.S. Highway;US-61;BANKSTON ROAD;1;Rural;3;Principal Arterial - Other;1;State Highway Agency;99998;Not Reported;34.67745833;34.67745833;-90.37596944;-90.37596944;0;No Special Jurisdiction;12;Motor Vehicle In-Transport;6;Angle;0;No;2;Intersection;3;T-Intersection;0;None;1;On Roadway;3;Dark - Lighted;1;Clear;0;No Additional Atmospheric Conditions;1;Clear;0;No;0;Not Applicable;99;Unknown;99;Unknown;99;Unknown EMS Scene Arrival Hour;99;Unknown EMS Scene Arrival Minutes;99;Unknown;99;Unknown EMS Hospital Arrival Time;0;None;0;None;0;None;1;2
28;Mississippi;280439;2;2;0;0;2;2;0;59;JACKSON (59);0;NOT APPLICABLE;28;28;9;September;2019;7;Saturday;11;11:00am-11:59am;24;24;0;This section IS NOT on the NHS;4;County Road;CR-OLD FORT BAYOU;J F DOUGLAS ROAD;1;Rural;5;Major Collector;2;County Highway Agency;99998;Not Reported;30.43888889;30.43888889;-88.81619722;-88.81619722;0;No Special Jurisdiction;12;Motor Vehicle In-Transport;6;Angle;0;No;2;Intersection;3;T-Intersection;0;None;1;On Roadway;1;Daylight;1;Clear;0;No Additional Atmospheric Conditions;1;Clear;0;No;0;Not Applicable;99;Unknown;99;Unknown;99;Unknown EMS Scene Arrival Hour;99;Unknown EMS Scene Arrival Minutes;99;Unknown;99;Unknown EMS Hospital Arrival Time;0;None;0;None;0;None;1;0
28;Mississippi;280496;1;1;0;0;1;1;0;73;LAMAR (73);0;NOT APPLICABLE;15;15;11;November;2019;6;Friday;18;6:00pm-6:59pm;57;57;0;This section IS NOT on the NHS;4;County Road;CR-PURVIS OLOH ROAD;BAY CREEK ROAD;1;Rural;6;Minor Collector;2;County Highway Agency;99998;Not Reported;31.21873611;31.21873611;-89.54210278;-89.54210278;0;No Special Jurisdiction;42;Tree (Standing Only);0;The First Harmful Event was Not a Collision with a Motor Vehicle in Transport;0;No;3;Intersection-Related;3;T-Intersection;0;None;4;On Roadside;2;Dark - Not Lighted;1;Clear;0;No Additional Atmospheric Conditions;1;Clear;0;No;0;Not Applicable;99;Unknown;99;Unknown;99;Unknown EMS Scene Arrival Hour;99;Unknown EMS Scene Arrival Minutes;88;Not Applicable (Not Transported);88;Not Applicable (Not Transported);0;None;0;None;0;None;1;0
28;Mississippi;280500;2;2;0;0;3;3;0;117;PRENTISS (117);0;NOT APPLICABLE;9;9;9;September;2019;2;Monday;9;9:00am-9:59am;21;21;0;This section IS NOT on the NHS;4;County Road;CR-1140;CR-1101;1;Rural;6;Minor Collector;2;County Highway Agency;99998;Not Reported;34.705475;34.705475;-88.49940833;-88.49940833;0;No Special Jurisdiction;12;Motor Vehicle In-Transport;6;Angle;0;No;3;Intersection-Related;3;T-Intersection;0;None;1;On Roadway;1;Daylight;1;Clear;0;No Additional Atmospheric Conditions;1;Clear;0;No;0;Not Applicable;99;Unknown;99;Unknown;99;Unknown EMS Scene Arrival Hour;99;Unknown EMS Scene Arrival Minutes;99;Unknown;99;Unknown EMS Hospital Arrival Time;0;None;0;None;0;None;1;0
28;Mississippi;280509;1;1;0;1;1;1;1;153;WAYNE (153);2750;WAYNESBORO;20;20;6;June;2019;5;Thursday;20;8:00pm-8:59pm;31;31;0;This section IS NOT on the NHS;3;State Highway;SR-184;MARTIN LUTHER KING;2;Urban;5;Major Collector;1;State Highway Agency;99998;Not Reported;31.67188611;31.67188611;-88.65069722;-88.65069722;0;No Special Jurisdiction;8;Pedestrian;0;The First Harmful Event was Not a Collision with a Motor Vehicle in Transport;0;No;2;Intersection;3;T-Intersection;0;None;1;On Roadway;6;Dark - Unknown Lighting;98;Not Reported;0;No Additional Atmospheric Conditions;98;Not Reported;0;No;0;Not Applicable;99;Unknown;99;Unknown;99;Unknown EMS Scene Arrival Hour;99;Unknown EMS Scene Arrival Minutes;99;Unknown;99;Unknown EMS Hospital Arrival Time;0;None;0;None;0;None;1;0
28;Mississippi;280516;2;2;0;0;2;2;0;151;WASHINGTON (151);990;GREENVILLE;24;24;11;November;2019;1;Sunday;18;6:00pm-6:59pm;19;19;0;This section IS NOT on the NHS;6;Local Street - Municipality;EAST REED STREET;GENIE FAIRWAY STREET;2;Urban;7;Local;4;City or Municipal Highway Agency;99998;Not Reported;33.38519444;33.38519444;-91.04738889;-91.04738889;0;No Special Jurisdiction;12;Motor Vehicle In-Transport;6;Angle;0;No;2;Intersection;3;T-Intersection;1;Construction;1;On Roadway;3;Dark - Lighted;1;Clear;0;No Additional Atmospheric Conditions;1;Clear;0;No;0;Not Applicable;99;Unknown;99;Unknown;99;Unknown EMS Scene Arrival Hour;99;Unknown EMS Scene Arrival Minutes;99;Unknown;99;Unknown EMS Hospital Arrival Time;0;None;0;None;0;None;1;0
28;Mississippi;280534;2;2;0;0;2;2;0;131;STONE (131);0;NOT APPLICABLE;5;5;12;December;2019;5;Thursday;15;3:00pm-3:59pm;5;5;0;This section IS NOT on the NHS;4;County Road;CR-EAST MCHENRY ROAD;TRACE DRIVE;1;Rural;5;Major Collector;2;County Highway Agency;99998;Not Reported;30.70618611;30.70618611;-89.12465;-89.12465;0;No Special Jurisdiction;12;Motor Vehicle In-Transport;2;Front-to-Front;0;No;3;Intersection-Related;3;T-Intersection;0;None;1;On Roadway;1;Daylight;1;Clear;0;No Additional Atmospheric Conditions;1;Clear;0;No;0;Not Applicable;99;Unknown;99;Unknown;99;Unknown EMS Scene Arrival Hour;99;Unknown EMS Scene Arrival Minutes;99;Unknown;99;Unknown EMS Hospital Arrival Time;0;None;0;None;0;None;1;0
28;Mississippi;280576;2;2;0;0;3;3;0;27;COAHOMA (27);470;CLARKSDALE;26;26;2;February;2019;3;Tuesday;18;6:00pm-6:59pm;51;51;0;This section IS NOT on the NHS;6;Local Street - Municipality;STATE STREET;SR-322;2;Urban;7;Local;4;City or Municipal Highway Agency;99998;Not Reported;34.17516111;34.17516111;-90.60360556;-90.60360556;0;No Special Jurisdiction;12;Motor Vehicle In-Transport;6;Angle;0;No;3;Intersection-Related;3;T-Intersection;0;None;1;On Roadway;3;Dark - Lighted;1;Clear;0;No Additional Atmospheric Conditions;1;Clear;0;No;0;Not Applicable;99;Unknown;99;Unknown;99;Unknown EMS Scene Arrival Hour;99;Unknown EMS Scene Arrival Minutes;99;Unknown;99;Unknown EMS Hospital Arrival Time;0;None;0;None;0;None;1;0
28;Mississippi;280581;2;2;0;0;3;3;0;105;OKTIBBEHA (105);2430;STARKVILLE;22;22;9;September;2019;1;Sunday;8;8:00am-8:59am;6;6;0;This section IS NOT on the NHS;3;State Highway;SR-12;HAVEN 12;2;Urban;4;Minor Arterial;1;State Highway Agency;99998;Not Reported;33.481225;33.481225;-88.79478889;-88.79478889;0;No Special Jurisdiction;12;Motor Vehicle In-Transport;6;Angle;0;No;2;Intersection;3;T-Intersection;0;None;1;On Roadway;1;Daylight;1;Clear;0;No Additional Atmospheric Conditions;1;Clear;0;No;0;Not Applicable;99;Unknown;99;Unknown;99;Unknown EMS Scene Arrival Hour;99;Unknown EMS Scene Arrival Minutes;99;Unknown;99;Unknown EMS Hospital Arrival Time;0;None;0;None;0;None;1;0
29;Missouri;290006;2;2;0;0;2;2;0;43;CHRISTIAN (43);0;NOT APPLICABLE;3;3;1;January;2019;5;Thursday;12;12:00pm-12:59pm;36;36;1;This section IS ON the NHS;2;U.S. Highway;US-160;CR-SOUTH OAKS DR;1;Rural;3;Principal Arterial - Other;1;State Highway Agency;65;65;37.00152778;37.00152778;-93.30052778;-93.30052778;0;No Special Jurisdiction;12;Motor Vehicle In-Transport;6;Angle;0;No;3;Intersection-Related;3;T-Intersection;0;None;1;On Roadway;1;Daylight;10;Cloudy;0;No Additional Atmospheric Conditions;10;Cloudy;0;No;0;Not Applicable;12;12:00pm-12:59pm;35;35;12;12:00pm-12:59pm;49;49;13;1:00pm-1:59pm;11;11;0;None;0;None;0;None;1;0
29;Missouri;290068;1;1;0;3;1;1;3;213;TANEY (213);980;BRANSON;2;2;2;February;2019;7;Saturday;19;7:00pm-7:59pm;59;59;0;This section IS NOT on the NHS;6;Local Street - Municipality;BRANSON LANDING BLVD;MAIN ST;2;Urban;7;Local;4;City or Municipal Highway Agency;12;12;36.64399722;36.64399722;-93.21463889;-93.21463889;0;No Special Jurisdiction;8;Pedestrian;0;The First Harmful Event was Not a Collision with a Motor Vehicle in Transport;0;No;2;Intersection;3;T-Intersection;0;None;1;On Roadway;3;Dark - Lighted;1;Clear;0;No Additional Atmospheric Conditions;1;Clear;0;No;0;Not Applicable;20;8:00pm-8:59pm;0;0;20;8:00pm-8:59pm;3;3;20;8:00pm-8:59pm;53;53;0;None;0;None;0;None;2;0
29;Missouri;290103;1;1;0;1;2;2;1;183;ST. CHARLES (183);8280;WENTZVILLE;7;7;2;February;2019;5;Thursday;18;6:00pm-6:59pm;51;51;1;This section IS ON the NHS;6;Local Street - Municipality;WENTZVILLE PKWY;OLD WILLIAMSBURG PKWY;2;Urban;3;Principal Arterial - Other;4;City or Municipal Highway Agency;12;12;38.82488333;38.82488333;-90.87513889;-90.87513889;0;No Special Jurisdiction;8;Pedestrian;0;The First Harmful Event was Not a Collision with a Motor Vehicle in Transport;0;No;3;Intersection-Related;3;T-Intersection;0;None;1;On Roadway;3;Dark - Lighted;1;Clear;0;No Additional Atmospheric Conditions;1;Clear;0;No;0;Not Applicable;99;Unknown;99;Unknown;99;Unknown EMS Scene Arrival Hour;99;Unknown EMS Scene Arrival Minutes;99;Unknown;99;Unknown EMS Hospital Arrival Time;0;None;0;None;0;None;1;0
29;Missouri;290132;2;2;0;0;3;3;0;203;SHANNON (203);8450;WINONA;14;14;3;March;2019;5;Thursday;17;5:00pm-5:59pm;57;57;1;This section IS ON the NHS;2;U.S. Highway;US-60;SR-19;1;Rural;3;Principal Arterial - Other;1;State Highway Agency;68;68;36.99997222;36.99997222;-91.32591667;-91.32591667;0;No Special Jurisdiction;12;Motor Vehicle In-Transport;6;Angle;0;No;2;Intersection;3;T-Intersection;0;None;1;On Roadway;1;Daylight;1;Clear;0;No Additional Atmospheric Conditions;1;Clear;0;No;0;Not Applicable;99;Unknown;99;Unknown;99;Unknown EMS Scene Arrival Hour;99;Unknown EMS Scene Arrival Minutes;99;Unknown;99;Unknown EMS Hospital Arrival Time;0;None;0;None;0;None;1;0
29;Missouri;290181;1;1;0;1;1;1;1;189;ST. LOUIS (189);5910;OLIVETTE;29;29;4;April;2019;2;Monday;23;11:00pm-11:59pm;31;31;1;This section IS ON the NHS;3;State Highway;SR-340;LLEWELLYN LN;2;Urban;3;Principal Arterial - Other;1;State Highway Agency;158;158;38.67411667;38.67411667;-90.37142222;-90.37142222;0;No Special Jurisdiction;8;Pedestrian;0;The First Harmful Event was Not a Collision with a Motor Vehicle in Transport;0;No;3;Intersection-Related;3;T-Intersection;0;None;1;On Roadway;3;Dark - Lighted;10;Cloudy;0;No Additional Atmospheric Conditions;10;Cloudy;0;No;0;Not Applicable;23;11:00pm-11:59pm;31;31;23;11:00pm-11:59pm;35;35;23;11:00pm-11:59pm;54;54;0;None;0;None;0;None;1;0
29;Missouri;290194;1;1;0;1;1;1;1;510;ST. LOUIS (CITY) (510);7080;SAINT LOUIS;14;14;4;April;2019;1;Sunday;23;11:00pm-11:59pm;2;2;1;This section IS ON the NHS;6;Local Street - Municipality;KINGSHIGHWAY BLVD;MARYLAND PLAZA ST;2;Urban;3;Principal Arterial - Other;4;City or Municipal Highway Agency;54;54;38.64483889;38.64483889;-90.2641;-90.2641;0;No Special Jurisdiction;8;Pedestrian;0;The First Harmful Event was Not a Collision with a Motor Vehicle in Transport;0;No;3;Intersection-Related;3;T-Intersection;0;None;1;On Roadway;3;Dark - Lighted;1;Clear;0;No Additional Atmospheric Conditions;1;Clear;0;No;0;Not Applicable;23;11:00pm-11:59pm;2;2;23;11:00pm-11:59pm;12;12;23;11:00pm-11:59pm;30;30;0;None;0;None;0;None;1;0
29;Missouri;290197;2;2;0;0;2;2;0;181;RIPLEY (181);0;NOT APPLICABLE;19;19;4;April;2019;6;Friday;6;6:00am-6:59am;40;40;0;This section IS NOT on the NHS;3;State Highway;SR-21;SR-142;1;Rural;4;Minor Arterial;1;State Highway Agency;179;179;36.60455556;36.60455556;-90.86330556;-90.86330556;0;No Special Jurisdiction;12;Motor Vehicle In-Transport;6;Angle;0;No;2;Intersection;3;T-Intersection;0;None;1;On Roadway;1;Daylight;10;Cloudy;0;No Additional Atmospheric Conditions;10;Cloudy;0;No;0;Not Applicable;6;6:00am-6:59am;43;43;6;6:00am-6:59am;48;48;7;7:00am-7:59am;17;17;0;None;0;None;0;None;1;0
29;Missouri;290200;1;1;0;0;1;1;0;83;HENRY (83);0;NOT APPLICABLE;27;27;4;April;2019;7;Saturday;22;10:00pm-10:59pm;19;19;1;This section IS ON the NHS;3;State Highway;SR-7;CR-SE 731;1;Rural;3;Principal Arterial - Other;1;State Highway Agency;313;313;38.321;38.321;-93.61511111;-93.61511111;0;No Special Jurisdiction;1;Rollover/Overturn;0;The First Harmful Event was Not a Collision with a Motor Vehicle in Transport;0;No;3;Intersection-Related;3;T-Intersection;0;None;4;On Roadside;2;Dark - Not Lighted;1;Clear;0;No Additional Atmospheric Conditions;1;Clear;0;No;0;Not Applicable;99;Unknown;98;Unknown if Notified;99;Unknown EMS Scene Arrival Hour;98;Unknown if Arrived;88;Not Applicable (Not Transported);88;Not Applicable (Not Transported);0;None;0;None;0;None;1;1
29;Missouri;290241;2;2;0;0;4;4;0;95;JACKSON (95);4120;KANSAS CITY;9;9;4;April;2019;3;Tuesday;13;1:00pm-1:59pm;9;9;1;This section IS ON the NHS;6;Local Street - Municipality;FRONT ST;RIVER FRONT DR;2;Urban;3;Principal Arterial - Other;4;City or Municipal Highway Agency;30;30;39.11953056;39.11953056;-94.56086667;-94.56086667;0;No Special Jurisdiction;12;Motor Vehicle In-Transport;6;Angle;0;No;2;Intersection;3;T-Intersection;0;None;1;On Roadway;1;Daylight;1;Clear;0;No Additional Atmospheric Conditions;1;Clear;0;No;0;Not Applicable;13;1:00pm-1:59pm;9;9;13;1:00pm-1:59pm;19;19;13;1:00pm-1:59pm;32;32;0;None;0;None;0;None;1;0
29;Missouri;290264;2;2;0;0;3;3;0;37;CASS (37);9997;Other;1;1;6;June;2019;7;Saturday;21;9:00pm-9:59pm;30;30;0;This section IS NOT on the NHS;6;Local Street - Municipality;155TH ST;VICIE AVE;2;Urban;5;Major Collector;4;City or Municipal Highway Agency;10;10;38.8427;38.8427;-94.51510833;-94.51510833;0;No Special Jurisdiction;12;Motor Vehicle In-Transport;6;Angle;0;No;2;Intersection;3;T-Intersection;0;None;1;On Roadway;3;Dark - Lighted;1;Clear;0;No Additional Atmospheric Conditions;1;Clear;0;No;0;Not Applicable;21;9:00pm-9:59pm;37;37;21;9:00pm-9:59pm;43;43;22;10:00pm-10:59pm;25;25;0;None;0;None;0;None;1;1