STATE;STATENAME;ST_CASE;VE_TOTAL;VE_FORMS;PVH_INVL;PEDS;PERSONS;PERMVIT;PERNOTMVIT;COUNTY;COUNTYNAME;CITY;CITYNAME;DAY;DAYNAME;MONTH;MONTHNAME;YEAR;DAY_WEEK;DAY_WEEKNAME;HOUR;HOURNAME;MINUTE;MINUTENAME;NHS;NHSNAME;ROUTE;ROUTENAME;TWAY_ID;TWAY_ID2;RUR_URB;RUR_URBNAME;FUNC_SYS;FUNC_SYSNAME;RD_OWNER;RD_OWNERNAME;MILEPT;MILEPTNAME;LATITUDE;LATITUDENAME;LONGITUD;LONGITUDNAME;SP_JUR;SP_JURNAME;HARM_EV;HARM_EVNAME;MAN_COLL;MAN_COLLNAME;RELJCT1;RELJCT1NAME;RELJCT2;RELJCT2NAME;TYP_INT;TYP_INTNAME;WRK_ZONE;WRK_ZONENAME;REL_ROAD;REL_ROADNAME;LGT_COND;LGT_CONDNAME;WEATHER1;WEATHER1NAME;WEATHER2;WEATHER2NAME;WEATHER;WEATHERNAME;SCH_BUS;SCH_BUSNAME;RAIL;RAILNAME;NOT_HOUR;NOT_HOURNAME;NOT_MIN;NOT_MINNAME;ARR_HOUR;ARR_HOURNAME;ARR_MIN;ARR_MINNAME;HOSP_HR;HOSP_HRNAME;HOSP_MN;HOSP_MNNAME;CF1;CF1NAME;CF2;CF2NAME;CF3;CF3NAME;FATALS;DRUNK_DR
29;Missouri;290315;2;2;0;0;2;2;0;77;GREENE (77);0;NOT APPLICABLE;19;19;6;June;2019;4;Wednesday;16;4:00pm-4:59pm;40;40;0;This section IS NOT on the NHS;3;State Highway;SR-EE;CR-123;2;Urban;5;Major Collector;1;State Highway Agency;10;10;37.22702778;37.22702778;-93.36644444;-93.36644444;0;No Special Jurisdiction;12;Motor Vehicle In-Transport;6;Angle;0;No;2;Intersection;3;T-Intersection;0;None;1;On Roadway;1;Daylight;10;Cloudy;0;No Additional Atmospheric Conditions;10;Cloudy;0;No;0;Not Applicable;99;Unknown;99;Unknown;99;Unknown EMS Scene Arrival Hour;99;Unknown EMS Scene Arrival Minutes;99;Unknown;99;Unknown EMS Hospital Arrival Time;0;None;0;None;0;None;1;0
29;Missouri;290336;2;2;0;0;4;4;0;65;DENT (65);7130;SALEM;30;30;6;June;2019;1;Sunday;21;9:00pm-9:59pm;7;7;0;This section IS NOT on the NHS;3;State Highway;SR-72;SR-J WJ;1;Rural;4;Minor Arterial;1;State Highway Agency;120;120;37.64827778;37.64827778;-91.56305556;-91.56305556;0;No Special Jurisdiction;12;Motor Vehicle In-Transport;2;Front-to-Front;0;No;2;Intersection;3;T-Intersection;0;None;1;On Roadway;3;Dark - Lighted;1;Clear;0;No Additional Atmospheric Conditions;1;Clear;0;No;0;Not Applicable;21;9:00pm-9:59pm;11;11;21;9:00pm-9:59pm;13;13;21;9:00pm-9:59pm;42;42;0;None;0;None;0;None;1;0
29;Missouri;290340;2;2;0;0;2;2;0;77;GREENE (77);7460;SPRINGFIELD;6;6;7;July;2019;7;Saturday;9;9:00am-9:59am;15;15;1;This section IS ON the NHS;6;Local Street - Municipality;KEARNEY ST;CONCORD AVE;2;Urban;3;Principal Arterial - Other;1;State Highway Agency;50;50;37.24073333;37.24073333;-93.29676111;-93.29676111;0;No Special Jurisdiction;12;Motor Vehicle In-Transport;6;Angle;0;No;2;Intersection;3;T-Intersection;0;None;1;On Roadway;1;Daylight;1;Clear;0;No Additional Atmospheric Conditions;1;Clear;0;No;0;Not Applicable;9;9:00am-9:59am;15;15;9;9:00am-9:59am;20;20;9;9:00am-9:59am;55;55;0;None;0;None;0;None;1;0
29;Missouri;290363;2;2;0;0;5;5;0;47;CLAY (47);4570;LIBERTY;5;5;7;July;2019;6;Friday;23;11:00pm-11:59pm;45;45;1;This section IS ON the NHS;3;State Highway;SR-291;GLENN HENDREN DR;2;Urban;3;Principal Arterial - Other;1;State Highway Agency;60;60;39.26201944;39.26201944;-94.44666111;-94.44666111;0;No Special Jurisdiction;12;Motor Vehicle In-Transport;2;Front-to-Front;0;No;2;Intersection;3;T-Intersection;0;None;1;On Roadway;3;Dark - Lighted;1;Clear;0;No Additional Atmospheric Conditions;1;Clear;0;No;0;Not Applicable;23;11:00pm-11:59pm;45;45;23;11:00pm-11:59pm;52;52;88;Not Applicable (Not Transported);88;Not Applicable (Not Transported);0;None;0;None;0;None;1;1
29;Missouri;290383;2;2;0;0;2;2;0;95;JACKSON (95);4490;LEES SUMMIT;7;7;5;May;2019;3;Tuesday;8;8:00am-8:59am;20;20;0;This section IS NOT on the NHS;6;Local Street - Municipality;SW 3RD ST;SW ROGERS DR;2;Urban;4;Minor Arterial;4;City or Municipal Highway Agency;20;20;38.91139444;38.91139444;-94.40001389;-94.40001389;0;No Special Jurisdiction;12;Motor Vehicle In-Transport;6;Angle;0;No;2;Intersection;3;T-Intersection;0;None;1;On Roadway;1;Daylight;2;Rain;10;Cloudy;2;Rain;0;No;0;Not Applicable;8;8:00am-8:59am;33;33;8;8:00am-8:59am;37;37;9;9:00am-9:59am;4;4;0;None;0;None;0;None;1;0
29;Missouri;290433;2;2;0;0;5;5;0;21;BUCHANAN (21);7070;SAINT JOSEPH;2;2;8;August;2019;6;Friday;16;4:00pm-4:59pm;23;23;0;This section IS NOT on the NHS;6;Local Street - Municipality;6TH ST;OAK ST;2;Urban;5;Major Collector;4;City or Municipal Highway Agency;10;10;39.74333889;39.74333889;-94.85286111;-94.85286111;0;No Special Jurisdiction;12;Motor Vehicle In-Transport;6;Angle;0;No;2;Intersection;3;T-Intersection;0;None;1;On Roadway;1;Daylight;10;Cloudy;0;No Additional Atmospheric Conditions;10;Cloudy;0;No;0;Not Applicable;16;4:00pm-4:59pm;26;26;16;4:00pm-4:59pm;27;27;16;4:00pm-4:59pm;42;42;0;None;0;None;0;None;1;1
29;Missouri;290436;2;2;0;0;3;3;0;213;TANEY (213);0;NOT APPLICABLE;11;11;8;August;2019;1;Sunday;13;1:00pm-1:59pm;10;10;1;This section IS ON the NHS;2;U.S. Highway;US-65;BRANSON CREEK BLVD;1;Rural;3;Principal Arterial - Other;1;State Highway Agency;70;70;36.58811111;36.58811111;-93.23133333;-93.23133333;0;No Special Jurisdiction;12;Motor Vehicle In-Transport;6;Angle;0;No;2;Intersection;3;T-Intersection;0;None;1;On Roadway;1;Daylight;10;Cloudy;0;No Additional Atmospheric Conditions;10;Cloudy;0;No;0;Not Applicable;99;Unknown;98;Unknown if Notified;99;Unknown EMS Scene Arrival Hour;98;Unknown if Arrived;88;Not Applicable (Not Transported);88;Not Applicable (Not Transported);0;None;0;None;0;None;1;0
29;Missouri;290474;1;1;0;1;1;1;1;95;JACKSON (95);3940;INDEPENDENCE;4;4;8;August;2019;1;Sunday;2;2:00am-2:59am;46;46;0;This section IS NOT on the NHS;6;Local Street - Municipality;COLLEGE ST;EMERY ST;2;Urban;7;Local;4;City or Municipal Highway Agency;0;None;39.09842778;39.09842778;-94.40691111;-94.40691111;0;No Special Jurisdiction;9;Pedalcyclist;0;The First Harmful Event was Not a Collision with a Motor Vehicle in Transport;0;No;2;Intersection;3;T-Intersection;0;None;1;On Roadway;3;Dark - Lighted;1;Clear;0;No Additional Atmospheric Conditions;1;Clear;0;No;0;Not Applicable;2;2:00am-2:59am;50;50;2;2:00am-2:59am;54;54;3;3:00am-3:59am;28;28;0;None;0;None;0;None;1;0
29;Missouri;290495;1;1;0;1;1;1;1;189;ST. LOUIS (189);1690;CLAYTON;23;23;8;August;2019;6;Friday;13;1:00pm-1:59pm;2;2;0;This section IS NOT on the NHS;6;Local Street - Municipality;OLYMPIAN WAY;FORSYTH BLVD;2;Urban;7;Local;26;Private (other than Railroad);0;None;38.6471;38.6471;-90.31250833;-90.31250833;0;No Special Jurisdiction;9;Pedalcyclist;0;The First Harmful Event was Not a Collision with a Motor Vehicle in Transport;0;No;3;Intersection-Related;3;T-Intersection;0;None;1;On Roadway;1;Daylight;1;Clear;0;No Additional Atmospheric Conditions;1;Clear;1;Yes;0;Not Applicable;13;1:00pm-1:59pm;5;5;13;1:00pm-1:59pm;9;9;13;1:00pm-1:59pm;23;23;0;None;0;None;0;None;1;0
29;Missouri;290510;1;1;0;0;1;1;0;95;JACKSON (95);4120;KANSAS CITY;29;29;8;August;2019;5;Thursday;12;12:00pm-12:59pm;15;15;0;This section IS NOT on the NHS;6;Local Street - Municipality;101ST TER;HILLCREST RD;2;Urban;7;Local;4;City or Municipal Highway Agency;0;None;38.94129167;38.94129167;-94.52240833;-94.52240833;0;No Special Jurisdiction;1;Rollover/Overturn;0;The First Harmful Event was Not a Collision with a Motor Vehicle in Transport;0;No;2;Intersection;3;T-Intersection;0;None;1;On Roadway;1;Daylight;1;Clear;0;No Additional Atmospheric Conditions;1;Clear;0;No;0;Not Applicable;12;12:00pm-12:59pm;15;15;12;12:00pm-12:59pm;23;23;12;12:00pm-12:59pm;35;35;0;None;0;None;0;None;1;0
29;Missouri;290513;1;1;0;1;1;1;1;97;JASPER (97);4100;JOPLIN;24;24;6;June;2019;2;Monday;19;7:00pm-7:59pm;20;20;0;This section IS NOT on the NHS;3;State Highway;SR-66;WALMART;2;Urban;4;Minor Arterial;1;State Highway Agency;100;100;37.08455833;37.08455833;-94.54621667;-94.54621667;0;No Special Jurisdiction;9;Pedalcyclist;0;The First Harmful Event was Not a Collision with a Motor Vehicle in Transport;0;No;3;Intersection-Related;3;T-Intersection;0;None;1;On Roadway;1;Daylight;1;Clear;0;No Additional Atmospheric Conditions;1;Clear;0;No;0;Not Applicable;19;7:00pm-7:59pm;22;22;19;7:00pm-7:59pm;26;26;19;7:00pm-7:59pm;41;41;0;None;0;None;0;None;1;0
29;Missouri;290539;2;2;0;0;2;2;0;95;JACKSON (95);3940;INDEPENDENCE;1;1;9;September;2019;1;Sunday;21;9:00pm-9:59pm;12;12;1;This section IS ON the NHS;2;U.S. Highway;US-24;ASH AVE;2;Urban;3;Principal Arterial - Other;1;State Highway Agency;140;140;39.10280278;39.10280278;-94.45640833;-94.45640833;0;No Special Jurisdiction;12;Motor Vehicle In-Transport;2;Front-to-Front;0;No;2;Intersection;3;T-Intersection;0;None;1;On Roadway;3;Dark - Lighted;1;Clear;0;No Additional Atmospheric Conditions;1;Clear;0;No;0;Not Applicable;21;9:00pm-9:59pm;16;16;21;9:00pm-9:59pm;20;20;21;9:00pm-9:59pm;47;47;0;None;0;None;0;None;1;1
29;Missouri;290554;1;1;0;1;4;4;1;183;ST. CHARLES (183);7010;SAINT CHARLES;11;11;9;September;2019;4;Wednesday;19;7:00pm-7:59pm;33;33;0;This section IS NOT on the NHS;6;Local Street - Municipality;RIVERSIDE DR;JEFFERSON ST;2;Urban;6;Minor Collector;4;City or Municipal Highway Agency;0;None;38.78088056;38.78088056;-90.48049722;-90.48049722;0;No Special Jurisdiction;8;Pedestrian;0;The First Harmful Event was Not a Collision with a Motor Vehicle in Transport;0;No;3;Intersection-Related;3;T-Intersection;0;None;1;On Roadway;3;Dark - Lighted;1;Clear;0;No Additional Atmospheric Conditions;1;Clear;0;No;0;Not Applicable;99;Unknown;99;Unknown;99;Unknown EMS Scene Arrival Hour;99;Unknown EMS Scene Arrival Minutes;99;Unknown;99;Unknown EMS Hospital Arrival Time;0;None;0;None;0;None;1;1
29;Missouri;290594;2;2;0;0;2;2;0;99;JEFFERSON (99);0;NOT APPLICABLE;29;29;9;September;2019;1;Sunday;19;7:00pm-7:59pm;0;0;1;This section IS ON the NHS;3;State Highway;SR-30;CR-NORTHWEST BLVD;2;Urban;3;Principal Arterial - Other;1;State Highway Agency;0;None;38.50088889;38.50088889;-90.46083333;-90.46083333;0;No Special Jurisdiction;12;Motor Vehicle In-Transport;1;Front-to-Rear;0;No;3;Intersection-Related;3;T-Intersection;0;None;1;On Roadway;3;Dark - Lighted;1;Clear;0;No Additional Atmospheric Conditions;1;Clear;0;No;0;Not Applicable;19;7:00pm-7:59pm;5;5;19;7:00pm-7:59pm;12;12;88;Not Applicable (Not Transported);88;Not Applicable (Not Transported);0;None;0;None;0;None;1;1
29;Missouri;290611;1;1;0;1;1;1;1;510;ST. LOUIS (CITY) (510);7080;SAINT LOUIS;6;6;2;February;2019;4;Wednesday;5;5:00am-5:59am;19;19;0;This section IS NOT on the NHS;6;Local Street - Municipality;CARONDELET BLVD;COURTOIS ST;2;Urban;4;Minor Arterial;4;City or Municipal Highway Agency;0;None;38.55563611;38.55563611;-90.27591944;-90.27591944;0;No Special Jurisdiction;8;Pedestrian;0;The First Harmful Event was Not a Collision with a Motor Vehicle in Transport;0;No;2;Intersection;3;T-Intersection;0;None;1;On Roadway;3;Dark - Lighted;2;Rain;0;No Additional Atmospheric Conditions;2;Rain;0;No;0;Not Applicable;5;5:00am-5:59am;2;2;5;5:00am-5:59am;14;14;88;Not Applicable (Not Transported);88;Not Applicable (Not Transported);0;None;0;None;0;None;1;0
29;Missouri;290628;1;1;0;1;1;1;1;189;ST. LOUIS (189);0;NOT APPLICABLE;19;19;9;September;2019;5;Thursday;2;2:00am-2:59am;30;30;1;This section IS ON the NHS;4;County Road;CR-CHAMBERS RD;CR-BON OAK DR;2;Urban;3;Principal Arterial - Other;2;County Highway Agency;20;20;38.74936944;38.74936944;-90.26994444;-90.26994444;0;No Special Jurisdiction;8;Pedestrian;0;The First Harmful Event was Not a Collision with a Motor Vehicle in Transport;0;No;2;Intersection;3;T-Intersection;0;None;1;On Roadway;2;Dark - Not Lighted;1;Clear;0;No Additional Atmospheric Conditions;1;Clear;0;No;0;Not Applicable;99;Unknown;98;Unknown if Notified;99;Unknown EMS Scene Arrival Hour;98;Unknown if Arrived;88;Not Applicable (Not Transported);88;Not Applicable (Not Transported);0;None;0;None;0;None;1;0
29;Missouri;290642;1;1;0;3;1;1;3;189;ST. LOUIS (189);9999;Unknown;4;4;10;October;2019;6;Friday;21;9:00pm-9:59pm;20;20;1;This section IS ON the NHS;4;County Road;CR-CHAMBERS RD;CR-CLAIRMONT DR;2;Urban;3;Principal Arterial - Other;2;County Highway Agency;40;40;38.74935833;38.74935833;-90.26853056;-90.26853056;0;No Special Jurisdiction;8;Pedestrian;0;The First Harmful Event was Not a Collision with a Motor Vehicle in Transport;0;No;2;Intersection;3;T-Intersection;0;None;1;On Roadway;2;Dark - Not Lighted;1;Clear;0;No Additional Atmospheric Conditions;1;Clear;0;No;0;Not Applicable;21;9:00pm-9:59pm;23;23;21;9:00pm-9:59pm;23;23;21;9:00pm-9:59pm;48;48;0;None;0;None;0;None;1;0
29;Missouri;290658;2;2;0;0;3;3;0;225;WEBSTER (225);2810;FORDLAND;6;6;10;October;2019;1;Sunday;15;3:00pm-3:59pm;15;15;1;This section IS ON the NHS;2;U.S. Highway;US-60;SR-Z;1;Rural;3;Principal Arterial - Other;1;State Highway Agency;90;90;37.15936111;37.15936111;-92.919;-92.919;0;No Special Jurisdiction;59;Traffic Sign Support;0;The First Harmful Event was Not a Collision with a Motor Vehicle in Transport;0;No;3;Intersection-Related;3;T-Intersection;0;None;12;Pedestrian Refuge Island or Traffic Island;1;Daylight;2;Rain;10;Cloudy;2;Rain;0;No;0;Not Applicable;15;3:00pm-3:59pm;16;16;15;3:00pm-3:59pm;29;29;16;4:00pm-4:59pm;11;11;0;None;0;None;0;None;1;0
29;Missouri;290672;1;1;0;1;1;1;1;510;ST. LOUIS (CITY) (510);7080;SAINT LOUIS;15;15;9;September;2019;1;Sunday;19;7:00pm-7:59pm;44;44;1;This section IS ON the NHS;6;Local Street - Municipality;GRAND BLVD;MONTGOMERY ST;1;Rural;3;Principal Arterial - Other;4;City or Municipal Highway Agency;20;20;38.65289444;38.65289444;-90.22268056;-90.22268056;0;No Special Jurisdiction;8;Pedestrian;0;The First Harmful Event was Not a Collision with a Motor Vehicle in Transport;0;No;2;Intersection;3;T-Intersection;0;None;1;On Roadway;3;Dark - Lighted;1;Clear;0;No Additional Atmospheric Conditions;1;Clear;0;No;0;Not Applicable;19;7:00pm-7:59pm;43;43;19;7:00pm-7:59pm;56;56;20;8:00pm-8:59pm;8;8;0;None;0;None;0;None;1;0
29;Missouri;290694;2;2;0;0;4;4;0;510;ST. LOUIS (CITY) (510);7080;SAINT LOUIS;3;3;11;November;2019;1;Sunday;1;1:00am-1:59am;3;3;1;This section IS ON the NHS;6;Local Street - Municipality;KINGSHIGHWAY BLVD;HIGHLAND AVE;2;Urban;3;Principal Arterial - Other;4;City or Municipal Highway Agency;20;20;38.66813889;38.66813889;-90.25794722;-90.25794722;0;No Special Jurisdiction;12;Motor Vehicle In-Transport;6;Angle;0;No;2;Intersection;3;T-Intersection;0;None;1;On Roadway;3;Dark - Lighted;1;Clear;0;No Additional Atmospheric Conditions;1;Clear;0;No;0;Not Applicable;1;1:00am-1:59am;2;2;1;1:00am-1:59am;6;6;1;1:00am-1:59am;33;33;0;None;0;None;0;None;1;0
29;Missouri;290698;2;2;0;0;4;4;0;95;JACKSON (95);4120;KANSAS CITY;6;6;11;November;2019;4;Wednesday;12;12:00pm-12:59pm;22;22;1;This section IS ON the NHS;2;U.S. Highway;US-40;STADIUM DR;2;Urban;3;Principal Arterial - Other;1;State Highway Agency;90;90;39.06252778;39.06252778;-94.47823889;-94.47823889;0;No Special Jurisdiction;12;Motor Vehicle In-Transport;6;Angle;0;No;2;Intersection;3;T-Intersection;0;None;1;On Roadway;1;Daylight;1;Clear;0;No Additional Atmospheric Conditions;1;Clear;0;No;0;Not Applicable;12;12:00pm-12:59pm;22;22;12;12:00pm-12:59pm;33;33;12;12:00pm-12:59pm;53;53;0;None;0;None;0;None;1;0
29;Missouri;290733;2;2;0;0;6;6;0;23;BUTLER (23);0;NOT APPLICABLE;26;26;11;November;2019;3;Tuesday;18;6:00pm-6:59pm;40;40;1;This section IS ON the NHS;3;State Highway;SR-53;SR-51 NJ;1;Rural;3;Principal Arterial - Other;1;State Highway Agency;150;150;36.62436111;36.62436111;-90.28027778;-90.28027778;0;No Special Jurisdiction;12;Motor Vehicle In-Transport;1;Front-to-Rear;0;No;2;Intersection;3;T-Intersection;0;None;1;On Roadway;2;Dark - Not Lighted;2;Rain;10;Cloudy;2;Rain;0;No;0;Not Applicable;6;6:00am-6:59am;46;46;7;7:00am-7:59am;8;8;88;Not Applicable (Not Transported);88;Not Applicable (Not Transported);0;None;0;None;0;None;1;0
29;Missouri;290751;1;1;0;1;2;2;1;51;COLE (51);0;NOT APPLICABLE;19;19;11;November;2019;3;Tuesday;10;10:00am-10:59am;58;58;1;This section IS ON the NHS;2;U.S. Highway;US-54;SR-E;1;Rural;3;Principal Arterial - Other;1;State Highway Agency;70;70;38.44016667;38.44016667;-92.30380556;-92.30380556;0;No Special Jurisdiction;8;Pedestrian;0;The First Harmful Event was Not a Collision with a Motor Vehicle in Transport;0;No;2;Intersection;3;T-Intersection;0;None;1;On Roadway;1;Daylight;10;Cloudy;0;No Additional Atmospheric Conditions;10;Cloudy;0;No;0;Not Applicable;99;Unknown;98;Unknown if Notified;99;Unknown EMS Scene Arrival Hour;98;Unknown if Arrived;88;Not Applicable (Not Transported);88;Not Applicable (Not Transported);0;None;0;None;0;None;1;0
29;Missouri;290759;1;1;0;1;1;1;1;95;JACKSON (95);4120;KANSAS CITY;5;5;12;December;2019;5;Thursday;15;3:00pm-3:59pm;40;40;0;This section IS NOT on the NHS;6;Local Street - Municipality;E LINWOOD BLVD;POPLAR AVE;2;Urban;4;Minor Arterial;4;City or Municipal Highway Agency;0;None;39.06741944;39.06741944;-94.52680833;-94.52680833;0;No Special Jurisdiction;8;Pedestrian;0;The First Harmful Event was Not a Collision with a Motor Vehicle in Transport;0;No;2;Intersection;3;T-Intersection;0;None;1;On Roadway;1;Daylight;1;Clear;0;No Additional Atmospheric Conditions;1;Clear;0;No;0;Not Applicable;15;3:00pm-3:59pm;40;40;15;3:00pm-3:59pm;44;44;15;3:00pm-3:59pm;52;52;0;None;0;None;0;None;1;0
29;Missouri;290761;2;2;0;0;4;4;0;99;JEFFERSON (99);0;NOT APPLICABLE;24;24;11;November;2019;1;Sunday;14;2:00pm-2:59pm;59;59;1;This section IS ON the NHS;3;State Highway;SR-21;LIBERTY RIDGE RD;1;Rural;3;Principal Arterial - Other;1;State Highway Agency;100;100;38.17972222;38.17972222;-90.56330556;-90.56330556;0;No Special Jurisdiction;12;Motor Vehicle In-Transport;2;Front-to-Front;0;No;2;Intersection;3;T-Intersection;0;None;1;On Roadway;1;Daylight;1;Clear;0;No Additional Atmospheric Conditions;1;Clear;0;No;0;Not Applicable;15;3:00pm-3:59pm;18;18;15;3:00pm-3:59pm;23;23;15;3:00pm-3:59pm;58;58;0;None;0;None;0;None;2;0
29;Missouri;290787;2;2;0;0;2;2;0;159;PETTIS (159);0;NOT APPLICABLE;25;25;11;November;2019;2;Monday;10;10:00am-10:59am;35;35;1;This section IS ON the NHS;2;U.S. Highway;US-50;CR-RISSLER RD;2;Urban;3;Principal Arterial - Other;1;State Highway Agency;190;190;38.69616667;38.69616667;-93.17180556;-93.17180556;0;No Special Jurisdiction;12;Motor Vehicle In-Transport;6;Angle;0;No;2;Intersection;3;T-Intersection;0;None;1;On Roadway;1;Daylight;1;Clear;0;No Additional Atmospheric Conditions;1;Clear;0;No;0;Not Applicable;99;Unknown;99;Unknown;99;Unknown EMS Scene Arrival Hour;99;Unknown EMS Scene Arrival Minutes;99;Unknown;99;Unknown EMS Hospital Arrival Time;0;None;0;None;0;None;1;0
29;Missouri;290817;2;2;0;0;2;2;0;159;PETTIS (159);7210;SEDALIA;26;26;7;July;2019;6;Friday;9;9:00am-9:59am;39;39;0;This section IS NOT on the NHS;6;Local Street - Municipality;W 16TH ST;STONE CREEK DR;2;Urban;4;Minor Arterial;4;City or Municipal Highway Agency;130;130;38.69923889;38.69923889;-93.26994722;-93.26994722;0;No Special Jurisdiction;12;Motor Vehicle In-Transport;6;Angle;0;No;2;Intersection;3;T-Intersection;0;None;1;On Roadway;1;Daylight;1;Clear;0;No Additional Atmospheric Conditions;1;Clear;0;No;0;Not Applicable;99;Unknown;98;Unknown if Notified;99;Unknown EMS Scene Arrival Hour;98;Unknown if Arrived;88;Not Applicable (Not Transported);88;Not Applicable (Not Transported);0;None;0;None;0;None;1;0
30;Montana;300003;2;2;0;0;3;3;0;21;DAWSON (21);0;NOT APPLICABLE;6;6;1;January;2019;1;Sunday;16;4:00pm-4:59pm;47;47;1;This section IS ON the NHS;3;State Highway;SR-200;I-94;1;Rural;3;Principal Arterial - Other;1;State Highway Agency;3249;3249;47.10235556;47.10235556;-104.7700556;-104.77005556;0;No Special Jurisdiction;12;Motor Vehicle In-Transport;6;Angle;1;Yes;3;Intersection-Related;3;T-Intersection;0;None;1;On Roadway;5;Dusk;1;Clear;0;No Additional Atmospheric Conditions;1;Clear;0;No;0;Not Applicable;16;4:00pm-4:59pm;57;57;17;5:00pm-5:59pm;10;10;88;Not Applicable (Not Transported);88;Not Applicable (Not Transported);0;None;0;None;0;None;1;0
30;Montana;300042;2;2;0;0;6;6;0;3;BIG HORN (3);0;NOT APPLICABLE;23;23;5;May;2019;5;Thursday;12;12:00pm-12:59pm;0;0;1;This section IS ON the NHS;2;U.S. Highway;US-212;CR-314;1;Rural;3;Principal Arterial - Other;1;State Highway Agency;236;236;45.52892222;45.52892222;-106.9899972;-106.98999722;3;Indian Reservation;12;Motor Vehicle In-Transport;6;Angle;0;No;2;Intersection;3;T-Intersection;0;None;1;On Roadway;1;Daylight;10;Cloudy;0;No Additional Atmospheric Conditions;10;Cloudy;0;No;0;Not Applicable;12;12:00pm-12:59pm;3;3;12;12:00pm-12:59pm;20;20;12;12:00pm-12:59pm;48;48;0;None;0;None;0;None;1;1
30;Montana;300046;2;2;0;0;6;6;0;63;MISSOULA (63);0;NOT APPLICABLE;30;30;5;May;2019;5;Thursday;14;2:00pm-2:59pm;38;38;1;This section IS ON the NHS;2;U.S. Highway;US-93;CR-CONCHISE DRIVE;1;Rural;3;Principal Arterial - Other;1;State Highway Agency;872;872;46.80514444;46.80514444;-114.0984056;-114.09840556;0;No Special Jurisdiction;12;Motor Vehicle In-Transport;6;Angle;0;No;2;Intersection;3;T-Intersection;0;None;1;On Roadway;1;Daylight;1;Clear;0;No Additional Atmospheric Conditions;1;Clear;0;No;0;Not Applicable;14;2:00pm-2:59pm;38;38;14;2:00pm-2:59pm;47;47;15;3:00pm-3:59pm;26;26;0;None;0;None;0;None;1;0
30;Montana;300054;1;1;0;0;1;1;0;111;YELLOWSTONE (111);0;NOT APPLICABLE;6;6;6;June;2019;5;Thursday;22;10:00pm-10:59pm;36;36;0;This section IS NOT on the NHS;6;Local Street - Municipality;BITTEROOT DR;DOVER RD;2;Urban;7;Local;2;County Highway Agency;0;None;45.85612778;45.85612778;-108.4455306;-108.44553056;0;No Special Jurisdiction;35;Embankment;0;The First Harmful Event was Not a Collision with a Motor Vehicle in Transport;0;No;3;Intersection-Related;3;T-Intersection;0;None;5;Outside Trafficway;2;Dark - Not Lighted;1;Clear;0;No Additional Atmospheric Conditions;1;Clear;0;No;0;Not Applicable;22;10:00pm-10:59pm;40;40;22;10:00pm-10:59pm;47;47;88;Not Applicable (Not Transported);88;Not Applicable (Not Transported);0;None;0;None;0;None;1;1
30;Montana;300057;1;1;0;0;2;2;0;89;SANDERS (89);0;NOT APPLICABLE;9;9;6;June;2019;1;Sunday;2;2:00am-2:59am;45;45;0;This section IS NOT on the NHS;3;State Highway;SR-382;SR-200;1;Rural;5;Major Collector;1;State Highway Agency;0;None;47.36508056;47.36508056;-114.5761917;-114.57619167;3;Indian Reservation;42;Tree (Standing Only);0;The First Harmful Event was Not a Collision with a Motor Vehicle in Transport;0;No;3;Intersection-Related;3;T-Intersection;0;None;4;On Roadside;2;Dark - Not Lighted;10;Cloudy;0;No Additional Atmospheric Conditions;10;Cloudy;0;No;0;Not Applicable;2;2:00am-2:59am;53;53;3;3:00am-3:59am;11;11;5;5:00am-5:59am;0;0;0;None;0;None;0;None;1;1
30;Montana;300090;2;2;0;0;2;2;0;49;LEWIS AND CLARK (49);590;HELENA;27;27;7;July;2019;7;Saturday;6;6:00am-6:59am;44;44;1;This section IS ON the NHS;2;U.S. Highway;US-12 PROSPECT AVE;CR-CARTER DR;2;Urban;3;Principal Arterial - Other;1;State Highway Agency;0;None;46.591275;46.591275;-111.9862333;-111.98623333;0;No Special Jurisdiction;12;Motor Vehicle In-Transport;6;Angle;0;No;2;Intersection;3;T-Intersection;0;None;1;On Roadway;1;Daylight;1;Clear;0;No Additional Atmospheric Conditions;1;Clear;0;No;0;Not Applicable;99;Unknown;99;Unknown;99;Unknown EMS Scene Arrival Hour;99;Unknown EMS Scene Arrival Minutes;88;Not Applicable (Not Transported);88;Not Applicable (Not Transported);0;None;0;None;0;None;1;0
30;Montana;300091;1;1;0;0;1;1;0;105;VALLEY (105);0;NOT APPLICABLE;30;30;7;July;2019;3;Tuesday;1;1:00am-1:59am;30;30;0;This section IS NOT on the NHS;3;State Highway;SR-24 N;SR-24 S;1;Rural;4;Minor Arterial;1;State Highway Agency;0;None;48.16627778;48.16627778;-106.5976056;-106.59760556;0;No Special Jurisdiction;59;Traffic Sign Support;0;The First Harmful Event was Not a Collision with a Motor Vehicle in Transport;0;No;3;Intersection-Related;3;T-Intersection;0;None;4;On Roadside;2;Dark - Not Lighted;1;Clear;0;No Additional Atmospheric Conditions;1;Clear;0;No;0;Not Applicable;88;Not Applicable (Not Notified);88;Not Applicable (Not Notified);88;Not Applicable;88;Not Applicable;88;Not Applicable (Not Transported);88;Not Applicable (Not Transported);0;None;0;None;0;None;1;1
30;Montana;300096;2;2;0;0;4;4;0;53;LINCOLN (53);0;NOT APPLICABLE;10;10;8;August;2019;7;Saturday;10;10:00am-10:59am;20;20;1;This section IS ON the NHS;2;U.S. Highway;US-2;CR-LANG CREEK RD;1;Rural;3;Principal Arterial - Other;1;State Highway Agency;801;801;48.02309167;48.02309167;-115.0129194;-115.01291944;0;No Special Jurisdiction;5;Fell/Jumped from Vehicle;0;The First Harmful Event was Not a Collision with a Motor Vehicle in Transport;0;No;2;Intersection;3;T-Intersection;0;None;1;On Roadway;1;Daylight;1;Clear;0;No Additional Atmospheric Conditions;1;Clear;0;No;0;Not Applicable;10;10:00am-10:59am;44;44;10;10:00am-10:59am;49;49;88;Not Applicable (Not Transported);88;Not Applicable (Not Transported);14;Motor Vehicle struck by falling cargo,or something that came loose from or something that was set in motion by a vehicle;0;None;0;None;1;0