STATE;STATENAME;ST_CASE;VE_TOTAL;VE_FORMS;PVH_INVL;PEDS;PERSONS;PERMVIT;PERNOTMVIT;COUNTY;COUNTYNAME;CITY;CITYNAME;DAY;DAYNAME;MONTH;MONTHNAME;YEAR;DAY_WEEK;DAY_WEEKNAME;HOUR;HOURNAME;MINUTE;MINUTENAME;NHS;NHSNAME;ROUTE;ROUTENAME;TWAY_ID;TWAY_ID2;RUR_URB;RUR_URBNAME;FUNC_SYS;FUNC_SYSNAME;RD_OWNER;RD_OWNERNAME;MILEPT;MILEPTNAME;LATITUDE;LATITUDENAME;LONGITUD;LONGITUDNAME;SP_JUR;SP_JURNAME;HARM_EV;HARM_EVNAME;MAN_COLL;MAN_COLLNAME;RELJCT1;RELJCT1NAME;RELJCT2;RELJCT2NAME;TYP_INT;TYP_INTNAME;WRK_ZONE;WRK_ZONENAME;REL_ROAD;REL_ROADNAME;LGT_COND;LGT_CONDNAME;WEATHER1;WEATHER1NAME;WEATHER2;WEATHER2NAME;WEATHER;WEATHERNAME;SCH_BUS;SCH_BUSNAME;RAIL;RAILNAME;NOT_HOUR;NOT_HOURNAME;NOT_MIN;NOT_MINNAME;ARR_HOUR;ARR_HOURNAME;ARR_MIN;ARR_MINNAME;HOSP_HR;HOSP_HRNAME;HOSP_MN;HOSP_MNNAME;CF1;CF1NAME;CF2;CF2NAME;CF3;CF3NAME;FATALS;DRUNK_DR
34;New Jersey;340309;3;3;0;0;3;3;0;9;CAPE MAY (9);0;NOT APPLICABLE;1;1;9;September;2019;1;Sunday;19;7:00pm-7:59pm;59;59;0;This section IS NOT on the NHS;2;U.S. Highway;US-9;BAYVIEW RD;2;Urban;4;Minor Arterial;1;State Highway Agency;86;86;39.24215;39.24215;-74.66999167;-74.66999167;0;No Special Jurisdiction;12;Motor Vehicle In-Transport;6;Angle;0;No;2;Intersection;3;T-Intersection;0;None;1;On Roadway;5;Dusk;1;Clear;0;No Additional Atmospheric Conditions;1;Clear;0;No;0;Not Applicable;19;7:00pm-7:59pm;56;56;20;8:00pm-8:59pm;4;4;20;8:00pm-8:59pm;37;37;0;None;0;None;0;None;1;0
34;New Jersey;340317;1;1;0;1;1;1;1;39;UNION (39);3290;SUMMIT;22;22;9;September;2019;1;Sunday;21;9:00pm-9:59pm;32;32;1;This section IS ON the NHS;4;County Road;CR-512 BROAD ST;PARK PL;2;Urban;4;Minor Arterial;2;County Highway Agency;321;321;40.71262222;40.71262222;-74.34635556;-74.34635556;0;No Special Jurisdiction;8;Pedestrian;0;The First Harmful Event was Not a Collision with a Motor Vehicle in Transport;0;No;2;Intersection;3;T-Intersection;0;None;1;On Roadway;3;Dark - Lighted;1;Clear;0;No Additional Atmospheric Conditions;1;Clear;0;No;0;Not Applicable;21;9:00pm-9:59pm;32;32;21;9:00pm-9:59pm;35;35;22;10:00pm-10:59pm;13;13;0;None;0;None;0;None;1;0
34;New Jersey;340349;2;2;0;0;2;2;0;23;MIDDLESEX (23);3144;SOUTH BRUNSWICK;8;8;8;August;2019;5;Thursday;20;8:00pm-8:59pm;50;50;1;This section IS ON the NHS;4;County Road;CR-535 CRANBURY RD;DAVIDSONS MILL RD;2;Urban;3;Principal Arterial - Other;2;County Highway Agency;209;209;40.38496111;40.38496111;-74.44402222;-74.44402222;0;No Special Jurisdiction;12;Motor Vehicle In-Transport;6;Angle;0;No;2;Intersection;3;T-Intersection;0;None;1;On Roadway;2;Dark - Not Lighted;1;Clear;0;No Additional Atmospheric Conditions;1;Clear;0;No;0;Not Applicable;20;8:00pm-8:59pm;48;48;20;8:00pm-8:59pm;54;54;88;Not Applicable (Not Transported);88;Not Applicable (Not Transported);0;None;0;None;0;None;1;1
34;New Jersey;340362;2;2;0;0;2;2;0;25;MONMOUTH (25);0;NOT APPLICABLE;26;26;8;August;2019;2;Monday;19;7:00pm-7:59pm;57;57;0;This section IS NOT on the NHS;6;Local Street - Municipality;OLD RT 33;BERGEN MILLS RD;2;Urban;7;Local;4;City or Municipal Highway Agency;0;None;40.26230556;40.26230556;-74.41898611;-74.41898611;0;No Special Jurisdiction;12;Motor Vehicle In-Transport;2;Front-to-Front;0;No;2;Intersection;3;T-Intersection;0;None;1;On Roadway;5;Dusk;1;Clear;0;No Additional Atmospheric Conditions;1;Clear;0;No;0;Not Applicable;19;7:00pm-7:59pm;36;36;19;7:00pm-7:59pm;47;47;88;Not Applicable (Not Transported);88;Not Applicable (Not Transported);0;None;0;None;0;None;1;1
34;New Jersey;340384;1;1;0;0;2;2;0;7;CAMDEN (7);600;CHESILHURST;17;17;9;September;2019;3;Tuesday;14;2:00pm-2:59pm;30;30;0;This section IS NOT on the NHS;6;Local Street - Municipality;CENTER AVE;SHERMAN AVE;1;Rural;7;Local;4;City or Municipal Highway Agency;0;None;39.72887222;39.72887222;-74.86863611;-74.86863611;0;No Special Jurisdiction;42;Tree (Standing Only);0;The First Harmful Event was Not a Collision with a Motor Vehicle in Transport;0;No;3;Intersection-Related;3;T-Intersection;0;None;5;Outside Trafficway;1;Daylight;1;Clear;0;No Additional Atmospheric Conditions;1;Clear;0;No;0;Not Applicable;14;2:00pm-2:59pm;33;33;14;2:00pm-2:59pm;39;39;15;3:00pm-3:59pm;42;42;0;None;0;None;0;None;1;0
34;New Jersey;340387;1;1;0;1;1;1;1;39;UNION (39);2630;PLAINFIELD;29;29;9;September;2019;1;Sunday;19;7:00pm-7:59pm;14;14;0;This section IS NOT on the NHS;4;County Road;CR-531 PARK AVE;BELLEVIEW AVE;2;Urban;4;Minor Arterial;2;County Highway Agency;70;70;40.60182778;40.60182778;-74.40300556;-74.40300556;0;No Special Jurisdiction;8;Pedestrian;0;The First Harmful Event was Not a Collision with a Motor Vehicle in Transport;0;No;3;Intersection-Related;3;T-Intersection;0;None;1;On Roadway;3;Dark - Lighted;1;Clear;0;No Additional Atmospheric Conditions;1;Clear;0;No;0;Not Applicable;19;7:00pm-7:59pm;15;15;19;7:00pm-7:59pm;19;19;20;8:00pm-8:59pm;2;2;0;None;0;None;0;None;1;0
34;New Jersey;340389;1;1;0;1;1;1;1;7;CAMDEN (7);520;CAMDEN;19;19;9;September;2019;5;Thursday;19;7:00pm-7:59pm;43;43;0;This section IS NOT on the NHS;4;County Road;CR-601 MARLTON PIKE;BERWICK AVE;2;Urban;4;Minor Arterial;2;County Highway Agency;18;18;39.945025;39.945025;-75.09255278;-75.09255278;0;No Special Jurisdiction;8;Pedestrian;0;The First Harmful Event was Not a Collision with a Motor Vehicle in Transport;0;No;3;Intersection-Related;3;T-Intersection;0;None;98;Not Reported;3;Dark - Lighted;1;Clear;0;No Additional Atmospheric Conditions;1;Clear;0;No;0;Not Applicable;19;7:00pm-7:59pm;42;42;19;7:00pm-7:59pm;47;47;19;7:00pm-7:59pm;56;56;0;None;0;None;0;None;1;0
34;New Jersey;340390;1;1;0;1;1;1;1;15;GLOUCESTER (15);3569;WEST DEPTFORD;19;19;9;September;2019;5;Thursday;21;9:00pm-9:59pm;40;40;1;This section IS ON the NHS;3;State Highway;SR-45;HESSIAN AVE;2;Urban;3;Principal Arterial - Other;1;State Highway Agency;270;270;39.85201389;39.85201389;-75.14242778;-75.14242778;0;No Special Jurisdiction;8;Pedestrian;0;The First Harmful Event was Not a Collision with a Motor Vehicle in Transport;0;No;3;Intersection-Related;3;T-Intersection;0;None;1;On Roadway;3;Dark - Lighted;1;Clear;0;No Additional Atmospheric Conditions;1;Clear;0;No;0;Not Applicable;99;Unknown;99;Unknown;99;Unknown EMS Scene Arrival Hour;99;Unknown EMS Scene Arrival Minutes;99;Unknown;99;Unknown EMS Hospital Arrival Time;0;None;0;None;0;None;1;0
34;New Jersey;340393;2;1;1;0;2;1;1;1;ATLANTIC (1);2640;PLEASANTVILLE;24;24;9;September;2019;3;Tuesday;1;1:00am-1:59am;21;21;1;This section IS ON the NHS;2;U.S. Highway;US-9;WESLEY AVE;2;Urban;3;Principal Arterial - Other;1;State Highway Agency;404;404;39.39741389;39.39741389;-74.52709722;-74.52709722;0;No Special Jurisdiction;45;Working Motor Vehicle;0;The First Harmful Event was Not a Collision with a Motor Vehicle in Transport;0;No;3;Intersection-Related;3;T-Intersection;1;Construction;1;On Roadway;3;Dark - Lighted;10;Cloudy;0;No Additional Atmospheric Conditions;10;Cloudy;0;No;0;Not Applicable;1;1:00am-1:59am;26;26;1;1:00am-1:59am;31;31;1;1:00am-1:59am;59;59;3;Other Maintenance or Construction-Created Condition;0;None;0;None;1;1
34;New Jersey;340401;3;3;0;0;3;3;0;29;OCEAN (29);1801;MANCHESTER TOWNSHIP;6;6;10;October;2019;1;Sunday;11;11:00am-11:59am;34;34;0;This section IS NOT on the NHS;4;County Road;CR-539 WHITING RD;CHERRY ST;2;Urban;5;Major Collector;2;County Highway Agency;242;242;39.94425833;39.94425833;-74.39135833;-74.39135833;0;No Special Jurisdiction;12;Motor Vehicle In-Transport;11;Other;0;No;3;Intersection-Related;3;T-Intersection;0;None;1;On Roadway;1;Daylight;1;Clear;0;No Additional Atmospheric Conditions;1;Clear;0;No;0;Not Applicable;11;11:00am-11:59am;34;34;11;11:00am-11:59am;50;50;88;Not Applicable (Not Transported);88;Not Applicable (Not Transported);0;None;0;None;0;None;1;0
34;New Jersey;340411;2;2;0;0;2;2;0;23;MIDDLESEX (23);779;EAST BRUNSWICK;24;24;10;October;2019;5;Thursday;14;2:00pm-2:59pm;13;13;0;This section IS NOT on the NHS;6;Local Street - Municipality;VILLAGE RD;APPLEGATE LN;2;Urban;7;Local;4;City or Municipal Highway Agency;0;None;40.40724722;40.40724722;-74.41327778;-74.41327778;0;No Special Jurisdiction;12;Motor Vehicle In-Transport;2;Front-to-Front;0;No;2;Intersection;3;T-Intersection;0;None;1;On Roadway;1;Daylight;1;Clear;0;No Additional Atmospheric Conditions;1;Clear;0;No;0;Not Applicable;16;4:00pm-4:59pm;42;42;16;4:00pm-4:59pm;57;57;17;5:00pm-5:59pm;29;29;0;None;0;None;0;None;1;0
34;New Jersey;340424;1;1;0;1;1;1;1;17;HUDSON (17);1520;JERSEY CITY;5;5;11;November;2019;3;Tuesday;7;7:00am-7:59am;16;16;1;This section IS ON the NHS;2;U.S. Highway;US-1 TRUCK;BROADWAY AVE;2;Urban;3;Principal Arterial - Other;1;State Highway Agency;35;35;40.73708333;40.73708333;-74.07511944;-74.07511944;0;No Special Jurisdiction;8;Pedestrian;0;The First Harmful Event was Not a Collision with a Motor Vehicle in Transport;0;No;3;Intersection-Related;3;T-Intersection;0;None;1;On Roadway;1;Daylight;1;Clear;0;No Additional Atmospheric Conditions;1;Clear;0;No;0;Not Applicable;7;7:00am-7:59am;3;3;7;7:00am-7:59am;11;11;88;Not Applicable (Not Transported);88;Not Applicable (Not Transported);0;None;0;None;0;None;1;0
34;New Jersey;340425;2;2;0;1;2;2;1;13;ESSEX (13);2130;NEWARK;2;2;10;October;2019;4;Wednesday;19;7:00pm-7:59pm;13;13;1;This section IS ON the NHS;4;County Road;CR-510 SOUTH ORANGE AVE;FAIRMONT AVE;2;Urban;3;Principal Arterial - Other;4;City or Municipal Highway Agency;280;280;40.73919444;40.73919444;-74.19500556;-74.19500556;0;No Special Jurisdiction;8;Pedestrian;0;The First Harmful Event was Not a Collision with a Motor Vehicle in Transport;0;No;3;Intersection-Related;3;T-Intersection;0;None;1;On Roadway;3;Dark - Lighted;2;Rain;0;No Additional Atmospheric Conditions;2;Rain;0;No;0;Not Applicable;19;7:00pm-7:59pm;14;14;19;7:00pm-7:59pm;17;17;19;7:00pm-7:59pm;31;31;14;Motor Vehicle struck by falling cargo,or something that came loose from or something that was set in motion by a vehicle;0;None;0;None;1;0
34;New Jersey;340430;1;1;0;0;1;1;0;5;BURLINGTON (5);0;NOT APPLICABLE;27;27;11;November;2019;4;Wednesday;17;5:00pm-5:59pm;56;56;0;This section IS NOT on the NHS;4;County Road;CR-528 JACOBSTOWN NEW EGYPT RD;JACOBSTOWN ARNEYTOWN RD;1;Rural;5;Major Collector;2;County Highway Agency;89;89;40.076375;40.076375;-74.58205278;-74.58205278;0;No Special Jurisdiction;43;Other Fixed Object;0;The First Harmful Event was Not a Collision with a Motor Vehicle in Transport;0;No;3;Intersection-Related;3;T-Intersection;0;None;98;Not Reported;3;Dark - Lighted;1;Clear;0;No Additional Atmospheric Conditions;1;Clear;0;No;0;Not Applicable;18;6:00pm-6:59pm;3;3;18;6:00pm-6:59pm;10;10;88;Not Applicable (Not Transported);88;Not Applicable (Not Transported);0;None;0;None;0;None;1;1
34;New Jersey;340433;1;1;0;1;1;1;1;13;ESSEX (13);2130;NEWARK;18;18;11;November;2019;2;Monday;18;6:00pm-6:59pm;20;20;0;This section IS NOT on the NHS;6;Local Street - Municipality;PACIFIC ST;WARWICK ST;2;Urban;7;Local;4;City or Municipal Highway Agency;0;None;40.72632778;40.72632778;-74.1664;-74.1664;0;No Special Jurisdiction;8;Pedestrian;0;The First Harmful Event was Not a Collision with a Motor Vehicle in Transport;0;No;3;Intersection-Related;3;T-Intersection;0;None;1;On Roadway;2;Dark - Not Lighted;2;Rain;0;No Additional Atmospheric Conditions;2;Rain;0;No;0;Not Applicable;18;6:00pm-6:59pm;22;22;18;6:00pm-6:59pm;31;31;18;6:00pm-6:59pm;51;51;0;None;0;None;0;None;1;0
34;New Jersey;340437;1;1;0;1;1;1;1;25;MONMOUTH (25);1925;MIDDLETOWN;7;7;10;October;2019;2;Monday;15;3:00pm-3:59pm;0;0;0;This section IS NOT on the NHS;4;County Road;CR-50 MIDDLETOWN LINCROFT RD;SUNNYSIDE RD;2;Urban;4;Minor Arterial;2;County Highway Agency;36;36;40.35368611;40.35368611;-74.12727778;-74.12727778;0;No Special Jurisdiction;52;Guardrail End;0;The First Harmful Event was Not a Collision with a Motor Vehicle in Transport;0;No;3;Intersection-Related;3;T-Intersection;0;None;4;On Roadside;1;Daylight;1;Clear;0;No Additional Atmospheric Conditions;1;Clear;0;No;0;Not Applicable;15;3:00pm-3:59pm;2;2;15;3:00pm-3:59pm;14;14;15;3:00pm-3:59pm;50;50;15;Non-occupant struck by falling cargo, or something that came loose from, or something that was set in motion by a vehicle;0;None;0;None;1;0
34;New Jersey;340449;5;3;2;0;4;4;0;23;MIDDLESEX (23);2970;SAYREVILLE;2;2;11;November;2019;7;Saturday;11;11:00am-11:59am;9;9;0;This section IS NOT on the NHS;4;County Road;CR-673 ERNSTON RD;SINGER CT;2;Urban;4;Minor Arterial;2;County Highway Agency;5;5;40.45911667;40.45911667;-74.30741944;-74.30741944;0;No Special Jurisdiction;12;Motor Vehicle In-Transport;7;Sideswipe - Same Direction;0;No;3;Intersection-Related;3;T-Intersection;0;None;1;On Roadway;1;Daylight;1;Clear;0;No Additional Atmospheric Conditions;1;Clear;0;No;0;Not Applicable;11;11:00am-11:59am;26;26;11;11:00am-11:59am;36;36;99;Unknown;99;Unknown EMS Hospital Arrival Time;14;Motor Vehicle struck by falling cargo,or something that came loose from or something that was set in motion by a vehicle;0;None;0;None;1;0
34;New Jersey;340481;1;1;0;1;1;1;1;21;MERCER (21);3380;TRENTON;22;22;12;December;2019;1;Sunday;16;4:00pm-4:59pm;25;25;0;This section IS NOT on the NHS;6;Local Street - Municipality;STUYVESANT AVE;CHRISTOPHER ST;2;Urban;4;Minor Arterial;4;City or Municipal Highway Agency;3;3;40.23365278;40.23365278;-74.77918611;-74.77918611;0;No Special Jurisdiction;8;Pedestrian;0;The First Harmful Event was Not a Collision with a Motor Vehicle in Transport;0;No;3;Intersection-Related;3;T-Intersection;0;None;1;On Roadway;5;Dusk;1;Clear;0;No Additional Atmospheric Conditions;1;Clear;0;No;0;Not Applicable;16;4:00pm-4:59pm;27;27;16;4:00pm-4:59pm;33;33;16;4:00pm-4:59pm;56;56;0;None;0;None;0;None;1;0
34;New Jersey;340486;1;1;0;0;1;1;0;15;GLOUCESTER (15);0;NOT APPLICABLE;28;28;11;November;2019;5;Thursday;16;4:00pm-4:59pm;13;13;1;This section IS ON the NHS;3;State Highway;SR-42;MARSHA AVE;2;Urban;3;Principal Arterial - Other;1;State Highway Agency;5;5;39.69546389;39.69546389;-74.99910556;-74.99910556;0;No Special Jurisdiction;33;Curb;0;The First Harmful Event was Not a Collision with a Motor Vehicle in Transport;0;No;3;Intersection-Related;3;T-Intersection;0;None;4;On Roadside;1;Daylight;1;Clear;0;No Additional Atmospheric Conditions;1;Clear;0;No;0;Not Applicable;16;4:00pm-4:59pm;15;15;16;4:00pm-4:59pm;28;28;16;4:00pm-4:59pm;57;57;0;None;0;None;0;None;1;0
34;New Jersey;340489;3;1;2;0;1;1;0;31;PASSAIC (31);660;CLIFTON;3;3;12;December;2019;3;Tuesday;14;2:00pm-2:59pm;6;6;0;This section IS NOT on the NHS;4;County Road;CR-611 CLIFTON AVE;CLOVERDALE RD;2;Urban;4;Minor Arterial;2;County Highway Agency;2;2;40.86667778;40.86667778;-74.15783056;-74.15783056;0;No Special Jurisdiction;14;Parked Motor Vehicle;0;The First Harmful Event was Not a Collision with a Motor Vehicle in Transport;0;No;3;Intersection-Related;3;T-Intersection;0;None;4;On Roadside;1;Daylight;1;Clear;0;No Additional Atmospheric Conditions;1;Clear;0;No;0;Not Applicable;14;2:00pm-2:59pm;11;11;14;2:00pm-2:59pm;16;16;14;2:00pm-2:59pm;47;47;0;None;0;None;0;None;1;0
34;New Jersey;340491;1;1;0;1;1;1;1;7;CAMDEN (7);1710;LINDENWOLD;6;6;12;December;2019;6;Friday;18;6:00pm-6:59pm;41;41;1;This section IS ON the NHS;4;County Road;CR-534 BLACKWOOD CLEMENTON RD;WOODROW RD;2;Urban;3;Principal Arterial - Other;2;County Highway Agency;77;77;39.80515556;39.80515556;-75.00513889;-75.00513889;0;No Special Jurisdiction;8;Pedestrian;0;The First Harmful Event was Not a Collision with a Motor Vehicle in Transport;0;No;3;Intersection-Related;3;T-Intersection;0;None;2;On Shoulder;2;Dark - Not Lighted;1;Clear;0;No Additional Atmospheric Conditions;1;Clear;0;No;0;Not Applicable;18;6:00pm-6:59pm;43;43;18;6:00pm-6:59pm;52;52;19;7:00pm-7:59pm;26;26;0;None;0;None;0;None;1;0
34;New Jersey;340494;2;2;0;0;2;2;0;5;BURLINGTON (5);3691;WILLINGBORO;24;24;12;December;2019;3;Tuesday;16;4:00pm-4:59pm;20;20;0;This section IS NOT on the NHS;4;County Road;CR-630 LEVITT RKWY;EASTGATE LN;2;Urban;4;Minor Arterial;2;County Highway Agency;44;44;40.02651111;40.02651111;-74.86411111;-74.86411111;0;No Special Jurisdiction;12;Motor Vehicle In-Transport;6;Angle;0;No;2;Intersection;3;T-Intersection;0;None;1;On Roadway;1;Daylight;1;Clear;0;No Additional Atmospheric Conditions;1;Clear;0;No;0;Not Applicable;16;4:00pm-4:59pm;22;22;16;4:00pm-4:59pm;26;26;16;4:00pm-4:59pm;49;49;0;None;0;None;0;None;1;1
34;New Jersey;340499;1;1;0;1;1;1;1;35;SOMERSET (35);1081;FRANKLIN PARK;17;17;12;December;2019;3;Tuesday;21;9:00pm-9:59pm;53;53;0;This section IS NOT on the NHS;4;County Road;CR-514 AMWELL RD;DORIA RD;2;Urban;4;Minor Arterial;2;County Highway Agency;193;193;40.49923889;40.49923889;-74.53723056;-74.53723056;0;No Special Jurisdiction;8;Pedestrian;0;The First Harmful Event was Not a Collision with a Motor Vehicle in Transport;0;No;3;Intersection-Related;3;T-Intersection;0;None;1;On Roadway;3;Dark - Lighted;10;Cloudy;0;No Additional Atmospheric Conditions;10;Cloudy;0;No;0;Not Applicable;21;9:00pm-9:59pm;56;56;22;10:00pm-10:59pm;5;5;22;10:00pm-10:59pm;35;35;0;None;0;None;0;None;1;0
34;New Jersey;340515;1;1;0;1;2;2;1;31;PASSAIC (31);2510;PATERSON;9;9;12;December;2019;2;Monday;19;7:00pm-7:59pm;0;0;0;This section IS NOT on the NHS;6;Local Street - Municipality;RIVER ST;MAY ST;2;Urban;4;Minor Arterial;4;City or Municipal Highway Agency;0;None;40.93291111;40.93291111;-74.15733889;-74.15733889;0;No Special Jurisdiction;8;Pedestrian;0;The First Harmful Event was Not a Collision with a Motor Vehicle in Transport;0;No;3;Intersection-Related;3;T-Intersection;0;None;1;On Roadway;3;Dark - Lighted;2;Rain;0;No Additional Atmospheric Conditions;2;Rain;0;No;0;Not Applicable;18;6:00pm-6:59pm;10;10;18;6:00pm-6:59pm;23;23;18;6:00pm-6:59pm;36;36;0;None;0;None;0;None;1;0
34;New Jersey;340521;2;2;0;0;2;2;0;15;GLOUCESTER (15);1150;GLASSBORO;18;18;11;November;2019;2;Monday;18;6:00pm-6:59pm;31;31;0;This section IS NOT on the NHS;4;County Road;CR-634 FISH POND RD;ALFRED AVE;2;Urban;5;Major Collector;2;County Highway Agency;6;6;39.712925;39.712925;-75.09891111;-75.09891111;0;No Special Jurisdiction;12;Motor Vehicle In-Transport;6;Angle;0;No;2;Intersection;3;T-Intersection;0;None;1;On Roadway;3;Dark - Lighted;1;Clear;0;No Additional Atmospheric Conditions;1;Clear;0;No;0;Not Applicable;18;6:00pm-6:59pm;32;32;18;6:00pm-6:59pm;39;39;88;Not Applicable (Not Transported);88;Not Applicable (Not Transported);0;None;0;None;0;None;1;0
34;New Jersey;340525;1;1;0;1;1;1;1;3;BERGEN (3);560;CARLSTADT;28;28;12;December;2019;7;Saturday;6;6:00am-6:59am;45;45;1;This section IS ON the NHS;4;County Road;CR-503 WASHINGTON AVE;ROAD A;2;Urban;3;Principal Arterial - Other;2;County Highway Agency;3;3;40.81851111;40.81851111;-74.06513333;-74.06513333;0;No Special Jurisdiction;8;Pedestrian;0;The First Harmful Event was Not a Collision with a Motor Vehicle in Transport;0;No;3;Intersection-Related;3;T-Intersection;0;None;1;On Roadway;4;Dawn;5;Fog, Smog, Smoke;0;No Additional Atmospheric Conditions;5;Fog, Smog, Smoke;0;No;0;Not Applicable;6;6:00am-6:59am;47;47;6;6:00am-6:59am;55;55;88;Not Applicable (Not Transported);88;Not Applicable (Not Transported);31;Related to a Bus Stop;0;None;0;None;1;0
34;New Jersey;340529;1;1;0;0;1;1;0;15;GLOUCESTER (15);1150;GLASSBORO;25;25;12;December;2019;4;Wednesday;3;3:00am-3:59am;0;0;1;This section IS ON the NHS;3;State Highway;SR-322;YALE RD;2;Urban;3;Principal Arterial - Other;1;State Highway Agency;167;167;39.71066111;39.71066111;-75.12605;-75.12605;0;No Special Jurisdiction;35;Embankment;0;The First Harmful Event was Not a Collision with a Motor Vehicle in Transport;0;No;3;Intersection-Related;3;T-Intersection;0;None;4;On Roadside;3;Dark - Lighted;1;Clear;0;No Additional Atmospheric Conditions;1;Clear;0;No;0;Not Applicable;3;3:00am-3:59am;2;2;3;3:00am-3:59am;8;8;88;Not Applicable (Not Transported);88;Not Applicable (Not Transported);0;None;0;None;0;None;1;1
34;New Jersey;340536;1;1;0;0;1;1;0;11;CUMBERLAND (11);1845;MAURICETOWN;24;24;11;November;2019;1;Sunday;23;11:00pm-11:59pm;59;59;1;This section IS ON the NHS;3;State Highway;SR-47;CR-548 BROADWAY;1;Rural;3;Principal Arterial - Other;1;State Highway Agency;338;338;39.313625;39.313625;-74.98365;-74.98365;0;No Special Jurisdiction;24;Guardrail Face;0;The First Harmful Event was Not a Collision with a Motor Vehicle in Transport;0;No;3;Intersection-Related;3;T-Intersection;0;None;5;Outside Trafficway;2;Dark - Not Lighted;98;Not Reported;0;No Additional Atmospheric Conditions;98;Not Reported;0;No;0;Not Applicable;99;Unknown;99;Unknown;99;Unknown EMS Scene Arrival Hour;99;Unknown EMS Scene Arrival Minutes;88;Not Applicable (Not Transported);88;Not Applicable (Not Transported);0;None;0;None;0;None;1;1
35;New Mexico;350013;1;1;0;0;1;1;0;53;SOCORRO (53);699;SAN ACACIA;12;12;1;January;2019;7;Saturday;8;8:00am-8:59am;20;20;0;This section IS NOT on the NHS;9;Unknown;NE FRONTAGE RD;SAN ACACIA RD;1;Rural;6;Minor Collector;1;State Highway Agency;99998;Not Reported;34.25384722;34.25384722;-106.9074528;-106.90745278;0;No Special Jurisdiction;35;Embankment;0;The First Harmful Event was Not a Collision with a Motor Vehicle in Transport;0;No;3;Intersection-Related;3;T-Intersection;0;None;4;On Roadside;2;Dark - Not Lighted;1;Clear;0;No Additional Atmospheric Conditions;1;Clear;0;No;0;Not Applicable;8;8:00am-8:59am;31;31;8;8:00am-8:59am;45;45;88;Not Applicable (Not Transported);88;Not Applicable (Not Transported);0;None;0;None;0;None;1;0
35;New Mexico;350018;1;1;0;1;1;1;1;1;BERNALILLO (1);30;ALBUQUERQUE;11;11;1;January;2019;6;Friday;21;9:00pm-9:59pm;33;33;0;This section IS NOT on the NHS;6;Local Street - Municipality;LOUISIANA BLVD;ROSS AVE;2;Urban;3;Principal Arterial - Other;4;City or Municipal Highway Agency;99998;Not Reported;35.06178889;35.06178889;-106.5686556;-106.56865556;0;No Special Jurisdiction;8;Pedestrian;0;The First Harmful Event was Not a Collision with a Motor Vehicle in Transport;0;No;2;Intersection;3;T-Intersection;0;None;1;On Roadway;3;Dark - Lighted;1;Clear;0;No Additional Atmospheric Conditions;1;Clear;0;No;0;Not Applicable;21;9:00pm-9:59pm;39;39;21;9:00pm-9:59pm;45;45;21;9:00pm-9:59pm;55;55;0;None;0;None;0;None;1;0
35;New Mexico;350025;2;2;0;0;2;2;0;35;OTERO (35);20;ALAMOGORDO;22;22;1;January;2019;3;Tuesday;11;11:00am-11:59am;53;53;0;This section IS NOT on the NHS;6;Local Street - Municipality;INDIAN WELLS;ARIZONA;2;Urban;4;Minor Arterial;4;City or Municipal Highway Agency;99998;Not Reported;32.91515278;32.91515278;-105.9346194;-105.93461944;0;No Special Jurisdiction;12;Motor Vehicle In-Transport;6;Angle;0;No;2;Intersection;3;T-Intersection;0;None;1;On Roadway;1;Daylight;1;Clear;0;No Additional Atmospheric Conditions;1;Clear;0;No;0;Not Applicable;11;11:00am-11:59am;55;55;12;12:00pm-12:59pm;1;1;12;12:00pm-12:59pm;26;26;0;None;0;None;0;None;1;0
35;New Mexico;350047;1;1;0;1;1;1;1;1;BERNALILLO (1);30;ALBUQUERQUE;28;28;2;February;2019;5;Thursday;20;8:00pm-8:59pm;16;16;0;This section IS NOT on the NHS;6;Local Street - Municipality;CENTRAL AVE;CONCHAS ST NE;2;Urban;3;Principal Arterial - Other;4;City or Municipal Highway Agency;99998;Not Reported;35.07237778;35.07237778;-106.5356444;-106.53564444;0;No Special Jurisdiction;8;Pedestrian;0;The First Harmful Event was Not a Collision with a Motor Vehicle in Transport;0;No;2;Intersection;3;T-Intersection;0;None;1;On Roadway;3;Dark - Lighted;1;Clear;0;No Additional Atmospheric Conditions;1;Clear;0;No;0;Not Applicable;20;8:00pm-8:59pm;18;18;20;8:00pm-8:59pm;22;22;88;Not Applicable (Not Transported);88;Not Applicable (Not Transported);0;None;0;None;0;None;1;0
35;New Mexico;350062;3;3;0;0;7;7;0;1;BERNALILLO (1);30;ALBUQUERQUE;24;24;3;March;2019;1;Sunday;20;8:00pm-8:59pm;50;50;0;This section IS NOT on the NHS;6;Local Street - Municipality;DE VARGAS RD SW;DEL MASTRO DR SW;2;Urban;5;Major Collector;4;City or Municipal Highway Agency;99998;Not Reported;35.05546667;35.05546667;-106.7455639;-106.74556389;0;No Special Jurisdiction;12;Motor Vehicle In-Transport;2;Front-to-Front;0;No;2;Intersection;3;T-Intersection;0;None;1;On Roadway;2;Dark - Not Lighted;1;Clear;0;No Additional Atmospheric Conditions;1;Clear;0;No;0;Not Applicable;20;8:00pm-8:59pm;58;58;21;9:00pm-9:59pm;10;10;21;9:00pm-9:59pm;48;48;14;Motor Vehicle struck by falling cargo,or something that came loose from or something that was set in motion by a vehicle;0;None;0;None;1;0