STATE;STATENAME;ST_CASE;VE_TOTAL;VE_FORMS;PVH_INVL;PEDS;PERSONS;PERMVIT;PERNOTMVIT;COUNTY;COUNTYNAME;CITY;CITYNAME;DAY;DAYNAME;MONTH;MONTHNAME;YEAR;DAY_WEEK;DAY_WEEKNAME;HOUR;HOURNAME;MINUTE;MINUTENAME;NHS;NHSNAME;ROUTE;ROUTENAME;TWAY_ID;TWAY_ID2;RUR_URB;RUR_URBNAME;FUNC_SYS;FUNC_SYSNAME;RD_OWNER;RD_OWNERNAME;MILEPT;MILEPTNAME;LATITUDE;LATITUDENAME;LONGITUD;LONGITUDNAME;SP_JUR;SP_JURNAME;HARM_EV;HARM_EVNAME;MAN_COLL;MAN_COLLNAME;RELJCT1;RELJCT1NAME;RELJCT2;RELJCT2NAME;TYP_INT;TYP_INTNAME;WRK_ZONE;WRK_ZONENAME;REL_ROAD;REL_ROADNAME;LGT_COND;LGT_CONDNAME;WEATHER1;WEATHER1NAME;WEATHER2;WEATHER2NAME;WEATHER;WEATHERNAME;SCH_BUS;SCH_BUSNAME;RAIL;RAILNAME;NOT_HOUR;NOT_HOURNAME;NOT_MIN;NOT_MINNAME;ARR_HOUR;ARR_HOURNAME;ARR_MIN;ARR_MINNAME;HOSP_HR;HOSP_HRNAME;HOSP_MN;HOSP_MNNAME;CF1;CF1NAME;CF2;CF2NAME;CF3;CF3NAME;FATALS;DRUNK_DR
35;New Mexico;350081;2;2;0;0;3;3;0;1;BERNALILLO (1);30;ALBUQUERQUE;27;27;3;March;2019;4;Wednesday;23;11:00pm-11:59pm;38;38;0;This section IS NOT on the NHS;9;Unknown;4TH STREET;CUTLER AVE NE;2;Urban;7;Local;4;City or Municipal Highway Agency;99998;Not Reported;35.10788889;35.10788889;-106.6472389;-106.64723889;0;No Special Jurisdiction;1;Rollover/Overturn;0;The First Harmful Event was Not a Collision with a Motor Vehicle in Transport;0;No;3;Intersection-Related;3;T-Intersection;0;None;1;On Roadway;3;Dark - Lighted;1;Clear;0;No Additional Atmospheric Conditions;1;Clear;0;No;0;Not Applicable;99;Unknown;98;Unknown if Notified;99;Unknown EMS Scene Arrival Hour;98;Unknown if Arrived;88;Not Applicable (Not Transported);88;Not Applicable (Not Transported);0;None;0;None;0;None;1;0
35;New Mexico;350082;2;2;0;0;2;2;0;1;BERNALILLO (1);30;ALBUQUERQUE;20;20;3;March;2019;4;Wednesday;21;9:00pm-9:59pm;57;57;0;This section IS NOT on the NHS;9;Unknown;MC MAHON BLVD NW;SWEET DREAMS DR NW;2;Urban;7;Local;4;City or Municipal Highway Agency;99998;Not Reported;35.21425278;35.21425278;-106.7030444;-106.70304444;0;No Special Jurisdiction;12;Motor Vehicle In-Transport;6;Angle;0;No;2;Intersection;3;T-Intersection;0;None;1;On Roadway;3;Dark - Lighted;1;Clear;0;No Additional Atmospheric Conditions;1;Clear;0;No;0;Not Applicable;21;9:00pm-9:59pm;58;58;22;10:00pm-10:59pm;16;16;22;10:00pm-10:59pm;52;52;0;None;0;None;0;None;1;0
35;New Mexico;350098;3;3;0;0;3;3;0;1;BERNALILLO (1);30;ALBUQUERQUE;6;6;4;April;2019;7;Saturday;16;4:00pm-4:59pm;58;58;0;This section IS NOT on the NHS;6;Local Street - Municipality;LOMAS BLVD NE;MORNINGSIDE DR NE;2;Urban;3;Principal Arterial - Other;4;City or Municipal Highway Agency;99998;Not Reported;35.08742778;35.08742778;-106.5998722;-106.59987222;0;No Special Jurisdiction;12;Motor Vehicle In-Transport;6;Angle;0;No;2;Intersection;3;T-Intersection;0;None;1;On Roadway;1;Daylight;1;Clear;0;No Additional Atmospheric Conditions;1;Clear;0;No;0;Not Applicable;17;5:00pm-5:59pm;0;0;17;5:00pm-5:59pm;3;3;17;5:00pm-5:59pm;30;30;14;Motor Vehicle struck by falling cargo,or something that came loose from or something that was set in motion by a vehicle;0;None;0;None;1;0
35;New Mexico;350104;1;1;0;0;1;1;0;51;SIERRA (51);810;TRUTH OR CONSEQUENCES;30;30;4;April;2019;3;Tuesday;23;11:00pm-11:59pm;40;40;1;This section IS ON the NHS;8;Other;S DATE;MAIN ST;2;Urban;3;Principal Arterial - Other;1;State Highway Agency;99998;Not Reported;33.12960278;33.12960278;-107.2506028;-107.25060278;0;No Special Jurisdiction;42;Tree (Standing Only);0;The First Harmful Event was Not a Collision with a Motor Vehicle in Transport;1;Yes;3;Intersection-Related;3;T-Intersection;0;None;3;On Median;3;Dark - Lighted;1;Clear;0;No Additional Atmospheric Conditions;1;Clear;0;No;0;Not Applicable;23;11:00pm-11:59pm;44;44;23;11:00pm-11:59pm;48;48;88;Not Applicable (Not Transported);88;Not Applicable (Not Transported);0;None;0;None;0;None;1;1
35;New Mexico;350114;2;2;0;0;4;4;0;1;BERNALILLO (1);30;ALBUQUERQUE;24;24;5;May;2019;6;Friday;22;10:00pm-10:59pm;49;49;0;This section IS NOT on the NHS;9;Unknown;PAN AMERICAN EAST HY NE;ALAMEDA AVE NE;2;Urban;5;Major Collector;1;State Highway Agency;99998;Not Reported;35.18460833;35.18460833;-106.5803;-106.5803;0;No Special Jurisdiction;12;Motor Vehicle In-Transport;6;Angle;0;No;2;Intersection;3;T-Intersection;0;None;1;On Roadway;3;Dark - Lighted;1;Clear;0;No Additional Atmospheric Conditions;1;Clear;0;No;0;Not Applicable;22;10:00pm-10:59pm;53;53;23;11:00pm-11:59pm;2;2;23;11:00pm-11:59pm;14;14;0;None;0;None;0;None;2;1
35;New Mexico;350116;2;2;0;1;2;2;1;1;BERNALILLO (1);30;ALBUQUERQUE;27;27;5;May;2019;2;Monday;22;10:00pm-10:59pm;30;30;0;This section IS NOT on the NHS;6;Local Street - Municipality;UNSER BLVD;BLACK ARROYO BLVD;2;Urban;3;Principal Arterial - Other;4;City or Municipal Highway Agency;99998;Not Reported;35.21781389;35.21781389;-106.6966028;-106.69660278;0;No Special Jurisdiction;8;Pedestrian;0;The First Harmful Event was Not a Collision with a Motor Vehicle in Transport;0;No;3;Intersection-Related;3;T-Intersection;0;None;1;On Roadway;2;Dark - Not Lighted;1;Clear;0;No Additional Atmospheric Conditions;1;Clear;0;No;0;Not Applicable;99;Unknown;99;Unknown;99;Unknown EMS Scene Arrival Hour;99;Unknown EMS Scene Arrival Minutes;99;Unknown;99;Unknown EMS Hospital Arrival Time;14;Motor Vehicle struck by falling cargo,or something that came loose from or something that was set in motion by a vehicle;0;None;0;None;1;0
35;New Mexico;350119;2;2;0;0;3;3;0;61;VALENCIA (61);100;BELEN;15;15;5;May;2019;4;Wednesday;14;2:00pm-2:59pm;52;52;0;This section IS NOT on the NHS;7;Local Street - Frontage Road;I-25;EDMUNDO RD;2;Urban;3;Principal Arterial - Other;1;State Highway Agency;99998;Not Reported;34.69806667;34.69806667;-106.7762667;-106.77626667;0;No Special Jurisdiction;12;Motor Vehicle In-Transport;6;Angle;0;No;2;Intersection;3;T-Intersection;0;None;1;On Roadway;1;Daylight;1;Clear;0;No Additional Atmospheric Conditions;1;Clear;0;No;0;Not Applicable;99;Unknown;99;Unknown;99;Unknown EMS Scene Arrival Hour;99;Unknown EMS Scene Arrival Minutes;88;Not Applicable (Not Transported);88;Not Applicable (Not Transported);0;None;0;None;0;None;1;1
35;New Mexico;350132;3;3;0;0;7;7;0;1;BERNALILLO (1);30;ALBUQUERQUE;8;8;5;May;2019;4;Wednesday;10;10:00am-10:59am;38;38;0;This section IS NOT on the NHS;6;Local Street - Municipality;5550 WYOMING BLVD NE;5550 WYOMING BLVD NE;2;Urban;3;Principal Arterial - Other;4;City or Municipal Highway Agency;99998;Not Reported;35.14228889;35.14228889;-106.5514;-106.5514;0;No Special Jurisdiction;12;Motor Vehicle In-Transport;6;Angle;0;No;2;Intersection;3;T-Intersection;0;None;1;On Roadway;1;Daylight;1;Clear;0;No Additional Atmospheric Conditions;1;Clear;0;No;0;Not Applicable;10;10:00am-10:59am;39;39;10;10:00am-10:59am;54;54;11;11:00am-11:59am;54;54;0;None;0;None;0;None;1;0
35;New Mexico;350135;1;1;0;1;1;1;1;1;BERNALILLO (1);30;ALBUQUERQUE;26;26;5;May;2019;1;Sunday;21;9:00pm-9:59pm;11;11;0;This section IS NOT on the NHS;6;Local Street - Municipality;CENTRAL AVE;CALIFORNIA AVE;2;Urban;3;Principal Arterial - Other;4;City or Municipal Highway Agency;99998;Not Reported;35.07666667;35.07666667;-106.5750139;-106.57501389;0;No Special Jurisdiction;8;Pedestrian;0;The First Harmful Event was Not a Collision with a Motor Vehicle in Transport;0;No;3;Intersection-Related;3;T-Intersection;0;None;1;On Roadway;2;Dark - Not Lighted;1;Clear;0;No Additional Atmospheric Conditions;1;Clear;0;No;0;Not Applicable;21;9:00pm-9:59pm;14;14;21;9:00pm-9:59pm;15;15;88;Not Applicable (Not Transported);88;Not Applicable (Not Transported);0;None;0;None;0;None;1;0
35;New Mexico;350147;1;1;0;0;1;1;0;45;SAN JUAN (45);0;NOT APPLICABLE;26;26;6;June;2019;4;Wednesday;14;2:00pm-2:59pm;26;26;1;This section IS ON the NHS;2;U.S. Highway;US-491;NM-134;1;Rural;3;Principal Arterial - Other;1;State Highway Agency;99998;Not Reported;36.14549722;36.14549722;-108.7072361;-108.70723611;3;Indian Reservation;1;Rollover/Overturn;0;The First Harmful Event was Not a Collision with a Motor Vehicle in Transport;0;No;3;Intersection-Related;3;T-Intersection;0;None;4;On Roadside;1;Daylight;1;Clear;0;No Additional Atmospheric Conditions;1;Clear;0;No;0;Not Applicable;14;2:00pm-2:59pm;32;32;14;2:00pm-2:59pm;53;53;88;Not Applicable (Not Transported);88;Not Applicable (Not Transported);0;None;0;None;0;None;1;0
35;New Mexico;350148;1;1;0;1;3;3;1;1;BERNALILLO (1);30;ALBUQUERQUE;23;23;6;June;2019;1;Sunday;23;11:00pm-11:59pm;15;15;0;This section IS NOT on the NHS;6;Local Street - Municipality;CENTRAL AVE;ESPEJO ST NE;2;Urban;3;Principal Arterial - Other;4;City or Municipal Highway Agency;99998;Not Reported;35.07224722;35.07224722;-106.5344944;-106.53449444;0;No Special Jurisdiction;8;Pedestrian;0;The First Harmful Event was Not a Collision with a Motor Vehicle in Transport;0;No;3;Intersection-Related;3;T-Intersection;0;None;1;On Roadway;3;Dark - Lighted;1;Clear;0;No Additional Atmospheric Conditions;1;Clear;0;No;0;Not Applicable;99;Unknown;99;Unknown;99;Unknown EMS Scene Arrival Hour;99;Unknown EMS Scene Arrival Minutes;99;Unknown;99;Unknown EMS Hospital Arrival Time;0;None;0;None;0;None;1;0
35;New Mexico;350151;1;1;0;1;1;1;1;1;BERNALILLO (1);30;ALBUQUERQUE;19;19;6;June;2019;4;Wednesday;22;10:00pm-10:59pm;53;53;0;This section IS NOT on the NHS;6;Local Street - Municipality;CENTRAL AVE;GENERAL STILWELL ST;2;Urban;3;Principal Arterial - Other;4;City or Municipal Highway Agency;99998;Not Reported;35.07358056;35.07358056;-106.5464694;-106.54646944;0;No Special Jurisdiction;8;Pedestrian;0;The First Harmful Event was Not a Collision with a Motor Vehicle in Transport;0;No;3;Intersection-Related;3;T-Intersection;0;None;1;On Roadway;3;Dark - Lighted;1;Clear;0;No Additional Atmospheric Conditions;1;Clear;0;No;0;Not Applicable;22;10:00pm-10:59pm;55;55;22;10:00pm-10:59pm;58;58;23;11:00pm-11:59pm;11;11;0;None;0;None;0;None;1;0
35;New Mexico;350155;1;1;0;1;2;2;1;55;TAOS (55);650;RANCHOS DE TAOS;21;21;6;June;2019;6;Friday;21;9:00pm-9:59pm;35;35;0;This section IS NOT on the NHS;3;State Highway;SR-68;SR-518;2;Urban;3;Principal Arterial - Other;1;State Highway Agency;99998;Not Reported;36.362925;36.362925;-105.5877917;-105.58779167;0;No Special Jurisdiction;8;Pedestrian;0;The First Harmful Event was Not a Collision with a Motor Vehicle in Transport;0;No;3;Intersection-Related;3;T-Intersection;0;None;1;On Roadway;2;Dark - Not Lighted;1;Clear;0;No Additional Atmospheric Conditions;1;Clear;0;No;0;Not Applicable;99;Unknown;99;Unknown;99;Unknown EMS Scene Arrival Hour;99;Unknown EMS Scene Arrival Minutes;99;Unknown;99;Unknown EMS Hospital Arrival Time;0;None;0;None;0;None;1;0
35;New Mexico;350164;1;1;0;1;1;1;1;1;BERNALILLO (1);30;ALBUQUERQUE;25;25;6;June;2019;3;Tuesday;22;10:00pm-10:59pm;43;43;0;This section IS NOT on the NHS;6;Local Street - Municipality;MENAUL BLVD NE;10000 MENAUL BLVD NE;2;Urban;3;Principal Arterial - Other;4;City or Municipal Highway Agency;99998;Not Reported;35.10881389;35.10881389;-106.5286472;-106.52864722;0;No Special Jurisdiction;8;Pedestrian;0;The First Harmful Event was Not a Collision with a Motor Vehicle in Transport;0;No;3;Intersection-Related;3;T-Intersection;0;None;1;On Roadway;3;Dark - Lighted;1;Clear;0;No Additional Atmospheric Conditions;1;Clear;0;No;0;Not Applicable;99;Unknown;99;Unknown;99;Unknown EMS Scene Arrival Hour;99;Unknown EMS Scene Arrival Minutes;88;Not Applicable (Not Transported);88;Not Applicable (Not Transported);0;None;0;None;0;None;1;0
35;New Mexico;350170;1;1;0;0;2;2;0;61;VALENCIA (61);100;BELEN;16;16;7;July;2019;3;Tuesday;17;5:00pm-5:59pm;33;33;0;This section IS NOT on the NHS;3;State Highway;SR-47;MORA RD;1;Rural;5;Major Collector;1;State Highway Agency;99998;Not Reported;34.51946944;34.51946944;-106.60925;-106.60925;0;No Special Jurisdiction;1;Rollover/Overturn;0;The First Harmful Event was Not a Collision with a Motor Vehicle in Transport;0;No;3;Intersection-Related;3;T-Intersection;0;None;4;On Roadside;1;Daylight;1;Clear;0;No Additional Atmospheric Conditions;1;Clear;0;No;0;Not Applicable;99;Unknown;99;Unknown;99;Unknown EMS Scene Arrival Hour;99;Unknown EMS Scene Arrival Minutes;99;Unknown;99;Unknown EMS Hospital Arrival Time;0;None;0;None;0;None;1;1
35;New Mexico;350181;2;2;0;0;4;4;0;25;LEA (25);0;NOT APPLICABLE;24;24;7;July;2019;4;Wednesday;5;5:00am-5:59am;50;50;1;This section IS ON the NHS;2;U.S. Highway;US-62;SR-529;1;Rural;3;Principal Arterial - Other;1;State Highway Agency;99998;Not Reported;32.69543889;32.69543889;-103.3826667;-103.38266667;0;No Special Jurisdiction;12;Motor Vehicle In-Transport;6;Angle;1;Yes;2;Intersection;3;T-Intersection;0;None;1;On Roadway;2;Dark - Not Lighted;1;Clear;0;No Additional Atmospheric Conditions;1;Clear;0;No;0;Not Applicable;5;5:00am-5:59am;44;44;6;6:00am-6:59am;8;8;88;Not Applicable (Not Transported);88;Not Applicable (Not Transported);0;None;0;None;0;None;3;1
35;New Mexico;350183;2;2;0;0;3;3;0;45;SAN JUAN (45);0;NOT APPLICABLE;17;17;7;July;2019;4;Wednesday;8;8:00am-8:59am;52;52;1;This section IS ON the NHS;2;U.S. Highway;US-550;CR-2105;1;Rural;3;Principal Arterial - Other;1;State Highway Agency;99998;Not Reported;36.96462222;36.96462222;-107.8863389;-107.88633889;0;No Special Jurisdiction;12;Motor Vehicle In-Transport;1;Front-to-Rear;0;No;2;Intersection;3;T-Intersection;0;None;1;On Roadway;1;Daylight;1;Clear;0;No Additional Atmospheric Conditions;1;Clear;0;No;0;Not Applicable;9;9:00am-9:59am;52;52;10;10:00am-10:59am;2;2;99;Unknown;99;Unknown EMS Hospital Arrival Time;0;None;0;None;0;None;1;0
35;New Mexico;350206;2;2;0;0;2;2;0;23;HIDALGO (23);0;NOT APPLICABLE;9;9;8;August;2019;6;Friday;10;10:00am-10:59am;0;0;0;This section IS NOT on the NHS;9;Unknown;ALADA RD;PONDEROSA RD;1;Rural;7;Local;2;County Highway Agency;99998;Not Reported;32.07487222;32.07487222;-108.8833028;-108.88330278;0;No Special Jurisdiction;12;Motor Vehicle In-Transport;6;Angle;0;No;2;Intersection;3;T-Intersection;0;None;1;On Roadway;1;Daylight;1;Clear;0;No Additional Atmospheric Conditions;1;Clear;0;No;0;Not Applicable;9;9:00am-9:59am;20;20;9;9:00am-9:59am;21;21;88;Not Applicable (Not Transported);88;Not Applicable (Not Transported);0;None;0;None;0;None;1;0
35;New Mexico;350208;1;1;0;1;1;1;1;1;BERNALILLO (1);30;ALBUQUERQUE;5;5;8;August;2019;2;Monday;7;7:00am-7:59am;55;55;0;This section IS NOT on the NHS;6;Local Street - Municipality;LOUISIANA BLVD NE;KIOWA AVE NE;2;Urban;4;Minor Arterial;4;City or Municipal Highway Agency;99998;Not Reported;35.11952222;35.11952222;-106.5687472;-106.56874722;0;No Special Jurisdiction;9;Pedalcyclist;0;The First Harmful Event was Not a Collision with a Motor Vehicle in Transport;0;No;2;Intersection;3;T-Intersection;0;None;1;On Roadway;1;Daylight;1;Clear;0;No Additional Atmospheric Conditions;1;Clear;0;No;0;Not Applicable;99;Unknown;99;Unknown;99;Unknown EMS Scene Arrival Hour;99;Unknown EMS Scene Arrival Minutes;88;Not Applicable (Not Transported);88;Not Applicable (Not Transported);0;None;0;None;0;None;1;0
35;New Mexico;350231;2;2;0;0;3;3;0;1;BERNALILLO (1);30;ALBUQUERQUE;12;12;9;September;2019;5;Thursday;7;7:00am-7:59am;48;48;0;This section IS NOT on the NHS;6;Local Street - Municipality;PAJARITO;DOUGLAS;2;Urban;5;Major Collector;4;City or Municipal Highway Agency;99998;Not Reported;34.99468889;34.99468889;-106.7357111;-106.73571111;0;No Special Jurisdiction;12;Motor Vehicle In-Transport;2;Front-to-Front;0;No;3;Intersection-Related;3;T-Intersection;0;None;1;On Roadway;1;Daylight;1;Clear;0;No Additional Atmospheric Conditions;1;Clear;0;No;0;Not Applicable;7;7:00am-7:59am;49;49;8;8:00am-8:59am;4;4;8;8:00am-8:59am;31;31;0;None;0;None;0;None;1;0
35;New Mexico;350233;2;2;0;0;2;2;0;45;SAN JUAN (45);115;BLOOMFIELD;25;25;9;September;2019;4;Wednesday;9;9:00am-9:59am;4;4;1;This section IS ON the NHS;2;U.S. Highway;US-550;3601 N 1ST ST;1;Rural;3;Principal Arterial - Other;1;State Highway Agency;99998;Not Reported;36.7628;36.7628;-107.9787472;-107.97874722;0;No Special Jurisdiction;12;Motor Vehicle In-Transport;6;Angle;0;No;2;Intersection;3;T-Intersection;0;None;1;On Roadway;1;Daylight;1;Clear;0;No Additional Atmospheric Conditions;1;Clear;0;No;0;Not Applicable;99;Unknown;99;Unknown;99;Unknown EMS Scene Arrival Hour;99;Unknown EMS Scene Arrival Minutes;99;Unknown;99;Unknown EMS Hospital Arrival Time;0;None;0;None;0;None;1;0
35;New Mexico;350255;2;2;0;0;2;2;0;43;SANDOVAL (43);677;RIO RANCHO;6;6;9;September;2019;6;Friday;23;11:00pm-11:59pm;28;28;0;This section IS NOT on the NHS;6;Local Street - Municipality;SOUTHERN BLVD;LISBON;2;Urban;4;Minor Arterial;4;City or Municipal Highway Agency;99998;Not Reported;35.24165833;35.24165833;-106.7041472;-106.70414722;0;No Special Jurisdiction;12;Motor Vehicle In-Transport;1;Front-to-Rear;0;No;3;Intersection-Related;3;T-Intersection;0;None;1;On Roadway;3;Dark - Lighted;1;Clear;0;No Additional Atmospheric Conditions;1;Clear;0;No;0;Not Applicable;23;11:00pm-11:59pm;28;28;23;11:00pm-11:59pm;33;33;23;11:00pm-11:59pm;57;57;0;None;0;None;0;None;1;1
35;New Mexico;350258;2;2;0;0;2;2;0;1;BERNALILLO (1);30;ALBUQUERQUE;14;14;8;August;2019;4;Wednesday;15;3:00pm-3:59pm;15;15;0;This section IS NOT on the NHS;6;Local Street - Municipality;GRIEGOS RD;SAN ISIDRO ST;2;Urban;5;Major Collector;4;City or Municipal Highway Agency;99998;Not Reported;35.13453889;35.13453889;-106.6627444;-106.66274444;0;No Special Jurisdiction;12;Motor Vehicle In-Transport;2;Front-to-Front;0;No;2;Intersection;3;T-Intersection;0;None;1;On Roadway;1;Daylight;1;Clear;0;No Additional Atmospheric Conditions;1;Clear;0;No;0;Not Applicable;14;2:00pm-2:59pm;40;40;14;2:00pm-2:59pm;44;44;99;Unknown;99;Unknown EMS Hospital Arrival Time;0;None;0;None;0;None;1;0
35;New Mexico;350261;2;2;0;0;2;2;0;61;VALENCIA (61);100;BELEN;3;3;10;October;2019;5;Thursday;15;3:00pm-3:59pm;24;24;0;This section IS NOT on the NHS;8;Other;N MAIN;ROSEDALE;2;Urban;3;Principal Arterial - Other;1;State Highway Agency;99998;Not Reported;34.67123611;34.67123611;-106.77385;-106.77385;0;No Special Jurisdiction;12;Motor Vehicle In-Transport;6;Angle;0;No;2;Intersection;3;T-Intersection;0;None;1;On Roadway;1;Daylight;1;Clear;0;No Additional Atmospheric Conditions;1;Clear;0;No;0;Not Applicable;99;Unknown;99;Unknown;99;Unknown EMS Scene Arrival Hour;99;Unknown EMS Scene Arrival Minutes;99;Unknown;99;Unknown EMS Hospital Arrival Time;0;None;0;None;0;None;1;0
35;New Mexico;350264;2;2;0;0;2;2;0;5;CHAVES (5);0;NOT APPLICABLE;27;27;10;October;2019;1;Sunday;2;2:00am-2:59am;54;54;1;This section IS ON the NHS;2;U.S. Highway;US-285;NM-2;1;Rural;3;Principal Arterial - Other;1;State Highway Agency;99998;Not Reported;33.30298056;33.30298056;-104.4667806;-104.46678056;0;No Special Jurisdiction;12;Motor Vehicle In-Transport;6;Angle;0;No;2;Intersection;3;T-Intersection;0;None;1;On Roadway;3;Dark - Lighted;1;Clear;0;No Additional Atmospheric Conditions;1;Clear;0;No;0;Not Applicable;99;Unknown;99;Unknown;99;Unknown EMS Scene Arrival Hour;99;Unknown EMS Scene Arrival Minutes;99;Unknown;99;Unknown EMS Hospital Arrival Time;0;None;0;None;0;None;1;0
35;New Mexico;350267;2;2;0;0;4;4;0;25;LEA (25);0;NOT APPLICABLE;14;14;10;October;2019;2;Monday;17;5:00pm-5:59pm;0;0;0;This section IS NOT on the NHS;9;Unknown;TURNER RD;UNNAMED LEASE RD;1;Rural;7;Local;2;County Highway Agency;99998;Not Reported;32.45495;32.45495;-103.1764361;-103.17643611;0;No Special Jurisdiction;12;Motor Vehicle In-Transport;6;Angle;0;No;2;Intersection;3;T-Intersection;0;None;1;On Roadway;1;Daylight;1;Clear;0;No Additional Atmospheric Conditions;1;Clear;0;No;0;Not Applicable;99;Unknown;99;Unknown;99;Unknown EMS Scene Arrival Hour;99;Unknown EMS Scene Arrival Minutes;99;Unknown;99;Unknown EMS Hospital Arrival Time;0;None;0;None;0;None;1;0
35;New Mexico;350268;2;2;0;1;2;2;1;1;BERNALILLO (1);30;ALBUQUERQUE;2;2;10;October;2019;4;Wednesday;21;9:00pm-9:59pm;35;35;0;This section IS NOT on the NHS;6;Local Street - Municipality;CENTRAL AVE;GENERAL BRADLEY ST;2;Urban;3;Principal Arterial - Other;4;City or Municipal Highway Agency;99998;Not Reported;35.07380278;35.07380278;-106.5487528;-106.54875278;0;No Special Jurisdiction;8;Pedestrian;0;The First Harmful Event was Not a Collision with a Motor Vehicle in Transport;0;No;3;Intersection-Related;3;T-Intersection;0;None;1;On Roadway;3;Dark - Lighted;1;Clear;0;No Additional Atmospheric Conditions;1;Clear;0;No;0;Not Applicable;99;Unknown;99;Unknown;99;Unknown EMS Scene Arrival Hour;99;Unknown EMS Scene Arrival Minutes;88;Not Applicable (Not Transported);88;Not Applicable (Not Transported);0;None;0;None;0;None;1;0
35;New Mexico;350270;2;2;0;0;2;2;0;45;SAN JUAN (45);310;FARMINGTON;15;15;7;July;2019;2;Monday;7;7:00am-7:59am;56;56;1;This section IS ON the NHS;3;State Highway;SR-516;BURNHAM RD;2;Urban;3;Principal Arterial - Other;1;State Highway Agency;99998;Not Reported;36.73280833;36.73280833;-108.16735;-108.16735;0;No Special Jurisdiction;12;Motor Vehicle In-Transport;6;Angle;0;No;2;Intersection;3;T-Intersection;0;None;1;On Roadway;1;Daylight;1;Clear;0;No Additional Atmospheric Conditions;1;Clear;0;No;0;Not Applicable;99;Unknown;99;Unknown;99;Unknown EMS Scene Arrival Hour;99;Unknown EMS Scene Arrival Minutes;99;Unknown;99;Unknown EMS Hospital Arrival Time;0;None;0;None;0;None;1;0
35;New Mexico;350276;2;2;0;0;2;2;0;9;CURRY (9);190;CLOVIS;19;19;10;October;2019;7;Saturday;13;1:00pm-1:59pm;40;40;0;This section IS NOT on the NHS;6;Local Street - Municipality;LLANO ESTACADO BLVD;SHADY LN;2;Urban;4;Minor Arterial;4;City or Municipal Highway Agency;99998;Not Reported;34.43381389;34.43381389;-103.1952278;-103.19522778;0;No Special Jurisdiction;12;Motor Vehicle In-Transport;6;Angle;0;No;2;Intersection;3;T-Intersection;0;None;1;On Roadway;1;Daylight;1;Clear;0;No Additional Atmospheric Conditions;1;Clear;0;No;0;Not Applicable;99;Unknown;99;Unknown;99;Unknown EMS Scene Arrival Hour;99;Unknown EMS Scene Arrival Minutes;99;Unknown;99;Unknown EMS Hospital Arrival Time;0;None;0;None;0;None;1;0
35;New Mexico;350290;2;2;0;0;2;2;0;1;BERNALILLO (1);30;ALBUQUERQUE;11;11;10;October;2019;6;Friday;19;7:00pm-7:59pm;30;30;0;This section IS NOT on the NHS;6;Local Street - Municipality;CHELWOOD PARK BLVD NE;PHOENIX AVE NE;2;Urban;5;Major Collector;4;City or Municipal Highway Agency;99998;Not Reported;35.11074444;35.11074444;-106.5064833;-106.50648333;0;No Special Jurisdiction;12;Motor Vehicle In-Transport;6;Angle;0;No;2;Intersection;3;T-Intersection;0;None;1;On Roadway;3;Dark - Lighted;1;Clear;0;No Additional Atmospheric Conditions;1;Clear;0;No;0;Not Applicable;99;Unknown;99;Unknown;99;Unknown EMS Scene Arrival Hour;99;Unknown EMS Scene Arrival Minutes;99;Unknown;99;Unknown EMS Hospital Arrival Time;0;None;0;None;0;None;1;0
35;New Mexico;350291;2;2;0;1;2;2;1;13;DONA ANA (13);470;LAS CRUCES;25;25;10;October;2019;6;Friday;18;6:00pm-6:59pm;58;58;0;This section IS NOT on the NHS;6;Local Street - Municipality;SOLANO DR;CACTUS ST;2;Urban;4;Minor Arterial;4;City or Municipal Highway Agency;99998;Not Reported;32.32274444;32.32274444;-106.7739806;-106.77398056;0;No Special Jurisdiction;8;Pedestrian;0;The First Harmful Event was Not a Collision with a Motor Vehicle in Transport;0;No;2;Intersection;3;T-Intersection;0;None;1;On Roadway;3;Dark - Lighted;1;Clear;0;No Additional Atmospheric Conditions;1;Clear;0;No;0;Not Applicable;99;Unknown;99;Unknown;99;Unknown EMS Scene Arrival Hour;99;Unknown EMS Scene Arrival Minutes;99;Unknown;99;Unknown EMS Hospital Arrival Time;0;None;0;None;0;None;1;0
35;New Mexico;350292;1;1;0;1;5;5;1;1;BERNALILLO (1);30;ALBUQUERQUE;8;8;6;June;2019;7;Saturday;15;3:00pm-3:59pm;7;7;0;This section IS NOT on the NHS;6;Local Street - Municipality;98TH STREET;VOLCANO RD;2;Urban;3;Principal Arterial - Other;4;City or Municipal Highway Agency;99998;Not Reported;35.07651389;35.07651389;-106.7433806;-106.74338056;0;No Special Jurisdiction;8;Pedestrian;0;The First Harmful Event was Not a Collision with a Motor Vehicle in Transport;0;No;3;Intersection-Related;3;T-Intersection;0;None;4;On Roadside;1;Daylight;1;Clear;0;No Additional Atmospheric Conditions;1;Clear;0;No;0;Not Applicable;99;Unknown;99;Unknown;99;Unknown EMS Scene Arrival Hour;99;Unknown EMS Scene Arrival Minutes;99;Unknown;99;Unknown EMS Hospital Arrival Time;0;None;0;None;0;None;1;0