STATE;STATENAME;ST_CASE;VE_TOTAL;VE_FORMS;PVH_INVL;PEDS;PERSONS;PERMVIT;PERNOTMVIT;COUNTY;COUNTYNAME;CITY;CITYNAME;DAY;DAYNAME;MONTH;MONTHNAME;YEAR;DAY_WEEK;DAY_WEEKNAME;HOUR;HOURNAME;MINUTE;MINUTENAME;NHS;NHSNAME;ROUTE;ROUTENAME;TWAY_ID;TWAY_ID2;RUR_URB;RUR_URBNAME;FUNC_SYS;FUNC_SYSNAME;RD_OWNER;RD_OWNERNAME;MILEPT;MILEPTNAME;LATITUDE;LATITUDENAME;LONGITUD;LONGITUDNAME;SP_JUR;SP_JURNAME;HARM_EV;HARM_EVNAME;MAN_COLL;MAN_COLLNAME;RELJCT1;RELJCT1NAME;RELJCT2;RELJCT2NAME;TYP_INT;TYP_INTNAME;WRK_ZONE;WRK_ZONENAME;REL_ROAD;REL_ROADNAME;LGT_COND;LGT_CONDNAME;WEATHER1;WEATHER1NAME;WEATHER2;WEATHER2NAME;WEATHER;WEATHERNAME;SCH_BUS;SCH_BUSNAME;RAIL;RAILNAME;NOT_HOUR;NOT_HOURNAME;NOT_MIN;NOT_MINNAME;ARR_HOUR;ARR_HOURNAME;ARR_MIN;ARR_MINNAME;HOSP_HR;HOSP_HRNAME;HOSP_MN;HOSP_MNNAME;CF1;CF1NAME;CF2;CF2NAME;CF3;CF3NAME;FATALS;DRUNK_DR
35;New Mexico;350298;1;1;0;0;1;1;0;1;BERNALILLO (1);30;ALBUQUERQUE;3;3;11;November;2019;1;Sunday;23;11:00pm-11:59pm;20;20;1;This section IS ON the NHS;6;Local Street - Municipality;ALAMEDA BLVD NE;HORIZON BLVD NE;2;Urban;3;Principal Arterial - Other;4;City or Municipal Highway Agency;99998;Not Reported;35.18453333;35.18453333;-106.6010389;-106.60103889;0;No Special Jurisdiction;33;Curb;0;The First Harmful Event was Not a Collision with a Motor Vehicle in Transport;0;No;3;Intersection-Related;3;T-Intersection;0;None;3;On Median;2;Dark - Not Lighted;1;Clear;0;No Additional Atmospheric Conditions;1;Clear;0;No;0;Not Applicable;99;Unknown;99;Unknown;99;Unknown EMS Scene Arrival Hour;99;Unknown EMS Scene Arrival Minutes;88;Not Applicable (Not Transported);88;Not Applicable (Not Transported);0;None;0;None;0;None;1;1
35;New Mexico;350299;2;2;0;0;3;3;0;49;SANTA FE (49);710;SANTA FE;3;3;11;November;2019;1;Sunday;21;9:00pm-9:59pm;51;51;0;This section IS NOT on the NHS;6;Local Street - Municipality;WEST ALAMEDA;MESA VERDE;2;Urban;4;Minor Arterial;4;City or Municipal Highway Agency;99998;Not Reported;35.68528333;35.68528333;-105.9666306;-105.96663056;0;No Special Jurisdiction;12;Motor Vehicle In-Transport;2;Front-to-Front;0;No;2;Intersection;3;T-Intersection;0;None;1;On Roadway;3;Dark - Lighted;1;Clear;0;No Additional Atmospheric Conditions;1;Clear;0;No;0;Not Applicable;21;9:00pm-9:59pm;54;54;22;10:00pm-10:59pm;1;1;22;10:00pm-10:59pm;25;25;0;None;0;None;0;None;1;1
35;New Mexico;350304;1;1;0;0;1;1;0;1;BERNALILLO (1);30;ALBUQUERQUE;1;1;11;November;2019;6;Friday;18;6:00pm-6:59pm;46;46;0;This section IS NOT on the NHS;3;State Highway;SR-345;I-40;2;Urban;3;Principal Arterial - Other;1;State Highway Agency;99998;Not Reported;35.09171667;35.09171667;-106.7300417;-106.73004167;0;No Special Jurisdiction;33;Curb;0;The First Harmful Event was Not a Collision with a Motor Vehicle in Transport;0;No;3;Intersection-Related;3;T-Intersection;0;None;12;Pedestrian Refuge Island or Traffic Island;3;Dark - Lighted;1;Clear;0;No Additional Atmospheric Conditions;1;Clear;0;No;0;Not Applicable;18;6:00pm-6:59pm;1;1;18;6:00pm-6:59pm;8;8;88;Not Applicable (Not Transported);88;Not Applicable (Not Transported);0;None;0;None;0;None;1;1
35;New Mexico;350308;1;1;0;1;1;1;1;1;BERNALILLO (1);30;ALBUQUERQUE;25;25;11;November;2019;2;Monday;18;6:00pm-6:59pm;35;35;0;This section IS NOT on the NHS;6;Local Street - Municipality;MENAUL BLVD NE;RICHMOND DR;2;Urban;3;Principal Arterial - Other;4;City or Municipal Highway Agency;99998;Not Reported;35.10926111;35.10926111;-106.6108111;-106.61081111;0;No Special Jurisdiction;8;Pedestrian;0;The First Harmful Event was Not a Collision with a Motor Vehicle in Transport;0;No;3;Intersection-Related;3;T-Intersection;0;None;1;On Roadway;3;Dark - Lighted;1;Clear;0;No Additional Atmospheric Conditions;1;Clear;0;No;0;Not Applicable;18;6:00pm-6:59pm;35;35;18;6:00pm-6:59pm;38;38;18;6:00pm-6:59pm;46;46;0;None;0;None;0;None;1;0
35;New Mexico;350312;2;2;0;0;5;5;0;5;CHAVES (5);0;NOT APPLICABLE;13;13;11;November;2019;4;Wednesday;20;8:00pm-8:59pm;0;0;1;This section IS ON the NHS;2;U.S. Highway;US-70;S BROWN RD;1;Rural;3;Principal Arterial - Other;1;State Highway Agency;99998;Not Reported;33.39411389;33.39411389;-104.5949194;-104.59491944;0;No Special Jurisdiction;12;Motor Vehicle In-Transport;6;Angle;0;No;2;Intersection;3;T-Intersection;0;None;1;On Roadway;3;Dark - Lighted;1;Clear;0;No Additional Atmospheric Conditions;1;Clear;0;No;0;Not Applicable;20;8:00pm-8:59pm;1;1;20;8:00pm-8:59pm;6;6;20;8:00pm-8:59pm;18;18;0;None;0;None;0;None;2;0
35;New Mexico;350331;1;1;0;1;1;1;1;1;BERNALILLO (1);30;ALBUQUERQUE;3;3;12;December;2019;3;Tuesday;16;4:00pm-4:59pm;25;25;0;This section IS NOT on the NHS;6;Local Street - Municipality;ZUNI RD;ALVARADO DR SE;2;Urban;3;Principal Arterial - Other;4;City or Municipal Highway Agency;99998;Not Reported;35.07285278;35.07285278;-106.5819694;-106.58196944;0;No Special Jurisdiction;8;Pedestrian;0;The First Harmful Event was Not a Collision with a Motor Vehicle in Transport;0;No;3;Intersection-Related;3;T-Intersection;0;None;1;On Roadway;5;Dusk;1;Clear;0;No Additional Atmospheric Conditions;1;Clear;0;No;0;Not Applicable;16;4:00pm-4:59pm;27;27;16;4:00pm-4:59pm;32;32;16;4:00pm-4:59pm;36;36;0;None;0;None;0;None;1;0
35;New Mexico;350356;1;1;0;0;2;2;0;13;DONA ANA (13);470;LAS CRUCES;23;23;12;December;2019;2;Monday;20;8:00pm-8:59pm;15;15;0;This section IS NOT on the NHS;6;Local Street - Municipality;W MADRID AVE;N ALAMEDA BLVD;2;Urban;4;Minor Arterial;4;City or Municipal Highway Agency;99998;Not Reported;32.32671111;32.32671111;-106.787725;-106.787725;0;No Special Jurisdiction;46;Traffic Signal Support;0;The First Harmful Event was Not a Collision with a Motor Vehicle in Transport;0;No;3;Intersection-Related;3;T-Intersection;4;Work Zone, Type Unknown;4;On Roadside;3;Dark - Lighted;1;Clear;0;No Additional Atmospheric Conditions;1;Clear;0;No;0;Not Applicable;99;Unknown;99;Unknown;99;Unknown EMS Scene Arrival Hour;99;Unknown EMS Scene Arrival Minutes;99;Unknown;99;Unknown EMS Hospital Arrival Time;20;Police Pursuit Involved;0;None;0;None;1;1
36;New York;360003;1;1;0;1;1;1;1;59;NASSAU (59);3380;LYNBROOK;5;5;1;January;2019;7;Saturday;17;5:00pm-5:59pm;40;40;0;This section IS NOT on the NHS;8;Other;ATLANTIC AVE;CARTER CT;2;Urban;5;Major Collector;2;County Highway Agency;99998;Not Reported;40.65161944;40.65161944;-73.66951667;-73.66951667;0;No Special Jurisdiction;8;Pedestrian;0;The First Harmful Event was Not a Collision with a Motor Vehicle in Transport;0;No;3;Intersection-Related;3;T-Intersection;0;None;1;On Roadway;3;Dark - Lighted;2;Rain;0;No Additional Atmospheric Conditions;2;Rain;0;No;0;Not Applicable;17;5:00pm-5:59pm;39;39;17;5:00pm-5:59pm;41;41;18;6:00pm-6:59pm;8;8;0;None;0;None;0;None;1;0
36;New York;360007;1;1;0;1;1;1;1;39;GREENE (39);775;CAIRO;3;3;1;January;2019;5;Thursday;18;6:00pm-6:59pm;2;2;0;This section IS NOT on the NHS;4;County Road;CR-23B MAIN ST;RAILROAD AVE;2;Urban;5;Major Collector;2;County Highway Agency;99998;Not Reported;42.29998056;42.29998056;-73.99977222;-73.99977222;0;No Special Jurisdiction;8;Pedestrian;0;The First Harmful Event was Not a Collision with a Motor Vehicle in Transport;0;No;3;Intersection-Related;3;T-Intersection;0;None;1;On Roadway;1;Daylight;1;Clear;0;No Additional Atmospheric Conditions;1;Clear;0;No;0;Not Applicable;18;6:00pm-6:59pm;2;2;18;6:00pm-6:59pm;5;5;88;Not Applicable (Not Transported);88;Not Applicable (Not Transported);0;None;0;None;0;None;1;0
36;New York;360009;1;1;0;0;1;1;0;105;SULLIVAN (105);3850;MONTICELLO;14;14;1;January;2019;2;Monday;23;11:00pm-11:59pm;12;12;0;This section IS NOT on the NHS;5;Local Street - Township;KATRINA FALLS RD;LUCKY LAKE DR;1;Rural;7;Local;3;Town or Township Highway Agency;99998;Not Reported;41.61648611;41.61648611;-74.61389722;-74.61389722;0;No Special Jurisdiction;30;Utility Pole/Light Support;0;The First Harmful Event was Not a Collision with a Motor Vehicle in Transport;0;No;3;Intersection-Related;3;T-Intersection;0;None;4;On Roadside;2;Dark - Not Lighted;1;Clear;0;No Additional Atmospheric Conditions;1;Clear;0;No;0;Not Applicable;23;11:00pm-11:59pm;11;11;23;11:00pm-11:59pm;26;26;23;11:00pm-11:59pm;41;41;0;None;0;None;0;None;1;1
36;New York;360027;2;1;1;0;2;2;0;61;NEW YORK (61);4170;NEW YORK;20;20;1;January;2019;1;Sunday;4;4:00am-4:59am;7;7;1;This section IS ON the NHS;6;Local Street - Municipality;W 155 ST;RIVERSIDE DR;2;Urban;3;Principal Arterial - Other;4;City or Municipal Highway Agency;99998;Not Reported;40.83391944;40.83391944;-73.94837222;-73.94837222;0;No Special Jurisdiction;14;Parked Motor Vehicle;0;The First Harmful Event was Not a Collision with a Motor Vehicle in Transport;0;No;3;Intersection-Related;3;T-Intersection;0;None;7;In Parking Lane/Zone;3;Dark - Lighted;2;Rain;0;No Additional Atmospheric Conditions;2;Rain;0;No;0;Not Applicable;4;4:00am-4:59am;7;7;4;4:00am-4:59am;35;35;99;Unknown;99;Unknown EMS Hospital Arrival Time;0;None;0;None;0;None;1;1
36;New York;360034;1;1;0;0;1;1;0;41;HAMILTON (41);9997;Other;10;10;1;January;2019;5;Thursday;14;2:00pm-2:59pm;35;35;1;This section IS ON the NHS;3;State Highway;SR-30;OLD NORTHVILLE RD;1;Rural;3;Principal Arterial - Other;1;State Highway Agency;99998;Not Reported;43.26686667;43.26686667;-74.22632222;-74.22632222;0;No Special Jurisdiction;42;Tree (Standing Only);0;The First Harmful Event was Not a Collision with a Motor Vehicle in Transport;0;No;3;Intersection-Related;3;T-Intersection;0;None;4;On Roadside;1;Daylight;10;Cloudy;0;No Additional Atmospheric Conditions;10;Cloudy;0;No;0;Not Applicable;14;2:00pm-2:59pm;35;35;15;3:00pm-3:59pm;3;3;15;3:00pm-3:59pm;49;49;0;None;0;None;0;None;1;0
36;New York;360040;1;1;0;2;2;2;2;81;QUEENS (81);4170;MIDDLE VILLAGE;5;5;2;February;2019;3;Tuesday;18;6:00pm-6:59pm;7;7;0;This section IS NOT on the NHS;6;Local Street - Municipality;251ST ST;63RD AVE;2;Urban;7;Local;4;City or Municipal Highway Agency;0;None;40.75601667;40.75601667;-73.72724167;-73.72724167;0;No Special Jurisdiction;8;Pedestrian;0;The First Harmful Event was Not a Collision with a Motor Vehicle in Transport;0;No;2;Intersection;3;T-Intersection;0;None;1;On Roadway;3;Dark - Lighted;1;Clear;0;No Additional Atmospheric Conditions;1;Clear;0;No;0;Not Applicable;99;Unknown;99;Unknown;99;Unknown EMS Scene Arrival Hour;99;Unknown EMS Scene Arrival Minutes;99;Unknown;99;Unknown EMS Hospital Arrival Time;0;None;0;None;0;None;1;0
36;New York;360047;1;1;0;0;1;1;0;113;WARREN (113);2300;GLENS FALLS;13;13;2;February;2019;4;Wednesday;0;0:00am-0:59am;49;49;1;This section IS ON the NHS;2;U.S. Highway;US-9;GREENWAY RD;2;Urban;3;Principal Arterial - Other;1;State Highway Agency;99998;Not Reported;43.27784444;43.27784444;-73.64586111;-73.64586111;0;No Special Jurisdiction;48;Snow Bank;0;The First Harmful Event was Not a Collision with a Motor Vehicle in Transport;0;No;3;Intersection-Related;3;T-Intersection;0;None;4;On Roadside;3;Dark - Lighted;98;Not Reported;0;No Additional Atmospheric Conditions;98;Not Reported;0;No;0;Not Applicable;0;0:00am-0:59am;49;49;0;0:00am-0:59am;49;49;1;1:00am-1:59am;43;43;0;None;0;None;0;None;1;1
36;New York;360053;1;1;0;0;1;1;0;81;QUEENS (81);4170;MIDDLE VILLAGE;18;18;2;February;2019;2;Monday;5;5:00am-5:59am;52;52;1;This section IS ON the NHS;8;Other;N CONDUIT AVE;230TH PL;2;Urban;3;Principal Arterial - Other;4;City or Municipal Highway Agency;0;None;40.66643056;40.66643056;-73.74536389;-73.74536389;0;No Special Jurisdiction;21;Bridge Pier or Support;0;The First Harmful Event was Not a Collision with a Motor Vehicle in Transport;0;No;3;Intersection-Related;3;T-Intersection;0;None;3;On Median;3;Dark - Lighted;2;Rain;0;No Additional Atmospheric Conditions;2;Rain;0;No;0;Not Applicable;5;5:00am-5:59am;55;55;6;6:00am-6:59am;6;6;6;6:00am-6:59am;10;10;0;None;0;None;0;None;1;1
36;New York;360054;1;1;0;0;1;1;0;59;NASSAU (59);2600;HEMPSTEAD;9;9;2;February;2019;7;Saturday;2;2:00am-2:59am;10;10;0;This section IS NOT on the NHS;8;Other;LONG BEACH RD;CASTLETON CT;2;Urban;4;Minor Arterial;2;County Highway Agency;99998;Not Reported;40.64484444;40.64484444;-73.63899722;-73.63899722;0;No Special Jurisdiction;33;Curb;0;The First Harmful Event was Not a Collision with a Motor Vehicle in Transport;0;No;3;Intersection-Related;3;T-Intersection;0;None;4;On Roadside;3;Dark - Lighted;1;Clear;0;No Additional Atmospheric Conditions;1;Clear;0;No;0;Not Applicable;2;2:00am-2:59am;15;15;99;Unknown EMS Scene Arrival Hour;99;Unknown EMS Scene Arrival Minutes;2;2:00am-2:59am;25;25;0;None;0;None;0;None;1;0
36;New York;360055;1;1;0;1;1;1;1;47;KINGS (47);4170;NEW YORK CITY;26;26;1;January;2019;7;Saturday;18;6:00pm-6:59pm;48;48;0;This section IS NOT on the NHS;6;Local Street - Municipality;KINGS HWY;VAN SICKLEN ST;2;Urban;4;Minor Arterial;4;City or Municipal Highway Agency;99998;Not Reported;40.60435556;40.60435556;-73.97398333;-73.97398333;0;No Special Jurisdiction;9;Pedalcyclist;0;The First Harmful Event was Not a Collision with a Motor Vehicle in Transport;0;No;2;Intersection;3;T-Intersection;0;None;1;On Roadway;3;Dark - Lighted;1;Clear;0;No Additional Atmospheric Conditions;1;Clear;0;No;0;Not Applicable;99;Unknown;99;Unknown;99;Unknown EMS Scene Arrival Hour;99;Unknown EMS Scene Arrival Minutes;99;Unknown;99;Unknown EMS Hospital Arrival Time;0;None;0;None;0;None;1;0
36;New York;360058;2;2;0;0;2;2;0;71;ORANGE (71);6410;WARWICK;8;8;2;February;2019;6;Friday;18;6:00pm-6:59pm;17;17;0;This section IS NOT on the NHS;3;State Highway;SR-94 MAPLE AVE;CR-1 GRAND ST;2;Urban;4;Minor Arterial;1;State Highway Agency;99998;Not Reported;41.24358889;41.24358889;-74.36977222;-74.36977222;0;No Special Jurisdiction;12;Motor Vehicle In-Transport;2;Front-to-Front;0;No;2;Intersection;3;T-Intersection;0;None;1;On Roadway;3;Dark - Lighted;1;Clear;0;No Additional Atmospheric Conditions;1;Clear;0;No;0;Not Applicable;18;6:00pm-6:59pm;17;17;99;Unknown EMS Scene Arrival Hour;99;Unknown EMS Scene Arrival Minutes;99;Unknown;99;Unknown EMS Hospital Arrival Time;0;None;0;None;0;None;1;1
36;New York;360061;2;2;0;0;4;4;0;29;ERIE (29);1117;CHEEKTOWAGA;22;22;1;January;2019;3;Tuesday;8;8:00am-8:59am;54;54;1;This section IS ON the NHS;3;State Highway;SR-33;BUELL ST;2;Urban;3;Principal Arterial - Other;1;State Highway Agency;99998;Not Reported;42.93028611;42.93028611;-78.73741111;-78.73741111;0;No Special Jurisdiction;12;Motor Vehicle In-Transport;6;Angle;0;No;2;Intersection;3;T-Intersection;0;None;1;On Roadway;1;Daylight;1;Clear;0;No Additional Atmospheric Conditions;1;Clear;0;No;0;Not Applicable;8;8:00am-8:59am;54;54;9;9:00am-9:59am;1;1;9;9:00am-9:59am;36;36;0;None;0;None;0;None;1;0
36;New York;360085;1;1;0;0;1;1;0;113;WARREN (113);5025;POTTERSVILLE;22;22;1;January;2019;3;Tuesday;13;1:00pm-1:59pm;31;31;1;This section IS ON the NHS;1;Interstate;I-87 OFF RAMP;VALLEY FARM RD;1;Rural;1;Interstate;1;State Highway Agency;99998;Not Reported;43.724425;43.724425;-73.82077222;-73.82077222;0;No Special Jurisdiction;24;Guardrail Face;0;The First Harmful Event was Not a Collision with a Motor Vehicle in Transport;1;Yes;3;Intersection-Related;3;T-Intersection;0;None;4;On Roadside;1;Daylight;4;Snow;0;No Additional Atmospheric Conditions;4;Snow;0;No;0;Not Applicable;13;1:00pm-1:59pm;31;31;13;1:00pm-1:59pm;40;40;88;Not Applicable (Not Transported);88;Not Applicable (Not Transported);0;None;0;None;0;None;1;0
36;New York;360108;2;2;0;0;2;2;0;1;ALBANY (1);1290;COLONIE;10;10;2;February;2019;1;Sunday;12;12:00pm-12:59pm;5;5;0;This section IS NOT on the NHS;8;Other;SAND CREEK RD;SUNSET BLVD;2;Urban;4;Minor Arterial;4;City or Municipal Highway Agency;99998;Not Reported;42.71995;42.71995;-73.81739444;-73.81739444;0;No Special Jurisdiction;12;Motor Vehicle In-Transport;1;Front-to-Rear;0;No;3;Intersection-Related;3;T-Intersection;0;None;1;On Roadway;1;Daylight;1;Clear;0;No Additional Atmospheric Conditions;1;Clear;0;No;0;Not Applicable;12;12:00pm-12:59pm;5;5;12;12:00pm-12:59pm;12;12;13;1:00pm-1:59pm;14;14;0;None;0;None;0;None;1;0
36;New York;360109;1;1;0;1;1;1;1;25;DELAWARE (25);5950;STAMFORD;14;14;3;March;2019;5;Thursday;19;7:00pm-7:59pm;44;44;0;This section IS NOT on the NHS;3;State Highway;SR-10;PARK AVE;1;Rural;5;Major Collector;3;Town or Township Highway Agency;99998;Not Reported;42.41859444;42.41859444;-74.62079444;-74.62079444;0;No Special Jurisdiction;8;Pedestrian;0;The First Harmful Event was Not a Collision with a Motor Vehicle in Transport;0;No;3;Intersection-Related;3;T-Intersection;0;None;1;On Roadway;5;Dusk;1;Clear;0;No Additional Atmospheric Conditions;1;Clear;0;No;0;Not Applicable;19;7:00pm-7:59pm;49;49;19;7:00pm-7:59pm;49;49;88;Not Applicable (Not Transported);88;Not Applicable (Not Transported);0;None;0;None;0;None;1;0
36;New York;360114;1;1;0;1;1;1;1;47;KINGS (47);4170;NEW YORK CITY;9;9;3;March;2019;7;Saturday;17;5:00pm-5:59pm;37;37;0;This section IS NOT on the NHS;6;Local Street - Municipality;MAUJER ST;BUSHWICK AVE;2;Urban;7;Local;4;City or Municipal Highway Agency;99998;Not Reported;40.71124722;40.71124722;-73.940525;-73.940525;0;No Special Jurisdiction;8;Pedestrian;0;The First Harmful Event was Not a Collision with a Motor Vehicle in Transport;0;No;3;Intersection-Related;3;T-Intersection;0;None;1;On Roadway;1;Daylight;1;Clear;0;No Additional Atmospheric Conditions;1;Clear;0;No;0;Not Applicable;99;Unknown;99;Unknown;99;Unknown EMS Scene Arrival Hour;99;Unknown EMS Scene Arrival Minutes;99;Unknown;99;Unknown EMS Hospital Arrival Time;0;None;0;None;0;None;1;0
36;New York;360115;1;1;0;0;1;1;0;103;SUFFOLK (103);5810;SOUTHAMPTON;12;12;3;March;2019;3;Tuesday;20;8:00pm-8:59pm;29;29;0;This section IS NOT on the NHS;5;Local Street - Township;BRICK KILN RD;STONEY HILL RD;2;Urban;5;Major Collector;3;Town or Township Highway Agency;99998;Not Reported;40.97896111;40.97896111;-72.32115833;-72.32115833;0;No Special Jurisdiction;42;Tree (Standing Only);0;The First Harmful Event was Not a Collision with a Motor Vehicle in Transport;0;No;3;Intersection-Related;3;T-Intersection;0;None;4;On Roadside;3;Dark - Lighted;1;Clear;0;No Additional Atmospheric Conditions;1;Clear;0;No;0;Not Applicable;20;8:00pm-8:59pm;32;32;99;Unknown EMS Scene Arrival Hour;99;Unknown EMS Scene Arrival Minutes;99;Unknown;99;Unknown EMS Hospital Arrival Time;0;None;0;None;0;None;1;1
36;New York;360124;1;1;0;1;1;1;1;59;NASSAU (59);2600;HEMPSTEAD;23;23;2;February;2019;7;Saturday;19;7:00pm-7:59pm;1;1;0;This section IS NOT on the NHS;5;Local Street - Township;S FRANKLIN ST;STERLING PL;2;Urban;4;Minor Arterial;3;Town or Township Highway Agency;99998;Not Reported;40.69446389;40.69446389;-73.62176667;-73.62176667;0;No Special Jurisdiction;8;Pedestrian;0;The First Harmful Event was Not a Collision with a Motor Vehicle in Transport;0;No;3;Intersection-Related;3;T-Intersection;0;None;1;On Roadway;3;Dark - Lighted;1;Clear;0;No Additional Atmospheric Conditions;1;Clear;0;No;0;Not Applicable;19;7:00pm-7:59pm;3;3;19;7:00pm-7:59pm;15;15;19;7:00pm-7:59pm;25;25;0;None;0;None;0;None;1;0
36;New York;360128;2;2;0;1;3;3;1;59;NASSAU (59);2600;HEMPSTEAD;2;2;4;April;2019;3;Tuesday;21;9:00pm-9:59pm;6;6;0;This section IS NOT on the NHS;8;Other;S FRANKLIN ST;ELM AVE;2;Urban;4;Minor Arterial;2;County Highway Agency;99998;Not Reported;40.69909167;40.69909167;-73.62317222;-73.62317222;0;No Special Jurisdiction;8;Pedestrian;0;The First Harmful Event was Not a Collision with a Motor Vehicle in Transport;0;No;3;Intersection-Related;3;T-Intersection;0;None;1;On Roadway;3;Dark - Lighted;2;Rain;0;No Additional Atmospheric Conditions;2;Rain;0;No;0;Not Applicable;21;9:00pm-9:59pm;6;6;21;9:00pm-9:59pm;10;10;99;Unknown;99;Unknown EMS Hospital Arrival Time;0;None;0;None;0;None;1;0
36;New York;360131;2;2;0;1;2;2;1;103;SUFFOLK (103);2920;ISLIP;1;1;1;January;2019;3;Tuesday;1;1:00am-1:59am;30;30;0;This section IS NOT on the NHS;5;Local Street - Township;LOWELL AVE;CYPRESS ST;2;Urban;5;Major Collector;3;Town or Township Highway Agency;99998;Not Reported;40.78428333;40.78428333;-73.19094167;-73.19094167;0;No Special Jurisdiction;8;Pedestrian;0;The First Harmful Event was Not a Collision with a Motor Vehicle in Transport;0;No;3;Intersection-Related;3;T-Intersection;0;None;1;On Roadway;3;Dark - Lighted;2;Rain;0;No Additional Atmospheric Conditions;2;Rain;0;No;0;Not Applicable;99;Unknown;99;Unknown;99;Unknown EMS Scene Arrival Hour;99;Unknown EMS Scene Arrival Minutes;99;Unknown;99;Unknown EMS Hospital Arrival Time;0;None;0;None;0;None;1;0
36;New York;360140;1;1;0;1;2;2;1;103;SUFFOLK (103);2920;ISLIP;20;20;1;January;2019;1;Sunday;2;2:00am-2:59am;5;5;0;This section IS NOT on the NHS;4;County Road;CR-17;JANICE LN;2;Urban;4;Minor Arterial;2;County Highway Agency;99998;Not Reported;40.79948056;40.79948056;-73.20972222;-73.20972222;0;No Special Jurisdiction;8;Pedestrian;0;The First Harmful Event was Not a Collision with a Motor Vehicle in Transport;0;No;3;Intersection-Related;3;T-Intersection;0;None;1;On Roadway;2;Dark - Not Lighted;10;Cloudy;0;No Additional Atmospheric Conditions;10;Cloudy;0;No;0;Not Applicable;99;Unknown;99;Unknown;99;Unknown EMS Scene Arrival Hour;99;Unknown EMS Scene Arrival Minutes;88;Not Applicable (Not Transported);88;Not Applicable (Not Transported);0;None;0;None;0;None;1;0
36;New York;360149;2;2;0;0;5;5;0;103;SUFFOLK (103);705;BROOKHAVEN;9;9;2;February;2019;7;Saturday;23;11:00pm-11:59pm;51;51;1;This section IS ON the NHS;3;State Highway;SR-25;BIRCHWOOD PARK DR;2;Urban;3;Principal Arterial - Other;1;State Highway Agency;99998;Not Reported;40.88054167;40.88054167;-72.95599444;-72.95599444;0;No Special Jurisdiction;12;Motor Vehicle In-Transport;98;Not Reported;0;No;2;Intersection;3;T-Intersection;0;None;1;On Roadway;3;Dark - Lighted;1;Clear;0;No Additional Atmospheric Conditions;1;Clear;0;No;0;Not Applicable;99;Unknown;99;Unknown;99;Unknown EMS Scene Arrival Hour;99;Unknown EMS Scene Arrival Minutes;99;Unknown;99;Unknown EMS Hospital Arrival Time;0;None;0;None;0;None;3;1
36;New York;360150;1;1;0;0;1;1;0;103;SUFFOLK (103);2920;ISLIP;11;11;2;February;2019;2;Monday;12;12:00pm-12:59pm;39;39;0;This section IS NOT on the NHS;5;Local Street - Township;HAWTHORNE AVE;HALF MILE RD;2;Urban;5;Major Collector;3;Town or Township Highway Agency;99998;Not Reported;40.79937222;40.79937222;-73.196525;-73.196525;0;No Special Jurisdiction;30;Utility Pole/Light Support;0;The First Harmful Event was Not a Collision with a Motor Vehicle in Transport;0;No;3;Intersection-Related;3;T-Intersection;0;None;4;On Roadside;1;Daylight;1;Clear;0;No Additional Atmospheric Conditions;1;Clear;0;No;0;Not Applicable;99;Unknown;99;Unknown;99;Unknown EMS Scene Arrival Hour;99;Unknown EMS Scene Arrival Minutes;99;Unknown;99;Unknown EMS Hospital Arrival Time;0;None;0;None;0;None;1;0
36;New York;360151;1;1;0;0;3;3;0;103;SUFFOLK (103);705;BROOKHAVEN;10;10;2;February;2019;1;Sunday;4;4:00am-4:59am;0;0;1;This section IS ON the NHS;3;State Highway;SR-25 MIDDLE COUNTRY RD;HOMESTEAD DR;2;Urban;3;Principal Arterial - Other;1;State Highway Agency;99998;Not Reported;40.87357778;40.87357778;-72.98203333;-72.98203333;0;No Special Jurisdiction;30;Utility Pole/Light Support;0;The First Harmful Event was Not a Collision with a Motor Vehicle in Transport;0;No;3;Intersection-Related;3;T-Intersection;0;None;4;On Roadside;3;Dark - Lighted;1;Clear;0;No Additional Atmospheric Conditions;1;Clear;0;No;0;Not Applicable;99;Unknown;99;Unknown;99;Unknown EMS Scene Arrival Hour;99;Unknown EMS Scene Arrival Minutes;99;Unknown;99;Unknown EMS Hospital Arrival Time;0;None;0;None;0;None;1;0
36;New York;360155;1;1;0;2;1;1;2;103;SUFFOLK (103);705;BROOKHAVEN;24;24;2;February;2019;1;Sunday;2;2:00am-2:59am;30;30;0;This section IS NOT on the NHS;4;County Road;CR-80 MONTAUK HWY;ORCHARD RD;2;Urban;4;Minor Arterial;2;County Highway Agency;99998;Not Reported;40.76926389;40.76926389;-72.97118889;-72.97118889;0;No Special Jurisdiction;8;Pedestrian;0;The First Harmful Event was Not a Collision with a Motor Vehicle in Transport;0;No;3;Intersection-Related;3;T-Intersection;0;None;1;On Roadway;3;Dark - Lighted;2;Rain;0;No Additional Atmospheric Conditions;2;Rain;0;No;0;Not Applicable;99;Unknown;99;Unknown;99;Unknown EMS Scene Arrival Hour;99;Unknown EMS Scene Arrival Minutes;99;Unknown;99;Unknown EMS Hospital Arrival Time;0;None;0;None;0;None;1;0