STATE;STATENAME;ST_CASE;VE_TOTAL;VE_FORMS;PVH_INVL;PEDS;PERSONS;PERMVIT;PERNOTMVIT;COUNTY;COUNTYNAME;CITY;CITYNAME;DAY;DAYNAME;MONTH;MONTHNAME;YEAR;DAY_WEEK;DAY_WEEKNAME;HOUR;HOURNAME;MINUTE;MINUTENAME;NHS;NHSNAME;ROUTE;ROUTENAME;TWAY_ID;TWAY_ID2;RUR_URB;RUR_URBNAME;FUNC_SYS;FUNC_SYSNAME;RD_OWNER;RD_OWNERNAME;MILEPT;MILEPTNAME;LATITUDE;LATITUDENAME;LONGITUD;LONGITUDNAME;SP_JUR;SP_JURNAME;HARM_EV;HARM_EVNAME;MAN_COLL;MAN_COLLNAME;RELJCT1;RELJCT1NAME;RELJCT2;RELJCT2NAME;TYP_INT;TYP_INTNAME;WRK_ZONE;WRK_ZONENAME;REL_ROAD;REL_ROADNAME;LGT_COND;LGT_CONDNAME;WEATHER1;WEATHER1NAME;WEATHER2;WEATHER2NAME;WEATHER;WEATHERNAME;SCH_BUS;SCH_BUSNAME;RAIL;RAILNAME;NOT_HOUR;NOT_HOURNAME;NOT_MIN;NOT_MINNAME;ARR_HOUR;ARR_HOURNAME;ARR_MIN;ARR_MINNAME;HOSP_HR;HOSP_HRNAME;HOSP_MN;HOSP_MNNAME;CF1;CF1NAME;CF2;CF2NAME;CF3;CF3NAME;FATALS;DRUNK_DR
36;New York;360159;5;3;2;0;4;4;0;29;ERIE (29);750;BUFFALO;6;6;3;March;2019;4;Wednesday;18;6:00pm-6:59pm;30;30;1;This section IS ON the NHS;2;U.S. Highway;US-62 S PARK AVE;MARILLA ST;2;Urban;3;Principal Arterial - Other;4;City or Municipal Highway Agency;99998;Not Reported;42.83721111;42.83721111;-78.82382778;-78.82382778;0;No Special Jurisdiction;12;Motor Vehicle In-Transport;6;Angle;0;No;3;Intersection-Related;3;T-Intersection;0;None;1;On Roadway;3;Dark - Lighted;10;Cloudy;0;No Additional Atmospheric Conditions;10;Cloudy;0;No;0;Not Applicable;99;Unknown;99;Unknown;99;Unknown EMS Scene Arrival Hour;99;Unknown EMS Scene Arrival Minutes;99;Unknown;99;Unknown EMS Hospital Arrival Time;14;Motor Vehicle struck by falling cargo,or something that came loose from or something that was set in motion by a vehicle;0;None;0;None;1;0
36;New York;360160;2;2;0;0;2;2;0;75;OSWEGO (75);6712;WILLIAMSTOWN;30;30;3;March;2019;7;Saturday;11;11:00am-11:59am;45;45;0;This section IS NOT on the NHS;3;State Highway;SR-13;CR-19;1;Rural;4;Minor Arterial;1;State Highway Agency;99998;Not Reported;43.42212778;43.42212778;-75.88582778;-75.88582778;0;No Special Jurisdiction;12;Motor Vehicle In-Transport;2;Front-to-Front;0;No;2;Intersection;3;T-Intersection;0;None;1;On Roadway;1;Daylight;2;Rain;0;No Additional Atmospheric Conditions;2;Rain;0;No;0;Not Applicable;11;11:00am-11:59am;45;45;11;11:00am-11:59am;53;53;99;Unknown;99;Unknown EMS Hospital Arrival Time;0;None;0;None;0;None;1;0
36;New York;360166;1;1;0;1;1;1;1;61;NEW YORK (61);4170;NEW YORK;16;16;4;April;2019;3;Tuesday;8;8:00am-8:59am;41;41;1;This section IS ON the NHS;6;Local Street - Municipality;BROADWAY;W 149TH ST;2;Urban;3;Principal Arterial - Other;4;City or Municipal Highway Agency;99998;Not Reported;40.82885;40.82885;-73.94849167;-73.94849167;0;No Special Jurisdiction;8;Pedestrian;0;The First Harmful Event was Not a Collision with a Motor Vehicle in Transport;0;No;3;Intersection-Related;3;T-Intersection;0;None;1;On Roadway;1;Daylight;1;Clear;0;No Additional Atmospheric Conditions;1;Clear;0;No;0;Not Applicable;8;8:00am-8:59am;41;41;8;8:00am-8:59am;50;50;9;9:00am-9:59am;7;7;0;None;0;None;0;None;1;0
36;New York;360196;2;2;0;0;6;6;0;99;SENECA (99);6440;WATERLOO;20;20;4;April;2019;7;Saturday;16;4:00pm-4:59pm;1;1;0;This section IS NOT on the NHS;3;State Highway;SR-318;BURGESS RD;1;Rural;5;Major Collector;1;State Highway Agency;99998;Not Reported;42.96035278;42.96035278;-76.86150833;-76.86150833;0;No Special Jurisdiction;12;Motor Vehicle In-Transport;9;Rear-to-Side;0;No;2;Intersection;3;T-Intersection;0;None;1;On Roadway;1;Daylight;1;Clear;0;No Additional Atmospheric Conditions;1;Clear;0;No;0;Not Applicable;16;4:00pm-4:59pm;1;1;16;4:00pm-4:59pm;9;9;16;4:00pm-4:59pm;37;37;0;None;0;None;0;None;1;0
36;New York;360197;1;1;0;0;1;1;0;93;SCHENECTADY (93);5550;SCHENECTADY;8;8;5;May;2019;4;Wednesday;19;7:00pm-7:59pm;44;44;0;This section IS NOT on the NHS;6;Local Street - Municipality;ALBANY ST;ELBERT ST;2;Urban;4;Minor Arterial;4;City or Municipal Highway Agency;99998;Not Reported;42.79053611;42.79053611;-73.91912222;-73.91912222;0;No Special Jurisdiction;1;Rollover/Overturn;0;The First Harmful Event was Not a Collision with a Motor Vehicle in Transport;0;No;2;Intersection;3;T-Intersection;0;None;1;On Roadway;1;Daylight;1;Clear;0;No Additional Atmospheric Conditions;1;Clear;0;No;0;Not Applicable;19;7:00pm-7:59pm;45;45;19;7:00pm-7:59pm;51;51;20;8:00pm-8:59pm;18;18;0;None;0;None;0;None;1;0
36;New York;360198;1;1;0;0;1;1;0;115;WASHINGTON (115);2090;FORT EDWARD;6;6;5;May;2019;2;Monday;6;6:00am-6:59am;52;52;0;This section IS NOT on the NHS;4;County Road;CR-37;SMITH ST;2;Urban;4;Minor Arterial;2;County Highway Agency;99998;Not Reported;43.28537222;43.28537222;-73.57993333;-73.57993333;0;No Special Jurisdiction;42;Tree (Standing Only);0;The First Harmful Event was Not a Collision with a Motor Vehicle in Transport;0;No;3;Intersection-Related;3;T-Intersection;0;None;4;On Roadside;1;Daylight;10;Cloudy;0;No Additional Atmospheric Conditions;10;Cloudy;0;No;0;Not Applicable;6;6:00am-6:59am;54;54;6;6:00am-6:59am;58;58;88;Not Applicable (Not Transported);88;Not Applicable (Not Transported);0;None;0;None;0;None;1;0
36;New York;360221;1;1;0;1;1;1;1;81;QUEENS (81);4170;MIDDLE VILLAGE;1;1;5;May;2019;4;Wednesday;5;5:00am-5:59am;40;40;1;This section IS ON the NHS;8;Other;108TH ST;48TH AVE;2;Urban;3;Principal Arterial - Other;4;City or Municipal Highway Agency;99998;Not Reported;40.74600278;40.74600278;-73.85632222;-73.85632222;0;No Special Jurisdiction;8;Pedestrian;0;The First Harmful Event was Not a Collision with a Motor Vehicle in Transport;0;No;3;Intersection-Related;3;T-Intersection;0;None;1;On Roadway;4;Dawn;10;Cloudy;0;No Additional Atmospheric Conditions;10;Cloudy;0;No;0;Not Applicable;99;Unknown;99;Unknown;99;Unknown EMS Scene Arrival Hour;99;Unknown EMS Scene Arrival Minutes;99;Unknown;99;Unknown EMS Hospital Arrival Time;0;None;0;None;0;None;1;0
36;New York;360223;1;1;0;0;6;6;0;29;ERIE (29);6642;WEST SENECA;13;13;5;May;2019;2;Monday;5;5:00am-5:59am;20;20;0;This section IS NOT on the NHS;4;County Road;CR-458;FISHER RD;2;Urban;5;Major Collector;2;County Highway Agency;99998;Not Reported;42.81858611;42.81858611;-78.78416667;-78.78416667;0;No Special Jurisdiction;42;Tree (Standing Only);0;The First Harmful Event was Not a Collision with a Motor Vehicle in Transport;0;No;3;Intersection-Related;3;T-Intersection;0;None;4;On Roadside;3;Dark - Lighted;2;Rain;0;No Additional Atmospheric Conditions;2;Rain;0;No;0;Not Applicable;5;5:00am-5:59am;22;22;5;5:00am-5:59am;23;23;99;Unknown;99;Unknown EMS Hospital Arrival Time;0;None;0;None;0;None;1;1
36;New York;360226;2;2;0;0;4;4;0;81;QUEENS (81);4170;MIDDLE VILLAGE;21;21;5;May;2019;3;Tuesday;1;1:00am-1:59am;9;9;1;This section IS ON the NHS;6;Local Street - Municipality;LIBERTY AVE;157TH ST;2;Urban;3;Principal Arterial - Other;3;Town or Township Highway Agency;99998;Not Reported;40.69919167;40.69919167;-73.79954167;-73.79954167;0;No Special Jurisdiction;12;Motor Vehicle In-Transport;6;Angle;0;No;2;Intersection;3;T-Intersection;0;None;1;On Roadway;3;Dark - Lighted;1;Clear;0;No Additional Atmospheric Conditions;1;Clear;0;No;0;Not Applicable;99;Unknown;99;Unknown;99;Unknown EMS Scene Arrival Hour;99;Unknown EMS Scene Arrival Minutes;99;Unknown;99;Unknown EMS Hospital Arrival Time;0;None;0;None;0;None;1;1
36;New York;360227;1;1;0;1;1;1;1;101;STEUBEN (101);420;BATH;3;3;5;May;2019;6;Friday;12;12:00pm-12:59pm;20;20;0;This section IS NOT on the NHS;3;State Highway;SR-415;ROOSEVELT AVE;2;Urban;4;Minor Arterial;1;State Highway Agency;99998;Not Reported;42.32971111;42.32971111;-77.301425;-77.301425;0;No Special Jurisdiction;8;Pedestrian;0;The First Harmful Event was Not a Collision with a Motor Vehicle in Transport;0;No;3;Intersection-Related;3;T-Intersection;0;None;1;On Roadway;1;Daylight;1;Clear;0;No Additional Atmospheric Conditions;1;Clear;0;No;0;Not Applicable;12;12:00pm-12:59pm;20;20;12;12:00pm-12:59pm;25;25;12;12:00pm-12:59pm;47;47;0;None;0;None;0;None;1;1
36;New York;360252;2;2;0;0;4;4;0;81;QUEENS (81);4170;MIDDLE VILLAGE;2;2;6;June;2019;1;Sunday;2;2:00am-2:59am;34;34;1;This section IS ON the NHS;6;Local Street - Municipality;SPRINGFIELD BLVD;114TH RD;2;Urban;3;Principal Arterial - Other;4;City or Municipal Highway Agency;99998;Not Reported;40.70140278;40.70140278;-73.7413;-73.7413;0;No Special Jurisdiction;12;Motor Vehicle In-Transport;6;Angle;0;No;2;Intersection;3;T-Intersection;0;None;1;On Roadway;3;Dark - Lighted;1;Clear;0;No Additional Atmospheric Conditions;1;Clear;0;No;0;Not Applicable;99;Unknown;99;Unknown;99;Unknown EMS Scene Arrival Hour;99;Unknown EMS Scene Arrival Minutes;99;Unknown;99;Unknown EMS Hospital Arrival Time;0;None;0;None;0;None;1;0
36;New York;360258;1;1;0;1;1;1;1;103;SUFFOLK (103);4971;PORT JEFFERSON STA;13;13;4;April;2019;7;Saturday;5;5:00am-5:59am;25;25;1;This section IS ON the NHS;3;State Highway;SR-347;WILLIAM ST;2;Urban;3;Principal Arterial - Other;1;State Highway Agency;99998;Not Reported;40.92747778;40.92747778;-73.04352222;-73.04352222;0;No Special Jurisdiction;8;Pedestrian;0;The First Harmful Event was Not a Collision with a Motor Vehicle in Transport;0;No;3;Intersection-Related;3;T-Intersection;0;None;1;On Roadway;2;Dark - Not Lighted;2;Rain;0;No Additional Atmospheric Conditions;2;Rain;0;No;0;Not Applicable;5;5:00am-5:59am;29;29;5;5:00am-5:59am;36;36;6;6:00am-6:59am;7;7;0;None;0;None;0;None;1;0
36;New York;360263;1;1;0;1;1;1;1;67;ONONDAGA (67);3310;LIVERPOOL;1;1;6;June;2019;7;Saturday;13;1:00pm-1:59pm;47;47;0;This section IS NOT on the NHS;5;Local Street - Township;MOHAWK DR;PLYMOUTH AVE S;2;Urban;7;Local;3;Town or Township Highway Agency;99998;Not Reported;43.09389444;43.09389444;-76.13415278;-76.13415278;0;No Special Jurisdiction;19;Building;0;The First Harmful Event was Not a Collision with a Motor Vehicle in Transport;0;No;3;Intersection-Related;3;T-Intersection;0;None;5;Outside Trafficway;1;Daylight;1;Clear;0;No Additional Atmospheric Conditions;1;Clear;0;No;0;Not Applicable;13;1:00pm-1:59pm;47;47;13;1:00pm-1:59pm;53;53;99;Unknown;99;Unknown EMS Hospital Arrival Time;0;None;0;None;0;None;1;0
36;New York;360264;1;1;0;0;2;2;0;87;ROCKLAND (87);5980;STONY POINT;25;25;5;May;2019;7;Saturday;3;3:00am-3:59am;41;41;0;This section IS NOT on the NHS;8;Other;BEACH RD;E MAIN ST;2;Urban;5;Major Collector;2;County Highway Agency;99998;Not Reported;41.22664722;41.22664722;-73.97452778;-73.97452778;0;No Special Jurisdiction;1;Rollover/Overturn;0;The First Harmful Event was Not a Collision with a Motor Vehicle in Transport;0;No;3;Intersection-Related;3;T-Intersection;0;None;1;On Roadway;3;Dark - Lighted;1;Clear;0;No Additional Atmospheric Conditions;1;Clear;0;No;0;Not Applicable;3;3:00am-3:59am;41;41;3;3:00am-3:59am;49;49;4;4:00am-4:59am;45;45;0;None;0;None;0;None;1;1
36;New York;360300;3;3;0;0;6;6;0;111;ULSTER (111);2865;HURLEY;22;22;5;May;2019;4;Wednesday;7;7:00am-7:59am;49;49;1;This section IS ON the NHS;2;U.S. Highway;US-209;WYNKOOP RD;2;Urban;3;Principal Arterial - Other;1;State Highway Agency;99998;Not Reported;41.92558333;41.92558333;-74.06591667;-74.06591667;0;No Special Jurisdiction;12;Motor Vehicle In-Transport;1;Front-to-Rear;0;No;2;Intersection;3;T-Intersection;0;None;1;On Roadway;1;Daylight;1;Clear;0;No Additional Atmospheric Conditions;1;Clear;0;No;0;Not Applicable;7;7:00am-7:59am;49;49;7;7:00am-7:59am;59;59;99;Unknown;99;Unknown EMS Hospital Arrival Time;0;None;0;None;0;None;1;0
36;New York;360323;2;2;0;0;3;3;0;103;SUFFOLK (103);705;BROOKHAVEN;25;25;5;May;2019;7;Saturday;11;11:00am-11:59am;33;33;1;This section IS ON the NHS;3;State Highway;SR-25 MIDDLE COUNTRY RD;PINE BARK RD;2;Urban;3;Principal Arterial - Other;1;State Highway Agency;99998;Not Reported;40.89957222;40.89957222;-72.8714;-72.8714;0;No Special Jurisdiction;12;Motor Vehicle In-Transport;6;Angle;0;No;3;Intersection-Related;3;T-Intersection;0;None;1;On Roadway;1;Daylight;1;Clear;0;No Additional Atmospheric Conditions;1;Clear;0;No;0;Not Applicable;99;Unknown;99;Unknown;11;11:00am-11:59am;40;40;12;12:00pm-12:59pm;10;10;0;None;0;None;0;None;1;0
36;New York;360340;2;2;0;0;4;4;0;65;ONEIDA (65);6308;VIENNA;29;29;6;June;2019;7;Saturday;15;3:00pm-3:59pm;55;55;0;This section IS NOT on the NHS;3;State Highway;SR-49;HERDER RD;1;Rural;4;Minor Arterial;1;State Highway Agency;99998;Not Reported;43.24243333;43.24243333;-75.63794167;-75.63794167;0;No Special Jurisdiction;12;Motor Vehicle In-Transport;6;Angle;0;No;3;Intersection-Related;3;T-Intersection;0;None;1;On Roadway;1;Daylight;1;Clear;0;No Additional Atmospheric Conditions;1;Clear;0;No;0;Not Applicable;15;3:00pm-3:59pm;55;55;16;4:00pm-4:59pm;3;3;16;4:00pm-4:59pm;25;25;0;None;0;None;0;None;1;0
36;New York;360343;2;2;0;0;4;4;0;103;SUFFOLK (103);5870;SOUTHOLD;30;30;6;June;2019;1;Sunday;20;8:00pm-8:59pm;4;4;1;This section IS ON the NHS;3;State Highway;SR-25;BAILEY AVE;2;Urban;3;Principal Arterial - Other;1;State Highway Agency;99998;Not Reported;41.11497222;41.11497222;-72.36540833;-72.36540833;0;No Special Jurisdiction;12;Motor Vehicle In-Transport;7;Sideswipe - Same Direction;0;No;2;Intersection;3;T-Intersection;0;None;1;On Roadway;1;Daylight;1;Clear;0;No Additional Atmospheric Conditions;1;Clear;0;No;0;Not Applicable;20;8:00pm-8:59pm;4;4;20;8:00pm-8:59pm;6;6;20;8:00pm-8:59pm;35;35;0;None;0;None;0;None;1;0
36;New York;360351;2;2;0;0;2;2;0;1;ALBANY (1);1290;COLONIE;30;30;4;April;2019;3;Tuesday;14;2:00pm-2:59pm;41;41;1;This section IS ON the NHS;2;U.S. Highway;US-9;TURNER LN;2;Urban;3;Principal Arterial - Other;1;State Highway Agency;99998;Not Reported;42.71071667;42.71071667;-73.75543889;-73.75543889;0;No Special Jurisdiction;12;Motor Vehicle In-Transport;2;Front-to-Front;0;No;3;Intersection-Related;3;T-Intersection;0;None;1;On Roadway;1;Daylight;10;Cloudy;0;No Additional Atmospheric Conditions;10;Cloudy;0;No;0;Not Applicable;14;2:00pm-2:59pm;42;42;14;2:00pm-2:59pm;50;50;99;Unknown;99;Unknown EMS Hospital Arrival Time;0;None;0;None;0;None;1;0
36;New York;360358;1;1;0;2;1;1;2;87;ROCKLAND (87);5760;SLOATSBURG;19;19;5;May;2019;1;Sunday;20;8:00pm-8:59pm;47;47;0;This section IS NOT on the NHS;3;State Highway;SR-17 ORANGE TPK;WASHINGTON AVE;2;Urban;4;Minor Arterial;1;State Highway Agency;99998;Not Reported;41.16799167;41.16799167;-74.19165;-74.19165;0;No Special Jurisdiction;15;Non-Motorist on Personal Conveyance;0;The First Harmful Event was Not a Collision with a Motor Vehicle in Transport;0;No;3;Intersection-Related;3;T-Intersection;0;None;1;On Roadway;5;Dusk;1;Clear;0;No Additional Atmospheric Conditions;1;Clear;0;No;0;Not Applicable;20;8:00pm-8:59pm;47;47;20;8:00pm-8:59pm;53;53;21;9:00pm-9:59pm;47;47;0;None;0;None;0;None;1;0
36;New York;360363;2;2;0;0;2;2;0;119;WESTCHESTER (119);1379;CORTLANDT;27;27;6;June;2019;5;Thursday;16;4:00pm-4:59pm;34;34;0;This section IS NOT on the NHS;5;Local Street - Township;KINGS FERRY RD;HUNT AVE;2;Urban;4;Minor Arterial;3;Town or Township Highway Agency;99998;Not Reported;41.250775;41.250775;-73.93455556;-73.93455556;0;No Special Jurisdiction;12;Motor Vehicle In-Transport;2;Front-to-Front;0;No;2;Intersection;3;T-Intersection;0;None;1;On Roadway;1;Daylight;1;Clear;0;No Additional Atmospheric Conditions;1;Clear;0;No;0;Not Applicable;16;4:00pm-4:59pm;34;34;99;Unknown EMS Scene Arrival Hour;99;Unknown EMS Scene Arrival Minutes;16;4:00pm-4:59pm;55;55;0;None;0;None;0;None;1;0
36;New York;360365;4;2;2;1;2;2;1;61;NEW YORK (61);4170;NEW YORK;7;7;7;July;2019;1;Sunday;12;12:00pm-12:59pm;59;59;1;This section IS ON the NHS;6;Local Street - Municipality;8TH AVE;W 128TH ST;2;Urban;3;Principal Arterial - Other;4;City or Municipal Highway Agency;99998;Not Reported;40.81214444;40.81214444;-73.94972222;-73.94972222;0;No Special Jurisdiction;12;Motor Vehicle In-Transport;2;Front-to-Front;0;No;2;Intersection;3;T-Intersection;0;None;1;On Roadway;1;Daylight;1;Clear;0;No Additional Atmospheric Conditions;1;Clear;0;No;0;Not Applicable;99;Unknown;99;Unknown;99;Unknown EMS Scene Arrival Hour;99;Unknown EMS Scene Arrival Minutes;99;Unknown;99;Unknown EMS Hospital Arrival Time;0;None;0;None;0;None;1;0
36;New York;360371;1;1;0;1;1;1;1;59;NASSAU (59);2600;HEMPSTEAD;8;8;7;July;2019;2;Monday;21;9:00pm-9:59pm;55;55;0;This section IS NOT on the NHS;5;Local Street - Township;AUSTIN BLVD;EMERSON PL;2;Urban;7;Local;3;Town or Township Highway Agency;99998;Not Reported;40.59898056;40.59898056;-73.65555;-73.65555;0;No Special Jurisdiction;9;Pedalcyclist;0;The First Harmful Event was Not a Collision with a Motor Vehicle in Transport;0;No;3;Intersection-Related;3;T-Intersection;0;None;1;On Roadway;3;Dark - Lighted;1;Clear;0;No Additional Atmospheric Conditions;1;Clear;0;No;0;Not Applicable;22;10:00pm-10:59pm;0;0;22;10:00pm-10:59pm;9;9;22;10:00pm-10:59pm;21;21;0;None;0;None;0;None;1;0
36;New York;360372;2;2;0;0;3;3;0;55;MONROE (55);4840;PITTSFORD;6;6;7;July;2019;7;Saturday;21;9:00pm-9:59pm;8;8;0;This section IS NOT on the NHS;3;State Highway;SR-64;MANDALAY RIDGE;2;Urban;4;Minor Arterial;1;State Highway Agency;99998;Not Reported;43.03743333;43.03743333;-77.51631944;-77.51631944;0;No Special Jurisdiction;12;Motor Vehicle In-Transport;2;Front-to-Front;0;No;3;Intersection-Related;3;T-Intersection;0;None;1;On Roadway;5;Dusk;1;Clear;0;No Additional Atmospheric Conditions;1;Clear;0;No;0;Not Applicable;20;8:00pm-8:59pm;42;42;20;8:00pm-8:59pm;55;55;21;9:00pm-9:59pm;35;35;0;None;0;None;0;None;2;0
36;New York;360375;2;2;0;0;2;2;0;1;ALBANY (1);50;ALBANY;9;9;7;July;2019;3;Tuesday;20;8:00pm-8:59pm;3;3;0;This section IS NOT on the NHS;2;U.S. Highway;US-9;DOVE ST;2;Urban;4;Minor Arterial;4;City or Municipal Highway Agency;99998;Not Reported;42.65871389;42.65871389;-73.7579;-73.7579;0;No Special Jurisdiction;12;Motor Vehicle In-Transport;6;Angle;0;No;2;Intersection;3;T-Intersection;0;None;1;On Roadway;5;Dusk;1;Clear;0;No Additional Atmospheric Conditions;1;Clear;0;No;0;Not Applicable;20;8:00pm-8:59pm;7;7;20;8:00pm-8:59pm;9;9;88;Not Applicable (Not Transported);88;Not Applicable (Not Transported);0;None;0;None;0;None;1;1
36;New York;360405;2;2;0;0;3;3;0;107;TIOGA (107);860;CANDOR;21;21;7;July;2019;1;Sunday;11;11:00am-11:59am;58;58;0;This section IS NOT on the NHS;3;State Highway;SR-96B;GRIDLEYVILLE CROSSING RD;1;Rural;5;Major Collector;1;State Highway Agency;99998;Not Reported;42.24530278;42.24530278;-76.37252222;-76.37252222;0;No Special Jurisdiction;12;Motor Vehicle In-Transport;6;Angle;0;No;2;Intersection;3;T-Intersection;0;None;1;On Roadway;1;Daylight;1;Clear;0;No Additional Atmospheric Conditions;1;Clear;0;No;0;Not Applicable;12;12:00pm-12:59pm;1;1;12;12:00pm-12:59pm;6;6;12;12:00pm-12:59pm;41;41;0;None;0;None;0;None;1;0
36;New York;360409;2;2;0;0;4;4;0;61;NEW YORK (61);4170;NEW YORK;6;6;6;June;2019;5;Thursday;12;12:00pm-12:59pm;15;15;1;This section IS ON the NHS;3;State Highway;SR-9A;FULTON ST;2;Urban;3;Principal Arterial - Other;1;State Highway Agency;99998;Not Reported;40.71309722;40.71309722;-74.01410833;-74.01410833;0;No Special Jurisdiction;12;Motor Vehicle In-Transport;7;Sideswipe - Same Direction;0;No;3;Intersection-Related;3;T-Intersection;0;None;1;On Roadway;1;Daylight;1;Clear;0;No Additional Atmospheric Conditions;1;Clear;0;No;0;Not Applicable;99;Unknown;99;Unknown;99;Unknown EMS Scene Arrival Hour;99;Unknown EMS Scene Arrival Minutes;99;Unknown;99;Unknown EMS Hospital Arrival Time;0;None;0;None;0;None;1;0
36;New York;360413;2;2;0;0;4;4;0;29;ERIE (29);2485;HAMBURG;22;22;7;July;2019;2;Monday;13;1:00pm-1:59pm;40;40;1;This section IS ON the NHS;3;State Highway;SR-179;I-90 EXIT 56 ACCESS RD;2;Urban;3;Principal Arterial - Other;1;State Highway Agency;99999;Unknown;42.78958611;42.78958611;-78.82009444;-78.82009444;0;No Special Jurisdiction;12;Motor Vehicle In-Transport;6;Angle;0;No;2;Intersection;3;T-Intersection;0;None;1;On Roadway;1;Daylight;1;Clear;0;No Additional Atmospheric Conditions;1;Clear;0;No;0;Not Applicable;13;1:00pm-1:59pm;40;40;13;1:00pm-1:59pm;42;42;14;2:00pm-2:59pm;8;8;0;None;0;None;0;None;1;0
36;New York;360414;1;1;0;0;1;1;0;75;OSWEGO (75);6628;WEST MONROE;22;22;7;July;2019;2;Monday;5;5:00am-5:59am;40;40;0;This section IS NOT on the NHS;4;County Road;CR-37;WOODWORTH RD;2;Urban;5;Major Collector;2;County Highway Agency;99999;Unknown;43.25253056;43.25253056;-76.12949444;-76.12949444;0;No Special Jurisdiction;30;Utility Pole/Light Support;0;The First Harmful Event was Not a Collision with a Motor Vehicle in Transport;0;No;3;Intersection-Related;3;T-Intersection;0;None;4;On Roadside;4;Dawn;10;Cloudy;0;No Additional Atmospheric Conditions;10;Cloudy;0;No;0;Not Applicable;5;5:00am-5:59am;41;41;5;5:00am-5:59am;48;48;88;Not Applicable (Not Transported);88;Not Applicable (Not Transported);0;None;0;None;0;None;1;1
36;New York;360433;2;2;0;0;3;3;0;103;SUFFOLK (103);360;BABYLON;28;28;7;July;2019;1;Sunday;17;5:00pm-5:59pm;26;26;0;This section IS NOT on the NHS;8;Other;STRAIGHT PATH;S 24TH ST;2;Urban;4;Minor Arterial;2;County Highway Agency;0;None;40.74461667;40.74461667;-73.36552778;-73.36552778;0;No Special Jurisdiction;12;Motor Vehicle In-Transport;2;Front-to-Front;0;No;2;Intersection;3;T-Intersection;0;None;1;On Roadway;1;Daylight;1;Clear;0;No Additional Atmospheric Conditions;1;Clear;0;No;0;Not Applicable;17;5:00pm-5:59pm;28;28;17;5:00pm-5:59pm;35;35;17;5:00pm-5:59pm;58;58;0;None;0;None;0;None;1;1
36;New York;360443;1;1;0;1;1;1;1;119;WESTCHESTER (119);6820;YONKERS;13;13;7;July;2019;7;Saturday;3;3:00am-3:59am;9;9;1;This section IS ON the NHS;8;Other;984E YONKERS AVE;PAGE AVE;2;Urban;3;Principal Arterial - Other;1;State Highway Agency;0;None;40.92325556;40.92325556;-73.86519167;-73.86519167;0;No Special Jurisdiction;8;Pedestrian;0;The First Harmful Event was Not a Collision with a Motor Vehicle in Transport;0;No;3;Intersection-Related;3;T-Intersection;0;None;1;On Roadway;3;Dark - Lighted;1;Clear;0;No Additional Atmospheric Conditions;1;Clear;0;No;0;Not Applicable;3;3:00am-3:59am;9;9;3;3:00am-3:59am;9;9;3;3:00am-3:59am;41;41;0;None;0;None;0;None;1;0
36;New York;360446;2;2;0;0;2;2;0;73;ORLEANS (73);2219;GAINES;2;2;8;August;2019;6;Friday;19;7:00pm-7:59pm;30;30;0;This section IS NOT on the NHS;5;Local Street - Township;BROWN RD;E BACON RD;1;Rural;7;Local;3;Town or Township Highway Agency;99999;Unknown;43.26292222;43.26292222;-78.17798056;-78.17798056;0;No Special Jurisdiction;12;Motor Vehicle In-Transport;6;Angle;0;No;2;Intersection;3;T-Intersection;0;None;1;On Roadway;1;Daylight;1;Clear;0;No Additional Atmospheric Conditions;1;Clear;0;No;0;Not Applicable;19;7:00pm-7:59pm;32;32;19;7:00pm-7:59pm;51;51;20;8:00pm-8:59pm;30;30;0;None;0;None;0;None;1;0
36;New York;360447;1;1;0;1;1;1;1;81;QUEENS (81);4170;MIDDLE VILLAGE;28;28;7;July;2019;1;Sunday;16;4:00pm-4:59pm;36;36;0;This section IS NOT on the NHS;8;Other;62ND ST;MYRTLE AVE;2;Urban;5;Major Collector;4;City or Municipal Highway Agency;0;None;40.70086944;40.70086944;-73.89335278;-73.89335278;0;No Special Jurisdiction;8;Pedestrian;0;The First Harmful Event was Not a Collision with a Motor Vehicle in Transport;0;No;3;Intersection-Related;3;T-Intersection;0;None;1;On Roadway;1;Daylight;1;Clear;0;No Additional Atmospheric Conditions;1;Clear;0;No;0;Not Applicable;99;Unknown;99;Unknown;99;Unknown EMS Scene Arrival Hour;99;Unknown EMS Scene Arrival Minutes;99;Unknown;99;Unknown EMS Hospital Arrival Time;0;None;0;None;0;None;1;0
36;New York;360448;1;1;0;0;5;5;0;101;STEUBEN (101);260;ARKPORT;27;27;7;July;2019;7;Saturday;4;4:00am-4:59am;32;32;0;This section IS NOT on the NHS;4;County Road;CR-13C;CR-13;1;Rural;7;Local;2;County Highway Agency;99999;Unknown;42.44265;42.44265;-77.77700833;-77.77700833;0;No Special Jurisdiction;34;Ditch;0;The First Harmful Event was Not a Collision with a Motor Vehicle in Transport;0;No;3;Intersection-Related;3;T-Intersection;0;None;4;On Roadside;2;Dark - Not Lighted;10;Cloudy;0;No Additional Atmospheric Conditions;10;Cloudy;0;No;0;Not Applicable;4;4:00am-4:59am;34;34;4;4:00am-4:59am;49;49;99;Unknown;99;Unknown EMS Hospital Arrival Time;0;None;0;None;0;None;4;0