STATE;STATENAME;ST_CASE;VE_TOTAL;VE_FORMS;PVH_INVL;PEDS;PERSONS;PERMVIT;PERNOTMVIT;COUNTY;COUNTYNAME;CITY;CITYNAME;DAY;DAYNAME;MONTH;MONTHNAME;YEAR;DAY_WEEK;DAY_WEEKNAME;HOUR;HOURNAME;MINUTE;MINUTENAME;NHS;NHSNAME;ROUTE;ROUTENAME;TWAY_ID;TWAY_ID2;RUR_URB;RUR_URBNAME;FUNC_SYS;FUNC_SYSNAME;RD_OWNER;RD_OWNERNAME;MILEPT;MILEPTNAME;LATITUDE;LATITUDENAME;LONGITUD;LONGITUDNAME;SP_JUR;SP_JURNAME;HARM_EV;HARM_EVNAME;MAN_COLL;MAN_COLLNAME;RELJCT1;RELJCT1NAME;RELJCT2;RELJCT2NAME;TYP_INT;TYP_INTNAME;WRK_ZONE;WRK_ZONENAME;REL_ROAD;REL_ROADNAME;LGT_COND;LGT_CONDNAME;WEATHER1;WEATHER1NAME;WEATHER2;WEATHER2NAME;WEATHER;WEATHERNAME;SCH_BUS;SCH_BUSNAME;RAIL;RAILNAME;NOT_HOUR;NOT_HOURNAME;NOT_MIN;NOT_MINNAME;ARR_HOUR;ARR_HOURNAME;ARR_MIN;ARR_MINNAME;HOSP_HR;HOSP_HRNAME;HOSP_MN;HOSP_MNNAME;CF1;CF1NAME;CF2;CF2NAME;CF3;CF3NAME;FATALS;DRUNK_DR
36;New York;360456;1;1;0;0;1;1;0;103;SUFFOLK (103);5810;SOUTHAMPTON;4;4;8;August;2019;1;Sunday;23;11:00pm-11:59pm;33;33;1;This section IS ON the NHS;3;State Highway;SR-24;LONGNECK BLVD;2;Urban;3;Principal Arterial - Other;1;State Highway Agency;99999;Unknown;40.90380278;40.90380278;-72.60460278;-72.60460278;0;No Special Jurisdiction;46;Traffic Signal Support;0;The First Harmful Event was Not a Collision with a Motor Vehicle in Transport;0;No;3;Intersection-Related;3;T-Intersection;0;None;4;On Roadside;3;Dark - Lighted;1;Clear;0;No Additional Atmospheric Conditions;1;Clear;0;No;0;Not Applicable;23;11:00pm-11:59pm;33;33;23;11:00pm-11:59pm;41;41;0;0:00am-0:59am;45;45;0;None;0;None;0;None;1;1
36;New York;360459;2;2;0;0;3;3;0;89;ST. LAWRENCE (89);1993;FINE;7;7;7;July;2019;1;Sunday;12;12:00pm-12:59pm;37;37;1;This section IS ON the NHS;3;State Highway;SR-3;OSWEGATCHIE TRAIL RD;1;Rural;3;Principal Arterial - Other;1;State Highway Agency;99999;Unknown;44.16288889;44.16288889;-75.04312778;-75.04312778;0;No Special Jurisdiction;12;Motor Vehicle In-Transport;1;Front-to-Rear;0;No;3;Intersection-Related;3;T-Intersection;0;None;1;On Roadway;1;Daylight;1;Clear;0;No Additional Atmospheric Conditions;1;Clear;0;No;0;Not Applicable;12;12:00pm-12:59pm;37;37;12;12:00pm-12:59pm;40;40;12;12:00pm-12:59pm;47;47;0;None;0;None;0;None;1;0
36;New York;360460;1;1;0;1;1;1;1;47;KINGS (47);4170;NEW YORK CITY;5;5;8;August;2019;2;Monday;8;8:00am-8:59am;43;43;1;This section IS ON the NHS;8;Other;ROCKAWAY AVE;BELMONT AVE;2;Urban;3;Principal Arterial - Other;4;City or Municipal Highway Agency;0;None;40.66842778;40.66842778;-73.91040833;-73.91040833;0;No Special Jurisdiction;8;Pedestrian;0;The First Harmful Event was Not a Collision with a Motor Vehicle in Transport;0;No;3;Intersection-Related;3;T-Intersection;0;None;1;On Roadway;1;Daylight;1;Clear;0;No Additional Atmospheric Conditions;1;Clear;0;No;0;Not Applicable;8;8:00am-8:59am;43;43;8;8:00am-8:59am;50;50;9;9:00am-9:59am;0;0;0;None;0;None;0;None;1;0
36;New York;360479;2;2;0;0;2;2;0;29;ERIE (29);1117;CHEEKTOWAGA;28;28;6;June;2019;6;Friday;18;6:00pm-6:59pm;53;53;0;This section IS NOT on the NHS;5;Local Street - Township;COLUMBUS ST;STANDARD PKWY;2;Urban;7;Local;3;Town or Township Highway Agency;99999;Unknown;42.88623056;42.88623056;-78.77242222;-78.77242222;0;No Special Jurisdiction;1;Rollover/Overturn;0;The First Harmful Event was Not a Collision with a Motor Vehicle in Transport;0;No;3;Intersection-Related;3;T-Intersection;0;None;1;On Roadway;1;Daylight;1;Clear;0;No Additional Atmospheric Conditions;1;Clear;0;No;0;Not Applicable;18;6:00pm-6:59pm;53;53;18;6:00pm-6:59pm;56;56;19;7:00pm-7:59pm;23;23;0;None;0;None;0;None;1;0
36;New York;360484;2;2;0;0;3;3;0;71;ORANGE (71);2320;GOSHEN;12;12;8;August;2019;2;Monday;12;12:00pm-12:59pm;15;15;0;This section IS NOT on the NHS;4;County Road;CR-6;CR-25;2;Urban;5;Major Collector;2;County Highway Agency;99999;Unknown;41.34720556;41.34720556;-74.39383611;-74.39383611;0;No Special Jurisdiction;12;Motor Vehicle In-Transport;6;Angle;0;No;2;Intersection;3;T-Intersection;0;None;1;On Roadway;1;Daylight;1;Clear;0;No Additional Atmospheric Conditions;1;Clear;0;No;0;Not Applicable;12;12:00pm-12:59pm;16;16;12;12:00pm-12:59pm;24;24;13;1:00pm-1:59pm;6;6;0;None;0;None;0;None;2;0
36;New York;360500;1;1;0;1;2;2;1;63;NIAGARA (63);4210;NIAGARA FALLS;12;12;8;August;2019;2;Monday;11;11:00am-11:59am;38;38;1;This section IS ON the NHS;3;State Highway;SR-61 HYDE PARK BLVD;GRAND AVE;2;Urban;3;Principal Arterial - Other;1;State Highway Agency;0;None;43.09609167;43.09609167;-79.02466667;-79.02466667;0;No Special Jurisdiction;9;Pedalcyclist;0;The First Harmful Event was Not a Collision with a Motor Vehicle in Transport;0;No;3;Intersection-Related;3;T-Intersection;0;None;1;On Roadway;1;Daylight;1;Clear;0;No Additional Atmospheric Conditions;1;Clear;0;No;0;Not Applicable;11;11:00am-11:59am;38;38;11;11:00am-11:59am;38;38;12;12:00pm-12:59pm;11;11;0;None;0;None;0;None;1;0
36;New York;360509;2;2;0;0;4;4;0;21;COLUMBIA (21);1327;COPAKE;21;21;8;August;2019;4;Wednesday;18;6:00pm-6:59pm;39;39;0;This section IS NOT on the NHS;4;County Road;CR-7A;TWIN BRIDGES RD EXT;1;Rural;5;Major Collector;2;County Highway Agency;99999;Unknown;42.13715;42.13715;-73.55624444;-73.55624444;0;No Special Jurisdiction;12;Motor Vehicle In-Transport;2;Front-to-Front;0;No;3;Intersection-Related;3;T-Intersection;0;None;1;On Roadway;1;Daylight;2;Rain;0;No Additional Atmospheric Conditions;2;Rain;0;No;0;Not Applicable;18;6:00pm-6:59pm;39;39;18;6:00pm-6:59pm;53;53;19;7:00pm-7:59pm;44;44;0;None;0;None;0;None;1;0
36;New York;360539;2;2;0;0;3;3;0;103;SUFFOLK (103);5870;SOUTHOLD;3;3;9;September;2019;3;Tuesday;20;8:00pm-8:59pm;18;18;1;This section IS ON the NHS;4;County Road;CR-48;CHAPEL LN;2;Urban;3;Principal Arterial - Other;2;County Highway Agency;99999;Unknown;41.09884167;41.09884167;-72.390375;-72.390375;0;No Special Jurisdiction;12;Motor Vehicle In-Transport;6;Angle;0;No;2;Intersection;3;T-Intersection;0;None;1;On Roadway;3;Dark - Lighted;1;Clear;0;No Additional Atmospheric Conditions;1;Clear;0;No;0;Not Applicable;20;8:00pm-8:59pm;18;18;20;8:00pm-8:59pm;27;27;20;8:00pm-8:59pm;38;38;0;None;0;None;0;None;1;0
36;New York;360540;2;2;0;0;2;2;0;117;WAYNE (117);4640;PALMYRA;3;3;9;September;2019;3;Tuesday;12;12:00pm-12:59pm;21;21;1;This section IS ON the NHS;3;State Highway;SR-31;VIENNA RD;1;Rural;3;Principal Arterial - Other;1;State Highway Agency;99999;Unknown;43.05973056;43.05973056;-77.20414722;-77.20414722;0;No Special Jurisdiction;12;Motor Vehicle In-Transport;2;Front-to-Front;0;No;2;Intersection;3;T-Intersection;0;None;1;On Roadway;1;Daylight;1;Clear;0;No Additional Atmospheric Conditions;1;Clear;0;No;0;Not Applicable;12;12:00pm-12:59pm;21;21;12;12:00pm-12:59pm;28;28;88;Not Applicable (Not Transported);88;Not Applicable (Not Transported);0;None;0;None;0;None;1;0
36;New York;360548;1;1;0;1;1;1;1;103;SUFFOLK (103);5769;SMITHTOWN;14;14;7;July;2019;1;Sunday;12;12:00pm-12:59pm;21;21;0;This section IS NOT on the NHS;8;Other;LAKE AVE;OAK ST;2;Urban;5;Major Collector;3;Town or Township Highway Agency;0;None;40.86984722;40.86984722;-73.15524167;-73.15524167;0;No Special Jurisdiction;8;Pedestrian;0;The First Harmful Event was Not a Collision with a Motor Vehicle in Transport;0;No;3;Intersection-Related;3;T-Intersection;0;None;1;On Roadway;1;Daylight;1;Clear;0;No Additional Atmospheric Conditions;1;Clear;0;No;0;Not Applicable;99;Unknown;99;Unknown;99;Unknown EMS Scene Arrival Hour;99;Unknown EMS Scene Arrival Minutes;88;Not Applicable (Not Transported);88;Not Applicable (Not Transported);0;None;0;None;0;None;1;0
36;New York;360566;2;2;0;0;2;2;0;13;CHAUTAUQUA (13);1115;CHAUTAUQUA;11;11;9;September;2019;4;Wednesday;10;10:00am-10:59am;21;21;0;This section IS NOT on the NHS;3;State Highway;SR-394;CR-302;2;Urban;4;Minor Arterial;1;State Highway Agency;99999;Unknown;42.17044444;42.17044444;-79.44223611;-79.44223611;0;No Special Jurisdiction;12;Motor Vehicle In-Transport;6;Angle;0;No;2;Intersection;3;T-Intersection;0;None;1;On Roadway;1;Daylight;1;Clear;0;No Additional Atmospheric Conditions;1;Clear;0;No;0;Not Applicable;10;10:00am-10:59am;21;21;10;10:00am-10:59am;23;23;99;Unknown;99;Unknown EMS Hospital Arrival Time;0;None;0;None;0;None;1;0
36;New York;360573;2;2;0;0;2;2;0;75;OSWEGO (75);6628;WEST MONROE;12;12;9;September;2019;5;Thursday;17;5:00pm-5:59pm;41;41;0;This section IS NOT on the NHS;4;County Road;CR-37;CR-32;1;Rural;7;Local;2;County Highway Agency;99999;Unknown;43.32163333;43.32163333;-76.10810556;-76.10810556;0;No Special Jurisdiction;12;Motor Vehicle In-Transport;6;Angle;0;No;2;Intersection;3;T-Intersection;0;None;1;On Roadway;1;Daylight;1;Clear;0;No Additional Atmospheric Conditions;1;Clear;0;No;0;Not Applicable;17;5:00pm-5:59pm;44;44;17;5:00pm-5:59pm;50;50;18;6:00pm-6:59pm;23;23;0;None;0;None;0;None;1;0
36;New York;360596;1;1;0;1;1;1;1;81;QUEENS (81);4170;MIDDLE VILLAGE;21;21;9;September;2019;7;Saturday;21;9:00pm-9:59pm;13;13;0;This section IS NOT on the NHS;6;Local Street - Municipality;JEWEL AVE;140 ST;2;Urban;4;Minor Arterial;4;City or Municipal Highway Agency;99999;Unknown;40.72940833;40.72940833;-73.82557778;-73.82557778;0;No Special Jurisdiction;8;Pedestrian;0;The First Harmful Event was Not a Collision with a Motor Vehicle in Transport;0;No;3;Intersection-Related;3;T-Intersection;0;None;1;On Roadway;3;Dark - Lighted;1;Clear;0;No Additional Atmospheric Conditions;1;Clear;0;No;0;Not Applicable;99;Unknown;99;Unknown;99;Unknown EMS Scene Arrival Hour;99;Unknown EMS Scene Arrival Minutes;99;Unknown;99;Unknown EMS Hospital Arrival Time;0;None;0;None;0;None;1;0
36;New York;360603;2;2;0;0;2;2;0;55;MONROE (55);4730;PENFIELD;22;22;9;September;2019;1;Sunday;2;2:00am-2:59am;23;23;1;This section IS ON the NHS;3;State Highway;SR-441;LIBERTY ST;2;Urban;3;Principal Arterial - Other;1;State Highway Agency;99999;Unknown;43.12903333;43.12903333;-77.47967778;-77.47967778;0;No Special Jurisdiction;12;Motor Vehicle In-Transport;2;Front-to-Front;0;No;2;Intersection;3;T-Intersection;0;None;1;On Roadway;3;Dark - Lighted;1;Clear;0;No Additional Atmospheric Conditions;1;Clear;0;No;0;Not Applicable;2;2:00am-2:59am;23;23;2;2:00am-2:59am;30;30;99;Unknown;99;Unknown EMS Hospital Arrival Time;0;None;0;None;0;None;1;0
36;New York;360631;1;1;0;1;1;1;1;47;KINGS (47);4170;NEW YORK CITY;3;3;10;October;2019;5;Thursday;18;6:00pm-6:59pm;50;50;0;This section IS NOT on the NHS;8;Other;AVENUE V;FORD ST;2;Urban;5;Major Collector;4;City or Municipal Highway Agency;99999;Unknown;40.59868056;40.59868056;-73.93774722;-73.93774722;0;No Special Jurisdiction;8;Pedestrian;0;The First Harmful Event was Not a Collision with a Motor Vehicle in Transport;0;No;3;Intersection-Related;3;T-Intersection;0;None;1;On Roadway;5;Dusk;2;Rain;0;No Additional Atmospheric Conditions;2;Rain;0;No;0;Not Applicable;99;Unknown;99;Unknown;99;Unknown EMS Scene Arrival Hour;99;Unknown EMS Scene Arrival Minutes;99;Unknown;99;Unknown EMS Hospital Arrival Time;0;None;0;None;0;None;1;0
36;New York;360638;1;1;0;1;1;1;1;47;KINGS (47);4170;NEW YORK CITY;5;5;10;October;2019;7;Saturday;10;10:00am-10:59am;33;33;0;This section IS NOT on the NHS;8;Other;SETON PL;FOSTER AVE;2;Urban;5;Major Collector;4;City or Municipal Highway Agency;99999;Unknown;40.62883056;40.62883056;-73.97394167;-73.97394167;0;No Special Jurisdiction;9;Pedalcyclist;0;The First Harmful Event was Not a Collision with a Motor Vehicle in Transport;0;No;3;Intersection-Related;3;T-Intersection;0;None;1;On Roadway;1;Daylight;1;Clear;0;No Additional Atmospheric Conditions;1;Clear;0;No;0;Not Applicable;10;10:00am-10:59am;33;33;99;Unknown EMS Scene Arrival Hour;99;Unknown EMS Scene Arrival Minutes;99;Unknown;99;Unknown EMS Hospital Arrival Time;0;None;0;None;0;None;1;0
36;New York;360652;2;2;0;0;2;2;0;71;ORANGE (71);4060;NEWBURGH;11;11;10;October;2019;6;Friday;2;2:00am-2:59am;33;33;0;This section IS NOT on the NHS;8;Other;980T OLD RT 9W NORTH ST;POWELL AVE;2;Urban;4;Minor Arterial;1;State Highway Agency;0;None;41.51733889;41.51733889;-74.01438889;-74.01438889;0;No Special Jurisdiction;12;Motor Vehicle In-Transport;1;Front-to-Rear;0;No;2;Intersection;3;T-Intersection;0;None;1;On Roadway;3;Dark - Lighted;1;Clear;0;No Additional Atmospheric Conditions;1;Clear;0;No;0;Not Applicable;2;2:00am-2:59am;35;35;2;2:00am-2:59am;45;45;88;Not Applicable (Not Transported);88;Not Applicable (Not Transported);0;None;0;None;0;None;1;0
36;New York;360653;1;1;0;1;1;1;1;81;QUEENS (81);4170;MIDDLE VILLAGE;13;13;10;October;2019;1;Sunday;13;1:00pm-1:59pm;27;27;1;This section IS ON the NHS;6;Local Street - Municipality;CROSS BAY BLVD;E 4TH RD;2;Urban;3;Principal Arterial - Other;4;City or Municipal Highway Agency;99999;Unknown;40.61250556;40.61250556;-73.81967222;-73.81967222;0;No Special Jurisdiction;9;Pedalcyclist;0;The First Harmful Event was Not a Collision with a Motor Vehicle in Transport;0;No;3;Intersection-Related;3;T-Intersection;0;None;1;On Roadway;1;Daylight;1;Clear;0;No Additional Atmospheric Conditions;1;Clear;0;No;0;Not Applicable;13;1:00pm-1:59pm;27;27;99;Unknown EMS Scene Arrival Hour;99;Unknown EMS Scene Arrival Minutes;99;Unknown;99;Unknown EMS Hospital Arrival Time;0;None;0;None;0;None;1;0
36;New York;360654;1;1;0;1;1;1;1;67;ONONDAGA (67);6140;TULLY;9;9;10;October;2019;4;Wednesday;13;1:00pm-1:59pm;27;27;0;This section IS NOT on the NHS;3;State Highway;SR-80;WOODMANCY RD;1;Rural;5;Major Collector;1;State Highway Agency;99999;Unknown;42.81218056;42.81218056;-76.162825;-76.162825;0;No Special Jurisdiction;8;Pedestrian;0;The First Harmful Event was Not a Collision with a Motor Vehicle in Transport;0;No;3;Intersection-Related;3;T-Intersection;2;Maintenance;1;On Roadway;1;Daylight;1;Clear;0;No Additional Atmospheric Conditions;1;Clear;0;No;0;Not Applicable;13;1:00pm-1:59pm;27;27;13;1:00pm-1:59pm;35;35;88;Not Applicable (Not Transported);88;Not Applicable (Not Transported);0;None;0;None;0;None;1;0
36;New York;360658;1;1;0;1;1;1;1;67;ONONDAGA (67);4491;ONONDAGA HILL;1;1;9;September;2019;1;Sunday;20;8:00pm-8:59pm;39;39;0;This section IS NOT on the NHS;2;U.S. Highway;US-11;EVERINGHAM RD;2;Urban;4;Minor Arterial;1;State Highway Agency;99999;Unknown;42.98271111;42.98271111;-76.143025;-76.143025;0;No Special Jurisdiction;8;Pedestrian;0;The First Harmful Event was Not a Collision with a Motor Vehicle in Transport;0;No;3;Intersection-Related;3;T-Intersection;0;None;1;On Roadway;3;Dark - Lighted;10;Cloudy;0;No Additional Atmospheric Conditions;10;Cloudy;0;No;0;Not Applicable;20;8:00pm-8:59pm;39;39;20;8:00pm-8:59pm;42;42;88;Not Applicable (Not Transported);88;Not Applicable (Not Transported);0;None;0;None;0;None;1;1
36;New York;360662;1;1;0;1;1;1;1;111;ULSTER (111);3060;KINGSTON;16;16;10;October;2019;4;Wednesday;6;6:00am-6:59am;20;20;1;This section IS ON the NHS;2;U.S. Highway;US-209 RAMP;ENTERPRISE DR;2;Urban;2;Principal Arterial - Other Freeways and Expressways;1;State Highway Agency;99999;Unknown;41.97495;41.97495;-73.99908333;-73.99908333;0;No Special Jurisdiction;8;Pedestrian;0;The First Harmful Event was Not a Collision with a Motor Vehicle in Transport;1;Yes;3;Intersection-Related;3;T-Intersection;0;None;1;On Roadway;3;Dark - Lighted;1;Clear;0;No Additional Atmospheric Conditions;1;Clear;0;No;0;Not Applicable;6;6:00am-6:59am;23;23;6;6:00am-6:59am;27;27;99;Unknown;99;Unknown EMS Hospital Arrival Time;0;None;0;None;0;None;1;0
36;New York;360664;1;1;0;1;1;1;1;47;KINGS (47);4170;NEW YORK CITY;16;16;10;October;2019;4;Wednesday;16;4:00pm-4:59pm;57;57;1;This section IS ON the NHS;6;Local Street - Municipality;OCEAN AVE;EMMONS AVE;2;Urban;3;Principal Arterial - Other;4;City or Municipal Highway Agency;0;None;40.58381111;40.58381111;-73.94838889;-73.94838889;0;No Special Jurisdiction;8;Pedestrian;0;The First Harmful Event was Not a Collision with a Motor Vehicle in Transport;0;No;3;Intersection-Related;3;T-Intersection;0;None;1;On Roadway;1;Daylight;2;Rain;0;No Additional Atmospheric Conditions;2;Rain;0;No;0;Not Applicable;99;Unknown;99;Unknown;99;Unknown EMS Scene Arrival Hour;99;Unknown EMS Scene Arrival Minutes;99;Unknown;99;Unknown EMS Hospital Arrival Time;0;None;0;None;0;None;1;0
36;New York;360672;1;1;0;1;1;1;1;59;NASSAU (59);2160;FREEPORT;22;22;10;October;2019;3;Tuesday;10;10:00am-10:59am;17;17;0;This section IS NOT on the NHS;6;Local Street - Municipality;GRANT ST;GUY LOMBARDO AVE;2;Urban;7;Local;4;City or Municipal Highway Agency;99999;Unknown;40.63315833;40.63315833;-73.58031111;-73.58031111;0;No Special Jurisdiction;8;Pedestrian;0;The First Harmful Event was Not a Collision with a Motor Vehicle in Transport;0;No;3;Intersection-Related;3;T-Intersection;2;Maintenance;1;On Roadway;1;Daylight;10;Cloudy;0;No Additional Atmospheric Conditions;10;Cloudy;0;No;0;Not Applicable;10;10:00am-10:59am;17;17;10;10:00am-10:59am;19;19;88;Not Applicable (Not Transported);88;Not Applicable (Not Transported);0;None;0;None;0;None;1;0
36;New York;360683;1;1;0;1;1;1;1;81;QUEENS (81);4170;MIDDLE VILLAGE;27;27;10;October;2019;1;Sunday;7;7:00am-7:59am;3;3;1;This section IS ON the NHS;6;Local Street - Municipality;ASTORIA BLVD;93RD ST;2;Urban;3;Principal Arterial - Other;4;City or Municipal Highway Agency;99999;Unknown;40.76322222;40.76322222;-73.87630278;-73.87630278;0;No Special Jurisdiction;8;Pedestrian;0;The First Harmful Event was Not a Collision with a Motor Vehicle in Transport;0;No;3;Intersection-Related;3;T-Intersection;0;None;1;On Roadway;4;Dawn;2;Rain;0;No Additional Atmospheric Conditions;2;Rain;0;No;0;Not Applicable;99;Unknown;99;Unknown;99;Unknown EMS Scene Arrival Hour;99;Unknown EMS Scene Arrival Minutes;99;Unknown;99;Unknown EMS Hospital Arrival Time;0;None;0;None;0;None;1;0
36;New York;360685;2;2;0;0;4;4;0;29;ERIE (29);750;BUFFALO;27;27;10;October;2019;1;Sunday;2;2:00am-2:59am;37;37;1;This section IS ON the NHS;3;State Highway;SR-16 SENECA ST;POMONA PL;2;Urban;3;Principal Arterial - Other;1;State Highway Agency;0;None;42.86019167;42.86019167;-78.81588889;-78.81588889;0;No Special Jurisdiction;12;Motor Vehicle In-Transport;6;Angle;0;No;2;Intersection;3;T-Intersection;0;None;1;On Roadway;3;Dark - Lighted;2;Rain;0;No Additional Atmospheric Conditions;2;Rain;0;No;0;Not Applicable;2;2:00am-2:59am;37;37;2;2:00am-2:59am;56;56;99;Unknown;99;Unknown EMS Hospital Arrival Time;0;None;0;None;0;None;2;1
36;New York;360693;2;2;0;0;6;6;0;47;KINGS (47);4170;NEW YORK CITY;2;2;11;November;2019;7;Saturday;23;11:00pm-11:59pm;13;13;0;This section IS NOT on the NHS;6;Local Street - Municipality;TOMPKINS AVE;ELLERY ST;2;Urban;4;Minor Arterial;4;City or Municipal Highway Agency;99999;Unknown;40.69868056;40.69868056;-73.94693889;-73.94693889;0;No Special Jurisdiction;12;Motor Vehicle In-Transport;6;Angle;0;No;2;Intersection;3;T-Intersection;0;None;1;On Roadway;3;Dark - Lighted;1;Clear;0;No Additional Atmospheric Conditions;1;Clear;0;No;0;Not Applicable;23;11:00pm-11:59pm;13;13;99;Unknown EMS Scene Arrival Hour;99;Unknown EMS Scene Arrival Minutes;0;0:00am-0:59am;16;16;0;None;0;None;0;None;1;0
36;New York;360705;1;1;0;0;1;1;0;103;SUFFOLK (103);4970;PORT JEFFERSON STATION;23;23;8;August;2019;6;Friday;18;6:00pm-6:59pm;45;45;0;This section IS NOT on the NHS;8;Other;SHEEP PASTURE RD;WILLIS AVE;2;Urban;5;Major Collector;4;City or Municipal Highway Agency;99999;Unknown;40.93468611;40.93468611;-73.06698889;-73.06698889;0;No Special Jurisdiction;42;Tree (Standing Only);0;The First Harmful Event was Not a Collision with a Motor Vehicle in Transport;0;No;3;Intersection-Related;3;T-Intersection;0;None;4;On Roadside;1;Daylight;1;Clear;0;No Additional Atmospheric Conditions;1;Clear;0;No;0;Not Applicable;99;Unknown;99;Unknown;99;Unknown EMS Scene Arrival Hour;99;Unknown EMS Scene Arrival Minutes;99;Unknown;99;Unknown EMS Hospital Arrival Time;0;None;0;None;0;None;1;1
36;New York;360706;1;1;0;1;2;2;1;103;SUFFOLK (103);705;BROOKHAVEN;12;12;8;August;2019;2;Monday;6;6:00am-6:59am;6;6;0;This section IS NOT on the NHS;8;Other;JERUSALEM HOLLOW RD;BEAVER SPUR;2;Urban;5;Major Collector;3;Town or Township Highway Agency;0;None;40.82044722;40.82044722;-72.81355556;-72.81355556;0;No Special Jurisdiction;9;Pedalcyclist;0;The First Harmful Event was Not a Collision with a Motor Vehicle in Transport;0;No;3;Intersection-Related;3;T-Intersection;0;None;1;On Roadway;1;Daylight;1;Clear;0;No Additional Atmospheric Conditions;1;Clear;0;No;0;Not Applicable;99;Unknown;99;Unknown;99;Unknown EMS Scene Arrival Hour;99;Unknown EMS Scene Arrival Minutes;99;Unknown;99;Unknown EMS Hospital Arrival Time;16;Non-occupant struck vehicle;0;None;0;None;1;0
36;New York;360714;2;2;0;0;2;2;0;79;PUTNAM (79);1280;COLD SPRING;18;18;9;September;2019;4;Wednesday;10;10:00am-10:59am;35;35;1;This section IS ON the NHS;2;U.S. Highway;US-9;SNAKE HILL RD;1;Rural;3;Principal Arterial - Other;1;State Highway Agency;99999;Unknown;41.38143889;41.38143889;-73.9124;-73.9124;0;No Special Jurisdiction;12;Motor Vehicle In-Transport;6;Angle;0;No;2;Intersection;3;T-Intersection;0;None;1;On Roadway;1;Daylight;1;Clear;0;No Additional Atmospheric Conditions;1;Clear;0;No;0;Not Applicable;10;10:00am-10:59am;37;37;10;10:00am-10:59am;50;50;11;11:00am-11:59am;55;55;0;None;0;None;0;None;1;0
36;New York;360722;1;1;0;1;2;2;1;67;ONONDAGA (67);4491;ONONDAGA HILL;24;24;10;October;2019;5;Thursday;14;2:00pm-2:59pm;18;18;0;This section IS NOT on the NHS;3;State Highway;SR-173;LAWNDALE DR;2;Urban;4;Minor Arterial;1;State Highway Agency;0;None;43.00542778;43.00542778;-76.17395556;-76.17395556;0;No Special Jurisdiction;8;Pedestrian;0;The First Harmful Event was Not a Collision with a Motor Vehicle in Transport;0;No;3;Intersection-Related;3;T-Intersection;0;None;1;On Roadway;1;Daylight;10;Cloudy;0;No Additional Atmospheric Conditions;10;Cloudy;0;No;0;Not Applicable;14;2:00pm-2:59pm;18;18;14;2:00pm-2:59pm;19;19;14;2:00pm-2:59pm;40;40;0;None;0;None;0;None;1;0
36;New York;360729;2;2;0;0;2;2;0;115;WASHINGTON (115);9997;Other;11;11;9;September;2019;4;Wednesday;14;2:00pm-2:59pm;40;40;0;This section IS NOT on the NHS;5;Local Street - Township;TURNPIKE RD;N OLD STATE RD;1;Rural;7;Local;3;Town or Township Highway Agency;0;None;42.95433056;42.95433056;-73.38206389;-73.38206389;0;No Special Jurisdiction;12;Motor Vehicle In-Transport;2;Front-to-Front;0;No;2;Intersection;3;T-Intersection;0;None;1;On Roadway;1;Daylight;1;Clear;0;No Additional Atmospheric Conditions;1;Clear;0;No;0;Not Applicable;14;2:00pm-2:59pm;42;42;14;2:00pm-2:59pm;50;50;15;3:00pm-3:59pm;42;42;0;None;0;None;0;None;1;0
36;New York;360732;1;1;0;1;2;2;1;81;QUEENS (81);4170;MIDDLE VILLAGE;6;6;11;November;2019;4;Wednesday;8;8:00am-8:59am;37;37;0;This section IS NOT on the NHS;6;Local Street - Municipality;67 DR;73 PL;2;Urban;7;Local;4;City or Municipal Highway Agency;99999;Unknown;40.71203333;40.71203333;-73.87916944;-73.87916944;0;No Special Jurisdiction;8;Pedestrian;0;The First Harmful Event was Not a Collision with a Motor Vehicle in Transport;0;No;3;Intersection-Related;3;T-Intersection;0;None;1;On Roadway;1;Daylight;1;Clear;0;No Additional Atmospheric Conditions;1;Clear;1;Yes;0;Not Applicable;99;Unknown;99;Unknown;99;Unknown EMS Scene Arrival Hour;99;Unknown EMS Scene Arrival Minutes;99;Unknown;99;Unknown EMS Hospital Arrival Time;0;None;0;None;0;None;1;0
36;New York;360736;1;1;0;1;1;1;1;61;NEW YORK (61);4170;NEW YORK;9;9;11;November;2019;7;Saturday;2;2:00am-2:59am;33;33;1;This section IS ON the NHS;6;Local Street - Municipality;E 125TH ST;1ST AVE;2;Urban;3;Principal Arterial - Other;4;City or Municipal Highway Agency;0;None;40.80185556;40.80185556;-73.93135833;-73.93135833;0;No Special Jurisdiction;9;Pedalcyclist;0;The First Harmful Event was Not a Collision with a Motor Vehicle in Transport;0;No;3;Intersection-Related;3;T-Intersection;0;None;1;On Roadway;3;Dark - Lighted;1;Clear;0;No Additional Atmospheric Conditions;1;Clear;0;No;0;Not Applicable;99;Unknown;99;Unknown;99;Unknown EMS Scene Arrival Hour;99;Unknown EMS Scene Arrival Minutes;99;Unknown;99;Unknown EMS Hospital Arrival Time;16;Non-occupant struck vehicle;0;None;0;None;1;0