STATE;STATENAME;ST_CASE;VE_TOTAL;VE_FORMS;PVH_INVL;PEDS;PERSONS;PERMVIT;PERNOTMVIT;COUNTY;COUNTYNAME;CITY;CITYNAME;DAY;DAYNAME;MONTH;MONTHNAME;YEAR;DAY_WEEK;DAY_WEEKNAME;HOUR;HOURNAME;MINUTE;MINUTENAME;NHS;NHSNAME;ROUTE;ROUTENAME;TWAY_ID;TWAY_ID2;RUR_URB;RUR_URBNAME;FUNC_SYS;FUNC_SYSNAME;RD_OWNER;RD_OWNERNAME;MILEPT;MILEPTNAME;LATITUDE;LATITUDENAME;LONGITUD;LONGITUDNAME;SP_JUR;SP_JURNAME;HARM_EV;HARM_EVNAME;MAN_COLL;MAN_COLLNAME;RELJCT1;RELJCT1NAME;RELJCT2;RELJCT2NAME;TYP_INT;TYP_INTNAME;WRK_ZONE;WRK_ZONENAME;REL_ROAD;REL_ROADNAME;LGT_COND;LGT_CONDNAME;WEATHER1;WEATHER1NAME;WEATHER2;WEATHER2NAME;WEATHER;WEATHERNAME;SCH_BUS;SCH_BUSNAME;RAIL;RAILNAME;NOT_HOUR;NOT_HOURNAME;NOT_MIN;NOT_MINNAME;ARR_HOUR;ARR_HOURNAME;ARR_MIN;ARR_MINNAME;HOSP_HR;HOSP_HRNAME;HOSP_MN;HOSP_MNNAME;CF1;CF1NAME;CF2;CF2NAME;CF3;CF3NAME;FATALS;DRUNK_DR
36;New York;360738;2;2;0;0;2;2;0;11;CAYUGA (11);6520;WEEDSPORT;10;10;11;November;2019;1;Sunday;13;1:00pm-1:59pm;47;47;0;This section IS NOT on the NHS;3;State Highway;SR-31;W WATSON ST;1;Rural;4;Minor Arterial;1;State Highway Agency;99999;Unknown;43.04692778;43.04692778;-76.56508889;-76.56508889;0;No Special Jurisdiction;12;Motor Vehicle In-Transport;1;Front-to-Rear;0;No;3;Intersection-Related;3;T-Intersection;0;None;2;On Shoulder;1;Daylight;1;Clear;0;No Additional Atmospheric Conditions;1;Clear;0;No;0;Not Applicable;99;Unknown;99;Unknown;99;Unknown EMS Scene Arrival Hour;99;Unknown EMS Scene Arrival Minutes;88;Not Applicable (Not Transported);88;Not Applicable (Not Transported);0;None;0;None;0;None;1;1
36;New York;360740;2;2;0;0;3;3;0;27;DUTCHESS (27);3084;LAGRANGEVILLE;11;11;11;November;2019;2;Monday;17;5:00pm-5:59pm;2;2;0;This section IS NOT on the NHS;4;County Road;CR-21;S CROSS RD;2;Urban;5;Major Collector;2;County Highway Agency;99999;Unknown;41.651625;41.651625;-73.75459167;-73.75459167;0;No Special Jurisdiction;12;Motor Vehicle In-Transport;6;Angle;0;No;2;Intersection;3;T-Intersection;0;None;1;On Roadway;5;Dusk;10;Cloudy;0;No Additional Atmospheric Conditions;10;Cloudy;0;No;0;Not Applicable;99;Unknown;99;Unknown;99;Unknown EMS Scene Arrival Hour;99;Unknown EMS Scene Arrival Minutes;99;Unknown;99;Unknown EMS Hospital Arrival Time;0;None;0;None;0;None;1;1
36;New York;360754;2;2;0;0;2;2;0;55;MONROE (55);5920;SPENCERPORT;18;18;11;November;2019;2;Monday;8;8:00am-8:59am;26;26;0;This section IS NOT on the NHS;4;County Road;CR-210;GOLDEN POND TRAIL;2;Urban;7;Local;2;County Highway Agency;99999;Unknown;43.1984;43.1984;-77.77314444;-77.77314444;0;No Special Jurisdiction;12;Motor Vehicle In-Transport;6;Angle;0;No;2;Intersection;3;T-Intersection;0;None;1;On Roadway;1;Daylight;1;Clear;0;No Additional Atmospheric Conditions;1;Clear;0;No;0;Not Applicable;8;8:00am-8:59am;24;24;8;8:00am-8:59am;31;31;9;9:00am-9:59am;18;18;0;None;0;None;0;None;1;0
36;New York;360760;1;1;0;0;6;6;0;67;ONONDAGA (67);6010;SYRACUSE;17;17;11;November;2019;1;Sunday;0;0:00am-0:59am;54;54;0;This section IS NOT on the NHS;8;Other;HIAWATHA BLVD;SPRING ST;2;Urban;5;Major Collector;4;City or Municipal Highway Agency;0;None;43.07396944;43.07396944;-76.16426667;-76.16426667;0;No Special Jurisdiction;18;Other Object (not fixed);0;The First Harmful Event was Not a Collision with a Motor Vehicle in Transport;0;No;3;Intersection-Related;3;T-Intersection;0;None;4;On Roadside;3;Dark - Lighted;1;Clear;0;No Additional Atmospheric Conditions;1;Clear;0;No;0;Not Applicable;0;0:00am-0:59am;53;53;0;0:00am-0:59am;59;59;99;Unknown;99;Unknown EMS Hospital Arrival Time;0;None;0;None;0;None;2;1
36;New York;360793;1;1;0;1;1;1;1;119;WESTCHESTER (119);6820;YONKERS;28;28;11;November;2019;5;Thursday;17;5:00pm-5:59pm;20;20;1;This section IS ON the NHS;8;Other;983C YONKERS AVE;OAK ST;2;Urban;3;Principal Arterial - Other;1;State Highway Agency;0;None;40.93551389;40.93551389;-73.88852222;-73.88852222;0;No Special Jurisdiction;8;Pedestrian;0;The First Harmful Event was Not a Collision with a Motor Vehicle in Transport;0;No;3;Intersection-Related;3;T-Intersection;0;None;1;On Roadway;5;Dusk;1;Clear;0;No Additional Atmospheric Conditions;1;Clear;0;No;0;Not Applicable;99;Unknown;99;Unknown;99;Unknown EMS Scene Arrival Hour;99;Unknown EMS Scene Arrival Minutes;99;Unknown;99;Unknown EMS Hospital Arrival Time;0;None;0;None;0;None;1;0
36;New York;360796;2;2;0;0;4;4;0;47;KINGS (47);4170;NEW YORK CITY;8;8;12;December;2019;1;Sunday;4;4:00am-4:59am;56;56;0;This section IS NOT on the NHS;6;Local Street - Municipality;FOSTER AVE;E 55 ST;2;Urban;4;Minor Arterial;4;City or Municipal Highway Agency;99999;Unknown;40.63736944;40.63736944;-73.92402222;-73.92402222;0;No Special Jurisdiction;12;Motor Vehicle In-Transport;6;Angle;0;No;2;Intersection;3;T-Intersection;0;None;1;On Roadway;3;Dark - Lighted;1;Clear;0;No Additional Atmospheric Conditions;1;Clear;0;No;0;Not Applicable;4;4:00am-4:59am;56;56;99;Unknown EMS Scene Arrival Hour;99;Unknown EMS Scene Arrival Minutes;99;Unknown;99;Unknown EMS Hospital Arrival Time;0;None;0;None;0;None;1;1
36;New York;360803;1;1;0;1;1;1;1;81;QUEENS (81);4170;MIDDLE VILLAGE;9;9;12;December;2019;2;Monday;16;4:00pm-4:59pm;57;57;0;This section IS NOT on the NHS;6;Local Street - Municipality;STANHOPE ST;FAIRVIEW AVE;2;Urban;7;Local;4;City or Municipal Highway Agency;99999;Unknown;40.7099;40.7099;-73.91113056;-73.91113056;0;No Special Jurisdiction;8;Pedestrian;0;The First Harmful Event was Not a Collision with a Motor Vehicle in Transport;0;No;3;Intersection-Related;3;T-Intersection;0;None;1;On Roadway;3;Dark - Lighted;2;Rain;0;No Additional Atmospheric Conditions;2;Rain;0;No;0;Not Applicable;16;4:00pm-4:59pm;57;57;17;5:00pm-5:59pm;3;3;99;Unknown;99;Unknown EMS Hospital Arrival Time;0;None;0;None;0;None;1;0
36;New York;360813;1;1;0;1;2;2;1;59;NASSAU (59);3570;MASSAPEQUA PARK;13;13;12;December;2019;6;Friday;22;10:00pm-10:59pm;48;48;1;This section IS ON the NHS;3;State Highway;SR-27 SUNRISE HWY;CAROL DR;2;Urban;3;Principal Arterial - Other;1;State Highway Agency;99999;Unknown;40.67748611;40.67748611;-73.45311944;-73.45311944;0;No Special Jurisdiction;8;Pedestrian;0;The First Harmful Event was Not a Collision with a Motor Vehicle in Transport;0;No;3;Intersection-Related;3;T-Intersection;0;None;1;On Roadway;3;Dark - Lighted;2;Rain;0;No Additional Atmospheric Conditions;2;Rain;0;No;0;Not Applicable;22;10:00pm-10:59pm;48;48;22;10:00pm-10:59pm;51;51;23;11:00pm-11:59pm;15;15;0;None;0;None;0;None;1;0
36;New York;360817;2;2;0;0;4;4;0;113;WARREN (113);3100;LAKE GEORGE;2;2;9;September;2019;2;Monday;17;5:00pm-5:59pm;31;31;1;This section IS ON the NHS;3;State Highway;SR-9;MCGINNIS RD;2;Urban;3;Principal Arterial - Other;1;State Highway Agency;99999;Unknown;43.38883333;43.38883333;-73.70410833;-73.70410833;0;No Special Jurisdiction;12;Motor Vehicle In-Transport;6;Angle;0;No;2;Intersection;3;T-Intersection;0;None;1;On Roadway;1;Daylight;1;Clear;0;No Additional Atmospheric Conditions;1;Clear;0;No;0;Not Applicable;17;5:00pm-5:59pm;31;31;17;5:00pm-5:59pm;32;32;19;7:00pm-7:59pm;4;4;0;None;0;None;0;None;1;1
36;New York;360820;2;2;0;0;4;4;0;55;MONROE (55);4730;PENFIELD;12;12;12;December;2019;5;Thursday;16;4:00pm-4:59pm;59;59;0;This section IS NOT on the NHS;3;State Highway;SR-404 EMPIRE BLVD;BRANDT POINT DR;2;Urban;4;Minor Arterial;1;State Highway Agency;0;None;43.19338333;43.19338333;-77.50205278;-77.50205278;0;No Special Jurisdiction;12;Motor Vehicle In-Transport;6;Angle;0;No;2;Intersection;3;T-Intersection;0;None;1;On Roadway;3;Dark - Lighted;1;Clear;0;No Additional Atmospheric Conditions;1;Clear;0;No;0;Not Applicable;16;4:00pm-4:59pm;59;59;17;5:00pm-5:59pm;6;6;17;5:00pm-5:59pm;26;26;0;None;0;None;0;None;1;0
36;New York;360822;2;2;0;0;2;2;0;29;ERIE (29);5940;SPRINGVILLE;14;14;12;December;2019;7;Saturday;13;1:00pm-1:59pm;13;13;0;This section IS NOT on the NHS;3;State Highway;SR-240 GLENWOOD EAST CONCORD R;ROSS RD;1;Rural;5;Major Collector;1;State Highway Agency;99999;Unknown;42.56437778;42.56437778;-78.63719444;-78.63719444;0;No Special Jurisdiction;12;Motor Vehicle In-Transport;6;Angle;0;No;2;Intersection;3;T-Intersection;0;None;1;On Roadway;1;Daylight;4;Snow;0;No Additional Atmospheric Conditions;4;Snow;0;No;0;Not Applicable;13;1:00pm-1:59pm;15;15;13;1:00pm-1:59pm;21;21;99;Unknown;99;Unknown EMS Hospital Arrival Time;0;None;0;None;0;None;1;0
36;New York;360849;1;1;0;1;1;1;1;87;ROCKLAND (87);5980;STONY POINT;24;24;12;December;2019;3;Tuesday;21;9:00pm-9:59pm;45;45;1;This section IS ON the NHS;2;U.S. Highway;US-9W S LIBERTY DR;FILORS LN;2;Urban;3;Principal Arterial - Other;1;State Highway Agency;0;None;41.21822222;41.21822222;-73.98643056;-73.98643056;0;No Special Jurisdiction;8;Pedestrian;0;The First Harmful Event was Not a Collision with a Motor Vehicle in Transport;0;No;3;Intersection-Related;3;T-Intersection;0;None;1;On Roadway;3;Dark - Lighted;1;Clear;0;No Additional Atmospheric Conditions;1;Clear;0;No;0;Not Applicable;21;9:00pm-9:59pm;47;47;21;9:00pm-9:59pm;49;49;99;Unknown;99;Unknown EMS Hospital Arrival Time;0;None;0;None;0;None;1;0
36;New York;360873;1;1;0;0;1;1;0;1;ALBANY (1);1495;DELMAR;10;10;8;August;2019;7;Saturday;15;3:00pm-3:59pm;36;36;0;This section IS NOT on the NHS;3;State Highway;SR-32 FEURA BUSH RD;MEADS LN;2;Urban;4;Minor Arterial;1;State Highway Agency;99998;Not Reported;42.58934722;42.58934722;-73.85124444;-73.85124444;0;No Special Jurisdiction;1;Rollover/Overturn;0;The First Harmful Event was Not a Collision with a Motor Vehicle in Transport;0;No;3;Intersection-Related;3;T-Intersection;0;None;1;On Roadway;1;Daylight;10;Cloudy;0;No Additional Atmospheric Conditions;10;Cloudy;0;No;0;Not Applicable;99;Unknown;99;Unknown;99;Unknown EMS Scene Arrival Hour;99;Unknown EMS Scene Arrival Minutes;99;Unknown;99;Unknown EMS Hospital Arrival Time;0;None;0;None;0;None;1;0
36;New York;360878;1;1;0;1;1;1;1;55;MONROE (55);5230;ROCHESTER;1;1;9;September;2019;1;Sunday;21;9:00pm-9:59pm;18;18;0;This section IS NOT on the NHS;6;Local Street - Municipality;PORTLAND AVE;DELAMAINE DR;2;Urban;4;Minor Arterial;4;City or Municipal Highway Agency;99998;Not Reported;43.1839;43.1839;-77.58469167;-77.58469167;0;No Special Jurisdiction;8;Pedestrian;0;The First Harmful Event was Not a Collision with a Motor Vehicle in Transport;0;No;3;Intersection-Related;3;T-Intersection;0;None;1;On Roadway;3;Dark - Lighted;2;Rain;0;No Additional Atmospheric Conditions;2;Rain;0;No;0;Not Applicable;99;Unknown;99;Unknown;99;Unknown EMS Scene Arrival Hour;99;Unknown EMS Scene Arrival Minutes;99;Unknown;99;Unknown EMS Hospital Arrival Time;0;None;0;None;0;None;1;0
36;New York;360879;2;2;0;0;3;3;0;55;MONROE (55);2395;GREECE;17;17;9;September;2019;3;Tuesday;17;5:00pm-5:59pm;28;28;0;This section IS NOT on the NHS;8;Other;MT READ BLVD;PROVIDENCE CIR;2;Urban;4;Minor Arterial;2;County Highway Agency;99998;Not Reported;43.21828056;43.21828056;-77.65895278;-77.65895278;0;No Special Jurisdiction;12;Motor Vehicle In-Transport;6;Angle;0;No;2;Intersection;3;T-Intersection;0;None;1;On Roadway;1;Daylight;10;Cloudy;0;No Additional Atmospheric Conditions;10;Cloudy;0;No;0;Not Applicable;99;Unknown;99;Unknown;99;Unknown EMS Scene Arrival Hour;99;Unknown EMS Scene Arrival Minutes;99;Unknown;99;Unknown EMS Hospital Arrival Time;0;None;0;None;0;None;1;0
36;New York;360881;2;2;0;0;4;4;0;71;ORANGE (71);1431;CUDDEBACKVILLE;27;27;7;July;2019;7;Saturday;11;11:00am-11:59am;19;19;1;This section IS ON the NHS;2;U.S. Highway;US-209;CR-80 NEVERSINK DR;2;Urban;3;Principal Arterial - Other;1;State Highway Agency;99998;Not Reported;41.41007778;41.41007778;-74.63588611;-74.63588611;0;No Special Jurisdiction;12;Motor Vehicle In-Transport;2;Front-to-Front;0;No;2;Intersection;3;T-Intersection;0;None;1;On Roadway;1;Daylight;1;Clear;0;No Additional Atmospheric Conditions;1;Clear;0;No;0;Not Applicable;11;11:00am-11:59am;19;19;11;11:00am-11:59am;30;30;99;Unknown;99;Unknown EMS Hospital Arrival Time;0;None;0;None;0;None;1;0
36;New York;360884;1;1;0;0;2;2;0;111;ULSTER (111);4875;PLATTEKILL;16;16;8;August;2019;6;Friday;16;4:00pm-4:59pm;28;28;0;This section IS NOT on the NHS;5;Local Street - Township;CRESCENT AVE;PALAZZO LN;1;Rural;7;Local;3;Town or Township Highway Agency;0;None;41.70023333;41.70023333;-74.0458;-74.0458;0;No Special Jurisdiction;39;Wall;0;The First Harmful Event was Not a Collision with a Motor Vehicle in Transport;0;No;3;Intersection-Related;3;T-Intersection;0;None;4;On Roadside;1;Daylight;10;Cloudy;0;No Additional Atmospheric Conditions;10;Cloudy;0;No;0;Not Applicable;99;Unknown;99;Unknown;99;Unknown EMS Scene Arrival Hour;99;Unknown EMS Scene Arrival Minutes;99;Unknown;99;Unknown EMS Hospital Arrival Time;0;None;0;None;0;None;1;0
36;New York;360889;1;1;0;0;1;1;0;59;NASSAU (59);2600;HEMPSTEAD;20;20;11;November;2019;4;Wednesday;3;3:00am-3:59am;20;20;0;This section IS NOT on the NHS;8;Other;GRAND AVE;MAY ST;2;Urban;4;Minor Arterial;2;County Highway Agency;0;None;40.68320556;40.68320556;-73.61531389;-73.61531389;0;No Special Jurisdiction;41;Shrubbery;0;The First Harmful Event was Not a Collision with a Motor Vehicle in Transport;0;No;3;Intersection-Related;3;T-Intersection;0;None;4;On Roadside;3;Dark - Lighted;1;Clear;0;No Additional Atmospheric Conditions;1;Clear;0;No;0;Not Applicable;99;Unknown;99;Unknown;99;Unknown EMS Scene Arrival Hour;99;Unknown EMS Scene Arrival Minutes;99;Unknown;99;Unknown EMS Hospital Arrival Time;0;None;0;None;0;None;1;1
36;New York;360899;1;1;0;1;1;1;1;95;SCHOHARIE (95);3710;MIDDLEBURG;3;3;12;December;2019;3;Tuesday;14;2:00pm-2:59pm;20;20;0;This section IS NOT on the NHS;5;Local Street - Township;BAKER AVE;MAIN ST;1;Rural;7;Local;3;Town or Township Highway Agency;0;None;42.59846389;42.59846389;-74.33512778;-74.33512778;0;No Special Jurisdiction;8;Pedestrian;0;The First Harmful Event was Not a Collision with a Motor Vehicle in Transport;0;No;3;Intersection-Related;3;T-Intersection;0;None;1;On Roadway;1;Daylight;1;Clear;0;No Additional Atmospheric Conditions;1;Clear;0;No;0;Not Applicable;14;2:00pm-2:59pm;21;21;14;2:00pm-2:59pm;25;25;88;Not Applicable (Not Transported);88;Not Applicable (Not Transported);0;None;0;None;0;None;1;0
37;North Carolina;370003;2;2;0;0;2;2;0;19;BRUNSWICK (19);0;NOT APPLICABLE;17;17;1;January;2019;5;Thursday;14;2:00pm-2:59pm;54;54;0;This section IS NOT on the NHS;8;Other;SSR-1130 MT PISGAH RD;SSR-1133 EMPIRE RD;1;Rural;6;Minor Collector;1;State Highway Agency;28;28;33.96733889;33.96733889;-78.30608056;-78.30608056;0;No Special Jurisdiction;12;Motor Vehicle In-Transport;2;Front-to-Front;0;No;2;Intersection;3;T-Intersection;0;None;1;On Roadway;1;Daylight;1;Clear;0;No Additional Atmospheric Conditions;1;Clear;0;No;0;Not Applicable;14;2:00pm-2:59pm;34;34;14;2:00pm-2:59pm;47;47;15;3:00pm-3:59pm;21;21;0;None;0;None;0;None;1;0
37;North Carolina;370038;2;2;0;0;4;4;0;93;HOKE (93);0;NOT APPLICABLE;16;16;1;January;2019;4;Wednesday;7;7:00am-7:59am;35;35;1;This section IS ON the NHS;2;U.S. Highway;US-401;SSR-1345 MIDWAY DR;2;Urban;3;Principal Arterial - Other;1;State Highway Agency;23;23;35.03166667;35.03166667;-79.12333056;-79.12333056;0;No Special Jurisdiction;12;Motor Vehicle In-Transport;6;Angle;0;No;2;Intersection;3;T-Intersection;0;None;1;On Roadway;1;Daylight;1;Clear;0;No Additional Atmospheric Conditions;1;Clear;0;No;0;Not Applicable;7;7:00am-7:59am;30;30;7;7:00am-7:59am;39;39;8;8:00am-8:59am;5;5;0;None;0;None;0;None;1;0
37;North Carolina;370042;2;2;0;0;2;2;0;97;IREDELL (97);0;NOT APPLICABLE;8;8;1;January;2019;3;Tuesday;19;7:00pm-7:59pm;10;10;0;This section IS NOT on the NHS;8;Other;SSR-2382 BRAWLEY RD;HIDDEN HILLS LN;1;Rural;7;Local;1;State Highway Agency;15;15;35.67942778;35.67942778;-80.79924722;-80.79924722;0;No Special Jurisdiction;12;Motor Vehicle In-Transport;1;Front-to-Rear;0;No;3;Intersection-Related;3;T-Intersection;0;None;1;On Roadway;2;Dark - Not Lighted;1;Clear;0;No Additional Atmospheric Conditions;1;Clear;0;No;0;Not Applicable;19;7:00pm-7:59pm;8;8;19;7:00pm-7:59pm;22;22;20;8:00pm-8:59pm;33;33;0;None;0;None;0;None;1;1
37;North Carolina;370046;1;1;0;0;1;1;0;107;LENOIR (107);0;NOT APPLICABLE;17;17;1;January;2019;5;Thursday;5;5:00am-5:59am;30;30;0;This section IS NOT on the NHS;8;Other;SSR-1816 CAUSEY RD;SSR-1803 BRITISH RD;2;Urban;7;Local;1;State Highway Agency;71;71;35.25600556;35.25600556;-77.48527778;-77.48527778;0;No Special Jurisdiction;42;Tree (Standing Only);0;The First Harmful Event was Not a Collision with a Motor Vehicle in Transport;0;No;3;Intersection-Related;3;T-Intersection;0;None;4;On Roadside;3;Dark - Lighted;1;Clear;0;No Additional Atmospheric Conditions;1;Clear;0;No;0;Not Applicable;5;5:00am-5:59am;28;28;5;5:00am-5:59am;41;41;88;Not Applicable (Not Transported);88;Not Applicable (Not Transported);0;None;0;None;0;None;1;0
37;North Carolina;370064;2;2;0;0;3;3;0;133;ONSLOW (133);0;NOT APPLICABLE;29;29;1;January;2019;3;Tuesday;13;1:00pm-1:59pm;4;4;0;This section IS NOT on the NHS;8;Other;SSR-1308 GUM BRANCH RD;SSR-1920 RAINTREE RD;2;Urban;4;Minor Arterial;1;State Highway Agency;88;88;34.81436944;34.81436944;-77.45333056;-77.45333056;0;No Special Jurisdiction;12;Motor Vehicle In-Transport;6;Angle;0;No;2;Intersection;3;T-Intersection;0;None;1;On Roadway;1;Daylight;10;Cloudy;0;No Additional Atmospheric Conditions;10;Cloudy;0;No;0;Not Applicable;99;Unknown;99;Unknown;99;Unknown EMS Scene Arrival Hour;99;Unknown EMS Scene Arrival Minutes;99;Unknown;99;Unknown EMS Hospital Arrival Time;0;None;0;None;0;None;1;0
37;North Carolina;370071;2;2;0;0;2;2;0;163;SAMPSON (163);0;NOT APPLICABLE;22;22;1;January;2019;3;Tuesday;9;9:00am-9:59am;16;16;0;This section IS NOT on the NHS;8;Other;SSR-1716 CREEL RD;SSR-1722 SUTTOWN RD;1;Rural;7;Local;1;State Highway Agency;0;None;35.20410833;35.20410833;-78.26157778;-78.26157778;0;No Special Jurisdiction;12;Motor Vehicle In-Transport;1;Front-to-Rear;0;No;3;Intersection-Related;3;T-Intersection;0;None;1;On Roadway;1;Daylight;1;Clear;0;No Additional Atmospheric Conditions;1;Clear;0;No;0;Not Applicable;9;9:00am-9:59am;9;9;9;9:00am-9:59am;22;22;10;10:00am-10:59am;47;47;0;None;0;None;0;None;1;0
37;North Carolina;370078;1;1;0;1;1;1;1;183;WAKE (183);3750;RALEIGH;2;2;1;January;2019;4;Wednesday;22;10:00pm-10:59pm;28;28;0;This section IS NOT on the NHS;8;Other;SSR-2205 TRAWICK RD;NONE;2;Urban;4;Minor Arterial;1;State Highway Agency;13;13;35.79901944;35.79901944;-78.57788333;-78.57788333;0;No Special Jurisdiction;8;Pedestrian;0;The First Harmful Event was Not a Collision with a Motor Vehicle in Transport;0;No;3;Intersection-Related;3;T-Intersection;0;None;1;On Roadway;3;Dark - Lighted;2;Rain;5;Fog, Smog, Smoke;2;Rain;0;No;0;Not Applicable;22;10:00pm-10:59pm;29;29;22;10:00pm-10:59pm;31;31;22;10:00pm-10:59pm;42;42;0;None;0;None;0;None;1;0
37;North Carolina;370126;1;1;0;1;1;1;1;81;GUILFORD (81);1940;GREENSBORO;23;23;2;February;2019;7;Saturday;21;9:00pm-9:59pm;13;13;0;This section IS NOT on the NHS;8;Other;SSR-1007 RANDLEMAN RD;WEBSTER RD;2;Urban;4;Minor Arterial;1;State Highway Agency;70;70;36.01065278;36.01065278;-79.804825;-79.804825;0;No Special Jurisdiction;8;Pedestrian;0;The First Harmful Event was Not a Collision with a Motor Vehicle in Transport;0;No;3;Intersection-Related;3;T-Intersection;0;None;1;On Roadway;3;Dark - Lighted;10;Cloudy;0;No Additional Atmospheric Conditions;10;Cloudy;0;No;0;Not Applicable;21;9:00pm-9:59pm;14;14;21;9:00pm-9:59pm;19;19;21;9:00pm-9:59pm;41;41;0;None;0;None;0;None;1;0
37;North Carolina;370127;1;1;0;0;3;3;0;97;IREDELL (97);4430;STATESVILLE;1;1;2;February;2019;6;Friday;14;2:00pm-2:59pm;42;42;0;This section IS NOT on the NHS;8;Other;SSR-2321 E BROAD ST;SSR-2422 SIGNAL HILL DR;2;Urban;4;Minor Arterial;1;State Highway Agency;17;17;35.79063333;35.79063333;-80.8564;-80.8564;0;No Special Jurisdiction;30;Utility Pole/Light Support;0;The First Harmful Event was Not a Collision with a Motor Vehicle in Transport;0;No;3;Intersection-Related;3;T-Intersection;0;None;12;Pedestrian Refuge Island or Traffic Island;1;Daylight;10;Cloudy;0;No Additional Atmospheric Conditions;10;Cloudy;0;No;0;Not Applicable;14;2:00pm-2:59pm;48;48;14;2:00pm-2:59pm;57;57;15;3:00pm-3:59pm;21;21;0;None;0;None;0;None;1;0
37;North Carolina;370132;2;2;0;0;3;3;0;107;LENOIR (107);2450;KINSTON;2;2;2;February;2019;7;Saturday;17;5:00pm-5:59pm;57;57;1;This section IS ON the NHS;3;State Highway;SR-11 DR MARTIN LUTHER KING JR;SSR-1813 LIBERTY HILL RD;2;Urban;3;Principal Arterial - Other;1;State Highway Agency;193;193;35.27125833;35.27125833;-77.569675;-77.569675;0;No Special Jurisdiction;12;Motor Vehicle In-Transport;6;Angle;0;No;2;Intersection;3;T-Intersection;0;None;1;On Roadway;1;Daylight;1;Clear;0;No Additional Atmospheric Conditions;1;Clear;0;No;0;Not Applicable;99;Unknown;99;Unknown;99;Unknown EMS Scene Arrival Hour;99;Unknown EMS Scene Arrival Minutes;99;Unknown;99;Unknown EMS Hospital Arrival Time;0;None;0;None;0;None;1;0
37;North Carolina;370153;3;3;0;0;6;6;0;151;RANDOLPH (151);160;ASHEBORO;13;13;2;February;2019;4;Wednesday;7;7:00am-7:59am;43;43;0;This section IS NOT on the NHS;2;U.S. Highway;US-220 BUS;SSR-1500 W BAILEY ST;2;Urban;3;Principal Arterial - Other;1;State Highway Agency;86;86;35.74316944;35.74316944;-79.80791111;-79.80791111;0;No Special Jurisdiction;12;Motor Vehicle In-Transport;6;Angle;0;No;3;Intersection-Related;3;T-Intersection;0;None;1;On Roadway;1;Daylight;1;Clear;0;No Additional Atmospheric Conditions;1;Clear;0;No;0;Not Applicable;7;7:00am-7:59am;45;45;8;8:00am-8:59am;1;1;8;8:00am-8:59am;10;10;0;None;0;None;0;None;1;0
37;North Carolina;370156;2;2;0;0;3;3;0;155;ROBESON (155);0;NOT APPLICABLE;2;2;2;February;2019;7;Saturday;15;3:00pm-3:59pm;11;11;0;This section IS NOT on the NHS;8;Other;SSR-1001 SHANNON RD;NORTH BLVD;1;Rural;6;Minor Collector;1;State Highway Agency;28;28;34.74608889;34.74608889;-79.07416667;-79.07416667;0;No Special Jurisdiction;12;Motor Vehicle In-Transport;6;Angle;0;No;3;Intersection-Related;3;T-Intersection;0;None;1;On Roadway;1;Daylight;1;Clear;0;No Additional Atmospheric Conditions;1;Clear;0;No;0;Not Applicable;99;Unknown;99;Unknown;99;Unknown EMS Scene Arrival Hour;99;Unknown EMS Scene Arrival Minutes;99;Unknown;99;Unknown EMS Hospital Arrival Time;14;Motor Vehicle struck by falling cargo,or something that came loose from or something that was set in motion by a vehicle;0;None;0;None;1;0
37;North Carolina;370157;1;1;0;1;1;1;1;155;ROBESON (155);0;NOT APPLICABLE;12;12;2;February;2019;3;Tuesday;19;7:00pm-7:59pm;14;14;0;This section IS NOT on the NHS;3;State Highway;SR-710;TRUCKTON AVE;1;Rural;5;Major Collector;1;State Highway Agency;75;75;34.64180833;34.64180833;-79.24583056;-79.24583056;3;Indian Reservation;8;Pedestrian;0;The First Harmful Event was Not a Collision with a Motor Vehicle in Transport;0;No;3;Intersection-Related;3;T-Intersection;0;None;1;On Roadway;2;Dark - Not Lighted;1;Clear;0;No Additional Atmospheric Conditions;1;Clear;0;No;0;Not Applicable;19;7:00pm-7:59pm;12;12;19;7:00pm-7:59pm;24;24;20;8:00pm-8:59pm;38;38;0;None;0;None;0;None;1;0
37;North Carolina;370158;2;2;0;0;3;3;0;155;ROBESON (155);0;NOT APPLICABLE;23;23;2;February;2019;7;Saturday;8;8:00am-8:59am;45;45;0;This section IS NOT on the NHS;2;U.S. Highway;US-501;SR-130;1;Rural;4;Minor Arterial;1;State Highway Agency;100;100;34.63296667;34.63296667;-79.34076111;-79.34076111;3;Indian Reservation;12;Motor Vehicle In-Transport;2;Front-to-Front;0;No;2;Intersection;3;T-Intersection;0;None;1;On Roadway;1;Daylight;2;Rain;10;Cloudy;2;Rain;0;No;0;Not Applicable;8;8:00am-8:59am;42;42;8;8:00am-8:59am;55;55;9;9:00am-9:59am;31;31;0;None;0;None;0;None;1;0
37;North Carolina;370172;1;1;0;1;1;1;1;183;WAKE (183);3750;RALEIGH;22;22;2;February;2019;6;Friday;15;3:00pm-3:59pm;26;26;0;This section IS NOT on the NHS;6;Local Street - Municipality;E HARGETT ST;S STATE ST;2;Urban;7;Local;1;State Highway Agency;0;None;35.77773611;35.77773611;-78.62388333;-78.62388333;0;No Special Jurisdiction;8;Pedestrian;0;The First Harmful Event was Not a Collision with a Motor Vehicle in Transport;0;No;3;Intersection-Related;3;T-Intersection;0;None;1;On Roadway;1;Daylight;2;Rain;0;No Additional Atmospheric Conditions;2;Rain;0;No;0;Not Applicable;15;3:00pm-3:59pm;28;28;15;3:00pm-3:59pm;35;35;15;3:00pm-3:59pm;43;43;0;None;0;None;0;None;1;0