STATE;STATENAME;ST_CASE;VE_TOTAL;VE_FORMS;PVH_INVL;PEDS;PERSONS;PERMVIT;PERNOTMVIT;COUNTY;COUNTYNAME;CITY;CITYNAME;DAY;DAYNAME;MONTH;MONTHNAME;YEAR;DAY_WEEK;DAY_WEEKNAME;HOUR;HOURNAME;MINUTE;MINUTENAME;NHS;NHSNAME;ROUTE;ROUTENAME;TWAY_ID;TWAY_ID2;RUR_URB;RUR_URBNAME;FUNC_SYS;FUNC_SYSNAME;RD_OWNER;RD_OWNERNAME;MILEPT;MILEPTNAME;LATITUDE;LATITUDENAME;LONGITUD;LONGITUDNAME;SP_JUR;SP_JURNAME;HARM_EV;HARM_EVNAME;MAN_COLL;MAN_COLLNAME;RELJCT1;RELJCT1NAME;RELJCT2;RELJCT2NAME;TYP_INT;TYP_INTNAME;WRK_ZONE;WRK_ZONENAME;REL_ROAD;REL_ROADNAME;LGT_COND;LGT_CONDNAME;WEATHER1;WEATHER1NAME;WEATHER2;WEATHER2NAME;WEATHER;WEATHERNAME;SCH_BUS;SCH_BUSNAME;RAIL;RAILNAME;NOT_HOUR;NOT_HOURNAME;NOT_MIN;NOT_MINNAME;ARR_HOUR;ARR_HOURNAME;ARR_MIN;ARR_MINNAME;HOSP_HR;HOSP_HRNAME;HOSP_MN;HOSP_MNNAME;CF1;CF1NAME;CF2;CF2NAME;CF3;CF3NAME;FATALS;DRUNK_DR
37;North Carolina;370189;3;3;0;0;3;3;0;25;CABARRUS (25);0;NOT APPLICABLE;11;11;3;March;2019;2;Monday;21;9:00pm-9:59pm;8;8;0;This section IS NOT on the NHS;8;Other;SSR-1161;SSR-3048;2;Urban;7;Local;1;State Highway Agency;10;10;35.31388889;35.31388889;-80.63389444;-80.63389444;0;No Special Jurisdiction;12;Motor Vehicle In-Transport;6;Angle;1;Yes;2;Intersection;3;T-Intersection;0;None;1;On Roadway;2;Dark - Not Lighted;10;Cloudy;0;No Additional Atmospheric Conditions;10;Cloudy;0;No;0;Not Applicable;99;Unknown;99;Unknown;99;Unknown EMS Scene Arrival Hour;99;Unknown EMS Scene Arrival Minutes;88;Not Applicable (Not Transported);88;Not Applicable (Not Transported);0;None;0;None;0;None;1;1
37;North Carolina;370192;2;2;0;0;3;3;0;27;CALDWELL (27);0;NOT APPLICABLE;16;16;3;March;2019;7;Saturday;16;4:00pm-4:59pm;52;52;1;This section IS ON the NHS;2;U.S. Highway;US-321 BLOWING ROCK BLVD;SSR-1513 INDIAN GRAVE RD;1;Rural;3;Principal Arterial - Other;1;State Highway Agency;171;171;35.94958611;35.94958611;-81.54848056;-81.54848056;0;No Special Jurisdiction;12;Motor Vehicle In-Transport;6;Angle;0;No;2;Intersection;3;T-Intersection;0;None;1;On Roadway;1;Daylight;1;Clear;0;No Additional Atmospheric Conditions;1;Clear;0;No;0;Not Applicable;99;Unknown;99;Unknown;99;Unknown EMS Scene Arrival Hour;99;Unknown EMS Scene Arrival Minutes;99;Unknown;99;Unknown EMS Hospital Arrival Time;0;None;0;None;0;None;1;0
37;North Carolina;370194;4;4;0;0;5;5;0;31;CARTERET (31);0;NOT APPLICABLE;15;15;3;March;2019;6;Friday;15;3:00pm-3:59pm;50;50;1;This section IS ON the NHS;2;U.S. Highway;US-70;SSR-1129 TOM MANN RD;2;Urban;3;Principal Arterial - Other;1;State Highway Agency;24;24;34.81183056;34.81183056;-76.87985;-76.87985;0;No Special Jurisdiction;12;Motor Vehicle In-Transport;6;Angle;0;No;2;Intersection;3;T-Intersection;0;None;1;On Roadway;1;Daylight;1;Clear;0;No Additional Atmospheric Conditions;1;Clear;0;No;0;Not Applicable;99;Unknown;99;Unknown;99;Unknown EMS Scene Arrival Hour;99;Unknown EMS Scene Arrival Minutes;99;Unknown;99;Unknown EMS Hospital Arrival Time;14;Motor Vehicle struck by falling cargo,or something that came loose from or something that was set in motion by a vehicle;0;None;0;None;1;0
37;North Carolina;370199;2;2;0;0;4;4;0;51;CUMBERLAND (51);1670;FAYETTEVILLE;10;10;3;March;2019;1;Sunday;3;3:00am-3:59am;31;31;0;This section IS NOT on the NHS;8;Other;SSR-1415 YADKIN RD;HORSESHOE RD;2;Urban;4;Minor Arterial;1;State Highway Agency;20;20;35.09405278;35.09405278;-78.98627778;-78.98627778;0;No Special Jurisdiction;12;Motor Vehicle In-Transport;6;Angle;0;No;2;Intersection;3;T-Intersection;0;None;1;On Roadway;3;Dark - Lighted;1;Clear;0;No Additional Atmospheric Conditions;1;Clear;0;No;0;Not Applicable;99;Unknown;99;Unknown;99;Unknown EMS Scene Arrival Hour;99;Unknown EMS Scene Arrival Minutes;99;Unknown;99;Unknown EMS Hospital Arrival Time;0;None;0;None;0;None;1;2
37;North Carolina;370211;2;2;0;0;3;3;0;67;FORSYTH (67);0;NOT APPLICABLE;22;22;3;March;2019;6;Friday;16;4:00pm-4:59pm;12;12;0;This section IS NOT on the NHS;8;Other;SSR 1807 OLD US-52;SR-66 LEAK BRANCH RD;2;Urban;4;Minor Arterial;1;State Highway Agency;261;261;36.25648611;36.25648611;-80.30956111;-80.30956111;0;No Special Jurisdiction;12;Motor Vehicle In-Transport;6;Angle;0;No;2;Intersection;3;T-Intersection;0;None;1;On Roadway;1;Daylight;1;Clear;0;No Additional Atmospheric Conditions;1;Clear;0;No;0;Not Applicable;16;4:00pm-4:59pm;8;8;16;4:00pm-4:59pm;20;20;16;4:00pm-4:59pm;47;47;0;None;0;None;0;None;2;0
37;North Carolina;370235;2;2;0;0;2;2;0;119;MECKLENBURG (119);870;CHARLOTTE;30;30;3;March;2019;7;Saturday;13;1:00pm-1:59pm;54;54;0;This section IS NOT on the NHS;8;Other;SSR-1347 NEVADA BLVD;S TRYON ST;2;Urban;3;Principal Arterial - Other;1;State Highway Agency;216;216;35.12371944;35.12371944;-80.94502222;-80.94502222;0;No Special Jurisdiction;12;Motor Vehicle In-Transport;6;Angle;0;No;2;Intersection;3;T-Intersection;0;None;1;On Roadway;1;Daylight;1;Clear;0;No Additional Atmospheric Conditions;1;Clear;0;No;0;Not Applicable;13;1:00pm-1:59pm;53;53;13;1:00pm-1:59pm;58;58;88;Not Applicable (Not Transported);88;Not Applicable (Not Transported);0;None;0;None;0;None;1;1
37;North Carolina;370273;2;2;0;0;3;3;0;183;WAKE (183);800;CARY;5;5;3;March;2019;3;Tuesday;16;4:00pm-4:59pm;23;23;0;This section IS NOT on the NHS;8;Other;SSR-1415 SE MAYNARD RD;SEABROOK AVE;2;Urban;4;Minor Arterial;1;State Highway Agency;19;19;35.7679;35.7679;-78.76546389;-78.76546389;0;No Special Jurisdiction;12;Motor Vehicle In-Transport;6;Angle;0;No;2;Intersection;3;T-Intersection;0;None;1;On Roadway;1;Daylight;1;Clear;0;No Additional Atmospheric Conditions;1;Clear;0;No;0;Not Applicable;16;4:00pm-4:59pm;23;23;16;4:00pm-4:59pm;35;35;17;5:00pm-5:59pm;5;5;0;None;0;None;0;None;1;0
37;North Carolina;370286;2;2;0;0;2;2;0;3;ALEXANDER (3);0;NOT APPLICABLE;30;30;4;April;2019;3;Tuesday;18;6:00pm-6:59pm;32;32;0;This section IS NOT on the NHS;3;State Highway;SR-16;SSR-1408;2;Urban;4;Minor Arterial;1;State Highway Agency;153;153;35.96384722;35.96384722;-81.19416111;-81.19416111;0;No Special Jurisdiction;12;Motor Vehicle In-Transport;6;Angle;0;No;2;Intersection;3;T-Intersection;0;None;1;On Roadway;1;Daylight;1;Clear;0;No Additional Atmospheric Conditions;1;Clear;0;No;0;Not Applicable;18;6:00pm-6:59pm;28;28;18;6:00pm-6:59pm;36;36;19;7:00pm-7:59pm;23;23;0;None;0;None;0;None;1;0
37;North Carolina;370307;3;3;0;0;3;3;0;53;CURRITUCK (53);0;NOT APPLICABLE;17;17;4;April;2019;4;Wednesday;16;4:00pm-4:59pm;10;10;0;This section IS NOT on the NHS;3;State Highway;SR-168;PVA MOYOCK COMMONS DR;1;Rural;4;Minor Arterial;1;State Highway Agency;156;156;36.51767778;36.51767778;-76.17018333;-76.17018333;0;No Special Jurisdiction;12;Motor Vehicle In-Transport;1;Front-to-Rear;1;Yes;2;Intersection;3;T-Intersection;0;None;1;On Roadway;1;Daylight;1;Clear;0;No Additional Atmospheric Conditions;1;Clear;0;No;0;Not Applicable;16;4:00pm-4:59pm;13;13;16;4:00pm-4:59pm;20;20;16;4:00pm-4:59pm;46;46;0;None;0;None;0;None;1;1
37;North Carolina;370324;2;2;0;0;3;3;0;77;GRANVILLE (77);0;NOT APPLICABLE;25;25;4;April;2019;5;Thursday;15;3:00pm-3:59pm;1;1;0;This section IS NOT on the NHS;2;U.S. Highway;US-158;US-158 BUS;1;Rural;5;Major Collector;1;State Highway Agency;178;178;36.33316111;36.33316111;-78.79794722;-78.79794722;0;No Special Jurisdiction;12;Motor Vehicle In-Transport;6;Angle;1;Yes;2;Intersection;3;T-Intersection;0;None;1;On Roadway;1;Daylight;1;Clear;0;No Additional Atmospheric Conditions;1;Clear;0;No;0;Not Applicable;99;Unknown;99;Unknown;99;Unknown EMS Scene Arrival Hour;99;Unknown EMS Scene Arrival Minutes;88;Not Applicable (Not Transported);88;Not Applicable (Not Transported);0;None;0;None;0;None;1;0
37;North Carolina;370337;2;2;0;0;4;4;0;101;JOHNSTON (101);0;NOT APPLICABLE;4;4;4;April;2019;5;Thursday;20;8:00pm-8:59pm;6;6;0;This section IS NOT on the NHS;8;Other;SSR-1716;SSR-1715;1;Rural;5;Major Collector;1;State Highway Agency;13;13;35.72858611;35.72858611;-78.39043889;-78.39043889;0;No Special Jurisdiction;12;Motor Vehicle In-Transport;2;Front-to-Front;1;Yes;2;Intersection;3;T-Intersection;0;None;1;On Roadway;2;Dark - Not Lighted;1;Clear;0;No Additional Atmospheric Conditions;1;Clear;0;No;0;Not Applicable;20;8:00pm-8:59pm;4;4;20;8:00pm-8:59pm;15;15;88;Not Applicable (Not Transported);88;Not Applicable (Not Transported);0;None;0;None;0;None;1;0
37;North Carolina;370347;2;2;0;0;3;3;0;119;MECKLENBURG (119);870;CHARLOTTE;8;8;4;April;2019;2;Monday;16;4:00pm-4:59pm;24;24;0;This section IS NOT on the NHS;6;Local Street - Municipality;SADIS ST;WAVERLY HALL DR;2;Urban;7;Local;1;State Highway Agency;15;15;35.15591944;35.15591944;-80.77568333;-80.77568333;0;No Special Jurisdiction;12;Motor Vehicle In-Transport;6;Angle;0;No;2;Intersection;3;T-Intersection;0;None;1;On Roadway;5;Dusk;2;Rain;0;No Additional Atmospheric Conditions;2;Rain;0;No;0;Not Applicable;16;4:00pm-4:59pm;24;24;16;4:00pm-4:59pm;30;30;17;5:00pm-5:59pm;7;7;0;None;0;None;0;None;1;0
37;North Carolina;370359;1;1;0;0;1;1;0;133;ONSLOW (133);0;NOT APPLICABLE;8;8;4;April;2019;2;Monday;0;0:00am-0:59am;31;31;0;This section IS NOT on the NHS;8;Other;SSR-1117;SSR-1124;2;Urban;7;Local;1;State Highway Agency;5;5;34.73886667;34.73886667;-77.46422778;-77.46422778;0;No Special Jurisdiction;25;Concrete Traffic Barrier;0;The First Harmful Event was Not a Collision with a Motor Vehicle in Transport;0;No;3;Intersection-Related;3;T-Intersection;0;None;4;On Roadside;3;Dark - Lighted;1;Clear;0;No Additional Atmospheric Conditions;1;Clear;0;No;0;Not Applicable;99;Unknown;99;Unknown;99;Unknown EMS Scene Arrival Hour;99;Unknown EMS Scene Arrival Minutes;88;Not Applicable (Not Transported);88;Not Applicable (Not Transported);0;None;0;None;0;None;1;1
37;North Carolina;370376;2;2;0;0;2;2;0;171;SURRY (171);1480;ELKIN;19;19;4;April;2019;6;Friday;10;10:00am-10:59am;34;34;0;This section IS NOT on the NHS;6;Local Street - Municipality;ELK SPUR ST;POWERS LN;2;Urban;7;Local;98;Not Reported;57;57;36.2511;36.2511;-80.87071944;-80.87071944;0;No Special Jurisdiction;12;Motor Vehicle In-Transport;2;Front-to-Front;0;No;2;Intersection;3;T-Intersection;0;None;1;On Roadway;1;Daylight;10;Cloudy;0;No Additional Atmospheric Conditions;10;Cloudy;0;No;0;Not Applicable;10;10:00am-10:59am;34;34;10;10:00am-10:59am;46;46;11;11:00am-11:59am;7;7;0;None;0;None;0;None;1;0
37;North Carolina;370382;1;1;0;0;1;1;0;183;WAKE (183);3750;RALEIGH;20;20;4;April;2019;7;Saturday;22;10:00pm-10:59pm;9;9;0;This section IS NOT on the NHS;6;Local Street - Municipality;WAKE FOREST RD;COURTLAND RD;2;Urban;7;Local;1;State Highway Agency;10;10;35.79907778;35.79907778;-78.626575;-78.626575;0;No Special Jurisdiction;1;Rollover/Overturn;0;The First Harmful Event was Not a Collision with a Motor Vehicle in Transport;0;No;3;Intersection-Related;3;T-Intersection;0;None;4;On Roadside;3;Dark - Lighted;1;Clear;0;No Additional Atmospheric Conditions;1;Clear;0;No;0;Not Applicable;99;Unknown;99;Unknown;99;Unknown EMS Scene Arrival Hour;99;Unknown EMS Scene Arrival Minutes;88;Not Applicable (Not Transported);88;Not Applicable (Not Transported);0;None;0;None;0;None;1;1
37;North Carolina;370391;1;1;0;0;1;1;0;183;WAKE (183);3750;RALEIGH;25;25;4;April;2019;5;Thursday;9;9:00am-9:59am;54;54;0;This section IS NOT on the NHS;6;Local Street - Municipality;NEW HOPE CHURCH RD;DEANA LN;2;Urban;4;Minor Arterial;98;Not Reported;99998;Not Reported;35.83678056;35.83678056;-78.58638889;-78.58638889;0;No Special Jurisdiction;33;Curb;0;The First Harmful Event was Not a Collision with a Motor Vehicle in Transport;0;No;3;Intersection-Related;3;T-Intersection;0;None;4;On Roadside;1;Daylight;1;Clear;0;No Additional Atmospheric Conditions;1;Clear;0;No;0;Not Applicable;99;Unknown;99;Unknown;99;Unknown EMS Scene Arrival Hour;99;Unknown EMS Scene Arrival Minutes;99;Unknown;99;Unknown EMS Hospital Arrival Time;0;None;0;None;0;None;1;0
37;North Carolina;370395;2;2;0;0;4;4;0;19;BRUNSWICK (19);0;NOT APPLICABLE;23;23;5;May;2019;5;Thursday;19;7:00pm-7:59pm;58;58;0;This section IS NOT on the NHS;8;Other;SSR-1130;SSR-1125;1;Rural;6;Minor Collector;1;State Highway Agency;31;31;33.96288889;33.96288889;-78.30652222;-78.30652222;0;No Special Jurisdiction;12;Motor Vehicle In-Transport;6;Angle;1;Yes;2;Intersection;3;T-Intersection;0;None;1;On Roadway;1;Daylight;1;Clear;0;No Additional Atmospheric Conditions;1;Clear;0;No;0;Not Applicable;99;Unknown;99;Unknown;99;Unknown EMS Scene Arrival Hour;99;Unknown EMS Scene Arrival Minutes;99;Unknown;99;Unknown EMS Hospital Arrival Time;0;None;0;None;0;None;1;1
37;North Carolina;370401;2;2;0;0;4;4;0;25;CABARRUS (25);2390;KANNAPOLIS;19;19;5;May;2019;1;Sunday;9;9:00am-9:59am;5;5;1;This section IS ON the NHS;3;State Highway;SR-73 DAVIDSON HWY;SSR-1602 JIM JOHNSON RD;2;Urban;3;Principal Arterial - Other;1;State Highway Agency;9;9;35.44221667;35.44221667;-80.74841111;-80.74841111;0;No Special Jurisdiction;12;Motor Vehicle In-Transport;6;Angle;0;No;2;Intersection;3;T-Intersection;0;None;1;On Roadway;1;Daylight;1;Clear;0;No Additional Atmospheric Conditions;1;Clear;0;No;0;Not Applicable;99;Unknown;99;Unknown;99;Unknown EMS Scene Arrival Hour;99;Unknown EMS Scene Arrival Minutes;99;Unknown;99;Unknown EMS Hospital Arrival Time;0;None;0;None;0;None;1;0
37;North Carolina;370441;2;2;0;0;3;3;0;81;GUILFORD (81);1940;GREENSBORO;1;1;5;May;2019;4;Wednesday;0;0:00am-0:59am;50;50;1;This section IS ON the NHS;8;Other;SSR-4240 W LEE ST;S TATE ST;2;Urban;3;Principal Arterial - Other;1;State Highway Agency;15;15;36.06358611;36.06358611;-79.80488333;-79.80488333;0;No Special Jurisdiction;33;Curb;0;The First Harmful Event was Not a Collision with a Motor Vehicle in Transport;0;No;3;Intersection-Related;3;T-Intersection;0;None;3;On Median;3;Dark - Lighted;1;Clear;0;No Additional Atmospheric Conditions;1;Clear;0;No;0;Not Applicable;99;Unknown;99;Unknown;99;Unknown EMS Scene Arrival Hour;99;Unknown EMS Scene Arrival Minutes;99;Unknown;99;Unknown EMS Hospital Arrival Time;0;None;0;None;0;None;1;1
37;North Carolina;370444;2;2;0;0;3;3;0;81;GUILFORD (81);0;NOT APPLICABLE;12;12;5;May;2019;1;Sunday;20;8:00pm-8:59pm;59;59;0;This section IS NOT on the NHS;8;Other;SSR-2565 HICONE RD;US-29 SB RAMP;2;Urban;4;Minor Arterial;1;State Highway Agency;55;55;36.15134722;36.15134722;-79.73093611;-79.73093611;0;No Special Jurisdiction;12;Motor Vehicle In-Transport;6;Angle;1;Yes;2;Intersection;3;T-Intersection;0;None;1;On Roadway;2;Dark - Not Lighted;10;Cloudy;0;No Additional Atmospheric Conditions;10;Cloudy;0;No;0;Not Applicable;99;Unknown;99;Unknown;99;Unknown EMS Scene Arrival Hour;99;Unknown EMS Scene Arrival Minutes;99;Unknown;99;Unknown EMS Hospital Arrival Time;0;None;0;None;0;None;1;0
37;North Carolina;370472;3;3;0;0;4;4;0;119;MECKLENBURG (119);870;CHARLOTTE;2;2;5;May;2019;5;Thursday;8;8:00am-8:59am;49;49;1;This section IS ON the NHS;3;State Highway;SR-27 FREEDOM DR;LUNDY LN;2;Urban;3;Principal Arterial - Other;1;State Highway Agency;70;70;35.26470556;35.26470556;-80.92385278;-80.92385278;0;No Special Jurisdiction;12;Motor Vehicle In-Transport;2;Front-to-Front;0;No;2;Intersection;3;T-Intersection;0;None;1;On Roadway;1;Daylight;1;Clear;0;No Additional Atmospheric Conditions;1;Clear;0;No;0;Not Applicable;99;Unknown;99;Unknown;99;Unknown EMS Scene Arrival Hour;99;Unknown EMS Scene Arrival Minutes;99;Unknown;99;Unknown EMS Hospital Arrival Time;0;None;0;None;0;None;1;0
37;North Carolina;370481;2;2;0;0;2;2;0;125;MOORE (125);3600;PINEHURST;23;23;5;May;2019;5;Thursday;13;1:00pm-1:59pm;33;33;0;This section IS NOT on the NHS;3;State Highway;SR-5 BEULAH RD;SSR-1205 MORGANTON RD;2;Urban;4;Minor Arterial;1;State Highway Agency;7;7;35.18480278;35.18480278;-79.46791111;-79.46791111;0;No Special Jurisdiction;12;Motor Vehicle In-Transport;6;Angle;0;No;3;Intersection-Related;3;T-Intersection;0;None;4;On Roadside;1;Daylight;10;Cloudy;0;No Additional Atmospheric Conditions;10;Cloudy;0;No;0;Not Applicable;13;1:00pm-1:59pm;29;29;13;1:00pm-1:59pm;33;33;14;2:00pm-2:59pm;8;8;0;None;0;None;0;None;1;0
37;North Carolina;370503;1;1;0;0;2;2;0;141;PENDER (141);0;NOT APPLICABLE;28;28;5;May;2019;3;Tuesday;18;6:00pm-6:59pm;35;35;0;This section IS NOT on the NHS;8;Other;SSR-2218 CROOKED RUN RD;SSR-2217;1;Rural;7;Local;1;State Highway Agency;28;28;34.64064444;34.64064444;-78.02944444;-78.02944444;0;No Special Jurisdiction;1;Rollover/Overturn;0;The First Harmful Event was Not a Collision with a Motor Vehicle in Transport;0;No;3;Intersection-Related;3;T-Intersection;0;None;4;On Roadside;1;Daylight;1;Clear;0;No Additional Atmospheric Conditions;1;Clear;0;No;0;Not Applicable;99;Unknown;99;Unknown;99;Unknown EMS Scene Arrival Hour;99;Unknown EMS Scene Arrival Minutes;99;Unknown;99;Unknown EMS Hospital Arrival Time;0;None;0;None;0;None;1;0
37;North Carolina;370507;3;3;0;0;18;18;0;167;STANLY (167);0;NOT APPLICABLE;14;14;5;May;2019;3;Tuesday;14;2:00pm-2:59pm;42;42;1;This section IS ON the NHS;2;U.S. Highway;US-52;SSR-1907;1;Rural;3;Principal Arterial - Other;1;State Highway Agency;23;23;35.31505;35.31505;-80.18293056;-80.18293056;0;No Special Jurisdiction;12;Motor Vehicle In-Transport;6;Angle;0;No;2;Intersection;3;T-Intersection;0;None;1;On Roadway;1;Daylight;1;Clear;0;No Additional Atmospheric Conditions;1;Clear;1;Yes;0;Not Applicable;14;2:00pm-2:59pm;41;41;14;2:00pm-2:59pm;44;44;15;3:00pm-3:59pm;21;21;0;None;0;None;0;None;1;0
37;North Carolina;370511;1;1;0;0;1;1;0;171;SURRY (171);0;NOT APPLICABLE;25;25;5;May;2019;7;Saturday;22;10:00pm-10:59pm;21;21;0;This section IS NOT on the NHS;8;Other;SSR-1139  FRIENDSHIP CHURCH RD;SR-268;1;Rural;5;Major Collector;1;State Highway Agency;56;56;36.26675556;36.26675556;-80.79399722;-80.79399722;0;No Special Jurisdiction;34;Ditch;0;The First Harmful Event was Not a Collision with a Motor Vehicle in Transport;0;No;3;Intersection-Related;3;T-Intersection;0;None;4;On Roadside;3;Dark - Lighted;10;Cloudy;0;No Additional Atmospheric Conditions;10;Cloudy;0;No;0;Not Applicable;99;Unknown;99;Unknown;99;Unknown EMS Scene Arrival Hour;99;Unknown EMS Scene Arrival Minutes;88;Not Applicable (Not Transported);88;Not Applicable (Not Transported);0;None;0;None;0;None;1;1
37;North Carolina;370543;2;2;0;0;3;3;0;21;BUNCOMBE (21);0;NOT APPLICABLE;17;17;6;June;2019;2;Monday;11;11:00am-11:59am;19;19;0;This section IS NOT on the NHS;8;Other;SSR-1727 MONTICELLO RD;SSR-1740;2;Urban;5;Major Collector;1;State Highway Agency;52;52;35.70220278;35.70220278;-82.59189722;-82.59189722;0;No Special Jurisdiction;12;Motor Vehicle In-Transport;6;Angle;0;No;2;Intersection;3;T-Intersection;0;None;1;On Roadway;1;Daylight;1;Clear;0;No Additional Atmospheric Conditions;1;Clear;0;No;0;Not Applicable;99;Unknown;99;Unknown;99;Unknown EMS Scene Arrival Hour;99;Unknown EMS Scene Arrival Minutes;99;Unknown;99;Unknown EMS Hospital Arrival Time;0;None;0;None;0;None;1;0
37;North Carolina;370591;2;2;0;0;4;4;0;93;HOKE (93);0;NOT APPLICABLE;4;4;6;June;2019;3;Tuesday;20;8:00pm-8:59pm;23;23;1;This section IS ON the NHS;2;U.S. Highway;US-401 FAYETTEVILLE RD;SSR-1303 SCULL RD;2;Urban;3;Principal Arterial - Other;1;State Highway Agency;47;47;35.01438333;35.01438333;-79.15888889;-79.15888889;0;No Special Jurisdiction;12;Motor Vehicle In-Transport;6;Angle;0;No;2;Intersection;3;T-Intersection;0;None;1;On Roadway;5;Dusk;1;Clear;0;No Additional Atmospheric Conditions;1;Clear;0;No;0;Not Applicable;20;8:00pm-8:59pm;20;20;20;8:00pm-8:59pm;33;33;20;8:00pm-8:59pm;50;50;0;None;0;None;0;None;1;0
37;North Carolina;370594;2;2;0;0;2;2;0;97;IREDELL (97);0;NOT APPLICABLE;4;4;6;June;2019;3;Tuesday;20;8:00pm-8:59pm;3;3;0;This section IS NOT on the NHS;3;State Highway;SR-3 CODDLE CREEK HWY;SSR-1142 JOHNSON DAIRY RD;1;Rural;5;Major Collector;1;State Highway Agency;9;9;35.51939444;35.51939444;-80.77046111;-80.77046111;0;No Special Jurisdiction;12;Motor Vehicle In-Transport;6;Angle;0;No;2;Intersection;3;T-Intersection;0;None;1;On Roadway;1;Daylight;1;Clear;0;No Additional Atmospheric Conditions;1;Clear;0;No;0;Not Applicable;20;8:00pm-8:59pm;1;1;20;8:00pm-8:59pm;9;9;88;Not Applicable (Not Transported);88;Not Applicable (Not Transported);0;None;0;None;0;None;1;0
37;North Carolina;370601;2;2;0;0;2;2;0;113;MACON (113);0;NOT APPLICABLE;7;7;6;June;2019;6;Friday;8;8:00am-8:59am;43;43;1;This section IS ON the NHS;2;U.S. Highway;US-23 SYLVA RD;CAMELOT ESTATES RD;1;Rural;3;Principal Arterial - Other;1;State Highway Agency;185;185;35.23050833;35.23050833;-83.34955556;-83.34955556;0;No Special Jurisdiction;12;Motor Vehicle In-Transport;6;Angle;0;No;2;Intersection;3;T-Intersection;0;None;1;On Roadway;1;Daylight;2;Rain;0;No Additional Atmospheric Conditions;2;Rain;0;No;0;Not Applicable;8;8:00am-8:59am;35;35;8;8:00am-8:59am;39;39;9;9:00am-9:59am;45;45;0;None;0;None;0;None;1;0
37;North Carolina;370602;2;2;0;0;3;3;0;111;MCDOWELL (111);0;NOT APPLICABLE;29;29;6;June;2019;7;Saturday;21;9:00pm-9:59pm;52;52;1;This section IS ON the NHS;2;U.S. Highway;US-221;SSR-1785 HUNT LN;1;Rural;3;Principal Arterial - Other;1;State Highway Agency;56;56;35.601825;35.601825;-81.98434444;-81.98434444;0;No Special Jurisdiction;12;Motor Vehicle In-Transport;2;Front-to-Front;0;No;2;Intersection;3;T-Intersection;0;None;1;On Roadway;2;Dark - Not Lighted;1;Clear;0;No Additional Atmospheric Conditions;1;Clear;0;No;0;Not Applicable;21;9:00pm-9:59pm;45;45;21;9:00pm-9:59pm;55;55;22;10:00pm-10:59pm;57;57;0;None;0;None;0;None;1;0
37;North Carolina;370604;2;2;0;1;2;2;1;119;MECKLENBURG (119);870;CHARLOTTE;1;1;6;June;2019;7;Saturday;23;11:00pm-11:59pm;20;20;0;This section IS NOT on the NHS;8;Other;SSR-2480 W SUGAR CREEK RD;ARGYLE DR;2;Urban;4;Minor Arterial;1;State Highway Agency;6;6;35.26824167;35.26824167;-80.79468056;-80.79468056;0;No Special Jurisdiction;15;Non-Motorist on Personal Conveyance;0;The First Harmful Event was Not a Collision with a Motor Vehicle in Transport;0;No;3;Intersection-Related;3;T-Intersection;0;None;1;On Roadway;3;Dark - Lighted;1;Clear;0;No Additional Atmospheric Conditions;1;Clear;0;No;0;Not Applicable;23;11:00pm-11:59pm;20;20;23;11:00pm-11:59pm;25;25;23;11:00pm-11:59pm;54;54;0;None;0;None;0;None;1;0
37;North Carolina;370611;1;1;0;1;1;1;1;119;MECKLENBURG (119);2940;MATTHEWS;21;21;6;June;2019;6;Friday;9;9:00am-9:59am;6;6;0;This section IS NOT on the NHS;6;Local Street - Municipality;N TRADE ST;PARK CENTER DR;2;Urban;7;Local;98;Not Reported;0;None;35.11951389;35.11951389;-80.71899444;-80.71899444;0;No Special Jurisdiction;8;Pedestrian;0;The First Harmful Event was Not a Collision with a Motor Vehicle in Transport;0;No;3;Intersection-Related;3;T-Intersection;0;None;1;On Roadway;1;Daylight;1;Clear;0;No Additional Atmospheric Conditions;1;Clear;0;No;0;Not Applicable;9;9:00am-9:59am;6;6;9;9:00am-9:59am;10;10;9;9:00am-9:59am;30;30;0;None;0;None;0;None;1;0
37;North Carolina;370612;2;2;0;0;2;2;0;119;MECKLENBURG (119);2280;HUNTERSVILLE;26;26;6;June;2019;4;Wednesday;5;5:00am-5:59am;59;59;0;This section IS NOT on the NHS;8;Other;SSR-2138 MCCOY RD;SSR-2130 MCILWAINE RD;2;Urban;5;Major Collector;1;State Highway Agency;1;1;35.38696944;35.38696944;-80.88159167;-80.88159167;0;No Special Jurisdiction;12;Motor Vehicle In-Transport;6;Angle;0;No;2;Intersection;3;T-Intersection;0;None;1;On Roadway;1;Daylight;1;Clear;0;No Additional Atmospheric Conditions;1;Clear;0;No;0;Not Applicable;5;5:00am-5:59am;59;59;6;6:00am-6:59am;7;7;6;6:00am-6:59am;23;23;0;None;0;None;0;None;1;0
37;North Carolina;370627;2;2;0;0;2;2;0;147;PITT (147);0;NOT APPLICABLE;27;27;6;June;2019;5;Thursday;6;6:00am-6:59am;2;2;0;This section IS NOT on the NHS;3;State Highway;SR-43;SSR-1745 MAJOR SMITH RD;1;Rural;5;Major Collector;1;State Highway Agency;86;86;35.49384167;35.49384167;-77.30838611;-77.30838611;0;No Special Jurisdiction;12;Motor Vehicle In-Transport;6;Angle;0;No;3;Intersection-Related;3;T-Intersection;0;None;1;On Roadway;4;Dawn;10;Cloudy;0;No Additional Atmospheric Conditions;10;Cloudy;0;No;0;Not Applicable;5;5:00am-5:59am;55;55;6;6:00am-6:59am;3;3;6;6:00am-6:59am;29;29;0;None;0;None;0;None;1;0
37;North Carolina;370636;2;2;0;0;3;3;0;161;RUTHERFORD (161);0;NOT APPLICABLE;24;24;6;June;2019;2;Monday;19;7:00pm-7:59pm;6;6;0;This section IS NOT on the NHS;8;Other;SSR-2241 OAK ST EXT;SSR-2159 PINEY RIDGE RD;2;Urban;5;Major Collector;1;State Highway Agency;0;None;35.33107222;35.33107222;-81.901125;-81.901125;0;No Special Jurisdiction;12;Motor Vehicle In-Transport;6;Angle;0;No;2;Intersection;3;T-Intersection;0;None;1;On Roadway;1;Daylight;1;Clear;0;No Additional Atmospheric Conditions;1;Clear;0;No;0;Not Applicable;18;6:00pm-6:59pm;56;56;19;7:00pm-7:59pm;2;2;19;7:00pm-7:59pm;37;37;0;None;0;None;0;None;1;0