STATE;STATENAME;ST_CASE;VE_TOTAL;VE_FORMS;PVH_INVL;PEDS;PERSONS;PERMVIT;PERNOTMVIT;COUNTY;COUNTYNAME;CITY;CITYNAME;DAY;DAYNAME;MONTH;MONTHNAME;YEAR;DAY_WEEK;DAY_WEEKNAME;HOUR;HOURNAME;MINUTE;MINUTENAME;NHS;NHSNAME;ROUTE;ROUTENAME;TWAY_ID;TWAY_ID2;RUR_URB;RUR_URBNAME;FUNC_SYS;FUNC_SYSNAME;RD_OWNER;RD_OWNERNAME;MILEPT;MILEPTNAME;LATITUDE;LATITUDENAME;LONGITUD;LONGITUDNAME;SP_JUR;SP_JURNAME;HARM_EV;HARM_EVNAME;MAN_COLL;MAN_COLLNAME;RELJCT1;RELJCT1NAME;RELJCT2;RELJCT2NAME;TYP_INT;TYP_INTNAME;WRK_ZONE;WRK_ZONENAME;REL_ROAD;REL_ROADNAME;LGT_COND;LGT_CONDNAME;WEATHER1;WEATHER1NAME;WEATHER2;WEATHER2NAME;WEATHER;WEATHERNAME;SCH_BUS;SCH_BUSNAME;RAIL;RAILNAME;NOT_HOUR;NOT_HOURNAME;NOT_MIN;NOT_MINNAME;ARR_HOUR;ARR_HOURNAME;ARR_MIN;ARR_MINNAME;HOSP_HR;HOSP_HRNAME;HOSP_MN;HOSP_MNNAME;CF1;CF1NAME;CF2;CF2NAME;CF3;CF3NAME;FATALS;DRUNK_DR
37;North Carolina;370647;2;2;0;0;2;2;0;179;UNION (179);0;NOT APPLICABLE;16;16;6;June;2019;1;Sunday;18;6:00pm-6:59pm;13;13;0;This section IS NOT on the NHS;3;State Highway;SR-218;SSR-1520 INDIAN TRL FAIRVIEW;1;Rural;4;Minor Arterial;1;State Highway Agency;37;37;35.14211944;35.14211944;-80.54683333;-80.54683333;0;No Special Jurisdiction;1;Rollover/Overturn;0;The First Harmful Event was Not a Collision with a Motor Vehicle in Transport;0;No;2;Intersection;3;T-Intersection;0;None;1;On Roadway;1;Daylight;1;Clear;0;No Additional Atmospheric Conditions;1;Clear;0;No;0;Not Applicable;18;6:00pm-6:59pm;11;11;18;6:00pm-6:59pm;21;21;88;Not Applicable (Not Transported);88;Not Applicable (Not Transported);0;None;0;None;0;None;1;0
37;North Carolina;370663;2;2;0;0;2;2;0;47;COLUMBUS (47);5020;WHITEVILLE;15;15;6;June;2019;7;Saturday;14;2:00pm-2:59pm;32;32;0;This section IS NOT on the NHS;8;Other;SSR-1552 SMYRNA RD;MEMORY TWINS RD;2;Urban;5;Major Collector;1;State Highway Agency;1;1;34.34380833;34.34380833;-78.71174167;-78.71174167;0;No Special Jurisdiction;12;Motor Vehicle In-Transport;6;Angle;0;No;3;Intersection-Related;3;T-Intersection;0;None;1;On Roadway;1;Daylight;1;Clear;0;No Additional Atmospheric Conditions;1;Clear;0;No;0;Not Applicable;99;Unknown;99;Unknown;99;Unknown EMS Scene Arrival Hour;99;Unknown EMS Scene Arrival Minutes;88;Not Applicable (Not Transported);88;Not Applicable (Not Transported);0;None;0;None;0;None;1;0
37;North Carolina;370717;3;3;0;0;3;3;0;81;GUILFORD (81);1940;GREENSBORO;12;12;7;July;2019;6;Friday;20;8:00pm-8:59pm;21;21;0;This section IS NOT on the NHS;6;Local Street - Municipality;NEW GARDEN RD;BELVIDERE PL;2;Urban;4;Minor Arterial;4;City or Municipal Highway Agency;24;24;36.10259167;36.10259167;-79.88943056;-79.88943056;0;No Special Jurisdiction;12;Motor Vehicle In-Transport;1;Front-to-Rear;0;No;2;Intersection;3;T-Intersection;0;None;1;On Roadway;2;Dark - Not Lighted;1;Clear;0;No Additional Atmospheric Conditions;1;Clear;0;No;0;Not Applicable;20;8:00pm-8:59pm;22;22;20;8:00pm-8:59pm;29;29;21;9:00pm-9:59pm;16;16;0;None;0;None;0;None;1;0
37;North Carolina;370722;2;2;0;0;2;2;0;81;GUILFORD (81);1940;GREENSBORO;26;26;7;July;2019;6;Friday;14;2:00pm-2:59pm;22;22;0;This section IS NOT on the NHS;6;Local Street - Municipality;DRAWBRIDGE PKWY;WELL-SPRING DR;2;Urban;7;Local;98;Not Reported;0;None;36.13213056;36.13213056;-79.874975;-79.874975;0;No Special Jurisdiction;12;Motor Vehicle In-Transport;2;Front-to-Front;0;No;2;Intersection;3;T-Intersection;0;None;1;On Roadway;1;Daylight;10;Cloudy;0;No Additional Atmospheric Conditions;10;Cloudy;0;No;0;Not Applicable;14;2:00pm-2:59pm;22;22;14;2:00pm-2:59pm;31;31;15;3:00pm-3:59pm;8;8;0;None;0;None;0;None;1;0
37;North Carolina;370724;1;1;0;0;1;1;0;85;HARNETT (85);0;NOT APPLICABLE;6;6;7;July;2019;7;Saturday;22;10:00pm-10:59pm;57;57;0;This section IS NOT on the NHS;8;Other;SSR-1446 CHALYBEATE SPRINGS RD;SSR-1441 PURFOY RD;2;Urban;4;Minor Arterial;1;State Highway Agency;25;25;35.51474167;35.51474167;-78.78356667;-78.78356667;0;No Special Jurisdiction;35;Embankment;0;The First Harmful Event was Not a Collision with a Motor Vehicle in Transport;0;No;3;Intersection-Related;3;T-Intersection;0;None;4;On Roadside;2;Dark - Not Lighted;1;Clear;0;No Additional Atmospheric Conditions;1;Clear;0;No;0;Not Applicable;22;10:00pm-10:59pm;55;55;23;11:00pm-11:59pm;4;4;88;Not Applicable (Not Transported);88;Not Applicable (Not Transported);0;None;0;None;0;None;1;1
37;North Carolina;370729;2;2;0;0;4;4;0;93;HOKE (93);0;NOT APPLICABLE;23;23;7;July;2019;3;Tuesday;20;8:00pm-8:59pm;10;10;1;This section IS ON the NHS;2;U.S. Highway;US-401 LAURINBURG RD;SSR-1121 RYAN MCBRYDE RD;1;Rural;3;Principal Arterial - Other;1;State Highway Agency;25;25;34.92761111;34.92761111;-79.32072778;-79.32072778;0;No Special Jurisdiction;12;Motor Vehicle In-Transport;6;Angle;0;No;2;Intersection;3;T-Intersection;0;None;1;On Roadway;5;Dusk;2;Rain;10;Cloudy;2;Rain;0;No;0;Not Applicable;99;Unknown;99;Unknown;99;Unknown EMS Scene Arrival Hour;99;Unknown EMS Scene Arrival Minutes;99;Unknown;99;Unknown EMS Hospital Arrival Time;0;None;0;None;0;None;1;0
37;North Carolina;370772;1;1;0;1;1;1;1;189;WATAUGA (189);0;NOT APPLICABLE;26;26;7;July;2019;6;Friday;3;3:00am-3:59am;6;6;1;This section IS ON the NHS;2;U.S. Highway;US-421/321 SR-194;SSR-1105 GEORGE WILSON RD;2;Urban;3;Principal Arterial - Other;1;State Highway Agency;115;115;36.227175;36.227175;-81.71464722;-81.71464722;0;No Special Jurisdiction;8;Pedestrian;0;The First Harmful Event was Not a Collision with a Motor Vehicle in Transport;0;No;2;Intersection;3;T-Intersection;0;None;1;On Roadway;2;Dark - Not Lighted;1;Clear;0;No Additional Atmospheric Conditions;1;Clear;0;No;0;Not Applicable;99;Unknown;99;Unknown;99;Unknown EMS Scene Arrival Hour;99;Unknown EMS Scene Arrival Minutes;99;Unknown;99;Unknown EMS Hospital Arrival Time;0;None;0;None;0;None;1;1
37;North Carolina;370783;2;2;0;0;2;2;0;19;BRUNSWICK (19);0;NOT APPLICABLE;28;28;8;August;2019;4;Wednesday;13;1:00pm-1:59pm;57;57;1;This section IS ON the NHS;2;U.S. Highway;US-17 OCEAN HWY W;S MIDDLETON DR NW;1;Rural;3;Principal Arterial - Other;1;State Highway Agency;441;441;33.93712778;33.93712778;-78.56563889;-78.56563889;0;No Special Jurisdiction;12;Motor Vehicle In-Transport;6;Angle;0;No;2;Intersection;3;T-Intersection;0;None;1;On Roadway;1;Daylight;10;Cloudy;0;No Additional Atmospheric Conditions;10;Cloudy;0;No;0;Not Applicable;99;Unknown;99;Unknown;99;Unknown EMS Scene Arrival Hour;99;Unknown EMS Scene Arrival Minutes;99;Unknown;99;Unknown EMS Hospital Arrival Time;0;None;0;None;0;None;1;0
37;North Carolina;370798;2;2;0;0;3;3;0;51;CUMBERLAND (51);0;NOT APPLICABLE;15;15;8;August;2019;5;Thursday;17;5:00pm-5:59pm;19;19;0;This section IS NOT on the NHS;8;Other;SSR-1437 SHAW RD;SSR-1444 HOLLAND ST;2;Urban;4;Minor Arterial;1;State Highway Agency;31;31;35.10842778;35.10842778;-78.9371;-78.9371;0;No Special Jurisdiction;1;Rollover/Overturn;0;The First Harmful Event was Not a Collision with a Motor Vehicle in Transport;0;No;2;Intersection;3;T-Intersection;0;None;1;On Roadway;1;Daylight;1;Clear;0;No Additional Atmospheric Conditions;1;Clear;0;No;0;Not Applicable;99;Unknown;99;Unknown;99;Unknown EMS Scene Arrival Hour;99;Unknown EMS Scene Arrival Minutes;99;Unknown;99;Unknown EMS Hospital Arrival Time;0;None;0;None;0;None;1;0
37;North Carolina;370801;1;1;0;0;2;2;0;51;CUMBERLAND (51);1670;FAYETTEVILLE;30;30;8;August;2019;6;Friday;22;10:00pm-10:59pm;13;13;0;This section IS NOT on the NHS;6;Local Street - Municipality;CAWDOR DR;REDWOOD DR;2;Urban;7;Local;98;Not Reported;0;None;35.02824444;35.02824444;-78.95749167;-78.95749167;0;No Special Jurisdiction;42;Tree (Standing Only);0;The First Harmful Event was Not a Collision with a Motor Vehicle in Transport;0;No;3;Intersection-Related;3;T-Intersection;0;None;5;Outside Trafficway;3;Dark - Lighted;1;Clear;0;No Additional Atmospheric Conditions;1;Clear;0;No;0;Not Applicable;99;Unknown;99;Unknown;99;Unknown EMS Scene Arrival Hour;99;Unknown EMS Scene Arrival Minutes;99;Unknown;99;Unknown EMS Hospital Arrival Time;0;None;0;None;0;None;1;0
37;North Carolina;370841;2;2;0;0;6;6;0;119;MECKLENBURG (119);870;CHARLOTTE;30;30;8;August;2019;6;Friday;21;9:00pm-9:59pm;39;39;1;This section IS ON the NHS;2;U.S. Highway;US-29/74 WILKINSON BLVD;FAIRHAVEN ST;2;Urban;3;Principal Arterial - Other;1;State Highway Agency;172;172;35.228275;35.228275;-80.91444722;-80.91444722;0;No Special Jurisdiction;12;Motor Vehicle In-Transport;6;Angle;0;No;2;Intersection;3;T-Intersection;0;None;1;On Roadway;3;Dark - Lighted;1;Clear;0;No Additional Atmospheric Conditions;1;Clear;0;No;0;Not Applicable;99;Unknown;99;Unknown;99;Unknown EMS Scene Arrival Hour;99;Unknown EMS Scene Arrival Minutes;99;Unknown;99;Unknown EMS Hospital Arrival Time;0;None;0;None;0;None;4;0
37;North Carolina;370873;2;2;0;0;2;2;0;183;WAKE (183);3750;RALEIGH;12;12;8;August;2019;2;Monday;10;10:00am-10:59am;32;32;0;This section IS NOT on the NHS;8;Other;SSR-1005 SIX FORKS RD;BARRETT DR;1;Rural;4;Minor Arterial;1;State Highway Agency;116;116;35.82786389;35.82786389;-78.63439444;-78.63439444;0;No Special Jurisdiction;12;Motor Vehicle In-Transport;6;Angle;0;No;2;Intersection;3;T-Intersection;0;None;1;On Roadway;1;Daylight;1;Clear;0;No Additional Atmospheric Conditions;1;Clear;0;No;0;Not Applicable;99;Unknown;99;Unknown;99;Unknown EMS Scene Arrival Hour;99;Unknown EMS Scene Arrival Minutes;99;Unknown;99;Unknown EMS Hospital Arrival Time;0;None;0;None;0;None;1;0
37;North Carolina;370881;2;2;0;0;6;6;0;1;ALAMANCE (1);2990;MEBANE;7;7;9;September;2019;7;Saturday;14;2:00pm-2:59pm;17;17;0;This section IS NOT on the NHS;7;Local Street - Frontage Road;N FIFTH ST;E STAGECOACH RD;2;Urban;3;Principal Arterial - Other;1;State Highway Agency;21;21;36.10769722;36.10769722;-79.2641;-79.2641;0;No Special Jurisdiction;12;Motor Vehicle In-Transport;6;Angle;0;No;2;Intersection;3;T-Intersection;0;None;1;On Roadway;1;Daylight;1;Clear;0;No Additional Atmospheric Conditions;1;Clear;0;No;0;Not Applicable;99;Unknown;99;Unknown;99;Unknown EMS Scene Arrival Hour;99;Unknown EMS Scene Arrival Minutes;99;Unknown;99;Unknown EMS Hospital Arrival Time;0;None;0;None;0;None;1;0
37;North Carolina;370883;2;2;0;0;2;2;0;7;ANSON (7);4770;WADESBORO;26;26;9;September;2019;5;Thursday;20;8:00pm-8:59pm;41;41;0;This section IS NOT on the NHS;2;U.S. Highway;US-74 E CASWELL ST;E WADE ST;2;Urban;3;Principal Arterial - Other;1;State Highway Agency;99998;Not Reported;34.96645833;34.96645833;-80.06211111;-80.06211111;0;No Special Jurisdiction;12;Motor Vehicle In-Transport;6;Angle;0;No;2;Intersection;3;T-Intersection;0;None;1;On Roadway;5;Dusk;1;Clear;0;No Additional Atmospheric Conditions;1;Clear;0;No;0;Not Applicable;99;Unknown;99;Unknown;99;Unknown EMS Scene Arrival Hour;99;Unknown EMS Scene Arrival Minutes;99;Unknown;99;Unknown EMS Hospital Arrival Time;0;None;0;None;0;None;1;0
37;North Carolina;370888;2;2;0;0;2;2;0;37;CHATHAM (37);0;NOT APPLICABLE;3;3;9;September;2019;3;Tuesday;10;10:00am-10:59am;23;23;0;This section IS NOT on the NHS;6;Local Street - Municipality;SMOKEY PARK HWY;HICE DR;2;Urban;7;Local;1;State Highway Agency;120;120;35.76518889;35.76518889;-79.16006389;-79.16006389;0;No Special Jurisdiction;12;Motor Vehicle In-Transport;2;Front-to-Front;0;No;2;Intersection;3;T-Intersection;0;None;1;On Roadway;1;Daylight;1;Clear;0;No Additional Atmospheric Conditions;1;Clear;0;No;0;Not Applicable;99;Unknown;99;Unknown;99;Unknown EMS Scene Arrival Hour;99;Unknown EMS Scene Arrival Minutes;99;Unknown;99;Unknown EMS Hospital Arrival Time;0;None;0;None;0;None;1;0
37;North Carolina;370899;2;2;0;0;2;2;0;41;CHOWAN (41);0;NOT APPLICABLE;16;16;9;September;2019;2;Monday;8;8:00am-8:59am;52;52;0;This section IS NOT on the NHS;3;State Highway;SR-32;SSR-1222;1;Rural;4;Minor Arterial;1;State Highway Agency;3;3;36.16166944;36.16166944;-76.6542;-76.6542;0;No Special Jurisdiction;12;Motor Vehicle In-Transport;6;Angle;0;No;2;Intersection;3;T-Intersection;0;None;1;On Roadway;1;Daylight;1;Clear;0;No Additional Atmospheric Conditions;1;Clear;0;No;0;Not Applicable;99;Unknown;99;Unknown;99;Unknown EMS Scene Arrival Hour;99;Unknown EMS Scene Arrival Minutes;88;Not Applicable (Not Transported);88;Not Applicable (Not Transported);0;None;0;None;0;None;1;0
37;North Carolina;370919;2;2;0;0;2;2;0;69;FRANKLIN (69);0;NOT APPLICABLE;17;17;9;September;2019;3;Tuesday;7;7:00am-7:59am;54;54;0;This section IS NOT on the NHS;8;Other;SSR-1127;US-1;1;Rural;3;Principal Arterial - Other;1;State Highway Agency;34;34;36.11733056;36.11733056;-78.18504722;-78.18504722;0;No Special Jurisdiction;12;Motor Vehicle In-Transport;6;Angle;0;No;2;Intersection;3;T-Intersection;0;None;1;On Roadway;1;Daylight;1;Clear;0;No Additional Atmospheric Conditions;1;Clear;0;No;0;Not Applicable;99;Unknown;99;Unknown;99;Unknown EMS Scene Arrival Hour;99;Unknown EMS Scene Arrival Minutes;99;Unknown;99;Unknown EMS Hospital Arrival Time;0;None;0;None;0;None;1;0
37;North Carolina;370935;2;2;0;0;2;2;0;85;HARNETT (85);0;NOT APPLICABLE;27;27;9;September;2019;6;Friday;6;6:00am-6:59am;46;46;1;This section IS ON the NHS;2;U.S. Highway;US-401;SSR-1403 KIPLING RD;2;Urban;3;Principal Arterial - Other;1;State Highway Agency;170;170;35.47955278;35.47955278;-78.82072778;-78.82072778;0;No Special Jurisdiction;12;Motor Vehicle In-Transport;6;Angle;0;No;2;Intersection;3;T-Intersection;0;None;1;On Roadway;4;Dawn;1;Clear;0;No Additional Atmospheric Conditions;1;Clear;0;No;0;Not Applicable;99;Unknown;99;Unknown;99;Unknown EMS Scene Arrival Hour;99;Unknown EMS Scene Arrival Minutes;99;Unknown;99;Unknown EMS Hospital Arrival Time;0;None;0;None;0;None;1;0
37;North Carolina;370962;1;1;0;1;2;2;1;119;MECKLENBURG (119);870;CHARLOTTE;20;20;9;September;2019;6;Friday;14;2:00pm-2:59pm;22;22;1;This section IS ON the NHS;8;Other;SSR-2974 E SUGAR CREEK RD;SSR-2940 EASTWAY DR;2;Urban;4;Minor Arterial;1;State Highway Agency;0;None;35.24250833;35.24250833;-80.77991667;-80.77991667;0;No Special Jurisdiction;8;Pedestrian;0;The First Harmful Event was Not a Collision with a Motor Vehicle in Transport;0;No;3;Intersection-Related;3;T-Intersection;0;None;1;On Roadway;1;Daylight;1;Clear;0;No Additional Atmospheric Conditions;1;Clear;0;No;0;Not Applicable;99;Unknown;99;Unknown;99;Unknown EMS Scene Arrival Hour;99;Unknown EMS Scene Arrival Minutes;99;Unknown;99;Unknown EMS Hospital Arrival Time;21;Within Designated School Zone;0;None;0;None;1;0
37;North Carolina;370963;2;2;0;0;2;2;0;119;MECKLENBURG (119);0;NOT APPLICABLE;25;25;9;September;2019;4;Wednesday;22;10:00pm-10:59pm;3;3;0;This section IS NOT on the NHS;5;Local Street - Township;LAWYERS RD;OLIVET DR;2;Urban;4;Minor Arterial;98;Not Reported;43;43;35.18979167;35.18979167;-80.69852778;-80.69852778;0;No Special Jurisdiction;12;Motor Vehicle In-Transport;6;Angle;0;No;2;Intersection;3;T-Intersection;0;None;1;On Roadway;2;Dark - Not Lighted;1;Clear;0;No Additional Atmospheric Conditions;1;Clear;0;No;0;Not Applicable;99;Unknown;99;Unknown;99;Unknown EMS Scene Arrival Hour;99;Unknown EMS Scene Arrival Minutes;99;Unknown;99;Unknown EMS Hospital Arrival Time;0;None;0;None;0;None;1;0
37;North Carolina;370977;1;1;0;1;1;1;1;129;NEW HANOVER (129);5060;WILMINGTON;29;29;9;September;2019;1;Sunday;19;7:00pm-7:59pm;46;46;0;This section IS NOT on the NHS;2;U.S. Highway;US-17 BUS MARKET ST;LENNON DR;2;Urban;3;Principal Arterial - Other;1;State Highway Agency;49;49;34.24532778;34.24532778;-77.87516389;-77.87516389;0;No Special Jurisdiction;8;Pedestrian;0;The First Harmful Event was Not a Collision with a Motor Vehicle in Transport;0;No;2;Intersection;3;T-Intersection;0;None;1;On Roadway;3;Dark - Lighted;1;Clear;0;No Additional Atmospheric Conditions;1;Clear;0;No;0;Not Applicable;99;Unknown;99;Unknown;99;Unknown EMS Scene Arrival Hour;99;Unknown EMS Scene Arrival Minutes;99;Unknown;99;Unknown EMS Hospital Arrival Time;0;None;0;None;0;None;1;0
37;North Carolina;370982;2;2;0;0;2;2;0;141;PENDER (141);0;NOT APPLICABLE;19;19;9;September;2019;5;Thursday;20;8:00pm-8:59pm;25;25;0;This section IS NOT on the NHS;3;State Highway;SR-133;SSR-1452 FOREST LN;1;Rural;6;Minor Collector;1;State Highway Agency;47;47;34.411725;34.411725;-77.93325278;-77.93325278;0;No Special Jurisdiction;12;Motor Vehicle In-Transport;2;Front-to-Front;0;No;2;Intersection;3;T-Intersection;0;None;1;On Roadway;2;Dark - Not Lighted;1;Clear;0;No Additional Atmospheric Conditions;1;Clear;0;No;0;Not Applicable;99;Unknown;99;Unknown;99;Unknown EMS Scene Arrival Hour;99;Unknown EMS Scene Arrival Minutes;99;Unknown;99;Unknown EMS Hospital Arrival Time;0;None;0;None;0;None;1;0
37;North Carolina;370983;1;1;0;0;1;1;0;141;PENDER (141);0;NOT APPLICABLE;22;22;9;September;2019;1;Sunday;12;12:00pm-12:59pm;45;45;0;This section IS NOT on the NHS;3;State Highway;SR-11;US-421;1;Rural;5;Major Collector;1;State Highway Agency;178;178;34.63561667;34.63561667;-78.10934167;-78.10934167;0;No Special Jurisdiction;34;Ditch;0;The First Harmful Event was Not a Collision with a Motor Vehicle in Transport;0;No;3;Intersection-Related;3;T-Intersection;0;None;4;On Roadside;1;Daylight;1;Clear;0;No Additional Atmospheric Conditions;1;Clear;0;No;0;Not Applicable;99;Unknown;99;Unknown;99;Unknown EMS Scene Arrival Hour;99;Unknown EMS Scene Arrival Minutes;99;Unknown;99;Unknown EMS Hospital Arrival Time;0;None;0;None;0;None;1;1
37;North Carolina;370993;2;2;0;0;2;2;0;167;STANLY (167);0;NOT APPLICABLE;11;11;9;September;2019;4;Wednesday;18;6:00pm-6:59pm;4;4;0;This section IS NOT on the NHS;8;Other;SSR-1140 RENEE FORD RD;SSR-1175 DAVID LN;1;Rural;5;Major Collector;1;State Highway Agency;29;29;35.21786111;35.21786111;-80.459225;-80.459225;0;No Special Jurisdiction;12;Motor Vehicle In-Transport;9;Rear-to-Side;0;No;3;Intersection-Related;3;T-Intersection;0;None;1;On Roadway;1;Daylight;1;Clear;0;No Additional Atmospheric Conditions;1;Clear;0;No;0;Not Applicable;99;Unknown;99;Unknown;99;Unknown EMS Scene Arrival Hour;99;Unknown EMS Scene Arrival Minutes;88;Not Applicable (Not Transported);88;Not Applicable (Not Transported);0;None;0;None;0;None;1;1
37;North Carolina;371011;3;3;0;0;3;3;0;9;ASHE (9);0;NOT APPLICABLE;27;27;10;October;2019;1;Sunday;13;1:00pm-1:59pm;33;33;0;This section IS NOT on the NHS;3;State Highway;SR-88;SR-1342;1;Rural;4;Minor Arterial;1;State Highway Agency;35;35;36.45882222;36.45882222;-81.55347222;-81.55347222;0;No Special Jurisdiction;12;Motor Vehicle In-Transport;7;Sideswipe - Same Direction;0;No;2;Intersection;3;T-Intersection;0;None;1;On Roadway;1;Daylight;1;Clear;0;No Additional Atmospheric Conditions;1;Clear;0;No;0;Not Applicable;99;Unknown;99;Unknown;99;Unknown EMS Scene Arrival Hour;99;Unknown EMS Scene Arrival Minutes;99;Unknown;99;Unknown EMS Hospital Arrival Time;0;None;0;None;0;None;1;0
37;North Carolina;371018;2;2;0;0;5;5;0;19;BRUNSWICK (19);0;NOT APPLICABLE;10;10;10;October;2019;5;Thursday;13;1:00pm-1:59pm;39;39;0;This section IS NOT on the NHS;8;Other;SSR-1437;SSR-1438;1;Rural;5;Major Collector;1;State Highway Agency;72;72;34.05936389;34.05936389;-78.15479444;-78.15479444;0;No Special Jurisdiction;12;Motor Vehicle In-Transport;6;Angle;0;No;2;Intersection;3;T-Intersection;0;None;1;On Roadway;1;Daylight;1;Clear;0;No Additional Atmospheric Conditions;1;Clear;0;No;0;Not Applicable;99;Unknown;99;Unknown;99;Unknown EMS Scene Arrival Hour;99;Unknown EMS Scene Arrival Minutes;99;Unknown;99;Unknown EMS Hospital Arrival Time;0;None;0;None;0;None;1;0
37;North Carolina;371019;2;2;0;0;2;2;0;21;BUNCOMBE (21);170;ASHEVILLE;13;13;10;October;2019;1;Sunday;10;10:00am-10:59am;37;37;1;This section IS ON the NHS;3;State Highway;SR-19-23 PATTON AVE;RUMBOUGH PL;2;Urban;3;Principal Arterial - Other;1;State Highway Agency;97;97;35.57763611;35.57763611;-82.61008889;-82.61008889;0;No Special Jurisdiction;12;Motor Vehicle In-Transport;6;Angle;0;No;2;Intersection;3;T-Intersection;0;None;1;On Roadway;1;Daylight;10;Cloudy;0;No Additional Atmospheric Conditions;10;Cloudy;0;No;0;Not Applicable;99;Unknown;99;Unknown;99;Unknown EMS Scene Arrival Hour;99;Unknown EMS Scene Arrival Minutes;99;Unknown;99;Unknown EMS Hospital Arrival Time;0;None;0;None;0;None;1;0
37;North Carolina;371057;1;1;0;0;1;1;0;63;DURHAM (63);0;NOT APPLICABLE;27;27;10;October;2019;1;Sunday;16;4:00pm-4:59pm;22;22;0;This section IS NOT on the NHS;8;Other;SSR-1473 CHAMBERS RD;SSR-1470 BILL POOLE RD;1;Rural;7;Local;1;State Highway Agency;0;None;36.20793333;36.20793333;-78.93863333;-78.93863333;0;No Special Jurisdiction;42;Tree (Standing Only);0;The First Harmful Event was Not a Collision with a Motor Vehicle in Transport;0;No;3;Intersection-Related;3;T-Intersection;0;None;4;On Roadside;1;Daylight;1;Clear;0;No Additional Atmospheric Conditions;1;Clear;0;No;0;Not Applicable;99;Unknown;99;Unknown;99;Unknown EMS Scene Arrival Hour;99;Unknown EMS Scene Arrival Minutes;88;Not Applicable (Not Transported);88;Not Applicable (Not Transported);0;None;0;None;0;None;1;0
37;North Carolina;371091;2;2;0;0;2;2;0;119;MECKLENBURG (119);870;CHARLOTTE;8;8;10;October;2019;3;Tuesday;17;5:00pm-5:59pm;6;6;0;This section IS NOT on the NHS;8;Other;SSR-1128 WESTINGHOUSE BLVD;I-70;2;Urban;4;Minor Arterial;1;State Highway Agency;11;11;35.11451389;35.11451389;-80.92374167;-80.92374167;0;No Special Jurisdiction;12;Motor Vehicle In-Transport;6;Angle;1;Yes;2;Intersection;3;T-Intersection;0;None;1;On Roadway;1;Daylight;10;Cloudy;0;No Additional Atmospheric Conditions;10;Cloudy;0;No;0;Not Applicable;99;Unknown;99;Unknown;99;Unknown EMS Scene Arrival Hour;99;Unknown EMS Scene Arrival Minutes;99;Unknown;99;Unknown EMS Hospital Arrival Time;0;None;0;None;0;None;1;0
37;North Carolina;371094;2;2;0;0;3;3;0;129;NEW HANOVER (129);0;NOT APPLICABLE;18;18;10;October;2019;6;Friday;16;4:00pm-4:59pm;56;56;1;This section IS ON the NHS;2;U.S. Highway;US-17;SSR-1400 FULCH CREEK RD;2;Urban;3;Principal Arterial - Other;1;State Highway Agency;153;153;34.310325;34.310325;-77.77793056;-77.77793056;0;No Special Jurisdiction;12;Motor Vehicle In-Transport;6;Angle;0;No;2;Intersection;3;T-Intersection;0;None;1;On Roadway;1;Daylight;1;Clear;0;No Additional Atmospheric Conditions;1;Clear;0;No;0;Not Applicable;99;Unknown;99;Unknown;99;Unknown EMS Scene Arrival Hour;99;Unknown EMS Scene Arrival Minutes;99;Unknown;99;Unknown EMS Hospital Arrival Time;0;None;0;None;0;None;1;0
37;North Carolina;371110;2;2;0;0;2;2;0;151;RANDOLPH (151);0;NOT APPLICABLE;15;15;10;October;2019;3;Tuesday;19;7:00pm-7:59pm;34;34;0;This section IS NOT on the NHS;2;U.S. Highway;US-64;SSR-1323;2;Urban;3;Principal Arterial - Other;1;State Highway Agency;12;12;35.74493611;35.74493611;-79.89095556;-79.89095556;0;No Special Jurisdiction;12;Motor Vehicle In-Transport;6;Angle;0;No;2;Intersection;3;T-Intersection;0;None;1;On Roadway;2;Dark - Not Lighted;10;Cloudy;0;No Additional Atmospheric Conditions;10;Cloudy;0;No;0;Not Applicable;99;Unknown;99;Unknown;99;Unknown EMS Scene Arrival Hour;99;Unknown EMS Scene Arrival Minutes;99;Unknown;99;Unknown EMS Hospital Arrival Time;0;None;0;None;0;None;1;0
37;North Carolina;371116;2;2;0;0;5;5;0;157;ROCKINGHAM (157);0;NOT APPLICABLE;15;15;10;October;2019;3;Tuesday;11;11:00am-11:59am;27;27;0;This section IS NOT on the NHS;2;U.S. Highway;US-29 BUS;SSR-1914 OREGON HILL RD;1;Rural;4;Minor Arterial;1;State Highway Agency;124;124;36.40153056;36.40153056;-79.62684167;-79.62684167;0;No Special Jurisdiction;12;Motor Vehicle In-Transport;6;Angle;0;No;2;Intersection;3;T-Intersection;0;None;1;On Roadway;1;Daylight;1;Clear;0;No Additional Atmospheric Conditions;1;Clear;0;No;0;Not Applicable;99;Unknown;99;Unknown;99;Unknown EMS Scene Arrival Hour;99;Unknown EMS Scene Arrival Minutes;99;Unknown;99;Unknown EMS Hospital Arrival Time;0;None;0;None;0;None;1;0
37;North Carolina;371129;2;2;0;0;3;3;0;183;WAKE (183);3750;RALEIGH;21;21;10;October;2019;2;Monday;17;5:00pm-5:59pm;54;54;0;This section IS NOT on the NHS;6;Local Street - Municipality;POOLE RD;S KING CHARLES RD;2;Urban;4;Minor Arterial;98;Not Reported;0;None;35.77386389;35.77386389;-78.60313889;-78.60313889;0;No Special Jurisdiction;12;Motor Vehicle In-Transport;6;Angle;0;No;2;Intersection;3;T-Intersection;0;None;1;On Roadway;1;Daylight;1;Clear;0;No Additional Atmospheric Conditions;1;Clear;0;No;0;Not Applicable;99;Unknown;99;Unknown;99;Unknown EMS Scene Arrival Hour;99;Unknown EMS Scene Arrival Minutes;99;Unknown;99;Unknown EMS Hospital Arrival Time;0;None;0;None;0;None;1;0