STATE;STATENAME;ST_CASE;VE_TOTAL;VE_FORMS;PVH_INVL;PEDS;PERSONS;PERMVIT;PERNOTMVIT;COUNTY;COUNTYNAME;CITY;CITYNAME;DAY;DAYNAME;MONTH;MONTHNAME;YEAR;DAY_WEEK;DAY_WEEKNAME;HOUR;HOURNAME;MINUTE;MINUTENAME;NHS;NHSNAME;ROUTE;ROUTENAME;TWAY_ID;TWAY_ID2;RUR_URB;RUR_URBNAME;FUNC_SYS;FUNC_SYSNAME;RD_OWNER;RD_OWNERNAME;MILEPT;MILEPTNAME;LATITUDE;LATITUDENAME;LONGITUD;LONGITUDNAME;SP_JUR;SP_JURNAME;HARM_EV;HARM_EVNAME;MAN_COLL;MAN_COLLNAME;RELJCT1;RELJCT1NAME;RELJCT2;RELJCT2NAME;TYP_INT;TYP_INTNAME;WRK_ZONE;WRK_ZONENAME;REL_ROAD;REL_ROADNAME;LGT_COND;LGT_CONDNAME;WEATHER1;WEATHER1NAME;WEATHER2;WEATHER2NAME;WEATHER;WEATHERNAME;SCH_BUS;SCH_BUSNAME;RAIL;RAILNAME;NOT_HOUR;NOT_HOURNAME;NOT_MIN;NOT_MINNAME;ARR_HOUR;ARR_HOURNAME;ARR_MIN;ARR_MINNAME;HOSP_HR;HOSP_HRNAME;HOSP_MN;HOSP_MNNAME;CF1;CF1NAME;CF2;CF2NAME;CF3;CF3NAME;FATALS;DRUNK_DR
37;North Carolina;371139;2;2;0;0;3;3;0;7;ANSON (7);0;NOT APPLICABLE;27;27;11;November;2019;4;Wednesday;19;7:00pm-7:59pm;52;52;0;This section IS NOT on the NHS;3;State Highway;SR-742;SSR-1138 CAPEL DAIRY RD;1;Rural;5;Major Collector;1;State Highway Agency;90;90;34.93541667;34.93541667;-80.07585278;-80.07585278;0;No Special Jurisdiction;12;Motor Vehicle In-Transport;6;Angle;0;No;2;Intersection;3;T-Intersection;0;None;1;On Roadway;2;Dark - Not Lighted;1;Clear;0;No Additional Atmospheric Conditions;1;Clear;0;No;0;Not Applicable;99;Unknown;99;Unknown;99;Unknown EMS Scene Arrival Hour;99;Unknown EMS Scene Arrival Minutes;88;Not Applicable (Not Transported);88;Not Applicable (Not Transported);0;None;0;None;0;None;1;0
37;North Carolina;371150;1;1;0;0;2;2;0;25;CABARRUS (25);2390;KANNAPOLIS;27;27;11;November;2019;4;Wednesday;0;0:00am-0:59am;56;56;0;This section IS NOT on the NHS;8;Other;SSR-1766 ROGERS LAKE RD;SSR-2126 DALE EARNHARDT BLVD;2;Urban;5;Major Collector;1;State Highway Agency;6;6;35.47952222;35.47952222;-80.61376389;-80.61376389;0;No Special Jurisdiction;42;Tree (Standing Only);0;The First Harmful Event was Not a Collision with a Motor Vehicle in Transport;0;No;3;Intersection-Related;3;T-Intersection;0;None;4;On Roadside;3;Dark - Lighted;1;Clear;0;No Additional Atmospheric Conditions;1;Clear;0;No;0;Not Applicable;99;Unknown;99;Unknown;99;Unknown EMS Scene Arrival Hour;99;Unknown EMS Scene Arrival Minutes;99;Unknown;99;Unknown EMS Hospital Arrival Time;0;None;0;None;0;None;1;1
37;North Carolina;371151;2;2;0;0;3;3;0;31;CARTERET (31);0;NOT APPLICABLE;9;9;11;November;2019;7;Saturday;18;6:00pm-6:59pm;24;24;0;This section IS NOT on the NHS;3;State Highway;SR-101;SSR-1162 STEEL TANK RD;1;Rural;4;Minor Arterial;1;State Highway Agency;62;62;34.81007778;34.81007778;-76.67426944;-76.67426944;0;No Special Jurisdiction;12;Motor Vehicle In-Transport;6;Angle;0;No;2;Intersection;3;T-Intersection;0;None;1;On Roadway;2;Dark - Not Lighted;1;Clear;0;No Additional Atmospheric Conditions;1;Clear;0;No;0;Not Applicable;99;Unknown;99;Unknown;99;Unknown EMS Scene Arrival Hour;99;Unknown EMS Scene Arrival Minutes;99;Unknown;99;Unknown EMS Hospital Arrival Time;0;None;0;None;0;None;1;1
37;North Carolina;371154;2;2;0;0;3;3;0;37;CHATHAM (37);0;NOT APPLICABLE;16;16;11;November;2019;7;Saturday;13;1:00pm-1:59pm;32;32;0;This section IS NOT on the NHS;8;Other;SSR-1006;SILER BUSINESS DR;2;Urban;4;Minor Arterial;1;State Highway Agency;56;56;35.74130556;35.74130556;-79.46803611;-79.46803611;0;No Special Jurisdiction;12;Motor Vehicle In-Transport;6;Angle;0;No;2;Intersection;3;T-Intersection;0;None;1;On Roadway;1;Daylight;10;Cloudy;0;No Additional Atmospheric Conditions;10;Cloudy;0;No;0;Not Applicable;99;Unknown;99;Unknown;99;Unknown EMS Scene Arrival Hour;99;Unknown EMS Scene Arrival Minutes;99;Unknown;99;Unknown EMS Hospital Arrival Time;0;None;0;None;0;None;1;0
37;North Carolina;371156;2;2;0;0;3;3;0;45;CLEVELAND (45);0;NOT APPLICABLE;19;19;11;November;2019;3;Tuesday;13;1:00pm-1:59pm;45;45;0;This section IS NOT on the NHS;3;State Highway;SR-18;SSR-1808 E DOUBLE SHOALS RD;1;Rural;4;Minor Arterial;1;State Highway Agency;157;157;35.37671944;35.37671944;-81.50284444;-81.50284444;0;No Special Jurisdiction;12;Motor Vehicle In-Transport;6;Angle;0;No;2;Intersection;3;T-Intersection;0;None;1;On Roadway;1;Daylight;1;Clear;0;No Additional Atmospheric Conditions;1;Clear;0;No;0;Not Applicable;99;Unknown;99;Unknown;99;Unknown EMS Scene Arrival Hour;99;Unknown EMS Scene Arrival Minutes;99;Unknown;99;Unknown EMS Hospital Arrival Time;0;None;0;None;0;None;1;0
37;North Carolina;371163;1;1;0;0;3;3;0;51;CUMBERLAND (51);1670;FAYETTEVILLE;18;18;11;November;2019;2;Monday;14;2:00pm-2:59pm;10;10;0;This section IS NOT on the NHS;6;Local Street - Municipality;FOXFIRE RD;SSR-1408 BONANZA DR;2;Urban;7;Local;98;Not Reported;0;None;35.08156944;35.08156944;-78.98823056;-78.98823056;0;No Special Jurisdiction;33;Curb;0;The First Harmful Event was Not a Collision with a Motor Vehicle in Transport;0;No;3;Intersection-Related;3;T-Intersection;0;None;4;On Roadside;1;Daylight;2;Rain;0;No Additional Atmospheric Conditions;2;Rain;0;No;0;Not Applicable;99;Unknown;99;Unknown;99;Unknown EMS Scene Arrival Hour;99;Unknown EMS Scene Arrival Minutes;99;Unknown;99;Unknown EMS Hospital Arrival Time;0;None;0;None;0;None;1;0
37;North Carolina;371168;2;2;0;0;5;5;0;61;DUPLIN (61);0;NOT APPLICABLE;8;8;11;November;2019;6;Friday;13;1:00pm-1:59pm;58;58;0;This section IS NOT on the NHS;3;State Highway;SR-11;SR-111/903;1;Rural;5;Major Collector;1;State Highway Agency;295;295;35.05738889;35.05738889;-77.82521667;-77.82521667;0;No Special Jurisdiction;12;Motor Vehicle In-Transport;6;Angle;0;No;2;Intersection;3;T-Intersection;0;None;1;On Roadway;1;Daylight;1;Clear;0;No Additional Atmospheric Conditions;1;Clear;0;No;0;Not Applicable;99;Unknown;99;Unknown;99;Unknown EMS Scene Arrival Hour;99;Unknown EMS Scene Arrival Minutes;99;Unknown;99;Unknown EMS Hospital Arrival Time;0;None;0;None;0;None;1;0
37;North Carolina;371197;2;2;0;0;2;2;0;117;MARTIN (117);2350;JAMESVILLE;21;21;11;November;2019;5;Thursday;6;6:00am-6:59am;15;15;1;This section IS ON the NHS;2;U.S. Highway;US-64;US-64 BUS MAIN ST;1;Rural;3;Principal Arterial - Other;1;State Highway Agency;270;270;35.81259722;35.81259722;-76.915025;-76.915025;0;No Special Jurisdiction;12;Motor Vehicle In-Transport;6;Angle;0;No;2;Intersection;3;T-Intersection;0;None;1;On Roadway;2;Dark - Not Lighted;1;Clear;0;No Additional Atmospheric Conditions;1;Clear;0;No;0;Not Applicable;99;Unknown;99;Unknown;99;Unknown EMS Scene Arrival Hour;99;Unknown EMS Scene Arrival Minutes;99;Unknown;99;Unknown EMS Hospital Arrival Time;0;None;0;None;0;None;1;0
37;North Carolina;371208;2;2;0;0;2;2;0;127;NASH (127);3930;ROCKY MOUNT;25;25;11;November;2019;2;Monday;11;11:00am-11:59am;37;37;0;This section IS NOT on the NHS;8;Other;SSR-1604 HUNTERHILL RD;STRAWBUSH RD;2;Urban;4;Minor Arterial;1;State Highway Agency;49;49;35.98593333;35.98593333;-77.84291944;-77.84291944;0;No Special Jurisdiction;12;Motor Vehicle In-Transport;2;Front-to-Front;0;No;2;Intersection;3;T-Intersection;0;None;1;On Roadway;1;Daylight;1;Clear;0;No Additional Atmospheric Conditions;1;Clear;0;No;0;Not Applicable;99;Unknown;99;Unknown;15;3:00pm-3:59pm;44;44;99;Unknown;99;Unknown EMS Hospital Arrival Time;0;None;0;None;0;None;1;0
37;North Carolina;371214;2;2;0;0;2;2;0;133;ONSLOW (133);0;NOT APPLICABLE;2;2;11;November;2019;7;Saturday;11;11:00am-11:59am;50;50;1;This section IS ON the NHS;2;U.S. Highway;US-17 WILMINGTON HWY;SSR-1518 OLD FOLKSTONE RD;1;Rural;3;Principal Arterial - Other;1;State Highway Agency;59;59;34.53659444;34.53659444;-77.50454444;-77.50454444;0;No Special Jurisdiction;12;Motor Vehicle In-Transport;6;Angle;0;No;2;Intersection;3;T-Intersection;0;None;1;On Roadway;1;Daylight;1;Clear;0;No Additional Atmospheric Conditions;1;Clear;0;No;0;Not Applicable;99;Unknown;99;Unknown;99;Unknown EMS Scene Arrival Hour;99;Unknown EMS Scene Arrival Minutes;99;Unknown;99;Unknown EMS Hospital Arrival Time;0;None;0;None;0;None;1;0
37;North Carolina;371221;2;2;0;0;3;3;0;145;PERSON (145);4010;ROXBORO;30;30;11;November;2019;7;Saturday;14;2:00pm-2:59pm;13;13;1;This section IS ON the NHS;2;U.S. Highway;US-501 DURHAM RD;WEEKS DR;2;Urban;3;Principal Arterial - Other;1;State Highway Agency;100;100;36.37219167;36.37219167;-78.98274444;-78.98274444;0;No Special Jurisdiction;12;Motor Vehicle In-Transport;6;Angle;0;No;2;Intersection;3;T-Intersection;0;None;1;On Roadway;1;Daylight;2;Rain;10;Cloudy;2;Rain;0;No;0;Not Applicable;99;Unknown;99;Unknown;99;Unknown EMS Scene Arrival Hour;99;Unknown EMS Scene Arrival Minutes;99;Unknown;99;Unknown EMS Hospital Arrival Time;0;None;0;None;0;None;1;0
37;North Carolina;371254;2;2;0;0;2;2;0;183;WAKE (183);3750;RALEIGH;11;11;11;November;2019;2;Monday;13;1:00pm-1:59pm;56;56;0;This section IS NOT on the NHS;8;Other;SSR-1820 LEAD MINE RD;LAKEPARK DR;2;Urban;5;Major Collector;1;State Highway Agency;21;21;35.86813333;35.86813333;-78.666525;-78.666525;0;No Special Jurisdiction;12;Motor Vehicle In-Transport;2;Front-to-Front;0;No;2;Intersection;3;T-Intersection;0;None;1;On Roadway;1;Daylight;1;Clear;0;No Additional Atmospheric Conditions;1;Clear;0;No;0;Not Applicable;99;Unknown;99;Unknown;99;Unknown EMS Scene Arrival Hour;99;Unknown EMS Scene Arrival Minutes;99;Unknown;99;Unknown EMS Hospital Arrival Time;0;None;0;None;0;None;1;0
37;North Carolina;371263;1;1;0;1;1;1;1;1;ALAMANCE (1);700;BURLINGTON;17;17;12;December;2019;3;Tuesday;22;10:00pm-10:59pm;22;22;0;This section IS NOT on the NHS;8;Other;SSR-1165 DANBROOK RD;MACKINTOSH DR;2;Urban;7;Local;98;Not Reported;1;1;36.06386389;36.06386389;-79.52769722;-79.52769722;0;No Special Jurisdiction;8;Pedestrian;0;The First Harmful Event was Not a Collision with a Motor Vehicle in Transport;0;No;3;Intersection-Related;3;T-Intersection;0;None;1;On Roadway;3;Dark - Lighted;1;Clear;0;No Additional Atmospheric Conditions;1;Clear;0;No;0;Not Applicable;99;Unknown;99;Unknown;99;Unknown EMS Scene Arrival Hour;99;Unknown EMS Scene Arrival Minutes;88;Not Applicable (Not Transported);88;Not Applicable (Not Transported);0;None;0;None;0;None;1;0
37;North Carolina;371281;2;2;0;0;4;4;0;51;CUMBERLAND (51);1670;FAYETTEVILLE;9;9;12;December;2019;2;Monday;18;6:00pm-6:59pm;11;11;1;This section IS ON the NHS;3;State Highway;SR-59 HOPE MILLS RD;ASHTON RD;2;Urban;3;Principal Arterial - Other;1;State Highway Agency;68;68;35.02166667;35.02166667;-78.96198611;-78.96198611;0;No Special Jurisdiction;12;Motor Vehicle In-Transport;6;Angle;0;No;2;Intersection;3;T-Intersection;0;None;1;On Roadway;3;Dark - Lighted;1;Clear;0;No Additional Atmospheric Conditions;1;Clear;0;No;0;Not Applicable;99;Unknown;99;Unknown;99;Unknown EMS Scene Arrival Hour;99;Unknown EMS Scene Arrival Minutes;99;Unknown;99;Unknown EMS Hospital Arrival Time;0;None;0;None;0;None;1;1
37;North Carolina;371285;2;2;0;0;3;3;0;51;CUMBERLAND (51);1670;FAYETTEVILLE;13;13;12;December;2019;6;Friday;20;8:00pm-8:59pm;39;39;1;This section IS ON the NHS;2;U.S. Highway;US-401 LCL COUNTRY CLUB DR;LCL LAKECREST DR;2;Urban;3;Principal Arterial - Other;1;State Highway Agency;123;123;35.100225;35.100225;-78.91230833;-78.91230833;0;No Special Jurisdiction;12;Motor Vehicle In-Transport;6;Angle;0;No;2;Intersection;3;T-Intersection;0;None;1;On Roadway;3;Dark - Lighted;2;Rain;0;No Additional Atmospheric Conditions;2;Rain;0;No;0;Not Applicable;99;Unknown;99;Unknown;99;Unknown EMS Scene Arrival Hour;99;Unknown EMS Scene Arrival Minutes;99;Unknown;99;Unknown EMS Hospital Arrival Time;0;None;0;None;0;None;2;0
37;North Carolina;371299;1;1;0;1;1;1;1;157;ROCKINGHAM (157);0;NOT APPLICABLE;3;3;12;December;2019;3;Tuesday;17;5:00pm-5:59pm;38;38;0;This section IS NOT on the NHS;8;Other;SSR-2326 GOLD HILL RD;SSR-2323 SHARP RD;1;Rural;7;Local;1;State Highway Agency;30;30;36.336325;36.336325;-79.90286667;-79.90286667;0;No Special Jurisdiction;9;Pedalcyclist;0;The First Harmful Event was Not a Collision with a Motor Vehicle in Transport;0;No;2;Intersection;3;T-Intersection;0;None;1;On Roadway;5;Dusk;1;Clear;0;No Additional Atmospheric Conditions;1;Clear;0;No;0;Not Applicable;99;Unknown;99;Unknown;99;Unknown EMS Scene Arrival Hour;99;Unknown EMS Scene Arrival Minutes;99;Unknown;99;Unknown EMS Hospital Arrival Time;0;None;0;None;0;None;1;0
37;North Carolina;371312;3;3;0;0;3;3;0;119;MECKLENBURG (119);870;CHARLOTTE;4;4;12;December;2019;4;Wednesday;16;4:00pm-4:59pm;7;7;0;This section IS NOT on the NHS;6;Local Street - Municipality;MOORES CHAPEL RD;OLD MOUNT HOLLY RD;2;Urban;5;Major Collector;98;Not Reported;0;None;35.27601111;35.27601111;-80.94114167;-80.94114167;0;No Special Jurisdiction;12;Motor Vehicle In-Transport;6;Angle;0;No;2;Intersection;3;T-Intersection;0;None;1;On Roadway;1;Daylight;1;Clear;0;No Additional Atmospheric Conditions;1;Clear;0;No;0;Not Applicable;99;Unknown;99;Unknown;99;Unknown EMS Scene Arrival Hour;99;Unknown EMS Scene Arrival Minutes;88;Not Applicable (Not Transported);88;Not Applicable (Not Transported);0;None;0;None;0;None;1;0
37;North Carolina;371323;2;2;0;0;5;5;0;175;TRANSYLVANIA (175);0;NOT APPLICABLE;7;7;12;December;2019;7;Saturday;11;11:00am-11:59am;57;57;0;This section IS NOT on the NHS;8;Other;SSR-1533 EVERETT RD;SSR-1528 CRAB CREEK RD;1;Rural;6;Minor Collector;1;State Highway Agency;0;None;35.254575;35.254575;-82.63386944;-82.63386944;0;No Special Jurisdiction;12;Motor Vehicle In-Transport;6;Angle;0;No;2;Intersection;3;T-Intersection;0;None;1;On Roadway;1;Daylight;1;Clear;0;No Additional Atmospheric Conditions;1;Clear;0;No;0;Not Applicable;99;Unknown;99;Unknown;99;Unknown EMS Scene Arrival Hour;99;Unknown EMS Scene Arrival Minutes;99;Unknown;99;Unknown EMS Hospital Arrival Time;0;None;0;None;0;None;2;0
37;North Carolina;371354;2;2;0;0;2;2;0;189;WATAUGA (189);0;NOT APPLICABLE;4;4;12;December;2019;4;Wednesday;15;3:00pm-3:59pm;32;32;1;This section IS ON the NHS;2;U.S. Highway;US-321/421;SSR-1311 LINVILLE CREEK RD;1;Rural;3;Principal Arterial - Other;1;State Highway Agency;147;147;36.24351111;36.24351111;-81.76598056;-81.76598056;0;No Special Jurisdiction;12;Motor Vehicle In-Transport;6;Angle;0;No;2;Intersection;3;T-Intersection;0;None;1;On Roadway;1;Daylight;1;Clear;0;No Additional Atmospheric Conditions;1;Clear;0;No;0;Not Applicable;99;Unknown;99;Unknown;99;Unknown EMS Scene Arrival Hour;99;Unknown EMS Scene Arrival Minutes;99;Unknown;99;Unknown EMS Hospital Arrival Time;0;None;0;None;0;None;1;0
38;North Dakota;380032;1;1;0;0;1;1;0;5;BENSON (5);0;NOT APPLICABLE;1;1;6;June;2019;7;Saturday;0;0:00am-0:59am;27;27;1;This section IS ON the NHS;2;U.S. Highway;US-57;US-281;1;Rural;3;Principal Arterial - Other;1;State Highway Agency;99998;Not Reported;47.97493889;47.97493889;-99.12626389;-99.12626389;0;No Special Jurisdiction;91;Unknown Object Not Fixed;0;The First Harmful Event was Not a Collision with a Motor Vehicle in Transport;0;No;3;Intersection-Related;3;T-Intersection;4;Work Zone, Type Unknown;5;Outside Trafficway;3;Dark - Lighted;1;Clear;0;No Additional Atmospheric Conditions;1;Clear;0;No;0;Not Applicable;0;0:00am-0:59am;40;40;0;0:00am-0:59am;49;49;88;Not Applicable (Not Transported);88;Not Applicable (Not Transported);0;None;0;None;0;None;1;1
38;North Dakota;380046;2;2;0;0;5;5;0;105;WILLIAMS (105);0;NOT APPLICABLE;11;11;7;July;2019;5;Thursday;13;1:00pm-1:59pm;30;30;1;This section IS ON the NHS;2;U.S. Highway;US-2;CR-58TH ST NW;1;Rural;3;Principal Arterial - Other;1;State Highway Agency;264;264;48.25555;48.25555;-103.625475;-103.625475;0;No Special Jurisdiction;12;Motor Vehicle In-Transport;6;Angle;0;No;2;Intersection;3;T-Intersection;0;None;1;On Roadway;1;Daylight;1;Clear;0;No Additional Atmospheric Conditions;1;Clear;0;No;0;Not Applicable;13;1:00pm-1:59pm;41;41;13;1:00pm-1:59pm;59;59;14;2:00pm-2:59pm;34;34;0;None;0;None;0;None;1;0
38;North Dakota;380064;1;1;0;0;1;1;0;81;SARGENT (81);0;NOT APPLICABLE;24;24;8;August;2019;7;Saturday;15;3:00pm-3:59pm;0;0;0;This section IS NOT on the NHS;4;County Road;CR-147TH AVE SE;CR-E BROADWAY AVE;1;Rural;5;Major Collector;2;County Highway Agency;99998;Not Reported;46.26256389;46.26256389;-97.32185;-97.32185;0;No Special Jurisdiction;1;Rollover/Overturn;0;The First Harmful Event was Not a Collision with a Motor Vehicle in Transport;0;No;3;Intersection-Related;3;T-Intersection;0;None;4;On Roadside;1;Daylight;1;Clear;0;No Additional Atmospheric Conditions;1;Clear;0;No;0;Not Applicable;16;4:00pm-4:59pm;35;35;16;4:00pm-4:59pm;47;47;18;6:00pm-6:59pm;50;50;0;None;0;None;0;None;1;1
38;North Dakota;380068;2;2;0;0;2;2;0;5;BENSON (5);0;NOT APPLICABLE;7;7;9;September;2019;7;Saturday;15;3:00pm-3:59pm;57;57;0;This section IS NOT on the NHS;3;State Highway;SR-19;CR-37TH AVE NE;1;Rural;4;Minor Arterial;1;State Highway Agency;1056;1056;48.03600556;48.03600556;-99.82760833;-99.82760833;0;No Special Jurisdiction;12;Motor Vehicle In-Transport;6;Angle;0;No;2;Intersection;3;T-Intersection;0;None;1;On Roadway;1;Daylight;2;Rain;0;No Additional Atmospheric Conditions;2;Rain;0;No;0;Not Applicable;16;4:00pm-4:59pm;0;0;16;4:00pm-4:59pm;18;18;88;Not Applicable (Not Transported);88;Not Applicable (Not Transported);0;None;0;None;0;None;1;1
38;North Dakota;380070;2;2;0;0;3;3;0;53;MCKENZIE (53);0;NOT APPLICABLE;9;9;9;September;2019;2;Monday;12;12:00pm-12:59pm;10;10;1;This section IS ON the NHS;3;State Highway;SR-23;CR-12TH ST SE;1;Rural;3;Principal Arterial - Other;1;State Highway Agency;99998;Not Reported;47.78308889;47.78308889;-103.2617444;-103.26174444;0;No Special Jurisdiction;12;Motor Vehicle In-Transport;6;Angle;0;No;2;Intersection;3;T-Intersection;0;None;1;On Roadway;1;Daylight;2;Rain;10;Cloudy;2;Rain;0;No;0;Not Applicable;12;12:00pm-12:59pm;20;20;12;12:00pm-12:59pm;37;37;12;12:00pm-12:59pm;58;58;0;None;0;None;0;None;1;0
38;North Dakota;380073;1;1;0;0;1;1;0;83;SHERIDAN (83);0;NOT APPLICABLE;23;23;9;September;2019;2;Monday;22;10:00pm-10:59pm;35;35;0;This section IS NOT on the NHS;4;County Road;CR-3RD AVE NE;US-53;1;Rural;5;Major Collector;2;County Highway Agency;99998;Not Reported;47.83663611;47.83663611;-100.5209444;-100.52094444;0;No Special Jurisdiction;1;Rollover/Overturn;0;The First Harmful Event was Not a Collision with a Motor Vehicle in Transport;0;No;3;Intersection-Related;3;T-Intersection;0;None;4;On Roadside;2;Dark - Not Lighted;10;Cloudy;0;No Additional Atmospheric Conditions;10;Cloudy;0;No;0;Not Applicable;22;10:00pm-10:59pm;41;41;99;Unknown EMS Scene Arrival Hour;99;Unknown EMS Scene Arrival Minutes;88;Not Applicable (Not Transported);88;Not Applicable (Not Transported);0;None;0;None;0;None;1;0
38;North Dakota;380076;1;1;0;0;2;2;0;99;WALSH (99);0;NOT APPLICABLE;28;28;9;September;2019;7;Saturday;16;4:00pm-4:59pm;20;20;0;This section IS NOT on the NHS;3;State Highway;SR-18;SR-17;1;Rural;4;Minor Arterial;1;State Highway Agency;1984;1984;48.41147778;48.41147778;-97.61989167;-97.61989167;0;No Special Jurisdiction;1;Rollover/Overturn;0;The First Harmful Event was Not a Collision with a Motor Vehicle in Transport;0;No;2;Intersection;3;T-Intersection;0;None;1;On Roadway;1;Daylight;1;Clear;0;No Additional Atmospheric Conditions;1;Clear;0;No;0;Not Applicable;16;4:00pm-4:59pm;23;23;16;4:00pm-4:59pm;33;33;16;4:00pm-4:59pm;49;49;0;None;0;None;0;None;1;0
39;Ohio;390016;1;1;0;0;2;2;0;113;MONTGOMERY (113);2090;DAYTON;14;14;1;January;2019;2;Monday;0;0:00am-0:59am;56;56;0;This section IS NOT on the NHS;4;County Road;CR-230 JAMES H MCGEE BLVD;CR-159 PHILADELPHIA DR;2;Urban;4;Minor Arterial;2;County Highway Agency;0;None;39.76514167;39.76514167;-84.23510556;-84.23510556;0;No Special Jurisdiction;42;Tree (Standing Only);0;The First Harmful Event was Not a Collision with a Motor Vehicle in Transport;0;No;3;Intersection-Related;3;T-Intersection;0;None;3;On Median;3;Dark - Lighted;10;Cloudy;0;No Additional Atmospheric Conditions;10;Cloudy;0;No;0;Not Applicable;0;0:00am-0:59am;56;56;1;1:00am-1:59am;0;0;1;1:00am-1:59am;17;17;0;None;0;None;0;None;1;1
39;Ohio;390017;1;1;0;0;1;1;0;49;FRANKLIN (49);1800;COLUMBUS;12;12;1;January;2019;7;Saturday;2;2:00am-2:59am;47;47;0;This section IS NOT on the NHS;4;County Road;CR-123 WILLIAMS RD;TR-1283 LINWOOD AVE;2;Urban;4;Minor Arterial;2;County Highway Agency;0;None;39.89072222;39.89072222;-82.97184167;-82.97184167;0;No Special Jurisdiction;38;Fence;0;The First Harmful Event was Not a Collision with a Motor Vehicle in Transport;0;No;3;Intersection-Related;3;T-Intersection;0;None;4;On Roadside;3;Dark - Lighted;1;Clear;0;No Additional Atmospheric Conditions;1;Clear;0;No;0;Not Applicable;2;2:00am-2:59am;48;48;2;2:00am-2:59am;53;53;88;Not Applicable (Not Transported);88;Not Applicable (Not Transported);0;None;0;None;0;None;1;1
39;Ohio;390028;7;7;0;0;7;7;0;25;CLERMONT (25);0;NOT APPLICABLE;8;8;1;January;2019;3;Tuesday;17;5:00pm-5:59pm;42;42;0;This section IS NOT on the NHS;2;U.S. Highway;US-50;CR-106 ROUND BOTTOM RD;2;Urban;5;Major Collector;1;State Highway Agency;51;51;39.13787222;39.13787222;-84.23700556;-84.23700556;0;No Special Jurisdiction;12;Motor Vehicle In-Transport;6;Angle;1;Yes;2;Intersection;3;T-Intersection;0;None;1;On Roadway;5;Dusk;10;Cloudy;0;No Additional Atmospheric Conditions;10;Cloudy;0;No;0;Not Applicable;17;5:00pm-5:59pm;45;45;18;6:00pm-6:59pm;2;2;18;6:00pm-6:59pm;41;41;14;Motor Vehicle struck by falling cargo,or something that came loose from or something that was set in motion by a vehicle;0;None;0;None;1;0
39;Ohio;390037;1;1;0;0;1;1;0;151;STARK (151);0;NOT APPLICABLE;19;19;1;January;2019;7;Saturday;0;0:00am-0:59am;30;30;0;This section IS NOT on the NHS;4;County Road;CR-240 12TH ST;TR-1367 SPRING VALLEY AVE;2;Urban;4;Minor Arterial;2;County Highway Agency;0;None;40.811475;40.811475;-81.44370556;-81.44370556;0;No Special Jurisdiction;24;Guardrail Face;0;The First Harmful Event was Not a Collision with a Motor Vehicle in Transport;0;No;3;Intersection-Related;3;T-Intersection;0;None;4;On Roadside;2;Dark - Not Lighted;1;Clear;0;No Additional Atmospheric Conditions;1;Clear;0;No;0;Not Applicable;0;0:00am-0:59am;34;34;0;0:00am-0:59am;38;38;88;Not Applicable (Not Transported);88;Not Applicable (Not Transported);0;None;0;None;0;None;1;0
39;Ohio;390057;1;1;0;1;1;1;1;49;FRANKLIN (49);1800;COLUMBUS;4;4;2;February;2019;2;Monday;19;7:00pm-7:59pm;1;1;0;This section IS NOT on the NHS;4;County Road;CR-75 CLEVELAND AVE;WARD RD;2;Urban;3;Principal Arterial - Other;2;County Highway Agency;0;None;40.05073056;40.05073056;-82.95391944;-82.95391944;0;No Special Jurisdiction;8;Pedestrian;0;The First Harmful Event was Not a Collision with a Motor Vehicle in Transport;0;No;3;Intersection-Related;3;T-Intersection;0;None;1;On Roadway;5;Dusk;10;Cloudy;0;No Additional Atmospheric Conditions;10;Cloudy;0;No;0;Not Applicable;19;7:00pm-7:59pm;3;3;19;7:00pm-7:59pm;6;6;19;7:00pm-7:59pm;41;41;0;None;0;None;0;None;1;0
39;Ohio;390065;2;2;0;0;3;3;0;151;STARK (151);1320;CANTON;20;20;1;January;2019;1;Sunday;14;2:00pm-2:59pm;23;23;0;This section IS NOT on the NHS;4;County Road;CR-170 TRUMP AVE;TR-448 14TH ST;2;Urban;4;Minor Arterial;2;County Highway Agency;0;None;40.81021389;40.81021389;-81.31923889;-81.31923889;0;No Special Jurisdiction;12;Motor Vehicle In-Transport;6;Angle;0;No;2;Intersection;3;T-Intersection;0;None;1;On Roadway;1;Daylight;10;Cloudy;0;No Additional Atmospheric Conditions;10;Cloudy;0;No;0;Not Applicable;14;2:00pm-2:59pm;27;27;14;2:00pm-2:59pm;40;40;15;3:00pm-3:59pm;18;18;0;None;0;None;0;None;1;0
39;Ohio;390069;1;1;0;0;2;2;0;49;FRANKLIN (49);0;NOT APPLICABLE;15;15;2;February;2019;6;Friday;15;3:00pm-3:59pm;9;9;0;This section IS NOT on the NHS;4;County Road;CR-267 ZUBER RD;TR-271 YOUNG RD;1;Rural;7;Local;2;County Highway Agency;0;None;39.82655278;39.82655278;-83.11903889;-83.11903889;0;No Special Jurisdiction;24;Guardrail Face;0;The First Harmful Event was Not a Collision with a Motor Vehicle in Transport;0;No;3;Intersection-Related;3;T-Intersection;0;None;4;On Roadside;1;Daylight;1;Clear;0;No Additional Atmospheric Conditions;1;Clear;0;No;0;Not Applicable;15;3:00pm-3:59pm;11;11;15;3:00pm-3:59pm;16;16;15;3:00pm-3:59pm;59;59;20;Police Pursuit Involved;0;None;0;None;1;0