STATE;STATENAME;ST_CASE;VE_TOTAL;VE_FORMS;PVH_INVL;PEDS;PERSONS;PERMVIT;PERNOTMVIT;COUNTY;COUNTYNAME;CITY;CITYNAME;DAY;DAYNAME;MONTH;MONTHNAME;YEAR;DAY_WEEK;DAY_WEEKNAME;HOUR;HOURNAME;MINUTE;MINUTENAME;NHS;NHSNAME;ROUTE;ROUTENAME;TWAY_ID;TWAY_ID2;RUR_URB;RUR_URBNAME;FUNC_SYS;FUNC_SYSNAME;RD_OWNER;RD_OWNERNAME;MILEPT;MILEPTNAME;LATITUDE;LATITUDENAME;LONGITUD;LONGITUDNAME;SP_JUR;SP_JURNAME;HARM_EV;HARM_EVNAME;MAN_COLL;MAN_COLLNAME;RELJCT1;RELJCT1NAME;RELJCT2;RELJCT2NAME;TYP_INT;TYP_INTNAME;WRK_ZONE;WRK_ZONENAME;REL_ROAD;REL_ROADNAME;LGT_COND;LGT_CONDNAME;WEATHER1;WEATHER1NAME;WEATHER2;WEATHER2NAME;WEATHER;WEATHERNAME;SCH_BUS;SCH_BUSNAME;RAIL;RAILNAME;NOT_HOUR;NOT_HOURNAME;NOT_MIN;NOT_MINNAME;ARR_HOUR;ARR_HOURNAME;ARR_MIN;ARR_MINNAME;HOSP_HR;HOSP_HRNAME;HOSP_MN;HOSP_MNNAME;CF1;CF1NAME;CF2;CF2NAME;CF3;CF3NAME;FATALS;DRUNK_DR
39;Ohio;390073;1;1;0;1;1;1;1;151;STARK (151);110;ALLIANCE;11;11;2;February;2019;2;Monday;11;11:00am-11:59am;0;0;0;This section IS NOT on the NHS;5;Local Street - Township;FAIRVIEW PL;STATE ST;2;Urban;7;Local;3;Town or Township Highway Agency;0;None;40.90202222;40.90202222;-81.12171111;-81.12171111;0;No Special Jurisdiction;8;Pedestrian;0;The First Harmful Event was Not a Collision with a Motor Vehicle in Transport;0;No;3;Intersection-Related;3;T-Intersection;0;None;1;On Roadway;1;Daylight;10;Cloudy;0;No Additional Atmospheric Conditions;10;Cloudy;0;No;0;Not Applicable;11;11:00am-11:59am;1;1;11;11:00am-11:59am;2;2;11;11:00am-11:59am;23;23;0;None;0;None;0;None;1;0
39;Ohio;390098;1;1;0;0;4;4;0;57;GREENE (57);0;NOT APPLICABLE;3;3;2;February;2019;1;Sunday;11;11:00am-11:59am;20;20;0;This section IS NOT on the NHS;4;County Road;CR-97 WILMINGTON DAYTON RD;TR-2117 WILLOW CREEK CIRCLE;2;Urban;5;Major Collector;2;County Highway Agency;0;None;39.60015278;39.60015278;-84.10273333;-84.10273333;0;No Special Jurisdiction;34;Ditch;0;The First Harmful Event was Not a Collision with a Motor Vehicle in Transport;0;No;3;Intersection-Related;3;T-Intersection;0;None;4;On Roadside;1;Daylight;1;Clear;0;No Additional Atmospheric Conditions;1;Clear;0;No;0;Not Applicable;11;11:00am-11:59am;25;25;11;11:00am-11:59am;25;25;11;11:00am-11:59am;58;58;0;None;0;None;0;None;2;0
39;Ohio;390099;1;1;0;1;1;1;1;49;FRANKLIN (49);0;NOT APPLICABLE;3;3;2;February;2019;1;Sunday;18;6:00pm-6:59pm;35;35;0;This section IS NOT on the NHS;4;County Road;CR-8 SUNBURY RD;TR-2676 YELLOWHAMMER DR;2;Urban;4;Minor Arterial;2;County Highway Agency;0;None;40.08736389;40.08736389;-82.895125;-82.895125;0;No Special Jurisdiction;9;Pedalcyclist;0;The First Harmful Event was Not a Collision with a Motor Vehicle in Transport;0;No;3;Intersection-Related;3;T-Intersection;0;None;1;On Roadway;2;Dark - Not Lighted;10;Cloudy;0;No Additional Atmospheric Conditions;10;Cloudy;0;No;0;Not Applicable;18;6:00pm-6:59pm;35;35;18;6:00pm-6:59pm;40;40;88;Not Applicable (Not Transported);88;Not Applicable (Not Transported);0;None;0;None;0;None;1;0
39;Ohio;390107;1;1;0;0;1;1;0;89;LICKING (89);0;NOT APPLICABLE;2;2;3;March;2019;7;Saturday;22;10:00pm-10:59pm;30;30;0;This section IS NOT on the NHS;4;County Road;CR-44 HARTFORD RD;CR-51 COUNTY LINE RD;1;Rural;6;Minor Collector;2;County Highway Agency;0;None;40.24611944;40.24611944;-82.75317222;-82.75317222;0;No Special Jurisdiction;59;Traffic Sign Support;0;The First Harmful Event was Not a Collision with a Motor Vehicle in Transport;0;No;3;Intersection-Related;3;T-Intersection;0;None;4;On Roadside;2;Dark - Not Lighted;1;Clear;0;No Additional Atmospheric Conditions;1;Clear;0;No;0;Not Applicable;7;7:00am-7:59am;56;56;8;8:00am-8:59am;4;4;88;Not Applicable (Not Transported);88;Not Applicable (Not Transported);0;None;0;None;0;None;1;1
39;Ohio;390119;3;3;0;0;4;4;0;61;HAMILTON (61);1610;CINCINNATI;26;26;2;February;2019;3;Tuesday;12;12:00pm-12:59pm;59;59;0;This section IS NOT on the NHS;2;U.S. Highway;US-50 RIVER RD;MONITOR AVE;2;Urban;3;Principal Arterial - Other;1;State Highway Agency;96;96;39.11200556;39.11200556;-84.69354722;-84.69354722;0;No Special Jurisdiction;12;Motor Vehicle In-Transport;6;Angle;0;No;2;Intersection;3;T-Intersection;0;None;1;On Roadway;1;Daylight;1;Clear;0;No Additional Atmospheric Conditions;1;Clear;0;No;0;Not Applicable;13;1:00pm-1:59pm;1;1;13;1:00pm-1:59pm;7;7;13;1:00pm-1:59pm;35;35;0;None;0;None;0;None;2;0
39;Ohio;390121;1;1;0;0;1;1;0;61;HAMILTON (61);7190;SAINT BERNARD;23;23;2;February;2019;7;Saturday;1;1:00am-1:59am;50;50;0;This section IS NOT on the NHS;4;County Road;CR-659 VINE ST;WASHINGTON ST;2;Urban;3;Principal Arterial - Other;2;County Highway Agency;0;None;39.16790278;39.16790278;-84.49760556;-84.49760556;0;No Special Jurisdiction;33;Curb;0;The First Harmful Event was Not a Collision with a Motor Vehicle in Transport;0;No;3;Intersection-Related;3;T-Intersection;0;None;4;On Roadside;3;Dark - Lighted;10;Cloudy;0;No Additional Atmospheric Conditions;10;Cloudy;0;No;0;Not Applicable;1;1:00am-1:59am;48;48;1;1:00am-1:59am;52;52;88;Not Applicable (Not Transported);88;Not Applicable (Not Transported);0;None;0;None;0;None;1;1
39;Ohio;390126;2;2;0;0;2;2;0;67;HARRISON (67);0;NOT APPLICABLE;26;26;2;February;2019;3;Tuesday;10;10:00am-10:59am;5;5;0;This section IS NOT on the NHS;3;State Highway;SR-151 PATTERSON RD;TR-198 CALDWELL RD;1;Rural;5;Major Collector;1;State Highway Agency;37;37;40.42539167;40.42539167;-81.21206944;-81.21206944;0;No Special Jurisdiction;12;Motor Vehicle In-Transport;6;Angle;0;No;2;Intersection;3;T-Intersection;0;None;1;On Roadway;1;Daylight;10;Cloudy;0;No Additional Atmospheric Conditions;10;Cloudy;0;No;0;Not Applicable;10;10:00am-10:59am;10;10;10;10:00am-10:59am;19;19;88;Not Applicable (Not Transported);88;Not Applicable (Not Transported);0;None;0;None;0;None;1;0
39;Ohio;390140;2;2;0;0;2;2;0;107;MERCER (107);2680;FORT RECOVERY;11;11;3;March;2019;2;Monday;12;12:00pm-12:59pm;56;56;0;This section IS NOT on the NHS;3;State Highway;SR-119 BOUNDARY ST;CR-30 FORT RECOVERY MINSTER RD;1;Rural;5;Major Collector;1;State Highway Agency;19;19;40.41215556;40.41215556;-84.76736667;-84.76736667;0;No Special Jurisdiction;12;Motor Vehicle In-Transport;6;Angle;0;No;2;Intersection;3;T-Intersection;0;None;1;On Roadway;1;Daylight;1;Clear;0;No Additional Atmospheric Conditions;1;Clear;0;No;0;Not Applicable;12;12:00pm-12:59pm;59;59;13;1:00pm-1:59pm;24;24;13;1:00pm-1:59pm;35;35;0;None;0;None;0;None;1;0
39;Ohio;390166;2;2;0;0;4;4;0;47;FAYETTE (47);0;NOT APPLICABLE;25;25;3;March;2019;2;Monday;14;2:00pm-2:59pm;0;0;0;This section IS NOT on the NHS;2;U.S. Highway;US-62;SR-753;1;Rural;4;Minor Arterial;1;State Highway Agency;154;154;39.56379722;39.56379722;-83.40730278;-83.40730278;0;No Special Jurisdiction;12;Motor Vehicle In-Transport;6;Angle;0;No;2;Intersection;3;T-Intersection;0;None;1;On Roadway;1;Daylight;2;Rain;0;No Additional Atmospheric Conditions;2;Rain;0;No;0;Not Applicable;14;2:00pm-2:59pm;2;2;14;2:00pm-2:59pm;7;7;14;2:00pm-2:59pm;24;24;0;None;0;None;0;None;1;0
39;Ohio;390180;1;1;0;0;2;2;0;99;MAHONING (99);0;NOT APPLICABLE;5;5;4;April;2019;6;Friday;18;6:00pm-6:59pm;23;23;1;This section IS ON the NHS;2;U.S. Highway;US-224;TR-3009 WESTFORD DR;2;Urban;3;Principal Arterial - Other;1;State Highway Agency;145;145;41.02458889;41.02458889;-80.72478611;-80.72478611;0;No Special Jurisdiction;33;Curb;0;The First Harmful Event was Not a Collision with a Motor Vehicle in Transport;1;Yes;3;Intersection-Related;3;T-Intersection;0;None;4;On Roadside;1;Daylight;10;Cloudy;0;No Additional Atmospheric Conditions;10;Cloudy;0;No;0;Not Applicable;18;6:00pm-6:59pm;18;18;18;6:00pm-6:59pm;22;22;18;6:00pm-6:59pm;48;48;0;None;0;None;0;None;1;0
39;Ohio;390183;2;2;0;0;6;6;0;37;DARKE (37);3180;GREENVILLE;9;9;4;April;2019;3;Tuesday;12;12:00pm-12:59pm;8;8;1;This section IS ON the NHS;3;State Highway;SR-571;LUDY RD;1;Rural;3;Principal Arterial - Other;1;State Highway Agency;104;104;40.11180278;40.11180278;-84.65628333;-84.65628333;0;No Special Jurisdiction;12;Motor Vehicle In-Transport;1;Front-to-Rear;0;No;3;Intersection-Related;3;T-Intersection;0;None;1;On Roadway;1;Daylight;1;Clear;0;No Additional Atmospheric Conditions;1;Clear;0;No;0;Not Applicable;12;12:00pm-12:59pm;10;10;12;12:00pm-12:59pm;17;17;88;Not Applicable (Not Transported);88;Not Applicable (Not Transported);0;None;0;None;0;None;1;0
39;Ohio;390206;2;2;0;0;2;2;0;49;FRANKLIN (49);1800;COLUMBUS;3;3;5;May;2019;6;Friday;23;11:00pm-11:59pm;42;42;0;This section IS NOT on the NHS;2;U.S. Highway;US-23 HIGH ST;CHARLESTON AVE;2;Urban;3;Principal Arterial - Other;1;State Highway Agency;201;201;40.07219167;40.07219167;-83.01899167;-83.01899167;0;No Special Jurisdiction;12;Motor Vehicle In-Transport;2;Front-to-Front;0;No;3;Intersection-Related;3;T-Intersection;0;None;1;On Roadway;3;Dark - Lighted;1;Clear;0;No Additional Atmospheric Conditions;1;Clear;0;No;0;Not Applicable;23;11:00pm-11:59pm;44;44;23;11:00pm-11:59pm;50;50;1;1:00am-1:59am;1;1;0;None;0;None;0;None;1;1
39;Ohio;390207;3;3;0;0;4;4;0;49;FRANKLIN (49);1800;COLUMBUS;5;5;5;May;2019;1;Sunday;10;10:00am-10:59am;38;38;0;This section IS NOT on the NHS;6;Local Street - Municipality;FEDER RD;KARLSLYLE DR;2;Urban;5;Major Collector;4;City or Municipal Highway Agency;0;None;39.972675;39.972675;-83.16039167;-83.16039167;0;No Special Jurisdiction;12;Motor Vehicle In-Transport;2;Front-to-Front;0;No;2;Intersection;3;T-Intersection;0;None;1;On Roadway;1;Daylight;10;Cloudy;0;No Additional Atmospheric Conditions;10;Cloudy;0;No;0;Not Applicable;10;10:00am-10:59am;42;42;10;10:00am-10:59am;47;47;11;11:00am-11:59am;19;19;0;None;0;None;0;None;1;0
39;Ohio;390213;1;1;0;1;1;1;1;61;HAMILTON (61);0;NOT APPLICABLE;9;9;4;April;2019;3;Tuesday;8;8:00am-8:59am;15;15;0;This section IS NOT on the NHS;4;County Road;CR-297 HUMPHREY RD;TR-74 PINTO CT;2;Urban;7;Local;2;County Highway Agency;0;None;39.23335833;39.23335833;-84.32016389;-84.32016389;0;No Special Jurisdiction;8;Pedestrian;0;The First Harmful Event was Not a Collision with a Motor Vehicle in Transport;0;No;3;Intersection-Related;3;T-Intersection;0;None;1;On Roadway;1;Daylight;1;Clear;0;No Additional Atmospheric Conditions;1;Clear;0;No;0;Not Applicable;8;8:00am-8:59am;16;16;8;8:00am-8:59am;18;18;9;9:00am-9:59am;21;21;0;None;0;None;0;None;1;0
39;Ohio;390227;1;1;0;0;1;1;0;35;CUYAHOGA (35);710;BEREA;29;29;4;April;2019;2;Monday;17;5:00pm-5:59pm;43;43;0;This section IS NOT on the NHS;4;County Road;CR-88 ROCKY RIVER DR;QUARRYSTONE LANE;2;Urban;5;Major Collector;2;County Highway Agency;0;None;41.35830556;41.35830556;-81.84849444;-81.84849444;0;No Special Jurisdiction;42;Tree (Standing Only);0;The First Harmful Event was Not a Collision with a Motor Vehicle in Transport;0;No;3;Intersection-Related;3;T-Intersection;0;None;4;On Roadside;1;Daylight;2;Rain;0;No Additional Atmospheric Conditions;2;Rain;0;No;0;Not Applicable;17;5:00pm-5:59pm;52;52;18;6:00pm-6:59pm;3;3;18;6:00pm-6:59pm;41;41;0;None;0;None;0;None;1;1
39;Ohio;390257;2;2;0;0;3;3;0;17;BUTLER (17);8715;WESTCHESTER;15;15;5;May;2019;4;Wednesday;18;6:00pm-6:59pm;31;31;0;This section IS NOT on the NHS;4;County Road;CR-20 TYLERSVILLE RD;TR-3103 VILLAGE WAY;2;Urban;4;Minor Arterial;2;County Highway Agency;0;None;39.36168611;39.36168611;-84.46778333;-84.46778333;0;No Special Jurisdiction;12;Motor Vehicle In-Transport;6;Angle;0;No;2;Intersection;3;T-Intersection;0;None;1;On Roadway;1;Daylight;1;Clear;0;No Additional Atmospheric Conditions;1;Clear;0;No;0;Not Applicable;18;6:00pm-6:59pm;34;34;18;6:00pm-6:59pm;38;38;19;7:00pm-7:59pm;4;4;0;None;0;None;0;None;1;0
39;Ohio;390284;1;1;0;0;2;2;0;165;WARREN (165);0;NOT APPLICABLE;17;17;5;May;2019;6;Friday;12;12:00pm-12:59pm;0;0;0;This section IS NOT on the NHS;4;County Road;CR-19 DIXIE HWY;TR-1067 RONALD DR;2;Urban;4;Minor Arterial;2;County Highway Agency;0;None;39.51373889;39.51373889;-84.33253611;-84.33253611;0;No Special Jurisdiction;32;Culvert;0;The First Harmful Event was Not a Collision with a Motor Vehicle in Transport;0;No;3;Intersection-Related;3;T-Intersection;0;None;4;On Roadside;1;Daylight;10;Cloudy;0;No Additional Atmospheric Conditions;10;Cloudy;0;No;0;Not Applicable;13;1:00pm-1:59pm;22;22;13;1:00pm-1:59pm;31;31;14;2:00pm-2:59pm;12;12;0;None;0;None;0;None;1;0
39;Ohio;390295;2;2;0;0;2;2;0;169;WAYNE (169);0;NOT APPLICABLE;31;31;5;May;2019;6;Friday;8;8:00am-8:59am;33;33;0;This section IS NOT on the NHS;5;Local Street - Township;TR-130 TANNERVILLE RD;TR-300 FOSNIGHT RD;1;Rural;7;Local;3;Town or Township Highway Agency;0;None;40.86464167;40.86464167;-81.72530833;-81.72530833;0;No Special Jurisdiction;12;Motor Vehicle In-Transport;6;Angle;0;No;2;Intersection;3;T-Intersection;0;None;1;On Roadway;1;Daylight;1;Clear;0;No Additional Atmospheric Conditions;1;Clear;0;No;0;Not Applicable;8;8:00am-8:59am;38;38;8;8:00am-8:59am;43;43;88;Not Applicable (Not Transported);88;Not Applicable (Not Transported);0;None;0;None;0;None;1;0
39;Ohio;390302;1;1;0;1;1;1;1;35;CUYAHOGA (35);1680;CLEVELAND;15;15;3;March;2019;6;Friday;14;2:00pm-2:59pm;25;25;0;This section IS NOT on the NHS;2;U.S. Highway;US-42 25TH STREET;WOODBRIDGE AVE;2;Urban;4;Minor Arterial;1;State Highway Agency;157;157;41.46096944;41.46096944;-81.70063611;-81.70063611;0;No Special Jurisdiction;8;Pedestrian;0;The First Harmful Event was Not a Collision with a Motor Vehicle in Transport;0;No;3;Intersection-Related;3;T-Intersection;0;None;1;On Roadway;1;Daylight;10;Cloudy;0;No Additional Atmospheric Conditions;10;Cloudy;0;No;0;Not Applicable;14;2:00pm-2:59pm;31;31;14;2:00pm-2:59pm;35;35;14;2:00pm-2:59pm;48;48;0;None;0;None;0;None;1;0
39;Ohio;390330;1;1;0;1;4;4;1;157;TUSCARAWAS (157);5770;NEW PHILADELPHIA;29;29;5;May;2019;4;Wednesday;13;1:00pm-1:59pm;7;7;0;This section IS NOT on the NHS;3;State Highway;SR-259 HIGH ST;SHEL MAR DR;2;Urban;4;Minor Arterial;1;State Highway Agency;36;36;40.48062778;40.48062778;-81.42818889;-81.42818889;0;No Special Jurisdiction;8;Pedestrian;0;The First Harmful Event was Not a Collision with a Motor Vehicle in Transport;0;No;2;Intersection;3;T-Intersection;0;None;1;On Roadway;1;Daylight;2;Rain;0;No Additional Atmospheric Conditions;2;Rain;0;No;0;Not Applicable;13;1:00pm-1:59pm;9;9;13;1:00pm-1:59pm;11;11;13;1:00pm-1:59pm;22;22;0;None;0;None;0;None;1;0
39;Ohio;390333;2;2;0;0;5;5;0;11;AUGLAIZE (11);5325;MOULTON;11;11;5;May;2019;7;Saturday;14;2:00pm-2:59pm;53;53;0;This section IS NOT on the NHS;4;County Road;CR-117A BUCKLAND RIVER RD;CR-176 KELLY RD;1;Rural;7;Local;2;County Highway Agency;0;None;40.60580833;40.60580833;-84.24579167;-84.24579167;0;No Special Jurisdiction;12;Motor Vehicle In-Transport;2;Front-to-Front;0;No;3;Intersection-Related;3;T-Intersection;0;None;1;On Roadway;1;Daylight;10;Cloudy;0;No Additional Atmospheric Conditions;10;Cloudy;0;No;0;Not Applicable;14;2:00pm-2:59pm;52;52;15;3:00pm-3:59pm;0;0;15;3:00pm-3:59pm;38;38;0;None;0;None;0;None;1;0
39;Ohio;390334;1;1;0;0;3;3;0;105;MEIGS (105);0;NOT APPLICABLE;3;3;6;June;2019;2;Monday;5;5:00am-5:59am;50;50;0;This section IS NOT on the NHS;4;County Road;CR-124 TORNADO RD;TR-105 HOG HOLLOW RD;1;Rural;6;Minor Collector;2;County Highway Agency;0;None;38.97233333;38.97233333;-81.88915556;-81.88915556;0;No Special Jurisdiction;59;Traffic Sign Support;0;The First Harmful Event was Not a Collision with a Motor Vehicle in Transport;0;No;3;Intersection-Related;3;T-Intersection;0;None;4;On Roadside;4;Dawn;1;Clear;0;No Additional Atmospheric Conditions;1;Clear;0;No;0;Not Applicable;5;5:00am-5:59am;50;50;5;5:00am-5:59am;54;54;6;6:00am-6:59am;37;37;0;None;0;None;0;None;1;0
39;Ohio;390349;3;1;2;4;2;1;5;127;PERRY (127);0;NOT APPLICABLE;7;7;6;June;2019;6;Friday;7;7:00am-7:59am;2;2;0;This section IS NOT on the NHS;4;County Road;CR-30 ZION RD;TR-37 T37 RD;1;Rural;6;Minor Collector;2;County Highway Agency;0;None;39.86221111;39.86221111;-82.37135;-82.37135;0;No Special Jurisdiction;8;Pedestrian;0;The First Harmful Event was Not a Collision with a Motor Vehicle in Transport;0;No;3;Intersection-Related;3;T-Intersection;3;Utility;1;On Roadway;1;Daylight;1;Clear;0;No Additional Atmospheric Conditions;1;Clear;0;No;0;Not Applicable;7;7:00am-7:59am;10;10;7;7:00am-7:59am;30;30;8;8:00am-8:59am;36;36;14;Motor Vehicle struck by falling cargo,or something that came loose from or something that was set in motion by a vehicle;0;None;0;None;1;0
39;Ohio;390350;3;2;1;0;3;3;0;95;LUCAS (95);8120;TOLEDO;7;7;6;June;2019;6;Friday;20;8:00pm-8:59pm;25;25;0;This section IS NOT on the NHS;4;County Road;CR-533 SOUTH AVE;WENDELL ST;2;Urban;5;Major Collector;2;County Highway Agency;0;None;41.63076111;41.63076111;-83.57703056;-83.57703056;0;No Special Jurisdiction;12;Motor Vehicle In-Transport;6;Angle;0;No;2;Intersection;3;T-Intersection;0;None;1;On Roadway;1;Daylight;1;Clear;0;No Additional Atmospheric Conditions;1;Clear;0;No;0;Not Applicable;20;8:00pm-8:59pm;26;26;20;8:00pm-8:59pm;32;32;20;8:00pm-8:59pm;47;47;0;None;0;None;0;None;1;1
39;Ohio;390352;1;1;0;0;1;1;0;173;WOOD (173);3400;HASKINS;8;8;6;June;2019;7;Saturday;4;4:00am-4:59am;23;23;0;This section IS NOT on the NHS;3;State Highway;SR-64 FINDLAY RD;PERRY ST;1;Rural;5;Major Collector;1;State Highway Agency;97;97;41.46729722;41.46729722;-83.706;-83.706;0;No Special Jurisdiction;31;Post, Pole or Other Supports;0;The First Harmful Event was Not a Collision with a Motor Vehicle in Transport;0;No;3;Intersection-Related;3;T-Intersection;0;None;4;On Roadside;3;Dark - Lighted;10;Cloudy;0;No Additional Atmospheric Conditions;10;Cloudy;0;No;0;Not Applicable;4;4:00am-4:59am;24;24;4;4:00am-4:59am;31;31;88;Not Applicable (Not Transported);88;Not Applicable (Not Transported);0;None;0;None;0;None;1;1
39;Ohio;390369;2;2;0;0;2;2;0;57;GREENE (57);2530;FAIRBORN;1;1;4;April;2019;2;Monday;16;4:00pm-4:59pm;55;55;0;This section IS NOT on the NHS;6;Local Street - Municipality;S MAPLE AVE;E LINDBERG DR;2;Urban;4;Minor Arterial;4;City or Municipal Highway Agency;0;None;39.81071944;39.81071944;-84.01935;-84.01935;0;No Special Jurisdiction;12;Motor Vehicle In-Transport;6;Angle;0;No;2;Intersection;3;T-Intersection;0;None;1;On Roadway;1;Daylight;1;Clear;0;No Additional Atmospheric Conditions;1;Clear;0;No;0;Not Applicable;16;4:00pm-4:59pm;56;56;17;5:00pm-5:59pm;1;1;17;5:00pm-5:59pm;16;16;0;None;0;None;0;None;1;0
39;Ohio;390398;2;2;0;0;4;4;0;153;SUMMIT (153);2030;CUYAHOGA FALLS;25;25;3;March;2019;2;Monday;13;1:00pm-1:59pm;17;17;0;This section IS NOT on the NHS;4;County Road;CR-604 NEWBERRY ST;MYRTLE AVE;2;Urban;4;Minor Arterial;2;County Highway Agency;0;None;41.13479722;41.13479722;-81.47891111;-81.47891111;0;No Special Jurisdiction;12;Motor Vehicle In-Transport;6;Angle;0;No;2;Intersection;3;T-Intersection;0;None;1;On Roadway;1;Daylight;1;Clear;0;No Additional Atmospheric Conditions;1;Clear;0;No;0;Not Applicable;13;1:00pm-1:59pm;16;16;13;1:00pm-1:59pm;17;17;13;1:00pm-1:59pm;35;35;0;None;0;None;0;None;1;0
39;Ohio;390401;2;2;0;0;2;2;0;133;PORTAGE (133);7875;STREETSBORO;21;21;6;June;2019;6;Friday;10;10:00am-10:59am;19;19;1;This section IS ON the NHS;3;State Highway;SR-14;PRICE RD;2;Urban;3;Principal Arterial - Other;1;State Highway Agency;66;66;41.20516944;41.20516944;-81.30016111;-81.30016111;0;No Special Jurisdiction;12;Motor Vehicle In-Transport;7;Sideswipe - Same Direction;0;No;3;Intersection-Related;3;T-Intersection;0;None;1;On Roadway;1;Daylight;1;Clear;0;No Additional Atmospheric Conditions;1;Clear;0;No;0;Not Applicable;10;10:00am-10:59am;21;21;10;10:00am-10:59am;29;29;11;11:00am-11:59am;0;0;0;None;0;None;0;None;1;0
39;Ohio;390402;1;1;0;0;1;1;0;95;LUCAS (95);8120;TOLEDO;30;30;6;June;2019;1;Sunday;1;1:00am-1:59am;52;52;0;This section IS NOT on the NHS;6;Local Street - Municipality;MANHATTAN BLVD;WALLACE AVE;2;Urban;4;Minor Arterial;4;City or Municipal Highway Agency;0;None;41.68848056;41.68848056;-83.50093056;-83.50093056;0;No Special Jurisdiction;59;Traffic Sign Support;0;The First Harmful Event was Not a Collision with a Motor Vehicle in Transport;0;No;3;Intersection-Related;3;T-Intersection;0;None;4;On Roadside;3;Dark - Lighted;1;Clear;0;No Additional Atmospheric Conditions;1;Clear;0;No;0;Not Applicable;1;1:00am-1:59am;53;53;2;2:00am-2:59am;1;1;88;Not Applicable (Not Transported);88;Not Applicable (Not Transported);0;None;0;None;0;None;1;0
39;Ohio;390421;1;1;0;0;3;3;0;35;CUYAHOGA (35);1680;CLEVELAND;30;30;5;May;2019;5;Thursday;23;11:00pm-11:59pm;34;34;0;This section IS NOT on the NHS;4;County Road;CR-770 BARTLETT AVE;CR-62 131ST ST;2;Urban;4;Minor Arterial;2;County Highway Agency;0;None;41.45748889;41.45748889;-81.59126111;-81.59126111;0;No Special Jurisdiction;30;Utility Pole/Light Support;0;The First Harmful Event was Not a Collision with a Motor Vehicle in Transport;0;No;3;Intersection-Related;3;T-Intersection;0;None;4;On Roadside;3;Dark - Lighted;10;Cloudy;0;No Additional Atmospheric Conditions;10;Cloudy;0;No;0;Not Applicable;23;11:00pm-11:59pm;38;38;23;11:00pm-11:59pm;47;47;0;0:00am-0:59am;4;4;0;None;0;None;0;None;2;0
39;Ohio;390430;2;2;0;0;2;2;0;35;CUYAHOGA (35);1680;CLEVELAND;29;29;5;May;2019;4;Wednesday;2;2:00am-2:59am;58;58;0;This section IS NOT on the NHS;2;U.S. Highway;US-6A;49TH ST;2;Urban;4;Minor Arterial;1;State Highway Agency;65;65;41.48650833;41.48650833;-81.72084722;-81.72084722;0;No Special Jurisdiction;12;Motor Vehicle In-Transport;2;Front-to-Front;0;No;3;Intersection-Related;3;T-Intersection;0;None;1;On Roadway;3;Dark - Lighted;1;Clear;0;No Additional Atmospheric Conditions;1;Clear;0;No;0;Not Applicable;3;3:00am-3:59am;8;8;3;3:00am-3:59am;12;12;3;3:00am-3:59am;27;27;0;None;0;None;0;None;1;1
39;Ohio;390433;1;1;0;0;1;1;0;65;HARDIN (65);3890;KENTON;21;21;3;March;2019;5;Thursday;13;1:00pm-1:59pm;54;54;0;This section IS NOT on the NHS;4;County Road;CR-1007 WAYNE ST;ESPY ST;1;Rural;7;Local;2;County Highway Agency;0;None;40.64251111;40.64251111;-83.60623056;-83.60623056;0;No Special Jurisdiction;42;Tree (Standing Only);0;The First Harmful Event was Not a Collision with a Motor Vehicle in Transport;0;No;3;Intersection-Related;3;T-Intersection;0;None;6;Off Roadway-Location Unknown;1;Daylight;1;Clear;0;No Additional Atmospheric Conditions;1;Clear;0;No;0;Not Applicable;13;1:00pm-1:59pm;54;54;13;1:00pm-1:59pm;57;57;14;2:00pm-2:59pm;14;14;0;None;0;None;0;None;1;0
39;Ohio;390449;2;2;0;0;2;2;0;37;DARKE (37);0;NOT APPLICABLE;14;14;7;July;2019;1;Sunday;16;4:00pm-4:59pm;59;59;0;This section IS NOT on the NHS;2;U.S. Highway;US-127;US-36;1;Rural;4;Minor Arterial;1;State Highway Agency;96;96;40.09606667;40.09606667;-84.607425;-84.607425;0;No Special Jurisdiction;12;Motor Vehicle In-Transport;6;Angle;0;No;2;Intersection;3;T-Intersection;0;None;1;On Roadway;1;Daylight;10;Cloudy;0;No Additional Atmospheric Conditions;10;Cloudy;0;No;0;Not Applicable;17;5:00pm-5:59pm;1;1;17;5:00pm-5:59pm;11;11;17;5:00pm-5:59pm;48;48;0;None;0;None;0;None;1;0
39;Ohio;390451;2;2;0;0;3;3;0;49;FRANKLIN (49);0;NOT APPLICABLE;8;8;7;July;2019;2;Monday;14;2:00pm-2:59pm;42;42;0;This section IS NOT on the NHS;2;U.S. Highway;US-62;BOHNBURG AVE;2;Urban;3;Principal Arterial - Other;1;State Highway Agency;94;94;39.91901944;39.91901944;-83.063;-83.063;0;No Special Jurisdiction;12;Motor Vehicle In-Transport;6;Angle;0;No;3;Intersection-Related;3;T-Intersection;0;None;1;On Roadway;1;Daylight;1;Clear;0;No Additional Atmospheric Conditions;1;Clear;0;No;0;Not Applicable;14;2:00pm-2:59pm;47;47;14;2:00pm-2:59pm;53;53;15;3:00pm-3:59pm;11;11;0;None;0;None;0;None;1;0
39;Ohio;390462;2;2;0;1;3;3;1;35;CUYAHOGA (35);1680;CLEVELAND;24;24;5;May;2019;6;Friday;0;0:00am-0:59am;10;10;0;This section IS NOT on the NHS;4;County Road;CR-9 STCLAIR AVE;WHEELOCK RD;2;Urban;4;Minor Arterial;2;County Highway Agency;0;None;41.53155278;41.53155278;-81.63129722;-81.63129722;0;No Special Jurisdiction;8;Pedestrian;0;The First Harmful Event was Not a Collision with a Motor Vehicle in Transport;0;No;3;Intersection-Related;3;T-Intersection;0;None;1;On Roadway;3;Dark - Lighted;1;Clear;0;No Additional Atmospheric Conditions;1;Clear;0;No;0;Not Applicable;0;0:00am-0:59am;14;14;0;0:00am-0:59am;15;15;0;0:00am-0:59am;39;39;14;Motor Vehicle struck by falling cargo,or something that came loose from or something that was set in motion by a vehicle;0;None;0;None;1;0