STATE;STATENAME;ST_CASE;VE_TOTAL;VE_FORMS;PVH_INVL;PEDS;PERSONS;PERMVIT;PERNOTMVIT;COUNTY;COUNTYNAME;CITY;CITYNAME;DAY;DAYNAME;MONTH;MONTHNAME;YEAR;DAY_WEEK;DAY_WEEKNAME;HOUR;HOURNAME;MINUTE;MINUTENAME;NHS;NHSNAME;ROUTE;ROUTENAME;TWAY_ID;TWAY_ID2;RUR_URB;RUR_URBNAME;FUNC_SYS;FUNC_SYSNAME;RD_OWNER;RD_OWNERNAME;MILEPT;MILEPTNAME;LATITUDE;LATITUDENAME;LONGITUD;LONGITUDNAME;SP_JUR;SP_JURNAME;HARM_EV;HARM_EVNAME;MAN_COLL;MAN_COLLNAME;RELJCT1;RELJCT1NAME;RELJCT2;RELJCT2NAME;TYP_INT;TYP_INTNAME;WRK_ZONE;WRK_ZONENAME;REL_ROAD;REL_ROADNAME;LGT_COND;LGT_CONDNAME;WEATHER1;WEATHER1NAME;WEATHER2;WEATHER2NAME;WEATHER;WEATHERNAME;SCH_BUS;SCH_BUSNAME;RAIL;RAILNAME;NOT_HOUR;NOT_HOURNAME;NOT_MIN;NOT_MINNAME;ARR_HOUR;ARR_HOURNAME;ARR_MIN;ARR_MINNAME;HOSP_HR;HOSP_HRNAME;HOSP_MN;HOSP_MNNAME;CF1;CF1NAME;CF2;CF2NAME;CF3;CF3NAME;FATALS;DRUNK_DR
39;Ohio;390466;1;1;0;0;1;1;0;35;CUYAHOGA (35);1680;CLEVELAND;30;30;4;April;2019;3;Tuesday;7;7:00am-7:59am;23;23;0;This section IS NOT on the NHS;6;Local Street - Municipality;E 49TH ST;CHARD AVE;2;Urban;4;Minor Arterial;4;City or Municipal Highway Agency;0;None;41.45986944;41.45986944;-81.65665556;-81.65665556;0;No Special Jurisdiction;50;Bridge Overhead Structure;0;The First Harmful Event was Not a Collision with a Motor Vehicle in Transport;0;No;3;Intersection-Related;3;T-Intersection;0;None;1;On Roadway;1;Daylight;10;Cloudy;0;No Additional Atmospheric Conditions;10;Cloudy;0;No;0;Not Applicable;7;7:00am-7:59am;28;28;7;7:00am-7:59am;32;32;7;7:00am-7:59am;55;55;0;None;0;None;0;None;1;0
39;Ohio;390467;1;1;0;1;1;1;1;95;LUCAS (95);8120;TOLEDO;13;13;7;July;2019;7;Saturday;15;3:00pm-3:59pm;23;23;0;This section IS NOT on the NHS;6;Local Street - Municipality;DORR ST;FAIRLAWN AVE;2;Urban;7;Local;4;City or Municipal Highway Agency;0;None;41.65288889;41.65288889;-83.60531944;-83.60531944;0;No Special Jurisdiction;9;Pedalcyclist;0;The First Harmful Event was Not a Collision with a Motor Vehicle in Transport;0;No;2;Intersection;3;T-Intersection;0;None;1;On Roadway;1;Daylight;1;Clear;0;No Additional Atmospheric Conditions;1;Clear;0;No;0;Not Applicable;15;3:00pm-3:59pm;26;26;15;3:00pm-3:59pm;31;31;15;3:00pm-3:59pm;45;45;0;None;0;None;0;None;1;0
39;Ohio;390484;2;2;0;0;2;2;0;21;CHAMPAIGN (21);8300;URBANA;5;5;7;July;2019;6;Friday;16;4:00pm-4:59pm;47;47;0;This section IS NOT on the NHS;3;State Highway;SR-55;HIGH ST;1;Rural;5;Major Collector;1;State Highway Agency;85;85;40.09293611;40.09293611;-83.75723056;-83.75723056;0;No Special Jurisdiction;12;Motor Vehicle In-Transport;6;Angle;0;No;2;Intersection;3;T-Intersection;0;None;1;On Roadway;1;Daylight;1;Clear;0;No Additional Atmospheric Conditions;1;Clear;0;No;0;Not Applicable;17;5:00pm-5:59pm;4;4;17;5:00pm-5:59pm;10;10;17;5:00pm-5:59pm;51;51;0;None;0;None;0;None;1;0
39;Ohio;390487;2;2;0;0;2;2;0;93;LORAIN (93);4360;LORAIN;2;2;7;July;2019;3;Tuesday;16;4:00pm-4:59pm;46;46;1;This section IS ON the NHS;4;County Road;CR-51 BAUMHART RD;INDUSTRIAL PK;2;Urban;3;Principal Arterial - Other;2;County Highway Agency;0;None;41.409325;41.409325;-82.28290556;-82.28290556;0;No Special Jurisdiction;12;Motor Vehicle In-Transport;6;Angle;0;No;2;Intersection;3;T-Intersection;0;None;1;On Roadway;1;Daylight;1;Clear;0;No Additional Atmospheric Conditions;1;Clear;0;No;0;Not Applicable;18;6:00pm-6:59pm;16;16;19;7:00pm-7:59pm;0;0;19;7:00pm-7:59pm;53;53;0;None;0;None;0;None;1;0
39;Ohio;390488;2;2;0;0;2;2;0;87;LAWRENCE (87);1530;CHESAPEAKE;26;26;6;June;2019;4;Wednesday;18;6:00pm-6:59pm;39;39;0;This section IS NOT on the NHS;3;State Highway;SR-7;TR-1378 HUNTINGTON HEIGHTS;2;Urban;4;Minor Arterial;1;State Highway Agency;25;25;38.42818889;38.42818889;-82.44766389;-82.44766389;0;No Special Jurisdiction;12;Motor Vehicle In-Transport;6;Angle;0;No;2;Intersection;3;T-Intersection;0;None;1;On Roadway;1;Daylight;1;Clear;0;No Additional Atmospheric Conditions;1;Clear;0;No;0;Not Applicable;18;6:00pm-6:59pm;35;35;18;6:00pm-6:59pm;40;40;19;7:00pm-7:59pm;17;17;0;None;0;None;0;None;1;0
39;Ohio;390493;1;1;0;0;1;1;0;7;ASHTABULA (7);330;ASHTABULA;8;8;7;July;2019;2;Monday;17;5:00pm-5:59pm;39;39;0;This section IS NOT on the NHS;6;Local Street - Municipality;MAIN AVE;LAKE AVE;2;Urban;4;Minor Arterial;4;City or Municipal Highway Agency;0;None;41.87061389;41.87061389;-80.78013889;-80.78013889;0;No Special Jurisdiction;43;Other Fixed Object;0;The First Harmful Event was Not a Collision with a Motor Vehicle in Transport;0;No;3;Intersection-Related;3;T-Intersection;0;None;4;On Roadside;1;Daylight;1;Clear;0;No Additional Atmospheric Conditions;1;Clear;0;No;0;Not Applicable;17;5:00pm-5:59pm;46;46;17;5:00pm-5:59pm;46;46;18;6:00pm-6:59pm;12;12;0;None;0;None;0;None;1;0
39;Ohio;390506;1;1;0;0;1;1;0;49;FRANKLIN (49);1800;COLUMBUS;29;29;7;July;2019;2;Monday;2;2:00am-2:59am;18;18;0;This section IS NOT on the NHS;4;County Road;CR-701 EASTON WAY;SR-270 ON RAMP;2;Urban;4;Minor Arterial;2;County Highway Agency;329;329;40.04803889;40.04803889;-82.90145556;-82.90145556;0;No Special Jurisdiction;25;Concrete Traffic Barrier;0;The First Harmful Event was Not a Collision with a Motor Vehicle in Transport;1;Yes;3;Intersection-Related;3;T-Intersection;0;None;4;On Roadside;3;Dark - Lighted;1;Clear;0;No Additional Atmospheric Conditions;1;Clear;0;No;0;Not Applicable;2;2:00am-2:59am;19;19;2;2:00am-2:59am;32;32;2;2:00am-2:59am;50;50;0;None;0;None;0;None;1;1
39;Ohio;390517;2;2;0;0;2;2;0;11;AUGLAIZE (11);0;NOT APPLICABLE;8;8;7;July;2019;2;Monday;9;9:00am-9:59am;50;50;1;This section IS ON the NHS;2;U.S. Highway;US-33;I-75;2;Urban;2;Principal Arterial - Other Freeways and Expressways;1;State Highway Agency;160;160;40.55455;40.55455;-84.16785556;-84.16785556;0;No Special Jurisdiction;12;Motor Vehicle In-Transport;6;Angle;1;Yes;2;Intersection;3;T-Intersection;0;None;1;On Roadway;1;Daylight;1;Clear;0;No Additional Atmospheric Conditions;1;Clear;0;No;0;Not Applicable;10;10:00am-10:59am;0;0;10;10:00am-10:59am;18;18;11;11:00am-11:59am;38;38;0;None;0;None;0;None;1;0
39;Ohio;390519;2;2;0;0;2;2;0;163;VINTON (163);0;NOT APPLICABLE;19;19;7;July;2019;6;Friday;9;9:00am-9:59am;57;57;0;This section IS NOT on the NHS;3;State Highway;SR-56;CR-21 SHURTZ RD;1;Rural;5;Major Collector;1;State Highway Agency;47;47;39.38032778;39.38032778;-82.43370278;-82.43370278;0;No Special Jurisdiction;12;Motor Vehicle In-Transport;6;Angle;0;No;2;Intersection;3;T-Intersection;0;None;1;On Roadway;1;Daylight;1;Clear;0;No Additional Atmospheric Conditions;1;Clear;0;No;0;Not Applicable;9;9:00am-9:59am;56;56;10;10:00am-10:59am;4;4;10;10:00am-10:59am;28;28;0;None;0;None;0;None;1;0
39;Ohio;390524;1;1;0;0;1;1;0;123;OTTAWA (123);0;NOT APPLICABLE;8;8;8;August;2019;5;Thursday;2;2:00am-2:59am;58;58;0;This section IS NOT on the NHS;4;County Road;CR-135 BAYSHORE RD;STATE FISHING ACCESS RD;1;Rural;5;Major Collector;2;County Highway Agency;0;None;41.502475;41.502475;-82.83344444;-82.83344444;0;No Special Jurisdiction;34;Ditch;0;The First Harmful Event was Not a Collision with a Motor Vehicle in Transport;0;No;3;Intersection-Related;3;T-Intersection;0;None;4;On Roadside;2;Dark - Not Lighted;1;Clear;0;No Additional Atmospheric Conditions;1;Clear;0;No;0;Not Applicable;2;2:00am-2:59am;53;53;3;3:00am-3:59am;0;0;88;Not Applicable (Not Transported);88;Not Applicable (Not Transported);0;None;0;None;0;None;1;1
39;Ohio;390530;3;3;0;0;5;5;0;135;PREBLE (135);0;NOT APPLICABLE;4;4;8;August;2019;1;Sunday;11;11:00am-11:59am;50;50;0;This section IS NOT on the NHS;3;State Highway;SR-732;CR-97 CONSOLIDATED RD;1;Rural;5;Major Collector;1;State Highway Agency;0;None;39.714025;39.714025;-84.68013611;-84.68013611;0;No Special Jurisdiction;12;Motor Vehicle In-Transport;8;Sideswipe - Opposite Direction;0;No;3;Intersection-Related;3;T-Intersection;0;None;1;On Roadway;1;Daylight;1;Clear;0;No Additional Atmospheric Conditions;1;Clear;0;No;0;Not Applicable;11;11:00am-11:59am;47;47;11;11:00am-11:59am;53;53;12;12:00pm-12:59pm;21;21;0;None;0;None;0;None;1;1
39;Ohio;390532;1;1;0;0;1;1;0;49;FRANKLIN (49);0;NOT APPLICABLE;5;5;8;August;2019;2;Monday;7;7:00am-7:59am;35;35;0;This section IS NOT on the NHS;2;U.S. Highway;US-62;CR-264 ORDERS RD;2;Urban;3;Principal Arterial - Other;1;State Highway Agency;46;46;39.86058056;39.86058056;-83.11212222;-83.11212222;0;No Special Jurisdiction;34;Ditch;0;The First Harmful Event was Not a Collision with a Motor Vehicle in Transport;0;No;3;Intersection-Related;3;T-Intersection;0;None;4;On Roadside;1;Daylight;1;Clear;0;No Additional Atmospheric Conditions;1;Clear;0;No;0;Not Applicable;8;8:00am-8:59am;43;43;8;8:00am-8:59am;49;49;9;9:00am-9:59am;20;20;0;None;0;None;0;None;1;0
39;Ohio;390548;1;1;0;0;1;1;0;49;FRANKLIN (49);0;NOT APPLICABLE;30;30;7;July;2019;3;Tuesday;1;1:00am-1:59am;50;50;0;This section IS NOT on the NHS;4;County Road;CR-147 DELLINGER RD;CR-12 AMITY RD;2;Urban;5;Major Collector;2;County Highway Agency;0;None;39.97505278;39.97505278;-83.21570278;-83.21570278;0;No Special Jurisdiction;42;Tree (Standing Only);0;The First Harmful Event was Not a Collision with a Motor Vehicle in Transport;0;No;3;Intersection-Related;3;T-Intersection;0;None;4;On Roadside;2;Dark - Not Lighted;10;Cloudy;0;No Additional Atmospheric Conditions;10;Cloudy;0;No;0;Not Applicable;1;1:00am-1:59am;54;54;2;2:00am-2:59am;0;0;2;2:00am-2:59am;40;40;0;None;0;None;0;None;1;0
39;Ohio;390565;2;2;0;0;2;2;0;35;CUYAHOGA (35);1680;CLEVELAND;9;9;8;August;2019;6;Friday;13;1:00pm-1:59pm;40;40;0;This section IS NOT on the NHS;4;County Road;CR-9 ST CLAIR AVE;172ND ST;2;Urban;4;Minor Arterial;2;County Highway Agency;0;None;41.5653;41.5653;-81.55970278;-81.55970278;0;No Special Jurisdiction;12;Motor Vehicle In-Transport;6;Angle;0;No;2;Intersection;3;T-Intersection;0;None;1;On Roadway;1;Daylight;1;Clear;0;No Additional Atmospheric Conditions;1;Clear;0;No;0;Not Applicable;13;1:00pm-1:59pm;43;43;13;1:00pm-1:59pm;55;55;14;2:00pm-2:59pm;25;25;0;None;0;None;0;None;1;0
39;Ohio;390634;2;2;0;0;2;2;0;111;MONROE (111);0;NOT APPLICABLE;25;25;8;August;2019;1;Sunday;18;6:00pm-6:59pm;30;30;0;This section IS NOT on the NHS;3;State Highway;SR-145;TR-2782 ANDERSON RD;1;Rural;5;Major Collector;1;State Highway Agency;256;256;39.85854444;39.85854444;-81.03258889;-81.03258889;0;No Special Jurisdiction;12;Motor Vehicle In-Transport;2;Front-to-Front;0;No;3;Intersection-Related;3;T-Intersection;0;None;1;On Roadway;1;Daylight;1;Clear;0;No Additional Atmospheric Conditions;1;Clear;0;No;0;Not Applicable;18;6:00pm-6:59pm;27;27;18;6:00pm-6:59pm;34;34;88;Not Applicable (Not Transported);88;Not Applicable (Not Transported);0;None;0;None;0;None;1;1
39;Ohio;390654;2;2;0;0;3;3;0;53;GALLIA (53);0;NOT APPLICABLE;31;31;8;August;2019;7;Saturday;14;2:00pm-2:59pm;45;45;1;This section IS ON the NHS;3;State Highway;SR-7;SR-218;2;Urban;3;Principal Arterial - Other;1;State Highway Agency;193;193;38.77287778;38.77287778;-82.221525;-82.221525;0;No Special Jurisdiction;12;Motor Vehicle In-Transport;6;Angle;0;No;2;Intersection;3;T-Intersection;0;None;1;On Roadway;1;Daylight;1;Clear;0;No Additional Atmospheric Conditions;1;Clear;0;No;0;Not Applicable;14;2:00pm-2:59pm;48;48;14;2:00pm-2:59pm;57;57;15;3:00pm-3:59pm;26;26;0;None;0;None;0;None;1;0
39;Ohio;390716;2;2;0;0;2;2;0;149;SHELBY (149);0;NOT APPLICABLE;23;23;7;July;2019;3;Tuesday;5;5:00am-5:59am;47;47;0;This section IS NOT on the NHS;4;County Road;CR-25A WAPAKONETA AVE;I-75 ENTRANCE RAMP;2;Urban;4;Minor Arterial;2;County Highway Agency;0;None;40.324125;40.324125;-84.16309722;-84.16309722;0;No Special Jurisdiction;12;Motor Vehicle In-Transport;6;Angle;1;Yes;2;Intersection;3;T-Intersection;0;None;1;On Roadway;4;Dawn;1;Clear;0;No Additional Atmospheric Conditions;1;Clear;0;No;0;Not Applicable;5;5:00am-5:59am;51;51;6;6:00am-6:59am;14;14;6;6:00am-6:59am;57;57;0;None;0;None;0;None;1;0
39;Ohio;390728;3;2;1;0;1;1;0;49;FRANKLIN (49);1800;COLUMBUS;2;2;10;October;2019;4;Wednesday;9;9:00am-9:59am;42;42;0;This section IS NOT on the NHS;6;Local Street - Municipality;LARCOMB AVE;SAFFORD AVE;2;Urban;7;Local;4;City or Municipal Highway Agency;0;None;39.94483889;39.94483889;-83.04571111;-83.04571111;0;No Special Jurisdiction;14;Parked Motor Vehicle;0;The First Harmful Event was Not a Collision with a Motor Vehicle in Transport;0;No;3;Intersection-Related;3;T-Intersection;0;None;1;On Roadway;1;Daylight;1;Clear;0;No Additional Atmospheric Conditions;1;Clear;0;No;0;Not Applicable;9;9:00am-9:59am;44;44;9;9:00am-9:59am;48;48;10;10:00am-10:59am;8;8;0;None;0;None;0;None;1;0
39;Ohio;390749;1;1;0;0;1;1;0;111;MONROE (111);0;NOT APPLICABLE;3;3;10;October;2019;5;Thursday;2;2:00am-2:59am;0;0;0;This section IS NOT on the NHS;4;County Road;CR-47 MECHANICSBURG RD;TR-1002;1;Rural;7;Local;2;County Highway Agency;0;None;39.64758611;39.64758611;-81.08314167;-81.08314167;0;No Special Jurisdiction;35;Embankment;0;The First Harmful Event was Not a Collision with a Motor Vehicle in Transport;0;No;3;Intersection-Related;3;T-Intersection;0;None;4;On Roadside;2;Dark - Not Lighted;1;Clear;0;No Additional Atmospheric Conditions;1;Clear;0;No;0;Not Applicable;99;Unknown;99;Unknown;99;Unknown EMS Scene Arrival Hour;99;Unknown EMS Scene Arrival Minutes;88;Not Applicable (Not Transported);88;Not Applicable (Not Transported);0;None;0;None;0;None;1;0
39;Ohio;390760;2;2;0;0;3;3;0;95;LUCAS (95);8120;TOLEDO;24;24;9;September;2019;3;Tuesday;1;1:00am-1:59am;17;17;0;This section IS NOT on the NHS;4;County Road;CR-510 MANHATTAN BLVD;I-280 OFF RAMP;2;Urban;4;Minor Arterial;2;County Highway Agency;0;None;41.687575;41.687575;-83.51610556;-83.51610556;0;No Special Jurisdiction;12;Motor Vehicle In-Transport;6;Angle;1;Yes;2;Intersection;3;T-Intersection;0;None;1;On Roadway;3;Dark - Lighted;10;Cloudy;0;No Additional Atmospheric Conditions;10;Cloudy;0;No;0;Not Applicable;1;1:00am-1:59am;24;24;1;1:00am-1:59am;31;31;1;1:00am-1:59am;57;57;20;Police Pursuit Involved;0;None;0;None;1;1
39;Ohio;390769;1;1;0;0;1;1;0;49;FRANKLIN (49);1800;COLUMBUS;30;30;9;September;2019;2;Monday;14;2:00pm-2:59pm;54;54;0;This section IS NOT on the NHS;6;Local Street - Municipality;MICHIGAN AVE;QUALITY PLACE;6;Trafficway Not in State Inventory;96;Trafficway Not in State Inventory;96;Trafficway Not in State Inventory;0;None;39.97912222;39.97912222;-83.01715;-83.01715;0;No Special Jurisdiction;5;Fell/Jumped from Vehicle;0;The First Harmful Event was Not a Collision with a Motor Vehicle in Transport;1;Yes;2;Intersection;3;T-Intersection;0;None;1;On Roadway;1;Daylight;1;Clear;0;No Additional Atmospheric Conditions;1;Clear;0;No;0;Not Applicable;14;2:00pm-2:59pm;55;55;15;3:00pm-3:59pm;0;0;15;3:00pm-3:59pm;19;19;0;None;0;None;0;None;1;0
39;Ohio;390796;1;1;0;0;1;1;0;35;CUYAHOGA (35);1680;CLEVELAND;30;30;9;September;2019;2;Monday;1;1:00am-1:59am;57;57;0;This section IS NOT on the NHS;3;State Highway;SR-283 LAKESHORE BLVD;142ND ST;2;Urban;4;Minor Arterial;1;State Highway Agency;57;57;41.57041389;41.57041389;-81.58354444;-81.58354444;0;No Special Jurisdiction;33;Curb;0;The First Harmful Event was Not a Collision with a Motor Vehicle in Transport;0;No;3;Intersection-Related;3;T-Intersection;0;None;4;On Roadside;3;Dark - Lighted;10;Cloudy;0;No Additional Atmospheric Conditions;10;Cloudy;0;No;0;Not Applicable;1;1:00am-1:59am;59;59;2;2:00am-2:59am;6;6;88;Not Applicable (Not Transported);88;Not Applicable (Not Transported);0;None;0;None;0;None;1;1
39;Ohio;390801;2;2;0;0;2;2;0;93;LORAIN (93);4360;LORAIN;2;2;9;September;2019;2;Monday;15;3:00pm-3:59pm;49;49;0;This section IS NOT on the NHS;6;Local Street - Municipality;23RD ST;SUNSET DR;2;Urban;7;Local;4;City or Municipal Highway Agency;0;None;41.448825;41.448825;-82.19897778;-82.19897778;0;No Special Jurisdiction;12;Motor Vehicle In-Transport;6;Angle;0;No;2;Intersection;3;T-Intersection;0;None;1;On Roadway;1;Daylight;1;Clear;0;No Additional Atmospheric Conditions;1;Clear;0;No;0;Not Applicable;15;3:00pm-3:59pm;50;50;15;3:00pm-3:59pm;55;55;16;4:00pm-4:59pm;10;10;0;None;0;None;0;None;1;1
39;Ohio;390812;2;2;0;0;3;3;0;169;WAYNE (169);0;NOT APPLICABLE;9;9;10;October;2019;4;Wednesday;12;12:00pm-12:59pm;12;12;0;This section IS NOT on the NHS;3;State Highway;SR-83 BURBANK RD;TR-78 W HUTTON RD;1;Rural;4;Minor Arterial;1;State Highway Agency;169;169;40.87965;40.87965;-81.965;-81.965;0;No Special Jurisdiction;12;Motor Vehicle In-Transport;1;Front-to-Rear;0;No;2;Intersection;3;T-Intersection;0;None;1;On Roadway;1;Daylight;1;Clear;0;No Additional Atmospheric Conditions;1;Clear;0;No;0;Not Applicable;99;Unknown;99;Unknown;99;Unknown EMS Scene Arrival Hour;99;Unknown EMS Scene Arrival Minutes;99;Unknown;99;Unknown EMS Hospital Arrival Time;0;None;0;None;0;None;1;0
39;Ohio;390819;2;2;0;0;7;7;0;95;LUCAS (95);8120;TOLEDO;31;31;10;October;2019;5;Thursday;20;8:00pm-8:59pm;0;0;0;This section IS NOT on the NHS;4;County Road;CR-5 SYLVANIA AV;REVERE DR;2;Urban;4;Minor Arterial;2;County Highway Agency;0;None;41.6924;41.6924;-83.57681944;-83.57681944;0;No Special Jurisdiction;12;Motor Vehicle In-Transport;2;Front-to-Front;0;No;3;Intersection-Related;3;T-Intersection;0;None;1;On Roadway;3;Dark - Lighted;2;Rain;0;No Additional Atmospheric Conditions;2;Rain;0;No;0;Not Applicable;20;8:00pm-8:59pm;1;1;20;8:00pm-8:59pm;7;7;20;8:00pm-8:59pm;32;32;0;None;0;None;0;None;1;0
39;Ohio;390840;1;1;0;0;1;1;0;151;STARK (151);4820;MASSILLON;17;17;7;July;2019;4;Wednesday;4;4:00am-4:59am;8;8;1;This section IS ON the NHS;3;State Highway;SR-21 GREAT LAKES BLVD;LILLIAN GISH BLVD SW;2;Urban;2;Principal Arterial - Other Freeways and Expressways;1;State Highway Agency;109;109;40.79375;40.79375;-81.52611944;-81.52611944;0;No Special Jurisdiction;50;Bridge Overhead Structure;0;The First Harmful Event was Not a Collision with a Motor Vehicle in Transport;0;No;3;Intersection-Related;3;T-Intersection;0;None;4;On Roadside;3;Dark - Lighted;2;Rain;0;No Additional Atmospheric Conditions;2;Rain;0;No;0;Not Applicable;99;Unknown;99;Unknown;99;Unknown EMS Scene Arrival Hour;99;Unknown EMS Scene Arrival Minutes;88;Not Applicable (Not Transported);88;Not Applicable (Not Transported);0;None;0;None;0;None;1;0
39;Ohio;390842;1;1;0;0;1;1;0;25;CLERMONT (25);0;NOT APPLICABLE;28;28;10;October;2019;2;Monday;23;11:00pm-11:59pm;5;5;0;This section IS NOT on the NHS;4;County Road;CR-26 CEDARVILLE RD;SR-727;1;Rural;7;Local;2;County Highway Agency;0;None;39.19675;39.19675;-84.10539722;-84.10539722;0;No Special Jurisdiction;30;Utility Pole/Light Support;0;The First Harmful Event was Not a Collision with a Motor Vehicle in Transport;0;No;3;Intersection-Related;3;T-Intersection;0;None;4;On Roadside;2;Dark - Not Lighted;5;Fog, Smog, Smoke;0;No Additional Atmospheric Conditions;5;Fog, Smog, Smoke;0;No;0;Not Applicable;23;11:00pm-11:59pm;5;5;23;11:00pm-11:59pm;11;11;88;Not Applicable (Not Transported);88;Not Applicable (Not Transported);0;None;0;None;0;None;1;1
39;Ohio;390851;2;2;0;0;2;2;0;145;SCIOTO (145);0;NOT APPLICABLE;1;1;11;November;2019;6;Friday;7;7:00am-7:59am;35;35;0;This section IS NOT on the NHS;3;State Highway;SR-73;CR-440 CALVERTS LN;2;Urban;4;Minor Arterial;1;State Highway Agency;237;237;38.75554444;38.75554444;-83.02331944;-83.02331944;0;No Special Jurisdiction;12;Motor Vehicle In-Transport;6;Angle;0;No;2;Intersection;3;T-Intersection;0;None;1;On Roadway;4;Dawn;10;Cloudy;0;No Additional Atmospheric Conditions;10;Cloudy;0;No;0;Not Applicable;7;7:00am-7:59am;46;46;8;8:00am-8:59am;1;1;8;8:00am-8:59am;32;32;0;None;0;None;0;None;1;1
39;Ohio;390854;2;2;0;0;3;3;0;41;DELAWARE (41);0;NOT APPLICABLE;20;20;10;October;2019;1;Sunday;15;3:00pm-3:59pm;12;12;0;This section IS NOT on the NHS;3;State Highway;SR-315 OLENTANGY RIVER RD;TR-657 MANNING PARKWAY;2;Urban;4;Minor Arterial;1;State Highway Agency;2;2;40.14028611;40.14028611;-83.03899722;-83.03899722;0;No Special Jurisdiction;12;Motor Vehicle In-Transport;1;Front-to-Rear;0;No;2;Intersection;3;T-Intersection;0;None;1;On Roadway;1;Daylight;1;Clear;0;No Additional Atmospheric Conditions;1;Clear;0;No;0;Not Applicable;15;3:00pm-3:59pm;12;12;15;3:00pm-3:59pm;20;20;15;3:00pm-3:59pm;40;40;0;None;0;None;0;None;1;0
39;Ohio;390860;2;2;0;0;2;2;0;105;MEIGS (105);0;NOT APPLICABLE;1;1;11;November;2019;6;Friday;13;1:00pm-1:59pm;20;20;1;This section IS ON the NHS;3;State Highway;SR-7;CR-24 UNION AVE;1;Rural;3;Principal Arterial - Other;1;State Highway Agency;54;54;39.03346944;39.03346944;-82.06365833;-82.06365833;0;No Special Jurisdiction;12;Motor Vehicle In-Transport;6;Angle;0;No;2;Intersection;3;T-Intersection;0;None;1;On Roadway;1;Daylight;1;Clear;0;No Additional Atmospheric Conditions;1;Clear;0;No;0;Not Applicable;13;1:00pm-1:59pm;20;20;13;1:00pm-1:59pm;23;23;13;1:00pm-1:59pm;41;41;0;None;0;None;0;None;1;0
39;Ohio;390868;1;1;0;0;1;1;0;99;MAHONING (99);0;NOT APPLICABLE;16;16;9;September;2019;2;Monday;13;1:00pm-1:59pm;35;35;0;This section IS NOT on the NHS;4;County Road;CR-520 LANSDOWNE BL;DALE ST;2;Urban;5;Major Collector;2;County Highway Agency;0;None;41.11447778;41.11447778;-80.61613333;-80.61613333;0;No Special Jurisdiction;39;Wall;0;The First Harmful Event was Not a Collision with a Motor Vehicle in Transport;0;No;3;Intersection-Related;3;T-Intersection;0;None;5;Outside Trafficway;1;Daylight;1;Clear;0;No Additional Atmospheric Conditions;1;Clear;0;No;0;Not Applicable;13;1:00pm-1:59pm;39;39;13;1:00pm-1:59pm;44;44;14;2:00pm-2:59pm;13;13;0;None;0;None;0;None;1;0
39;Ohio;390940;1;1;0;0;2;2;0;43;ERIE (43);0;NOT APPLICABLE;24;24;11;November;2019;1;Sunday;8;8:00am-8:59am;54;54;0;This section IS NOT on the NHS;4;County Road;CR-5 PERKINS AVE;REMINGTON AVE;2;Urban;7;Local;2;County Highway Agency;0;None;41.43238611;41.43238611;-82.67843056;-82.67843056;0;No Special Jurisdiction;42;Tree (Standing Only);0;The First Harmful Event was Not a Collision with a Motor Vehicle in Transport;0;No;3;Intersection-Related;3;T-Intersection;0;None;4;On Roadside;1;Daylight;1;Clear;0;No Additional Atmospheric Conditions;1;Clear;0;No;0;Not Applicable;8;8:00am-8:59am;48;48;8;8:00am-8:59am;53;53;88;Not Applicable (Not Transported);88;Not Applicable (Not Transported);0;None;0;None;0;None;2;0
39;Ohio;390945;2;2;0;0;2;2;0;93;LORAIN (93);8400;VERMILION;27;27;6;June;2019;5;Thursday;14;2:00pm-2:59pm;12;12;0;This section IS NOT on the NHS;6;Local Street - Municipality;LIBERTY AVE;SUNNYSIDE RD;2;Urban;7;Local;4;City or Municipal Highway Agency;0;None;41.42480556;41.42480556;-82.304575;-82.304575;0;No Special Jurisdiction;12;Motor Vehicle In-Transport;6;Angle;0;No;2;Intersection;3;T-Intersection;0;None;1;On Roadway;1;Daylight;1;Clear;0;No Additional Atmospheric Conditions;1;Clear;0;No;0;Not Applicable;14;2:00pm-2:59pm;12;12;14;2:00pm-2:59pm;22;22;14;2:00pm-2:59pm;46;46;0;None;0;None;0;None;1;0
39;Ohio;390983;2;2;0;2;3;3;2;35;CUYAHOGA (35);2340;EAST CLEVELAND;20;20;12;December;2019;6;Friday;15;3:00pm-3:59pm;48;48;1;This section IS ON the NHS;2;U.S. Highway;US-6 EUCLID AV;VASSER;2;Urban;3;Principal Arterial - Other;1;State Highway Agency;214;214;41.52647222;41.52647222;-81.58614167;-81.58614167;0;No Special Jurisdiction;12;Motor Vehicle In-Transport;2;Front-to-Front;0;No;3;Intersection-Related;3;T-Intersection;0;None;1;On Roadway;1;Daylight;1;Clear;0;No Additional Atmospheric Conditions;1;Clear;0;No;0;Not Applicable;16;4:00pm-4:59pm;11;11;16;4:00pm-4:59pm;16;16;16;4:00pm-4:59pm;23;23;20;Police Pursuit Involved;0;None;0;None;1;0
39;Ohio;391009;1;1;0;1;1;1;1;49;FRANKLIN (49);0;NOT APPLICABLE;30;30;12;December;2019;2;Monday;4;4:00am-4:59am;15;15;0;This section IS NOT on the NHS;4;County Road;CR-376 WINCHESTER PI;DAGLOW RD;2;Urban;4;Minor Arterial;2;County Highway Agency;0;None;39.90105278;39.90105278;-82.88589722;-82.88589722;0;No Special Jurisdiction;8;Pedestrian;0;The First Harmful Event was Not a Collision with a Motor Vehicle in Transport;0;No;3;Intersection-Related;3;T-Intersection;0;None;1;On Roadway;2;Dark - Not Lighted;2;Rain;0;No Additional Atmospheric Conditions;2;Rain;0;No;0;Not Applicable;4;4:00am-4:59am;21;21;4;4:00am-4:59am;27;27;4;4:00am-4:59am;46;46;0;None;0;None;0;None;1;0