STATE;STATENAME;ST_CASE;VE_TOTAL;VE_FORMS;PVH_INVL;PEDS;PERSONS;PERMVIT;PERNOTMVIT;COUNTY;COUNTYNAME;CITY;CITYNAME;DAY;DAYNAME;MONTH;MONTHNAME;YEAR;DAY_WEEK;DAY_WEEKNAME;HOUR;HOURNAME;MINUTE;MINUTENAME;NHS;NHSNAME;ROUTE;ROUTENAME;TWAY_ID;TWAY_ID2;RUR_URB;RUR_URBNAME;FUNC_SYS;FUNC_SYSNAME;RD_OWNER;RD_OWNERNAME;MILEPT;MILEPTNAME;LATITUDE;LATITUDENAME;LONGITUD;LONGITUDNAME;SP_JUR;SP_JURNAME;HARM_EV;HARM_EVNAME;MAN_COLL;MAN_COLLNAME;RELJCT1;RELJCT1NAME;RELJCT2;RELJCT2NAME;TYP_INT;TYP_INTNAME;WRK_ZONE;WRK_ZONENAME;REL_ROAD;REL_ROADNAME;LGT_COND;LGT_CONDNAME;WEATHER1;WEATHER1NAME;WEATHER2;WEATHER2NAME;WEATHER;WEATHERNAME;SCH_BUS;SCH_BUSNAME;RAIL;RAILNAME;NOT_HOUR;NOT_HOURNAME;NOT_MIN;NOT_MINNAME;ARR_HOUR;ARR_HOURNAME;ARR_MIN;ARR_MINNAME;HOSP_HR;HOSP_HRNAME;HOSP_MN;HOSP_MNNAME;CF1;CF1NAME;CF2;CF2NAME;CF3;CF3NAME;FATALS;DRUNK_DR
41;Oregon;410451;2;2;0;0;2;2;0;17;DESCHUTES (17);0;NOT APPLICABLE;5;5;11;November;2019;3;Tuesday;11;11:00am-11:59am;49;49;1;This section IS ON the NHS;2;U.S. Highway;US-97 ODOT 4;SW 61ST ST;1;Rural;3;Principal Arterial - Other;1;State Highway Agency;1285;1285;44.180575;44.180575;-121.2445194;-121.24451944;0;No Special Jurisdiction;12;Motor Vehicle In-Transport;6;Angle;0;No;2;Intersection;3;T-Intersection;0;None;1;On Roadway;1;Daylight;1;Clear;0;No Additional Atmospheric Conditions;1;Clear;0;No;0;Not Applicable;11;11:00am-11:59am;45;45;11;11:00am-11:59am;52;52;12;12:00pm-12:59pm;22;22;0;None;0;None;0;None;1;0
41;Oregon;410453;2;2;0;0;4;4;0;67;WASHINGTON (67);0;NOT APPLICABLE;7;7;11;November;2019;5;Thursday;14;2:00pm-2:59pm;10;10;1;This section IS ON the NHS;3;State Highway;SR-8 ODOT 29;NW 334TH AVE;2;Urban;3;Principal Arterial - Other;1;State Highway Agency;147;147;45.51995278;45.51995278;-123.0206389;-123.02063889;0;No Special Jurisdiction;12;Motor Vehicle In-Transport;6;Angle;0;No;2;Intersection;3;T-Intersection;0;None;1;On Roadway;1;Daylight;1;Clear;0;No Additional Atmospheric Conditions;1;Clear;0;No;0;Not Applicable;14;2:00pm-2:59pm;9;9;14;2:00pm-2:59pm;11;11;14;2:00pm-2:59pm;15;15;0;None;0;None;0;None;1;0
41;Oregon;410465;2;2;0;0;6;6;0;19;DOUGLAS (19);0;NOT APPLICABLE;22;22;6;June;2019;7;Saturday;18;6:00pm-6:59pm;5;5;0;This section IS NOT on the NHS;3;State Highway;SR-138 ODOT 138;CR-FORRESTWOOD LN;1;Rural;4;Minor Arterial;1;State Highway Agency;197;197;43.32276667;43.32276667;-123.04765;-123.04765;0;No Special Jurisdiction;12;Motor Vehicle In-Transport;2;Front-to-Front;0;No;2;Intersection;3;T-Intersection;0;None;1;On Roadway;1;Daylight;1;Clear;0;No Additional Atmospheric Conditions;1;Clear;0;No;0;Not Applicable;99;Unknown;99;Unknown;99;Unknown EMS Scene Arrival Hour;99;Unknown EMS Scene Arrival Minutes;99;Unknown;99;Unknown EMS Hospital Arrival Time;0;None;0;None;0;None;1;0
42;Pennsylvania;420005;1;1;0;1;1;1;1;71;LANCASTER (71);8190;STRASBURG;13;13;1;January;2019;1;Sunday;16;4:00pm-4:59pm;46;46;0;This section IS NOT on the NHS;3;State Highway;SR-2029 LANCASTER AVE;ROBERT EVANS WAY;2;Urban;5;Major Collector;1;State Highway Agency;43;43;39.98728611;39.98728611;-76.19162222;-76.19162222;0;No Special Jurisdiction;8;Pedestrian;0;The First Harmful Event was Not a Collision with a Motor Vehicle in Transport;0;No;2;Intersection;3;T-Intersection;0;None;1;On Roadway;5;Dusk;98;Not Reported;0;No Additional Atmospheric Conditions;98;Not Reported;0;No;0;Not Applicable;16;4:00pm-4:59pm;46;46;16;4:00pm-4:59pm;50;50;17;5:00pm-5:59pm;18;18;0;None;0;None;0;None;1;0
42;Pennsylvania;420019;3;3;0;0;5;5;0;115;SUSQUEHANNA (115);0;NOT APPLICABLE;9;9;1;January;2019;4;Wednesday;16;4:00pm-4:59pm;22;22;0;This section IS NOT on the NHS;3;State Highway;SR-706 WYALUSING ST;SR-2014 HEART LAKE RD;1;Rural;4;Minor Arterial;1;State Highway Agency;163;163;41.85257222;41.85257222;-75.79413889;-75.79413889;0;No Special Jurisdiction;12;Motor Vehicle In-Transport;1;Front-to-Rear;0;No;3;Intersection-Related;3;T-Intersection;0;None;1;On Roadway;5;Dusk;4;Snow;0;No Additional Atmospheric Conditions;4;Snow;0;No;0;Not Applicable;16;4:00pm-4:59pm;25;25;16;4:00pm-4:59pm;32;32;16;4:00pm-4:59pm;49;49;0;None;0;None;0;None;1;0
42;Pennsylvania;420043;1;1;0;0;1;1;0;75;LEBANON (75);4340;LEBANON;29;29;1;January;2019;3;Tuesday;9;9:00am-9:59am;47;47;0;This section IS NOT on the NHS;6;Local Street - Municipality;S 12TH ST;OLD CUMBERLAND AVE;2;Urban;7;Local;4;City or Municipal Highway Agency;0;None;40.33805;40.33805;-76.43090556;-76.43090556;0;No Special Jurisdiction;59;Traffic Sign Support;0;The First Harmful Event was Not a Collision with a Motor Vehicle in Transport;0;No;3;Intersection-Related;3;T-Intersection;0;None;4;On Roadside;1;Daylight;4;Snow;0;No Additional Atmospheric Conditions;4;Snow;0;No;0;Not Applicable;99;Unknown;99;Unknown;99;Unknown EMS Scene Arrival Hour;99;Unknown EMS Scene Arrival Minutes;99;Unknown;99;Unknown EMS Hospital Arrival Time;0;None;0;None;0;None;1;0
42;Pennsylvania;420074;1;1;0;0;2;2;0;11;BERKS (11);0;NOT APPLICABLE;22;22;2;February;2019;6;Friday;23;11:00pm-11:59pm;48;48;0;This section IS NOT on the NHS;3;State Highway;SR-0724 WEST SCHUYLKILL RD;RED CORNER RD;2;Urban;4;Minor Arterial;1;State Highway Agency;160;160;40.25361389;40.25361389;-75.73541111;-75.73541111;0;No Special Jurisdiction;42;Tree (Standing Only);0;The First Harmful Event was Not a Collision with a Motor Vehicle in Transport;0;No;3;Intersection-Related;3;T-Intersection;0;None;4;On Roadside;2;Dark - Not Lighted;98;Not Reported;0;No Additional Atmospheric Conditions;98;Not Reported;0;No;0;Not Applicable;99;Unknown;99;Unknown;99;Unknown EMS Scene Arrival Hour;99;Unknown EMS Scene Arrival Minutes;99;Unknown;99;Unknown EMS Hospital Arrival Time;0;None;0;None;0;None;2;1
42;Pennsylvania;420089;2;2;0;1;2;2;1;17;BUCKS (17);0;NOT APPLICABLE;20;20;2;February;2019;4;Wednesday;5;5:00am-5:59am;22;22;1;This section IS ON the NHS;3;State Highway;SR-132 STREET RD;BROOKWOOD DR;2;Urban;3;Principal Arterial - Other;1;State Highway Agency;144;144;40.09278611;40.09278611;-74.94235278;-74.94235278;0;No Special Jurisdiction;8;Pedestrian;0;The First Harmful Event was Not a Collision with a Motor Vehicle in Transport;0;No;3;Intersection-Related;3;T-Intersection;0;None;1;On Roadway;3;Dark - Lighted;98;Not Reported;0;No Additional Atmospheric Conditions;98;Not Reported;0;No;0;Not Applicable;5;5:00am-5:59am;21;21;5;5:00am-5:59am;27;27;5;5:00am-5:59am;48;48;0;None;0;None;0;None;1;0
42;Pennsylvania;420104;3;3;0;0;9;9;0;89;MONROE (89);0;NOT APPLICABLE;24;24;3;March;2019;1;Sunday;14;2:00pm-2:59pm;13;13;0;This section IS NOT on the NHS;2;U.S. Highway;US-209B HAMILTON EAST RD;SR-8019 RAMP B RD;1;Rural;5;Major Collector;99;Unknown;56;56;40.96150278;40.96150278;-75.28349167;-75.28349167;0;No Special Jurisdiction;12;Motor Vehicle In-Transport;1;Front-to-Rear;1;Yes;3;Intersection-Related;3;T-Intersection;0;None;1;On Roadway;1;Daylight;98;Not Reported;0;No Additional Atmospheric Conditions;98;Not Reported;0;No;0;Not Applicable;99;Unknown;99;Unknown;99;Unknown EMS Scene Arrival Hour;99;Unknown EMS Scene Arrival Minutes;99;Unknown;99;Unknown EMS Hospital Arrival Time;0;None;0;None;0;None;1;0
42;Pennsylvania;420116;1;1;0;0;1;1;0;49;ERIE (49);2640;ERIE;31;31;3;March;2019;1;Sunday;3;3:00am-3:59am;7;7;0;This section IS NOT on the NHS;6;Local Street - Municipality;ZIMMERMAN RD;PAGE ST;1;Rural;7;Local;4;City or Municipal Highway Agency;0;None;42.11870556;42.11870556;-80.02698611;-80.02698611;0;No Special Jurisdiction;33;Curb;0;The First Harmful Event was Not a Collision with a Motor Vehicle in Transport;0;No;3;Intersection-Related;3;T-Intersection;0;None;4;On Roadside;3;Dark - Lighted;4;Snow;0;No Additional Atmospheric Conditions;4;Snow;0;No;0;Not Applicable;99;Unknown;99;Unknown;99;Unknown EMS Scene Arrival Hour;99;Unknown EMS Scene Arrival Minutes;99;Unknown;99;Unknown EMS Hospital Arrival Time;0;None;0;None;0;None;1;1
42;Pennsylvania;420132;3;3;0;0;4;4;0;91;MONTGOMERY (91);0;NOT APPLICABLE;19;19;4;April;2019;6;Friday;9;9:00am-9:59am;0;0;1;This section IS ON the NHS;3;State Highway;SR-4031 RIDGE PIKE;SR-4022 LEWIS RD;2;Urban;3;Principal Arterial - Other;1;State Highway Agency;93;93;40.23268611;40.23268611;-75.52724444;-75.52724444;0;No Special Jurisdiction;12;Motor Vehicle In-Transport;6;Angle;0;No;2;Intersection;3;T-Intersection;0;None;1;On Roadway;1;Daylight;10;Cloudy;0;No Additional Atmospheric Conditions;10;Cloudy;0;No;0;Not Applicable;99;Unknown;99;Unknown;99;Unknown EMS Scene Arrival Hour;99;Unknown EMS Scene Arrival Minutes;99;Unknown;99;Unknown EMS Hospital Arrival Time;0;None;0;None;0;None;1;0
42;Pennsylvania;420150;1;1;0;0;1;1;0;3;ALLEGHENY (3);6600;PITTSBURGH;3;3;3;March;2019;1;Sunday;16;4:00pm-4:59pm;38;38;0;This section IS NOT on the NHS;6;Local Street - Municipality;2ND AVE;MUNICIPAL COURTS DR;2;Urban;7;Local;4;City or Municipal Highway Agency;0;None;40.43563889;40.43563889;-79.99473333;-79.99473333;0;No Special Jurisdiction;21;Bridge Pier or Support;0;The First Harmful Event was Not a Collision with a Motor Vehicle in Transport;0;No;3;Intersection-Related;3;T-Intersection;0;None;4;On Roadside;3;Dark - Lighted;4;Snow;0;No Additional Atmospheric Conditions;4;Snow;0;No;0;Not Applicable;16;4:00pm-4:59pm;36;36;16;4:00pm-4:59pm;42;42;17;5:00pm-5:59pm;8;8;0;None;0;None;0;None;1;1
42;Pennsylvania;420159;1;1;0;1;1;1;1;101;PHILADELPHIA (101);6540;PHILADELPHIA;26;26;1;January;2019;7;Saturday;6;6:00am-6:59am;4;4;0;This section IS NOT on the NHS;6;Local Street - Municipality;SAUL ST;BRILL ST;2;Urban;7;Local;4;City or Municipal Highway Agency;0;None;40.02603056;40.02603056;-75.07955556;-75.07955556;0;No Special Jurisdiction;8;Pedestrian;0;The First Harmful Event was Not a Collision with a Motor Vehicle in Transport;0;No;3;Intersection-Related;3;T-Intersection;0;None;1;On Roadway;3;Dark - Lighted;98;Not Reported;0;No Additional Atmospheric Conditions;98;Not Reported;0;No;0;Not Applicable;6;6:00am-6:59am;3;3;6;6:00am-6:59am;8;8;6;6:00am-6:59am;25;25;0;None;0;None;0;None;1;0
42;Pennsylvania;420193;2;2;0;0;2;2;0;105;POTTER (105);0;NOT APPLICABLE;14;14;4;April;2019;1;Sunday;9;9:00am-9:59am;31;31;0;This section IS NOT on the NHS;3;State Highway;SR-49 HARRISON VALLEY RD;TEED HOLLOW RD;1;Rural;4;Minor Arterial;1;State Highway Agency;252;252;41.91458056;41.91458056;-77.61004444;-77.61004444;0;No Special Jurisdiction;12;Motor Vehicle In-Transport;6;Angle;0;No;2;Intersection;3;T-Intersection;0;None;1;On Roadway;1;Daylight;98;Not Reported;0;No Additional Atmospheric Conditions;98;Not Reported;0;No;0;Not Applicable;99;Unknown;99;Unknown;99;Unknown EMS Scene Arrival Hour;99;Unknown EMS Scene Arrival Minutes;99;Unknown;99;Unknown EMS Hospital Arrival Time;0;None;0;None;0;None;1;0
42;Pennsylvania;420245;2;2;0;0;2;2;0;101;PHILADELPHIA (101);6540;PHILADELPHIA;7;7;5;May;2019;3;Tuesday;19;7:00pm-7:59pm;27;27;0;This section IS NOT on the NHS;3;State Highway;SR-1007 TACONY ST;FRALEY ST;2;Urban;4;Minor Arterial;1;State Highway Agency;13;13;40.00965;40.00965;-75.06414722;-75.06414722;0;No Special Jurisdiction;12;Motor Vehicle In-Transport;6;Angle;0;No;2;Intersection;3;T-Intersection;0;None;1;On Roadway;5;Dusk;98;Not Reported;0;No Additional Atmospheric Conditions;98;Not Reported;0;No;0;Not Applicable;99;Unknown;99;Unknown;99;Unknown EMS Scene Arrival Hour;99;Unknown EMS Scene Arrival Minutes;88;Not Applicable (Not Transported);88;Not Applicable (Not Transported);0;None;0;None;0;None;1;0
42;Pennsylvania;420248;1;1;0;1;1;1;1;101;PHILADELPHIA (101);6540;PHILADELPHIA;21;21;5;May;2019;3;Tuesday;18;6:00pm-6:59pm;50;50;0;This section IS NOT on the NHS;6;Local Street - Municipality;LETTERLY ST;JASPER ST;2;Urban;7;Local;4;City or Municipal Highway Agency;0;None;39.98621389;39.98621389;-75.12928889;-75.12928889;0;No Special Jurisdiction;8;Pedestrian;0;The First Harmful Event was Not a Collision with a Motor Vehicle in Transport;0;No;3;Intersection-Related;3;T-Intersection;0;None;1;On Roadway;1;Daylight;98;Not Reported;0;No Additional Atmospheric Conditions;98;Not Reported;0;No;0;Not Applicable;99;Unknown;99;Unknown;99;Unknown EMS Scene Arrival Hour;99;Unknown EMS Scene Arrival Minutes;99;Unknown;99;Unknown EMS Hospital Arrival Time;0;None;0;None;0;None;1;0
42;Pennsylvania;420253;3;3;0;0;3;3;0;91;MONTGOMERY (91);0;NOT APPLICABLE;13;13;5;May;2019;2;Monday;21;9:00pm-9:59pm;32;32;1;This section IS ON the NHS;3;State Highway;SR-232 HUNTINGDON PIKE;OAK HILL DR;2;Urban;3;Principal Arterial - Other;1;State Highway Agency;25;25;40.10956111;40.10956111;-75.07905278;-75.07905278;0;No Special Jurisdiction;12;Motor Vehicle In-Transport;6;Angle;0;No;2;Intersection;3;T-Intersection;0;None;1;On Roadway;3;Dark - Lighted;98;Not Reported;0;No Additional Atmospheric Conditions;98;Not Reported;0;No;0;Not Applicable;21;9:00pm-9:59pm;32;32;21;9:00pm-9:59pm;40;40;22;10:00pm-10:59pm;4;4;0;None;0;None;0;None;1;0
42;Pennsylvania;420258;2;2;0;0;2;2;0;95;NORTHAMPTON (95);660;BETHLEHEM;13;13;5;May;2019;2;Monday;9;9:00am-9:59am;32;32;1;This section IS ON the NHS;3;State Highway;SR-3015 LINDEN ST;WESTBURY DR;2;Urban;3;Principal Arterial - Other;1;State Highway Agency;17;17;40.6525;40.6525;-75.35827778;-75.35827778;0;No Special Jurisdiction;12;Motor Vehicle In-Transport;6;Angle;0;No;2;Intersection;3;T-Intersection;0;None;1;On Roadway;1;Daylight;2;Rain;0;No Additional Atmospheric Conditions;2;Rain;0;No;0;Not Applicable;99;Unknown;99;Unknown;99;Unknown EMS Scene Arrival Hour;99;Unknown EMS Scene Arrival Minutes;99;Unknown;99;Unknown EMS Hospital Arrival Time;0;None;0;None;0;None;1;0
42;Pennsylvania;420261;2;2;0;0;2;2;0;133;YORK (133);0;NOT APPLICABLE;15;15;5;May;2019;4;Wednesday;11;11:00am-11:59am;26;26;0;This section IS NOT on the NHS;3;State Highway;SR-74 DELTA RD;SMITH RD;2;Urban;4;Minor Arterial;1;State Highway Agency;206;206;39.90125278;39.90125278;-76.57872778;-76.57872778;0;No Special Jurisdiction;12;Motor Vehicle In-Transport;6;Angle;0;No;2;Intersection;3;T-Intersection;0;None;1;On Roadway;1;Daylight;98;Not Reported;0;No Additional Atmospheric Conditions;98;Not Reported;0;No;0;Not Applicable;11;11:00am-11:59am;28;28;11;11:00am-11:59am;33;33;11;11:00am-11:59am;58;58;0;None;0;None;0;None;1;0
42;Pennsylvania;420270;2;2;0;0;2;2;0;81;LYCOMING (81);9380;WILLIAMSPORT;15;15;5;May;2019;4;Wednesday;14;2:00pm-2:59pm;23;23;0;This section IS NOT on the NHS;3;State Highway;SR-2014 FOURTH ST;TOWNCREST RD;2;Urban;4;Minor Arterial;1;State Highway Agency;13;13;41.23405278;41.23405278;-77.08624722;-77.08624722;0;No Special Jurisdiction;12;Motor Vehicle In-Transport;6;Angle;0;No;3;Intersection-Related;3;T-Intersection;0;None;1;On Roadway;1;Daylight;98;Not Reported;0;No Additional Atmospheric Conditions;98;Not Reported;0;No;0;Not Applicable;14;2:00pm-2:59pm;23;23;14;2:00pm-2:59pm;31;31;88;Not Applicable (Not Transported);88;Not Applicable (Not Transported);0;None;0;None;0;None;1;0
42;Pennsylvania;420294;1;1;0;1;1;1;1;21;CAMBRIA (21);3150;GEISTOWN;19;19;4;April;2019;6;Friday;12;12:00pm-12:59pm;33;33;1;This section IS ON the NHS;3;State Highway;SR-3016 BEDFORD ST;CHURCHILL ST;2;Urban;3;Principal Arterial - Other;1;State Highway Agency;34;34;40.29686667;40.29686667;-78.87619722;-78.87619722;0;No Special Jurisdiction;8;Pedestrian;0;The First Harmful Event was Not a Collision with a Motor Vehicle in Transport;0;No;3;Intersection-Related;3;T-Intersection;0;None;1;On Roadway;1;Daylight;98;Not Reported;0;No Additional Atmospheric Conditions;98;Not Reported;0;No;0;Not Applicable;12;12:00pm-12:59pm;35;35;13;1:00pm-1:59pm;24;24;88;Not Applicable (Not Transported);88;Not Applicable (Not Transported);0;None;0;None;0;None;1;0
42;Pennsylvania;420301;2;2;0;0;2;2;0;125;WASHINGTON (125);0;NOT APPLICABLE;11;11;6;June;2019;3;Tuesday;15;3:00pm-3:59pm;29;29;0;This section IS NOT on the NHS;2;U.S. Highway;US-40 CHESTNUT ST EXT;SHADY LN;2;Urban;5;Major Collector;99;Unknown;134;134;40.15467778;40.15467778;-80.29779722;-80.29779722;0;No Special Jurisdiction;12;Motor Vehicle In-Transport;6;Angle;0;No;2;Intersection;3;T-Intersection;0;None;1;On Roadway;1;Daylight;98;Not Reported;0;No Additional Atmospheric Conditions;98;Not Reported;0;No;0;Not Applicable;99;Unknown;99;Unknown;99;Unknown EMS Scene Arrival Hour;99;Unknown EMS Scene Arrival Minutes;99;Unknown;99;Unknown EMS Hospital Arrival Time;0;None;0;None;0;None;1;0
42;Pennsylvania;420302;1;1;0;0;1;1;0;5;ARMSTRONG (5);0;NOT APPLICABLE;8;8;6;June;2019;7;Saturday;11;11:00am-11:59am;57;57;0;This section IS NOT on the NHS;3;State Highway;SR-268 EAST BRADY RD;SR-4040 OLD BUTLER RD;2;Urban;4;Minor Arterial;1;State Highway Agency;19;19;40.82227222;40.82227222;-79.53577778;-79.53577778;0;No Special Jurisdiction;42;Tree (Standing Only);0;The First Harmful Event was Not a Collision with a Motor Vehicle in Transport;0;No;3;Intersection-Related;3;T-Intersection;0;None;4;On Roadside;1;Daylight;99;Reported as Unknown;0;No Additional Atmospheric Conditions;99;Reported as Unknown;0;No;0;Not Applicable;99;Unknown;99;Unknown;99;Unknown EMS Scene Arrival Hour;99;Unknown EMS Scene Arrival Minutes;88;Not Applicable (Not Transported);88;Not Applicable (Not Transported);0;None;0;None;0;None;1;1
42;Pennsylvania;420329;2;2;0;0;4;4;0;43;DAUPHIN (43);0;NOT APPLICABLE;12;12;7;July;2019;6;Friday;21;9:00pm-9:59pm;55;55;1;This section IS ON the NHS;2;U.S. Highway;US-22 WILLIAM PENN HW;SR-849 MARKET ST;1;Rural;3;Principal Arterial - Other;99;Unknown;16;16;40.40235833;40.40235833;-77.01051667;-77.01051667;0;No Special Jurisdiction;12;Motor Vehicle In-Transport;6;Angle;0;No;2;Intersection;3;T-Intersection;0;None;1;On Roadway;3;Dark - Lighted;98;Not Reported;0;No Additional Atmospheric Conditions;98;Not Reported;0;No;0;Not Applicable;21;9:00pm-9:59pm;53;53;22;10:00pm-10:59pm;0;0;22;10:00pm-10:59pm;18;18;0;None;0;None;0;None;1;0
42;Pennsylvania;420331;1;1;0;0;2;2;0;111;SOMERSET (111);0;NOT APPLICABLE;20;20;7;July;2019;7;Saturday;20;8:00pm-8:59pm;56;56;0;This section IS NOT on the NHS;3;State Highway;SR-985 SOMERSET PK;SR-4018 SAYLOR SCHOOL RD;1;Rural;4;Minor Arterial;1;State Highway Agency;181;181;40.27308611;40.27308611;-78.98017778;-78.98017778;0;No Special Jurisdiction;24;Guardrail Face;0;The First Harmful Event was Not a Collision with a Motor Vehicle in Transport;0;No;3;Intersection-Related;3;T-Intersection;0;None;4;On Roadside;2;Dark - Not Lighted;99;Reported as Unknown;0;No Additional Atmospheric Conditions;99;Reported as Unknown;0;No;0;Not Applicable;20;8:00pm-8:59pm;55;55;21;9:00pm-9:59pm;3;3;21;9:00pm-9:59pm;24;24;0;None;0;None;0;None;1;0
42;Pennsylvania;420333;2;2;0;0;6;6;0;11;BERKS (11);0;NOT APPLICABLE;3;3;6;June;2019;2;Monday;14;2:00pm-2:59pm;0;0;0;This section IS NOT on the NHS;3;State Highway;SR-183 BERNVILLED RD;SR-8010 RAMP B6 RD;1;Rural;4;Minor Arterial;1;State Highway Agency;181;181;40.49920833;40.49920833;-76.18510278;-76.18510278;0;No Special Jurisdiction;12;Motor Vehicle In-Transport;2;Front-to-Front;1;Yes;2;Intersection;3;T-Intersection;0;None;1;On Roadway;1;Daylight;98;Not Reported;0;No Additional Atmospheric Conditions;98;Not Reported;0;No;0;Not Applicable;99;Unknown;99;Unknown;99;Unknown EMS Scene Arrival Hour;99;Unknown EMS Scene Arrival Minutes;99;Unknown;99;Unknown EMS Hospital Arrival Time;0;None;0;None;0;None;2;0
42;Pennsylvania;420346;2;2;0;0;3;3;0;95;NORTHAMPTON (95);660;BETHLEHEM;24;24;7;July;2019;4;Wednesday;12;12:00pm-12:59pm;24;24;0;This section IS NOT on the NHS;6;Local Street - Municipality;STEFKO BLVD;GLENWOOD ST;2;Urban;7;Local;4;City or Municipal Highway Agency;0;None;40.64341389;40.64341389;-75.34576944;-75.34576944;0;No Special Jurisdiction;12;Motor Vehicle In-Transport;6;Angle;0;No;2;Intersection;3;T-Intersection;0;None;1;On Roadway;1;Daylight;98;Not Reported;0;No Additional Atmospheric Conditions;98;Not Reported;0;No;0;Not Applicable;99;Unknown;99;Unknown;99;Unknown EMS Scene Arrival Hour;99;Unknown EMS Scene Arrival Minutes;99;Unknown;99;Unknown EMS Hospital Arrival Time;0;None;0;None;0;None;1;0
42;Pennsylvania;420348;2;2;0;0;3;3;0;121;VENANGO (121);0;NOT APPLICABLE;23;23;7;July;2019;3;Tuesday;16;4:00pm-4:59pm;7;7;0;This section IS NOT on the NHS;3;State Highway;SR-417;CAMP WILBEA RD;1;Rural;4;Minor Arterial;1;State Highway Agency;69;69;41.49452222;41.49452222;-79.79444722;-79.79444722;0;No Special Jurisdiction;12;Motor Vehicle In-Transport;2;Front-to-Front;0;No;3;Intersection-Related;3;T-Intersection;0;None;1;On Roadway;1;Daylight;1;Clear;0;No Additional Atmospheric Conditions;1;Clear;0;No;0;Not Applicable;16;4:00pm-4:59pm;6;6;16;4:00pm-4:59pm;20;20;99;Unknown;99;Unknown EMS Hospital Arrival Time;0;None;0;None;0;None;1;0
42;Pennsylvania;420350;2;2;0;0;2;2;0;101;PHILADELPHIA (101);6540;PHILADELPHIA;25;25;7;July;2019;5;Thursday;14;2:00pm-2:59pm;15;15;0;This section IS NOT on the NHS;3;State Highway;SR-3015 SIXTYTHIRD ST;ARCH ST;2;Urban;4;Minor Arterial;1;State Highway Agency;41;41;39.96426111;39.96426111;-75.24641667;-75.24641667;0;No Special Jurisdiction;12;Motor Vehicle In-Transport;6;Angle;0;No;2;Intersection;3;T-Intersection;0;None;1;On Roadway;1;Daylight;98;Not Reported;0;No Additional Atmospheric Conditions;98;Not Reported;0;No;0;Not Applicable;14;2:00pm-2:59pm;15;15;14;2:00pm-2:59pm;20;20;14;2:00pm-2:59pm;50;50;0;None;0;None;0;None;1;0
42;Pennsylvania;420358;1;1;0;1;1;1;1;101;PHILADELPHIA (101);6540;PHILADELPHIA;5;5;7;July;2019;6;Friday;0;0:00am-0:59am;15;15;0;This section IS NOT on the NHS;3;State Highway;SR-2016 ALLEGHENY AVE;THIRD ST;2;Urban;4;Minor Arterial;1;State Highway Agency;29;29;39.99933889;39.99933889;-75.13566944;-75.13566944;0;No Special Jurisdiction;9;Pedalcyclist;0;The First Harmful Event was Not a Collision with a Motor Vehicle in Transport;0;No;2;Intersection;3;T-Intersection;0;None;1;On Roadway;3;Dark - Lighted;98;Not Reported;0;No Additional Atmospheric Conditions;98;Not Reported;0;No;0;Not Applicable;0;0:00am-0:59am;16;16;0;0:00am-0:59am;25;25;0;0:00am-0:59am;51;51;16;Non-occupant struck vehicle;0;None;0;None;1;0
42;Pennsylvania;420383;2;2;0;0;2;2;0;19;BUTLER (19);0;NOT APPLICABLE;2;2;6;June;2019;1;Sunday;16;4:00pm-4:59pm;12;12;1;This section IS ON the NHS;3;State Highway;SR-8015 RAMP D RD;SR-108 NEW CASTLE RD;1;Rural;1;Interstate;1;State Highway Agency;1049;1049;41.03793889;41.03793889;-80.12359722;-80.12359722;0;No Special Jurisdiction;12;Motor Vehicle In-Transport;6;Angle;1;Yes;2;Intersection;3;T-Intersection;0;None;1;On Roadway;3;Dark - Lighted;1;Clear;0;No Additional Atmospheric Conditions;1;Clear;0;No;0;Not Applicable;99;Unknown;99;Unknown;99;Unknown EMS Scene Arrival Hour;99;Unknown EMS Scene Arrival Minutes;99;Unknown;99;Unknown EMS Hospital Arrival Time;0;None;0;None;0;None;1;0
42;Pennsylvania;420391;1;1;0;1;1;1;1;127;WAYNE (127);3700;HONESDALE;26;26;8;August;2019;2;Monday;20;8:00pm-8:59pm;20;20;0;This section IS NOT on the NHS;6;Local Street - Municipality;8TH ST;US-6 MAIN ST;2;Urban;7;Local;4;City or Municipal Highway Agency;0;None;41.57210556;41.57210556;-75.2556;-75.2556;0;No Special Jurisdiction;15;Non-Motorist on Personal Conveyance;0;The First Harmful Event was Not a Collision with a Motor Vehicle in Transport;0;No;3;Intersection-Related;3;T-Intersection;0;None;1;On Roadway;3;Dark - Lighted;98;Not Reported;0;No Additional Atmospheric Conditions;98;Not Reported;0;No;0;Not Applicable;99;Unknown;99;Unknown;99;Unknown EMS Scene Arrival Hour;99;Unknown EMS Scene Arrival Minutes;99;Unknown;99;Unknown EMS Hospital Arrival Time;0;None;0;None;0;None;1;0
42;Pennsylvania;420393;2;2;0;0;3;3;0;1;ADAMS (1);0;NOT APPLICABLE;17;17;5;May;2019;6;Friday;13;1:00pm-1:59pm;1;1;0;This section IS NOT on the NHS;3;State Highway;SR-2029 HOFFMAN HOME RD;SPEELMAN KLINGER RD;1;Rural;7;Local;1;State Highway Agency;29;29;39.76494444;39.76494444;-77.16302778;-77.16302778;0;No Special Jurisdiction;12;Motor Vehicle In-Transport;6;Angle;0;No;2;Intersection;3;T-Intersection;0;None;1;On Roadway;1;Daylight;98;Not Reported;0;No Additional Atmospheric Conditions;98;Not Reported;0;No;0;Not Applicable;99;Unknown;99;Unknown;99;Unknown EMS Scene Arrival Hour;99;Unknown EMS Scene Arrival Minutes;99;Unknown;99;Unknown EMS Hospital Arrival Time;0;None;0;None;0;None;1;0