STATE;STATENAME;ST_CASE;VE_TOTAL;VE_FORMS;PVH_INVL;PEDS;PERSONS;PERMVIT;PERNOTMVIT;COUNTY;COUNTYNAME;CITY;CITYNAME;DAY;DAYNAME;MONTH;MONTHNAME;YEAR;DAY_WEEK;DAY_WEEKNAME;HOUR;HOURNAME;MINUTE;MINUTENAME;NHS;NHSNAME;ROUTE;ROUTENAME;TWAY_ID;TWAY_ID2;RUR_URB;RUR_URBNAME;FUNC_SYS;FUNC_SYSNAME;RD_OWNER;RD_OWNERNAME;MILEPT;MILEPTNAME;LATITUDE;LATITUDENAME;LONGITUD;LONGITUDNAME;SP_JUR;SP_JURNAME;HARM_EV;HARM_EVNAME;MAN_COLL;MAN_COLLNAME;RELJCT1;RELJCT1NAME;RELJCT2;RELJCT2NAME;TYP_INT;TYP_INTNAME;WRK_ZONE;WRK_ZONENAME;REL_ROAD;REL_ROADNAME;LGT_COND;LGT_CONDNAME;WEATHER1;WEATHER1NAME;WEATHER2;WEATHER2NAME;WEATHER;WEATHERNAME;SCH_BUS;SCH_BUSNAME;RAIL;RAILNAME;NOT_HOUR;NOT_HOURNAME;NOT_MIN;NOT_MINNAME;ARR_HOUR;ARR_HOURNAME;ARR_MIN;ARR_MINNAME;HOSP_HR;HOSP_HRNAME;HOSP_MN;HOSP_MNNAME;CF1;CF1NAME;CF2;CF2NAME;CF3;CF3NAME;FATALS;DRUNK_DR
42;Pennsylvania;420397;1;1;0;0;1;1;0;71;LANCASTER (71);0;NOT APPLICABLE;1;1;7;July;2019;2;Monday;17;5:00pm-5:59pm;25;25;0;This section IS NOT on the NHS;2;U.S. Highway;US-222 BEAVER VALLEY PK;HANS HERR RD;1;Rural;4;Minor Arterial;99;Unknown;233;233;39.99014722;39.99014722;-76.26513056;-76.26513056;0;No Special Jurisdiction;1;Rollover/Overturn;0;The First Harmful Event was Not a Collision with a Motor Vehicle in Transport;0;No;2;Intersection;3;T-Intersection;0;None;1;On Roadway;1;Daylight;98;Not Reported;0;No Additional Atmospheric Conditions;98;Not Reported;0;No;0;Not Applicable;17;5:00pm-5:59pm;30;30;17;5:00pm-5:59pm;32;32;88;Not Applicable (Not Transported);88;Not Applicable (Not Transported);0;None;0;None;0;None;1;0
42;Pennsylvania;420400;2;2;0;0;3;3;0;17;BUCKS (17);0;NOT APPLICABLE;10;10;7;July;2019;4;Wednesday;21;9:00pm-9:59pm;6;6;1;This section IS ON the NHS;3;State Highway;SR-132 STREET RD;PICKERING RD;2;Urban;3;Principal Arterial - Other;1;State Highway Agency;72;72;40.16642778;40.16642778;-75.02940833;-75.02940833;0;No Special Jurisdiction;12;Motor Vehicle In-Transport;6;Angle;0;No;2;Intersection;3;T-Intersection;0;None;1;On Roadway;3;Dark - Lighted;98;Not Reported;0;No Additional Atmospheric Conditions;98;Not Reported;0;No;0;Not Applicable;21;9:00pm-9:59pm;7;7;21;9:00pm-9:59pm;12;12;21;9:00pm-9:59pm;44;44;0;None;0;None;0;None;1;0
42;Pennsylvania;420410;2;2;0;0;2;2;0;125;WASHINGTON (125);4860;MARIANNA;17;17;7;July;2019;4;Wednesday;17;5:00pm-5:59pm;18;18;0;This section IS NOT on the NHS;3;State Highway;SR-2020 MAIN ST;ROSEWOOD AVE;1;Rural;5;Major Collector;1;State Highway Agency;115;115;40.02271389;40.02271389;-80.09173056;-80.09173056;0;No Special Jurisdiction;1;Rollover/Overturn;0;The First Harmful Event was Not a Collision with a Motor Vehicle in Transport;0;No;2;Intersection;3;T-Intersection;0;None;1;On Roadway;1;Daylight;98;Not Reported;0;No Additional Atmospheric Conditions;98;Not Reported;0;No;0;Not Applicable;17;5:00pm-5:59pm;16;16;17;5:00pm-5:59pm;33;33;18;6:00pm-6:59pm;32;32;14;Motor Vehicle struck by falling cargo,or something that came loose from or something that was set in motion by a vehicle;0;None;0;None;1;0
42;Pennsylvania;420416;2;2;0;0;2;2;0;11;BERKS (11);0;NOT APPLICABLE;14;14;6;June;2019;6;Friday;6;6:00am-6:59am;28;28;1;This section IS ON the NHS;3;State Highway;SR-724 REVERE BLVD;PRINCETON AVE;2;Urban;3;Principal Arterial - Other;1;State Highway Agency;18;18;40.31100556;40.31100556;-75.98830556;-75.98830556;0;No Special Jurisdiction;12;Motor Vehicle In-Transport;6;Angle;0;No;2;Intersection;3;T-Intersection;0;None;1;On Roadway;1;Daylight;98;Not Reported;0;No Additional Atmospheric Conditions;98;Not Reported;0;No;0;Not Applicable;99;Unknown;99;Unknown;99;Unknown EMS Scene Arrival Hour;99;Unknown EMS Scene Arrival Minutes;88;Not Applicable (Not Transported);88;Not Applicable (Not Transported);0;None;0;None;0;None;1;0
42;Pennsylvania;420439;1;1;0;0;1;1;0;125;WASHINGTON (125);0;NOT APPLICABLE;13;13;7;July;2019;7;Saturday;23;11:00pm-11:59pm;47;47;0;This section IS NOT on the NHS;3;State Highway;SR-1009 LOCUST AVE;FARLEY AVE;2;Urban;4;Minor Arterial;1;State Highway Agency;7;7;40.18558333;40.18558333;-80.24175;-80.24175;0;No Special Jurisdiction;1;Rollover/Overturn;0;The First Harmful Event was Not a Collision with a Motor Vehicle in Transport;0;No;2;Intersection;3;T-Intersection;0;None;1;On Roadway;2;Dark - Not Lighted;98;Not Reported;0;No Additional Atmospheric Conditions;98;Not Reported;0;No;0;Not Applicable;99;Unknown;99;Unknown;99;Unknown EMS Scene Arrival Hour;99;Unknown EMS Scene Arrival Minutes;99;Unknown;99;Unknown EMS Hospital Arrival Time;0;None;0;None;0;None;1;0
42;Pennsylvania;420440;1;1;0;0;1;1;0;3;ALLEGHENY (3);6600;PITTSBURGH;27;27;7;July;2019;7;Saturday;4;4:00am-4:59am;21;21;1;This section IS ON the NHS;3;State Highway;SR-8067 RAMP A-2/LIBERTY BRG;SR-2208 BL OF THE ALLIES;2;Urban;3;Principal Arterial - Other;1;State Highway Agency;1;1;40.43573611;40.43573611;-79.99448889;-79.99448889;0;No Special Jurisdiction;33;Curb;0;The First Harmful Event was Not a Collision with a Motor Vehicle in Transport;1;Yes;3;Intersection-Related;3;T-Intersection;0;None;4;On Roadside;3;Dark - Lighted;98;Not Reported;0;No Additional Atmospheric Conditions;98;Not Reported;0;No;0;Not Applicable;4;4:00am-4:59am;21;21;4;4:00am-4:59am;25;25;4;4:00am-4:59am;38;38;0;None;0;None;0;None;1;0
42;Pennsylvania;420456;1;1;0;0;2;2;0;17;BUCKS (17);0;NOT APPLICABLE;12;12;8;August;2019;2;Monday;11;11:00am-11:59am;54;54;0;This section IS NOT on the NHS;5;Local Street - Township;DAVISVILLE RD;STEPHEN RD;1;Rural;7;Local;3;Town or Township Highway Agency;0;None;40.18707778;40.18707778;-75.055;-75.055;0;No Special Jurisdiction;33;Curb;0;The First Harmful Event was Not a Collision with a Motor Vehicle in Transport;0;No;3;Intersection-Related;3;T-Intersection;0;None;4;On Roadside;1;Daylight;98;Not Reported;0;No Additional Atmospheric Conditions;98;Not Reported;0;No;0;Not Applicable;11;11:00am-11:59am;54;54;12;12:00pm-12:59pm;3;3;12;12:00pm-12:59pm;30;30;0;None;0;None;0;None;1;0
42;Pennsylvania;420464;2;2;0;2;1;1;2;39;CRAWFORD (39);0;NOT APPLICABLE;18;18;8;August;2019;1;Sunday;18;6:00pm-6:59pm;50;50;0;This section IS NOT on the NHS;3;State Highway;SR-98;CENTER RD;1;Rural;5;Major Collector;1;State Highway Agency;130;130;41.80328889;41.80328889;-80.24101111;-80.24101111;0;No Special Jurisdiction;43;Other Fixed Object;0;The First Harmful Event was Not a Collision with a Motor Vehicle in Transport;0;No;3;Intersection-Related;3;T-Intersection;0;None;1;On Roadway;1;Daylight;10;Cloudy;0;No Additional Atmospheric Conditions;10;Cloudy;0;No;0;Not Applicable;19;7:00pm-7:59pm;18;18;19;7:00pm-7:59pm;39;39;88;Not Applicable (Not Transported);88;Not Applicable (Not Transported);14;Motor Vehicle struck by falling cargo,or something that came loose from or something that was set in motion by a vehicle;15;Non-occupant struck by falling cargo, or something that came loose from, or something that was set in motion by a vehicle;19;Recent/Previous Crash scene Nearby;1;0
42;Pennsylvania;420470;1;1;0;1;1;1;1;5;ARMSTRONG (5);0;NOT APPLICABLE;1;1;8;August;2019;5;Thursday;5;5:00am-5:59am;26;26;1;This section IS ON the NHS;3;State Highway;SR-28;SR-1036 TROY HILL RD;1;Rural;3;Principal Arterial - Other;1;State Highway Agency;120;120;40.82086389;40.82086389;-79.48763889;-79.48763889;0;No Special Jurisdiction;15;Non-Motorist on Personal Conveyance;0;The First Harmful Event was Not a Collision with a Motor Vehicle in Transport;0;No;2;Intersection;3;T-Intersection;0;None;1;On Roadway;2;Dark - Not Lighted;5;Fog, Smog, Smoke;0;No Additional Atmospheric Conditions;5;Fog, Smog, Smoke;0;No;0;Not Applicable;99;Unknown;99;Unknown;99;Unknown EMS Scene Arrival Hour;99;Unknown EMS Scene Arrival Minutes;88;Not Applicable (Not Transported);88;Not Applicable (Not Transported);0;None;0;None;0;None;1;0
42;Pennsylvania;420480;1;1;0;1;1;1;1;71;LANCASTER (71);0;NOT APPLICABLE;23;23;9;September;2019;2;Monday;13;1:00pm-1:59pm;44;44;0;This section IS NOT on the NHS;6;Local Street - Municipality;STONE MILL RD;SCHOOL HOUSE RD;2;Urban;7;Local;4;City or Municipal Highway Agency;0;None;40.03186389;40.03186389;-76.34303056;-76.34303056;0;No Special Jurisdiction;8;Pedestrian;0;The First Harmful Event was Not a Collision with a Motor Vehicle in Transport;0;No;2;Intersection;3;T-Intersection;0;None;1;On Roadway;1;Daylight;98;Not Reported;0;No Additional Atmospheric Conditions;98;Not Reported;0;No;0;Not Applicable;13;1:00pm-1:59pm;45;45;13;1:00pm-1:59pm;47;47;14;2:00pm-2:59pm;3;3;0;None;0;None;0;None;1;0
42;Pennsylvania;420503;2;2;0;0;3;3;0;101;PHILADELPHIA (101);6540;PHILADELPHIA;3;3;9;September;2019;3;Tuesday;18;6:00pm-6:59pm;39;39;0;This section IS NOT on the NHS;3;State Highway;SR-4003 WISSAHICKON AVE;ABBOTTSFORD AVE;2;Urban;4;Minor Arterial;1;State Highway Agency;7;7;40.01799722;40.01799722;-75.17273889;-75.17273889;0;No Special Jurisdiction;12;Motor Vehicle In-Transport;6;Angle;0;No;2;Intersection;3;T-Intersection;0;None;1;On Roadway;1;Daylight;98;Not Reported;0;No Additional Atmospheric Conditions;98;Not Reported;0;No;0;Not Applicable;18;6:00pm-6:59pm;37;37;18;6:00pm-6:59pm;41;41;18;6:00pm-6:59pm;57;57;0;None;0;None;0;None;1;0
42;Pennsylvania;420506;2;2;0;0;2;2;0;11;BERKS (11);0;NOT APPLICABLE;27;27;9;September;2019;6;Friday;16;4:00pm-4:59pm;7;7;0;This section IS NOT on the NHS;5;Local Street - Township;N GARFIELD RD;SWISSDALE RD;1;Rural;7;Local;3;Town or Township Highway Agency;0;None;40.42910833;40.42910833;-76.09694444;-76.09694444;0;No Special Jurisdiction;12;Motor Vehicle In-Transport;6;Angle;0;No;2;Intersection;3;T-Intersection;0;None;1;On Roadway;1;Daylight;98;Not Reported;0;No Additional Atmospheric Conditions;98;Not Reported;0;No;0;Not Applicable;99;Unknown;99;Unknown;99;Unknown EMS Scene Arrival Hour;99;Unknown EMS Scene Arrival Minutes;99;Unknown;99;Unknown EMS Hospital Arrival Time;0;None;0;None;0;None;1;0
42;Pennsylvania;420516;1;1;0;1;3;3;1;49;ERIE (49);2640;ERIE;13;13;9;September;2019;6;Friday;22;10:00pm-10:59pm;50;50;1;This section IS ON the NHS;2;U.S. Highway;US-20 TWENTYSIXTH ST;SIGSBEE ST;2;Urban;3;Principal Arterial - Other;99;Unknown;257;257;42.10748056;42.10748056;-80.08565;-80.08565;0;No Special Jurisdiction;8;Pedestrian;0;The First Harmful Event was Not a Collision with a Motor Vehicle in Transport;0;No;3;Intersection-Related;3;T-Intersection;0;None;1;On Roadway;2;Dark - Not Lighted;2;Rain;0;No Additional Atmospheric Conditions;2;Rain;0;No;0;Not Applicable;22;10:00pm-10:59pm;56;56;23;11:00pm-11:59pm;1;1;23;11:00pm-11:59pm;42;42;0;None;0;None;0;None;1;1
42;Pennsylvania;420526;1;1;0;0;2;2;0;63;INDIANA (63);0;NOT APPLICABLE;7;7;9;September;2019;7;Saturday;2;2:00am-2:59am;59;59;0;This section IS NOT on the NHS;5;Local Street - Township;OFMAN RD;SHELLBARK RD;1;Rural;7;Local;3;Town or Township Highway Agency;0;None;40.46843889;40.46843889;-79.07062778;-79.07062778;0;No Special Jurisdiction;18;Other Object (not fixed);0;The First Harmful Event was Not a Collision with a Motor Vehicle in Transport;0;No;3;Intersection-Related;3;T-Intersection;0;None;5;Outside Trafficway;2;Dark - Not Lighted;98;Not Reported;0;No Additional Atmospheric Conditions;98;Not Reported;0;No;0;Not Applicable;99;Unknown;99;Unknown;99;Unknown EMS Scene Arrival Hour;99;Unknown EMS Scene Arrival Minutes;99;Unknown;99;Unknown EMS Hospital Arrival Time;0;None;0;None;0;None;1;1
42;Pennsylvania;420531;1;1;0;0;1;1;0;71;LANCASTER (71);0;NOT APPLICABLE;7;7;9;September;2019;7;Saturday;23;11:00pm-11:59pm;36;36;0;This section IS NOT on the NHS;3;State Highway;SR-4011 FRUITVILLE PIKE;GRANITE RUN DR;2;Urban;4;Minor Arterial;1;State Highway Agency;17;17;40.07755;40.07755;-76.32690278;-76.32690278;0;No Special Jurisdiction;33;Curb;0;The First Harmful Event was Not a Collision with a Motor Vehicle in Transport;0;No;3;Intersection-Related;3;T-Intersection;0;None;4;On Roadside;2;Dark - Not Lighted;98;Not Reported;0;No Additional Atmospheric Conditions;98;Not Reported;0;No;0;Not Applicable;99;Unknown;99;Unknown;99;Unknown EMS Scene Arrival Hour;99;Unknown EMS Scene Arrival Minutes;99;Unknown;99;Unknown EMS Hospital Arrival Time;0;None;0;None;0;None;1;1
42;Pennsylvania;420561;2;2;0;0;4;4;0;55;FRANKLIN (55);0;NOT APPLICABLE;17;17;6;June;2019;2;Monday;16;4:00pm-4:59pm;18;18;0;This section IS NOT on the NHS;3;State Highway;SR-316 WAYNE HWY;SR-2019 FIVE FORKS RD;1;Rural;4;Minor Arterial;1;State Highway Agency;66;66;39.80129167;39.80129167;-77.60867222;-77.60867222;0;No Special Jurisdiction;12;Motor Vehicle In-Transport;6;Angle;0;No;2;Intersection;3;T-Intersection;0;None;1;On Roadway;1;Daylight;1;Clear;0;No Additional Atmospheric Conditions;1;Clear;0;No;0;Not Applicable;16;4:00pm-4:59pm;18;18;16;4:00pm-4:59pm;25;25;17;5:00pm-5:59pm;3;3;0;None;0;None;0;None;1;0
42;Pennsylvania;420576;2;2;0;0;4;4;0;9;BEDFORD (9);0;NOT APPLICABLE;1;1;6;June;2019;7;Saturday;13;1:00pm-1:59pm;10;10;1;This section IS ON the NHS;2;U.S. Highway;US-30 LINCOLN HWY;SR-4022 POINT RD;1;Rural;3;Principal Arterial - Other;99;Unknown;117;117;40.04179444;40.04179444;-78.56580833;-78.56580833;0;No Special Jurisdiction;12;Motor Vehicle In-Transport;6;Angle;0;No;2;Intersection;3;T-Intersection;0;None;1;On Roadway;1;Daylight;98;Not Reported;0;No Additional Atmospheric Conditions;98;Not Reported;0;No;0;Not Applicable;13;1:00pm-1:59pm;18;18;13;1:00pm-1:59pm;30;30;99;Unknown;99;Unknown EMS Hospital Arrival Time;0;None;0;None;0;None;1;0
42;Pennsylvania;420581;2;2;0;0;3;3;0;75;LEBANON (75);0;NOT APPLICABLE;13;13;7;July;2019;7;Saturday;15;3:00pm-3:59pm;9;9;0;This section IS NOT on the NHS;3;State Highway;SR-934 BELLEGROVE RD;CLEAR SPRING RD;1;Rural;5;Major Collector;1;State Highway Agency;59;59;40.352475;40.352475;-76.54483611;-76.54483611;0;No Special Jurisdiction;12;Motor Vehicle In-Transport;6;Angle;0;No;2;Intersection;3;T-Intersection;0;None;1;On Roadway;1;Daylight;98;Not Reported;0;No Additional Atmospheric Conditions;98;Not Reported;0;No;0;Not Applicable;15;3:00pm-3:59pm;15;15;15;3:00pm-3:59pm;28;28;16;4:00pm-4:59pm;2;2;0;None;0;None;0;None;1;0
42;Pennsylvania;420583;1;1;0;1;1;1;1;101;PHILADELPHIA (101);6540;PHILADELPHIA;31;31;8;August;2019;7;Saturday;11;11:00am-11:59am;49;49;1;This section IS ON the NHS;3;State Highway;SR-2014 LEHIGH AVE;EIGHTEENTH ST;2;Urban;3;Principal Arterial - Other;1;State Highway Agency;14;14;39.99475556;39.99475556;-75.16096111;-75.16096111;0;No Special Jurisdiction;8;Pedestrian;0;The First Harmful Event was Not a Collision with a Motor Vehicle in Transport;0;No;2;Intersection;3;T-Intersection;0;None;1;On Roadway;1;Daylight;98;Not Reported;0;No Additional Atmospheric Conditions;98;Not Reported;0;No;0;Not Applicable;11;11:00am-11:59am;50;50;11;11:00am-11:59am;55;55;12;12:00pm-12:59pm;11;11;0;None;0;None;0;None;1;0
42;Pennsylvania;420586;2;2;0;0;2;2;0;101;PHILADELPHIA (101);6540;PHILADELPHIA;25;25;7;July;2019;5;Thursday;21;9:00pm-9:59pm;50;50;1;This section IS ON the NHS;3;State Highway;SR-1002 CRESCENTVILLE RD;WALNUT PARK DR;2;Urban;3;Principal Arterial - Other;1;State Highway Agency;16;16;40.04635556;40.04635556;-75.11256944;-75.11256944;0;No Special Jurisdiction;12;Motor Vehicle In-Transport;1;Front-to-Rear;0;No;2;Intersection;3;T-Intersection;0;None;1;On Roadway;2;Dark - Not Lighted;98;Not Reported;0;No Additional Atmospheric Conditions;98;Not Reported;0;No;0;Not Applicable;21;9:00pm-9:59pm;59;59;22;10:00pm-10:59pm;4;4;23;11:00pm-11:59pm;1;1;0;None;0;None;0;None;1;1
42;Pennsylvania;420598;5;5;0;0;10;10;0;45;DELAWARE (45);0;NOT APPLICABLE;11;11;7;July;2019;5;Thursday;15;3:00pm-3:59pm;51;51;0;This section IS NOT on the NHS;2;U.S. Highway;US-13 CHESTER PK;SR-2013 SHARON AV;2;Urban;3;Principal Arterial - Other;99;Unknown;113;113;39.90866667;39.90866667;-75.27372222;-75.27372222;0;No Special Jurisdiction;12;Motor Vehicle In-Transport;6;Angle;0;No;2;Intersection;3;T-Intersection;0;None;1;On Roadway;1;Daylight;98;Not Reported;0;No Additional Atmospheric Conditions;98;Not Reported;0;No;0;Not Applicable;15;3:00pm-3:59pm;54;54;16;4:00pm-4:59pm;1;1;16;4:00pm-4:59pm;22;22;0;None;0;None;0;None;1;0
42;Pennsylvania;420599;3;2;1;0;4;3;1;43;DAUPHIN (43);0;NOT APPLICABLE;14;14;10;October;2019;2;Monday;11;11:00am-11:59am;6;6;1;This section IS ON the NHS;2;U.S. Highway;US-22 ALLENTOWN BL;LINCOLN ST;2;Urban;3;Principal Arterial - Other;99;Unknown;209;209;40.32024722;40.32024722;-76.79266389;-76.79266389;0;No Special Jurisdiction;12;Motor Vehicle In-Transport;6;Angle;0;No;2;Intersection;3;T-Intersection;0;None;1;On Roadway;1;Daylight;98;Not Reported;0;No Additional Atmospheric Conditions;98;Not Reported;0;No;0;Not Applicable;11;11:00am-11:59am;6;6;11;11:00am-11:59am;12;12;11;11:00am-11:59am;50;50;0;None;0;None;0;None;1;0
42;Pennsylvania;420605;2;2;0;0;5;5;0;17;BUCKS (17);9550;YARDLEY;22;22;9;September;2019;1;Sunday;14;2:00pm-2:59pm;18;18;1;This section IS ON the NHS;3;State Highway;SR-32 DELAWARE AVE;LETCHWORTH AVE;2;Urban;3;Principal Arterial - Other;1;State Highway Agency;51;51;40.24169444;40.24169444;-74.82818611;-74.82818611;0;No Special Jurisdiction;12;Motor Vehicle In-Transport;6;Angle;0;No;2;Intersection;3;T-Intersection;0;None;1;On Roadway;1;Daylight;98;Not Reported;0;No Additional Atmospheric Conditions;98;Not Reported;0;No;0;Not Applicable;99;Unknown;99;Unknown;99;Unknown EMS Scene Arrival Hour;99;Unknown EMS Scene Arrival Minutes;99;Unknown;99;Unknown EMS Hospital Arrival Time;0;None;0;None;0;None;1;0
42;Pennsylvania;420632;1;1;0;1;1;1;1;71;LANCASTER (71);1550;COLUMBIA;16;16;5;May;2019;5;Thursday;23;11:00pm-11:59pm;45;45;0;This section IS NOT on the NHS;3;State Highway;SR-0462 LANCASTER AVE;NINTH ST;2;Urban;4;Minor Arterial;1;State Highway Agency;22;22;40.03191944;40.03191944;-76.491525;-76.491525;0;No Special Jurisdiction;8;Pedestrian;0;The First Harmful Event was Not a Collision with a Motor Vehicle in Transport;0;No;2;Intersection;3;T-Intersection;0;None;1;On Roadway;3;Dark - Lighted;98;Not Reported;0;No Additional Atmospheric Conditions;98;Not Reported;0;No;0;Not Applicable;99;Unknown;99;Unknown;99;Unknown EMS Scene Arrival Hour;99;Unknown EMS Scene Arrival Minutes;88;Not Applicable (Not Transported);88;Not Applicable (Not Transported);0;None;0;None;0;None;1;0
42;Pennsylvania;420652;2;2;0;0;2;2;0;17;BUCKS (17);0;NOT APPLICABLE;26;26;10;October;2019;7;Saturday;12;12:00pm-12:59pm;46;46;0;This section IS NOT on the NHS;5;Local Street - Township;WISTAR RD;QUEEN ANNE DR;1;Rural;7;Local;3;Town or Township Highway Agency;0;None;40.16226389;40.16226389;-74.85298333;-74.85298333;0;No Special Jurisdiction;12;Motor Vehicle In-Transport;6;Angle;0;No;2;Intersection;3;T-Intersection;0;None;1;On Roadway;1;Daylight;98;Not Reported;0;No Additional Atmospheric Conditions;98;Not Reported;0;No;0;Not Applicable;99;Unknown;99;Unknown;99;Unknown EMS Scene Arrival Hour;99;Unknown EMS Scene Arrival Minutes;99;Unknown;99;Unknown EMS Hospital Arrival Time;0;None;0;None;0;None;1;0
42;Pennsylvania;420670;1;1;0;1;1;1;1;101;PHILADELPHIA (101);6540;PHILADELPHIA;26;26;10;October;2019;7;Saturday;14;2:00pm-2:59pm;46;46;0;This section IS NOT on the NHS;6;Local Street - Municipality;BERKS ST;FRANKLIN ST;2;Urban;7;Local;4;City or Municipal Highway Agency;0;None;39.98038889;39.98038889;-75.147;-75.147;0;No Special Jurisdiction;8;Pedestrian;0;The First Harmful Event was Not a Collision with a Motor Vehicle in Transport;0;No;2;Intersection;3;T-Intersection;0;None;1;On Roadway;1;Daylight;98;Not Reported;0;No Additional Atmospheric Conditions;98;Not Reported;0;No;0;Not Applicable;99;Unknown;99;Unknown;15;3:00pm-3:59pm;2;2;99;Unknown;99;Unknown EMS Hospital Arrival Time;20;Police Pursuit Involved;0;None;0;None;1;0
42;Pennsylvania;420693;1;1;0;1;2;2;1;19;BUTLER (19);1747;CRANBERRY TOWNSHIP;8;8;12;December;2019;1;Sunday;18;6:00pm-6:59pm;41;41;1;This section IS ON the NHS;2;U.S. Highway;US-19 PERRY HW;SAINT FRANCIS WY;2;Urban;3;Principal Arterial - Other;99;Unknown;5;5;40.68200556;40.68200556;-80.10051111;-80.10051111;0;No Special Jurisdiction;8;Pedestrian;0;The First Harmful Event was Not a Collision with a Motor Vehicle in Transport;0;No;2;Intersection;3;T-Intersection;0;None;1;On Roadway;3;Dark - Lighted;98;Not Reported;0;No Additional Atmospheric Conditions;98;Not Reported;0;No;0;Not Applicable;18;6:00pm-6:59pm;42;42;18;6:00pm-6:59pm;50;50;19;7:00pm-7:59pm;30;30;0;None;0;None;0;None;1;0
42;Pennsylvania;420704;2;2;0;0;2;2;0;17;BUCKS (17);0;NOT APPLICABLE;15;15;11;November;2019;6;Friday;5;5:00am-5:59am;54;54;1;This section IS ON the NHS;3;State Highway;SR-2006 NEW FALLS RD;INDIAN CREEK PASS RD;2;Urban;3;Principal Arterial - Other;1;State Highway Agency;21;21;40.14248056;40.14248056;-74.872575;-74.872575;0;No Special Jurisdiction;12;Motor Vehicle In-Transport;6;Angle;0;No;2;Intersection;3;T-Intersection;0;None;1;On Roadway;4;Dawn;98;Not Reported;0;No Additional Atmospheric Conditions;98;Not Reported;0;No;0;Not Applicable;5;5:00am-5:59am;54;54;5;5:00am-5:59am;59;59;6;6:00am-6:59am;27;27;0;None;0;None;0;None;1;0
42;Pennsylvania;420707;2;2;0;0;2;2;0;101;PHILADELPHIA (101);6540;PHILADELPHIA;31;31;8;August;2019;7;Saturday;11;11:00am-11:59am;28;28;1;This section IS ON the NHS;3;State Highway;SR-3015 COBBS CREEK PKWY;WEBSTER ST;2;Urban;3;Principal Arterial - Other;1;State Highway Agency;33;33;39.95087778;39.95087778;-75.24921944;-75.24921944;0;No Special Jurisdiction;12;Motor Vehicle In-Transport;6;Angle;0;No;2;Intersection;3;T-Intersection;0;None;1;On Roadway;1;Daylight;98;Not Reported;0;No Additional Atmospheric Conditions;98;Not Reported;0;No;0;Not Applicable;11;11:00am-11:59am;35;35;11;11:00am-11:59am;50;50;88;Not Applicable (Not Transported);88;Not Applicable (Not Transported);0;None;0;None;0;None;1;0
42;Pennsylvania;420708;2;2;0;0;2;2;0;91;MONTGOMERY (91);0;NOT APPLICABLE;19;19;9;September;2019;5;Thursday;9;9:00am-9:59am;23;23;0;This section IS NOT on the NHS;5;Local Street - Township;SCHOOL RD;CR-UNIONVILLE PIKE;1;Rural;7;Local;3;Town or Township Highway Agency;0;None;40.28950556;40.28950556;-75.29266111;-75.29266111;0;No Special Jurisdiction;12;Motor Vehicle In-Transport;6;Angle;0;No;2;Intersection;3;T-Intersection;0;None;1;On Roadway;1;Daylight;98;Not Reported;0;No Additional Atmospheric Conditions;98;Not Reported;0;No;0;Not Applicable;10;10:00am-10:59am;15;15;10;10:00am-10:59am;31;31;10;10:00am-10:59am;57;57;0;None;0;None;0;None;1;0
42;Pennsylvania;420710;2;2;0;0;4;4;0;107;SCHUYLKILL (107);0;NOT APPLICABLE;29;29;9;September;2019;1;Sunday;14;2:00pm-2:59pm;9;9;0;This section IS NOT on the NHS;3;State Highway;SR-901 SUNBURY RD;SR-4020 DEEP CREEK RD;1;Rural;4;Minor Arterial;1;State Highway Agency;36;36;40.72758611;40.72758611;-76.39172778;-76.39172778;0;No Special Jurisdiction;12;Motor Vehicle In-Transport;6;Angle;0;No;2;Intersection;3;T-Intersection;0;None;1;On Roadway;1;Daylight;98;Not Reported;0;No Additional Atmospheric Conditions;98;Not Reported;0;No;0;Not Applicable;99;Unknown;99;Unknown;99;Unknown EMS Scene Arrival Hour;99;Unknown EMS Scene Arrival Minutes;99;Unknown;99;Unknown EMS Hospital Arrival Time;0;None;0;None;0;None;1;0
42;Pennsylvania;420714;1;1;0;1;1;1;1;15;BRADFORD (15);7410;SAYRE;12;12;11;November;2019;3;Tuesday;18;6:00pm-6:59pm;24;24;0;This section IS NOT on the NHS;6;Local Street - Municipality;S WILBUR AVE;PARK PL;2;Urban;7;Local;4;City or Municipal Highway Agency;0;None;41.98035833;41.98035833;-76.51880833;-76.51880833;0;No Special Jurisdiction;8;Pedestrian;0;The First Harmful Event was Not a Collision with a Motor Vehicle in Transport;0;No;3;Intersection-Related;3;T-Intersection;0;None;1;On Roadway;3;Dark - Lighted;98;Not Reported;0;No Additional Atmospheric Conditions;98;Not Reported;0;No;0;Not Applicable;18;6:00pm-6:59pm;29;29;18;6:00pm-6:59pm;32;32;18;6:00pm-6:59pm;37;37;0;None;0;None;0;None;1;0
42;Pennsylvania;420718;2;2;0;0;2;2;0;129;WESTMORELAND (129);0;NOT APPLICABLE;15;15;11;November;2019;6;Friday;12;12:00pm-12:59pm;6;6;1;This section IS ON the NHS;3;State Highway;SR-66 FREEPORT RD;SR-8044 RAMP RD;2;Urban;3;Principal Arterial - Other;1;State Highway Agency;168;168;40.52840278;40.52840278;-79.59823333;-79.59823333;0;No Special Jurisdiction;12;Motor Vehicle In-Transport;11;Other;1;Yes;3;Intersection-Related;3;T-Intersection;0;None;1;On Roadway;1;Daylight;98;Not Reported;0;No Additional Atmospheric Conditions;98;Not Reported;0;No;0;Not Applicable;99;Unknown;99;Unknown;99;Unknown EMS Scene Arrival Hour;99;Unknown EMS Scene Arrival Minutes;99;Unknown;99;Unknown EMS Hospital Arrival Time;0;None;0;None;0;None;1;0