STATE;STATENAME;ST_CASE;VE_TOTAL;VE_FORMS;PVH_INVL;PEDS;PERSONS;PERMVIT;PERNOTMVIT;COUNTY;COUNTYNAME;CITY;CITYNAME;DAY;DAYNAME;MONTH;MONTHNAME;YEAR;DAY_WEEK;DAY_WEEKNAME;HOUR;HOURNAME;MINUTE;MINUTENAME;NHS;NHSNAME;ROUTE;ROUTENAME;TWAY_ID;TWAY_ID2;RUR_URB;RUR_URBNAME;FUNC_SYS;FUNC_SYSNAME;RD_OWNER;RD_OWNERNAME;MILEPT;MILEPTNAME;LATITUDE;LATITUDENAME;LONGITUD;LONGITUDNAME;SP_JUR;SP_JURNAME;HARM_EV;HARM_EVNAME;MAN_COLL;MAN_COLLNAME;RELJCT1;RELJCT1NAME;RELJCT2;RELJCT2NAME;TYP_INT;TYP_INTNAME;WRK_ZONE;WRK_ZONENAME;REL_ROAD;REL_ROADNAME;LGT_COND;LGT_CONDNAME;WEATHER1;WEATHER1NAME;WEATHER2;WEATHER2NAME;WEATHER;WEATHERNAME;SCH_BUS;SCH_BUSNAME;RAIL;RAILNAME;NOT_HOUR;NOT_HOURNAME;NOT_MIN;NOT_MINNAME;ARR_HOUR;ARR_HOURNAME;ARR_MIN;ARR_MINNAME;HOSP_HR;HOSP_HRNAME;HOSP_MN;HOSP_MNNAME;CF1;CF1NAME;CF2;CF2NAME;CF3;CF3NAME;FATALS;DRUNK_DR
42;Pennsylvania;420721;1;1;0;0;1;1;0;55;FRANKLIN (55);8920;WAYNESBORO;15;15;11;November;2019;6;Friday;13;1:00pm-1:59pm;8;8;0;This section IS NOT on the NHS;6;Local Street - Municipality;2ND ST;GRANT ST;2;Urban;7;Local;4;City or Municipal Highway Agency;0;None;39.75664722;39.75664722;-77.58274722;-77.58274722;0;No Special Jurisdiction;35;Embankment;0;The First Harmful Event was Not a Collision with a Motor Vehicle in Transport;0;No;3;Intersection-Related;3;T-Intersection;0;None;5;Outside Trafficway;1;Daylight;98;Not Reported;0;No Additional Atmospheric Conditions;98;Not Reported;0;No;0;Not Applicable;13;1:00pm-1:59pm;14;14;13;1:00pm-1:59pm;19;19;13;1:00pm-1:59pm;40;40;0;None;0;None;0;None;1;0
42;Pennsylvania;420755;1;1;0;0;1;1;0;101;PHILADELPHIA (101);6540;PHILADELPHIA;30;30;11;November;2019;7;Saturday;23;11:00pm-11:59pm;20;20;1;This section IS ON the NHS;2;U.S. Highway;US-1 CITY AVE;KINGS GRANT DR;2;Urban;3;Principal Arterial - Other;99;Unknown;32;32;40.00498889;40.00498889;-75.21832222;-75.21832222;0;No Special Jurisdiction;59;Traffic Sign Support;0;The First Harmful Event was Not a Collision with a Motor Vehicle in Transport;0;No;3;Intersection-Related;3;T-Intersection;0;None;4;On Roadside;3;Dark - Lighted;98;Not Reported;0;No Additional Atmospheric Conditions;98;Not Reported;0;No;0;Not Applicable;23;11:00pm-11:59pm;20;20;23;11:00pm-11:59pm;25;25;88;Not Applicable (Not Transported);88;Not Applicable (Not Transported);0;None;0;None;0;None;1;0
42;Pennsylvania;420776;1;1;0;0;1;1;0;117;TIOGA (117);0;NOT APPLICABLE;6;6;10;October;2019;1;Sunday;5;5:00am-5:59am;33;33;0;This section IS NOT on the NHS;3;State Highway;SR-328;BUTTON HILL RD;1;Rural;4;Minor Arterial;1;State Highway Agency;47;47;41.93501389;41.93501389;-77.02938889;-77.02938889;0;No Special Jurisdiction;35;Embankment;0;The First Harmful Event was Not a Collision with a Motor Vehicle in Transport;0;No;3;Intersection-Related;3;T-Intersection;0;None;4;On Roadside;2;Dark - Not Lighted;98;Not Reported;0;No Additional Atmospheric Conditions;98;Not Reported;0;No;0;Not Applicable;5;5:00am-5:59am;30;30;5;5:00am-5:59am;41;41;88;Not Applicable (Not Transported);88;Not Applicable (Not Transported);0;None;0;None;0;None;1;1
42;Pennsylvania;420777;2;2;0;0;3;3;0;11;BERKS (11);0;NOT APPLICABLE;26;26;12;December;2019;5;Thursday;12;12:00pm-12:59pm;36;36;1;This section IS ON the NHS;2;U.S. Highway;US-422 CONRAD WEISER PKWY;SR-3002 HIGH ST;2;Urban;3;Principal Arterial - Other;99;Unknown;49;49;40.36089167;40.36089167;-76.17414444;-76.17414444;0;No Special Jurisdiction;12;Motor Vehicle In-Transport;6;Angle;0;No;2;Intersection;3;T-Intersection;0;None;1;On Roadway;1;Daylight;98;Not Reported;0;No Additional Atmospheric Conditions;98;Not Reported;0;No;0;Not Applicable;99;Unknown;99;Unknown;99;Unknown EMS Scene Arrival Hour;99;Unknown EMS Scene Arrival Minutes;88;Not Applicable (Not Transported);88;Not Applicable (Not Transported);0;None;0;None;0;None;2;1
42;Pennsylvania;420779;2;2;0;0;3;3;0;79;LUZERNE (79);0;NOT APPLICABLE;25;25;1;January;2019;6;Friday;14;2:00pm-2:59pm;36;36;0;This section IS NOT on the NHS;3;State Highway;SR-2035 MAIN ST;RACHEL LN;2;Urban;5;Major Collector;1;State Highway Agency;119;119;41.32126667;41.32126667;-75.77005278;-75.77005278;0;No Special Jurisdiction;12;Motor Vehicle In-Transport;2;Front-to-Front;0;No;3;Intersection-Related;3;T-Intersection;0;None;1;On Roadway;1;Daylight;1;Clear;0;No Additional Atmospheric Conditions;1;Clear;0;No;0;Not Applicable;99;Unknown;99;Unknown;99;Unknown EMS Scene Arrival Hour;99;Unknown EMS Scene Arrival Minutes;99;Unknown;99;Unknown EMS Hospital Arrival Time;0;None;0;None;0;None;1;0
42;Pennsylvania;420785;3;3;0;0;4;4;0;29;CHESTER (29);0;NOT APPLICABLE;6;6;6;June;2019;5;Thursday;15;3:00pm-3:59pm;52;52;0;This section IS NOT on the NHS;5;Local Street - Township;GREENWOOD AVE;US-30 LANCASTER AVE;1;Rural;7;Local;3;Town or Township Highway Agency;267;267;40.04185;40.04185;-75.48657778;-75.48657778;0;No Special Jurisdiction;12;Motor Vehicle In-Transport;1;Front-to-Rear;0;No;3;Intersection-Related;3;T-Intersection;0;None;1;On Roadway;1;Daylight;98;Not Reported;0;No Additional Atmospheric Conditions;98;Not Reported;0;No;0;Not Applicable;99;Unknown;99;Unknown;99;Unknown EMS Scene Arrival Hour;99;Unknown EMS Scene Arrival Minutes;99;Unknown;99;Unknown EMS Hospital Arrival Time;0;None;0;None;0;None;1;0
42;Pennsylvania;420793;2;2;0;0;2;2;0;3;ALLEGHENY (3);0;NOT APPLICABLE;27;27;12;December;2019;6;Friday;0;0:00am-0:59am;46;46;1;This section IS ON the NHS;2;U.S. Highway;US-19 PERRY HWY;CR-THORN HILL RD;2;Urban;3;Principal Arterial - Other;99;Unknown;285;285;40.66733333;40.66733333;-80.09652778;-80.09652778;0;No Special Jurisdiction;12;Motor Vehicle In-Transport;6;Angle;0;No;2;Intersection;3;T-Intersection;0;None;1;On Roadway;3;Dark - Lighted;2;Rain;0;No Additional Atmospheric Conditions;2;Rain;0;No;0;Not Applicable;0;0:00am-0:59am;46;46;0;0:00am-0:59am;58;58;88;Not Applicable (Not Transported);88;Not Applicable (Not Transported);0;None;0;None;0;None;1;1
42;Pennsylvania;420800;2;2;0;0;4;4;0;101;PHILADELPHIA (101);6540;PHILADELPHIA;28;28;12;December;2019;7;Saturday;14;2:00pm-2:59pm;0;0;0;This section IS NOT on the NHS;3;State Highway;SR-1015 KNIGHTS RD;DORCHESTER RD;2;Urban;4;Minor Arterial;1;State Highway Agency;9;9;40.07689722;40.07689722;-74.97883056;-74.97883056;0;No Special Jurisdiction;12;Motor Vehicle In-Transport;6;Angle;0;No;2;Intersection;3;T-Intersection;0;None;1;On Roadway;1;Daylight;98;Not Reported;0;No Additional Atmospheric Conditions;98;Not Reported;0;No;0;Not Applicable;13;1:00pm-1:59pm;59;59;14;2:00pm-2:59pm;3;3;14;2:00pm-2:59pm;20;20;0;None;0;None;0;None;1;0
42;Pennsylvania;420802;2;2;0;0;2;2;0;51;FAYETTE (51);0;NOT APPLICABLE;30;30;12;December;2019;2;Monday;2;2:00am-2:59am;22;22;0;This section IS NOT on the NHS;3;State Highway;SR-0166 THORNTON RD;CREEK RD;2;Urban;4;Minor Arterial;1;State Highway Agency;184;184;39.97823056;39.97823056;-79.88030278;-79.88030278;0;No Special Jurisdiction;12;Motor Vehicle In-Transport;6;Angle;0;No;2;Intersection;3;T-Intersection;0;None;1;On Roadway;2;Dark - Not Lighted;98;Not Reported;0;No Additional Atmospheric Conditions;98;Not Reported;0;No;0;Not Applicable;99;Unknown;99;Unknown;99;Unknown EMS Scene Arrival Hour;99;Unknown EMS Scene Arrival Minutes;99;Unknown;99;Unknown EMS Hospital Arrival Time;0;None;0;None;0;None;1;1
42;Pennsylvania;420812;1;1;0;0;1;1;0;3;ALLEGHENY (3);0;NOT APPLICABLE;4;4;12;December;2019;4;Wednesday;23;11:00pm-11:59pm;2;2;1;This section IS ON the NHS;3;State Highway;SR-3109 UNIVERSITY BLVD;SR-51 STOOPS FERRY RD;2;Urban;3;Principal Arterial - Other;1;State Highway Agency;31;31;40.53789444;40.53789444;-80.20000833;-80.20000833;0;No Special Jurisdiction;30;Utility Pole/Light Support;0;The First Harmful Event was Not a Collision with a Motor Vehicle in Transport;0;No;3;Intersection-Related;3;T-Intersection;0;None;4;On Roadside;3;Dark - Lighted;2;Rain;0;No Additional Atmospheric Conditions;2;Rain;0;No;0;Not Applicable;99;Unknown;99;Unknown;99;Unknown EMS Scene Arrival Hour;99;Unknown EMS Scene Arrival Minutes;88;Not Applicable (Not Transported);88;Not Applicable (Not Transported);0;None;0;None;0;None;1;1
42;Pennsylvania;420830;2;2;0;0;2;2;0;129;WESTMORELAND (129);0;NOT APPLICABLE;27;27;11;November;2019;4;Wednesday;16;4:00pm-4:59pm;38;38;0;This section IS NOT on the NHS;3;State Highway;SR-0130;DONEGAL LAKE RD;1;Rural;6;Minor Collector;1;State Highway Agency;301;301;40.164525;40.164525;-79.35661111;-79.35661111;0;No Special Jurisdiction;12;Motor Vehicle In-Transport;6;Angle;0;No;2;Intersection;3;T-Intersection;0;None;1;On Roadway;1;Daylight;98;Not Reported;0;No Additional Atmospheric Conditions;98;Not Reported;0;No;0;Not Applicable;99;Unknown;99;Unknown;99;Unknown EMS Scene Arrival Hour;99;Unknown EMS Scene Arrival Minutes;88;Not Applicable (Not Transported);88;Not Applicable (Not Transported);0;None;0;None;0;None;1;0
42;Pennsylvania;420835;2;2;0;0;3;3;0;45;DELAWARE (45);2432;EDGEMONT;30;30;11;November;2019;7;Saturday;15;3:00pm-3:59pm;21;21;1;This section IS ON the NHS;3;State Highway;SR-0003 WEST CHESTER PIKE;SANDY FLASH DR;2;Urban;3;Principal Arterial - Other;1;State Highway Agency;1;1;39.97330556;39.97330556;-75.45880833;-75.45880833;0;No Special Jurisdiction;12;Motor Vehicle In-Transport;6;Angle;0;No;2;Intersection;3;T-Intersection;0;None;1;On Roadway;1;Daylight;98;Not Reported;0;No Additional Atmospheric Conditions;98;Not Reported;0;No;0;Not Applicable;15;3:00pm-3:59pm;15;15;15;3:00pm-3:59pm;20;20;16;4:00pm-4:59pm;0;0;0;None;0;None;0;None;2;0
42;Pennsylvania;420842;3;3;0;0;6;6;0;75;LEBANON (75);4340;LEBANON;19;19;12;December;2019;5;Thursday;11;11:00am-11:59am;48;48;0;This section IS NOT on the NHS;6;Local Street - Municipality;COLEBROOK RD;QUENTIN RD;2;Urban;7;Local;4;City or Municipal Highway Agency;0;None;40.32604722;40.32604722;-76.42642778;-76.42642778;0;No Special Jurisdiction;12;Motor Vehicle In-Transport;1;Front-to-Rear;0;No;3;Intersection-Related;3;T-Intersection;0;None;1;On Roadway;1;Daylight;98;Not Reported;0;No Additional Atmospheric Conditions;98;Not Reported;0;No;0;Not Applicable;11;11:00am-11:59am;53;53;11;11:00am-11:59am;56;56;12;12:00pm-12:59pm;32;32;0;None;0;None;0;None;1;0
42;Pennsylvania;420843;2;2;0;0;4;4;0;71;LANCASTER (71);0;NOT APPLICABLE;16;16;7;July;2019;3;Tuesday;11;11:00am-11:59am;55;55;0;This section IS NOT on the NHS;3;State Highway;SR-2029 STRASBURG PK;MILLPORT RD;2;Urban;5;Major Collector;1;State Highway Agency;82;82;40.02983611;40.02983611;-76.24400833;-76.24400833;0;No Special Jurisdiction;12;Motor Vehicle In-Transport;6;Angle;0;No;2;Intersection;3;T-Intersection;0;None;1;On Roadway;1;Daylight;98;Not Reported;0;No Additional Atmospheric Conditions;98;Not Reported;0;No;0;Not Applicable;11;11:00am-11:59am;57;57;12;12:00pm-12:59pm;5;5;12;12:00pm-12:59pm;27;27;0;None;0;None;0;None;1;0
42;Pennsylvania;420845;3;3;0;1;5;5;1;91;MONTGOMERY (91);0;NOT APPLICABLE;16;16;12;December;2019;2;Monday;17;5:00pm-5:59pm;15;15;0;This section IS NOT on the NHS;3;State Highway;SR-2029 OLD WELSH RD;CUMMINGS AVE;2;Urban;5;Major Collector;1;State Highway Agency;12;12;40.14043611;40.14043611;-75.12805833;-75.12805833;0;No Special Jurisdiction;8;Pedestrian;0;The First Harmful Event was Not a Collision with a Motor Vehicle in Transport;0;No;3;Intersection-Related;3;T-Intersection;0;None;1;On Roadway;3;Dark - Lighted;2;Rain;10;Cloudy;2;Rain;0;No;0;Not Applicable;99;Unknown;99;Unknown;99;Unknown EMS Scene Arrival Hour;99;Unknown EMS Scene Arrival Minutes;99;Unknown;99;Unknown EMS Hospital Arrival Time;0;None;0;None;0;None;1;0
42;Pennsylvania;420854;3;3;0;0;3;3;0;89;MONROE (89);0;NOT APPLICABLE;25;25;9;September;2019;4;Wednesday;15;3:00pm-3:59pm;2;2;1;This section IS ON the NHS;3;State Highway;SR-3017 HAMILTON SOUTH ST;SR-8017 RAMP F RD;1;Rural;3;Principal Arterial - Other;1;State Highway Agency;26;26;40.88990278;40.88990278;-75.31348611;-75.31348611;0;No Special Jurisdiction;12;Motor Vehicle In-Transport;6;Angle;1;Yes;2;Intersection;3;T-Intersection;0;None;1;On Roadway;1;Daylight;98;Not Reported;0;No Additional Atmospheric Conditions;98;Not Reported;0;No;0;Not Applicable;99;Unknown;99;Unknown;99;Unknown EMS Scene Arrival Hour;99;Unknown EMS Scene Arrival Minutes;99;Unknown;99;Unknown EMS Hospital Arrival Time;0;None;0;None;0;None;1;1
42;Pennsylvania;420871;3;3;0;0;8;8;0;71;LANCASTER (71);0;NOT APPLICABLE;11;11;10;October;2019;6;Friday;17;5:00pm-5:59pm;37;37;0;This section IS NOT on the NHS;3;State Highway;SR-23 NEW HOLLAND PIKE;WATER ST;1;Rural;4;Minor Arterial;1;State Highway Agency;313;313;40.13361389;40.13361389;-75.9609;-75.9609;0;No Special Jurisdiction;12;Motor Vehicle In-Transport;8;Sideswipe - Opposite Direction;0;No;3;Intersection-Related;3;T-Intersection;0;None;1;On Roadway;1;Daylight;1;Clear;0;No Additional Atmospheric Conditions;1;Clear;0;No;0;Not Applicable;17;5:00pm-5:59pm;40;40;17;5:00pm-5:59pm;53;53;18;6:00pm-6:59pm;45;45;0;None;0;None;0;None;1;0
42;Pennsylvania;420873;3;3;0;0;3;3;0;101;PHILADELPHIA (101);6540;PHILADELPHIA;27;27;12;December;2019;6;Friday;9;9:00am-9:59am;20;20;1;This section IS ON the NHS;3;State Highway;SR-4001 HENRY AVE;DUPONT ST;2;Urban;3;Principal Arterial - Other;1;State Highway Agency;29;29;40.03750278;40.03750278;-75.2104;-75.2104;0;No Special Jurisdiction;12;Motor Vehicle In-Transport;1;Front-to-Rear;0;No;3;Intersection-Related;3;T-Intersection;0;None;1;On Roadway;1;Daylight;98;Not Reported;0;No Additional Atmospheric Conditions;98;Not Reported;0;No;0;Not Applicable;9;9:00am-9:59am;12;12;9;9:00am-9:59am;15;15;99;Unknown;99;Unknown EMS Hospital Arrival Time;0;None;0;None;0;None;1;0
42;Pennsylvania;420899;1;1;0;0;3;3;0;17;BUCKS (17);0;NOT APPLICABLE;9;9;2;February;2019;7;Saturday;2;2:00am-2:59am;22;22;0;This section IS NOT on the NHS;5;Local Street - Township;CALLOWHILL RD;MYERS RD;1;Rural;7;Local;3;Town or Township Highway Agency;0;None;40.32827222;40.32827222;-75.21013611;-75.21013611;0;No Special Jurisdiction;42;Tree (Standing Only);0;The First Harmful Event was Not a Collision with a Motor Vehicle in Transport;0;No;3;Intersection-Related;3;T-Intersection;0;None;4;On Roadside;2;Dark - Not Lighted;98;Not Reported;0;No Additional Atmospheric Conditions;98;Not Reported;0;No;0;Not Applicable;2;2:00am-2:59am;28;28;2;2:00am-2:59am;36;36;3;3:00am-3:59am;24;24;0;None;0;None;0;None;1;1
42;Pennsylvania;420903;1;1;0;1;1;1;1;3;ALLEGHENY (3);6115;NORTH VERSAILLES;10;10;9;September;2019;3;Tuesday;6;6:00am-6:59am;5;5;1;This section IS ON the NHS;3;State Highway;SR-0048 MOSSIDE BL;ALDI DR;2;Urban;3;Principal Arterial - Other;1;State Highway Agency;133;133;40.36965833;40.36965833;-79.77829167;-79.77829167;0;No Special Jurisdiction;8;Pedestrian;0;The First Harmful Event was Not a Collision with a Motor Vehicle in Transport;0;No;3;Intersection-Related;3;T-Intersection;0;None;1;On Roadway;2;Dark - Not Lighted;98;Not Reported;0;No Additional Atmospheric Conditions;98;Not Reported;0;No;0;Not Applicable;6;6:00am-6:59am;6;6;6;6:00am-6:59am;13;13;6;6:00am-6:59am;34;34;0;None;0;None;0;None;1;0
42;Pennsylvania;420921;1;1;0;0;1;1;0;107;SCHUYLKILL (107);0;NOT APPLICABLE;23;23;12;December;2019;2;Monday;20;8:00pm-8:59pm;56;56;0;This section IS NOT on the NHS;3;State Highway;SR-4002 VALLEY RD;SR-4007 HIGHRIDGE PARK RD;1;Rural;5;Major Collector;1;State Highway Agency;36;36;40.72122222;40.72122222;-76.26598056;-76.26598056;0;No Special Jurisdiction;1;Rollover/Overturn;0;The First Harmful Event was Not a Collision with a Motor Vehicle in Transport;0;No;3;Intersection-Related;3;T-Intersection;0;None;4;On Roadside;3;Dark - Lighted;98;Not Reported;0;No Additional Atmospheric Conditions;98;Not Reported;0;No;0;Not Applicable;99;Unknown;99;Unknown;99;Unknown EMS Scene Arrival Hour;99;Unknown EMS Scene Arrival Minutes;99;Unknown;99;Unknown EMS Hospital Arrival Time;0;None;0;None;0;None;1;0
42;Pennsylvania;420933;1;1;0;1;1;1;1;17;BUCKS (17);5490;MORRISVILLE;12;12;4;April;2019;6;Friday;20;8:00pm-8:59pm;3;3;0;This section IS NOT on the NHS;3;State Highway;SR-2073 PENNSYLVANIA AVE;OSBORNE AVE;2;Urban;4;Minor Arterial;1;State Highway Agency;22;22;40.21088056;40.21088056;-74.77754722;-74.77754722;0;No Special Jurisdiction;8;Pedestrian;0;The First Harmful Event was Not a Collision with a Motor Vehicle in Transport;0;No;3;Intersection-Related;3;T-Intersection;0;None;1;On Roadway;3;Dark - Lighted;2;Rain;0;No Additional Atmospheric Conditions;2;Rain;0;No;0;Not Applicable;20;8:00pm-8:59pm;4;4;20;8:00pm-8:59pm;9;9;20;8:00pm-8:59pm;25;25;0;None;0;None;0;None;1;0
42;Pennsylvania;420954;2;2;0;0;4;4;0;3;ALLEGHENY (3);810;BRACKENRIDGE;20;20;12;December;2019;6;Friday;12;12:00pm-12:59pm;33;33;0;This section IS NOT on the NHS;3;State Highway;SR-1001 TENTH AVE;SYCAMORE ALY;2;Urban;4;Minor Arterial;1;State Highway Agency;173;173;40.60901111;40.60901111;-79.74949167;-79.74949167;0;No Special Jurisdiction;12;Motor Vehicle In-Transport;2;Front-to-Front;0;No;3;Intersection-Related;3;T-Intersection;0;None;1;On Roadway;1;Daylight;98;Not Reported;0;No Additional Atmospheric Conditions;98;Not Reported;0;No;0;Not Applicable;99;Unknown;99;Unknown;99;Unknown EMS Scene Arrival Hour;99;Unknown EMS Scene Arrival Minutes;99;Unknown;99;Unknown EMS Hospital Arrival Time;0;None;0;None;0;None;1;1
42;Pennsylvania;420971;5;1;4;0;1;1;0;21;CAMBRIA (21);0;NOT APPLICABLE;9;9;1;January;2019;4;Wednesday;18;6:00pm-6:59pm;4;4;0;This section IS NOT on the NHS;3;State Highway;SR-3007 GOUCHER ST;PLAZA DR;2;Urban;4;Minor Arterial;1;State Highway Agency;38;38;40.32237222;40.32237222;-78.95450833;-78.95450833;0;No Special Jurisdiction;14;Parked Motor Vehicle;0;The First Harmful Event was Not a Collision with a Motor Vehicle in Transport;0;No;3;Intersection-Related;3;T-Intersection;0;None;5;Outside Trafficway;3;Dark - Lighted;4;Snow;0;No Additional Atmospheric Conditions;4;Snow;0;No;0;Not Applicable;18;6:00pm-6:59pm;4;4;18;6:00pm-6:59pm;18;18;18;6:00pm-6:59pm;54;54;0;None;0;None;0;None;1;0
42;Pennsylvania;420988;1;1;0;1;1;1;1;45;DELAWARE (45);0;NOT APPLICABLE;29;29;11;November;2019;6;Friday;10;10:00am-10:59am;12;12;1;This section IS ON the NHS;3;State Highway;SR-3 WEST CHESTER PK;CLOVER LN;2;Urban;3;Principal Arterial - Other;1;State Highway Agency;37;37;39.98565278;39.98565278;-75.39524167;-75.39524167;0;No Special Jurisdiction;15;Non-Motorist on Personal Conveyance;0;The First Harmful Event was Not a Collision with a Motor Vehicle in Transport;0;No;3;Intersection-Related;3;T-Intersection;0;None;1;On Roadway;1;Daylight;98;Not Reported;0;No Additional Atmospheric Conditions;98;Not Reported;0;No;0;Not Applicable;10;10:00am-10:59am;12;12;10;10:00am-10:59am;17;17;10;10:00am-10:59am;40;40;0;None;0;None;0;None;1;0
44;Rhode Island;440024;2;2;0;0;2;2;0;7;PROVIDENCE (7);180;PAWTUCKET;3;3;7;July;2019;4;Wednesday;21;9:00pm-9:59pm;49;49;0;This section IS NOT on the NHS;3;State Highway;SR-122 LONSDALE AVE;LAWN AVE;2;Urban;3;Principal Arterial - Other;1;State Highway Agency;99998;Not Reported;41.87370556;41.87370556;-71.39884167;-71.39884167;0;No Special Jurisdiction;12;Motor Vehicle In-Transport;6;Angle;1;Yes;2;Intersection;3;T-Intersection;0;None;1;On Roadway;3;Dark - Lighted;1;Clear;0;No Additional Atmospheric Conditions;1;Clear;0;No;0;Not Applicable;21;9:00pm-9:59pm;49;49;21;9:00pm-9:59pm;54;54;22;10:00pm-10:59pm;9;9;0;None;0;None;0;None;1;1
44;Rhode Island;440025;1;1;0;0;1;1;0;3;KENT (3);245;WEST WARWICK;11;11;7;July;2019;5;Thursday;1;1:00am-1:59am;29;29;0;This section IS NOT on the NHS;6;Local Street - Municipality;ANDREWS AVE;WOOD ST;2;Urban;7;Local;4;City or Municipal Highway Agency;0;None;41.70302222;41.70302222;-71.53281111;-71.53281111;0;No Special Jurisdiction;42;Tree (Standing Only);0;The First Harmful Event was Not a Collision with a Motor Vehicle in Transport;0;No;3;Intersection-Related;3;T-Intersection;0;None;4;On Roadside;2;Dark - Not Lighted;1;Clear;0;No Additional Atmospheric Conditions;1;Clear;0;No;0;Not Applicable;1;1:00am-1:59am;30;30;1;1:00am-1:59am;33;33;88;Not Applicable (Not Transported);88;Not Applicable (Not Transported);0;None;0;None;0;None;1;1
44;Rhode Island;440047;1;1;0;1;1;1;1;7;PROVIDENCE (7);190;PROVIDENCE;11;11;11;November;2019;2;Monday;16;4:00pm-4:59pm;30;30;0;This section IS NOT on the NHS;6;Local Street - Municipality;OAKWOOD AVE;CHALKSTONE AVE;2;Urban;7;Local;4;City or Municipal Highway Agency;0;None;41.83318056;41.83318056;-71.45965833;-71.45965833;0;No Special Jurisdiction;8;Pedestrian;0;The First Harmful Event was Not a Collision with a Motor Vehicle in Transport;0;No;3;Intersection-Related;3;T-Intersection;0;None;1;On Roadway;3;Dark - Lighted;10;Cloudy;0;No Additional Atmospheric Conditions;10;Cloudy;0;No;0;Not Applicable;16;4:00pm-4:59pm;32;32;16;4:00pm-4:59pm;40;40;16;4:00pm-4:59pm;58;58;0;None;0;None;0;None;1;0
44;Rhode Island;440051;2;2;0;0;3;3;0;7;PROVIDENCE (7);105;JOHNSTON;24;24;12;December;2019;3;Tuesday;21;9:00pm-9:59pm;22;22;0;This section IS NOT on the NHS;3;State Highway;SR-14 PLAINFIELD ST;PECK HILL RD;2;Urban;3;Principal Arterial - Other;1;State Highway Agency;0;None;41.79163056;41.79163056;-71.55229722;-71.55229722;0;No Special Jurisdiction;12;Motor Vehicle In-Transport;6;Angle;0;No;2;Intersection;3;T-Intersection;0;None;1;On Roadway;3;Dark - Lighted;1;Clear;0;No Additional Atmospheric Conditions;1;Clear;0;No;0;Not Applicable;21;9:00pm-9:59pm;23;23;21;9:00pm-9:59pm;31;31;22;10:00pm-10:59pm;17;17;0;None;0;None;0;None;1;1
45;South Carolina;450091;2;2;0;0;2;2;0;75;ORANGEBURG (75);0;NOT APPLICABLE;8;8;2;February;2019;6;Friday;19;7:00pm-7:59pm;50;50;0;This section IS NOT on the NHS;3;State Highway;SR-78;SR-95;2;Urban;5;Major Collector;1;State Highway Agency;8;8;33.48376111;33.48376111;-80.84246111;-80.84246111;0;No Special Jurisdiction;12;Motor Vehicle In-Transport;2;Front-to-Front;0;No;2;Intersection;3;T-Intersection;0;None;1;On Roadway;3;Dark - Lighted;1;Clear;0;No Additional Atmospheric Conditions;1;Clear;0;No;0;Not Applicable;99;Unknown;99;Unknown;99;Unknown EMS Scene Arrival Hour;99;Unknown EMS Scene Arrival Minutes;99;Unknown;99;Unknown EMS Hospital Arrival Time;0;None;0;None;0;None;1;0
45;South Carolina;450117;2;2;0;0;6;6;0;51;HORRY (51);0;NOT APPLICABLE;24;24;2;February;2019;1;Sunday;18;6:00pm-6:59pm;33;33;0;This section IS NOT on the NHS;3;State Highway;SR-90;SR-1173;1;Rural;3;Principal Arterial - Other;1;State Highway Agency;156;156;33.85401944;33.85401944;-78.76658889;-78.76658889;0;No Special Jurisdiction;12;Motor Vehicle In-Transport;6;Angle;0;No;2;Intersection;3;T-Intersection;0;None;1;On Roadway;2;Dark - Not Lighted;1;Clear;0;No Additional Atmospheric Conditions;1;Clear;0;No;0;Not Applicable;99;Unknown;98;Unknown if Notified;99;Unknown EMS Scene Arrival Hour;98;Unknown if Arrived;88;Not Applicable (Not Transported);88;Not Applicable (Not Transported);0;None;0;None;0;None;1;1
45;South Carolina;450119;4;4;0;0;4;4;0;31;DARLINGTON (31);0;NOT APPLICABLE;26;26;2;February;2019;3;Tuesday;13;1:00pm-1:59pm;10;10;0;This section IS NOT on the NHS;3;State Highway;SR-18;SR-269;1;Rural;4;Minor Arterial;1;State Highway Agency;3;3;34.38763889;34.38763889;-80.06396111;-80.06396111;0;No Special Jurisdiction;12;Motor Vehicle In-Transport;1;Front-to-Rear;0;No;2;Intersection;3;T-Intersection;0;None;1;On Roadway;1;Daylight;1;Clear;0;No Additional Atmospheric Conditions;1;Clear;0;No;0;Not Applicable;99;Unknown;99;Unknown;99;Unknown EMS Scene Arrival Hour;99;Unknown EMS Scene Arrival Minutes;99;Unknown;99;Unknown EMS Hospital Arrival Time;0;None;0;None;0;None;1;0
45;South Carolina;450123;2;2;0;0;2;2;0;33;DILLON (33);0;NOT APPLICABLE;28;28;2;February;2019;5;Thursday;15;3:00pm-3:59pm;5;5;0;This section IS NOT on the NHS;3;State Highway;SR-38;EXIT RAMP;1;Rural;4;Minor Arterial;1;State Highway Agency;0;None;34.34181111;34.34181111;-79.53296111;-79.53296111;0;No Special Jurisdiction;12;Motor Vehicle In-Transport;6;Angle;0;No;2;Intersection;3;T-Intersection;0;None;1;On Roadway;1;Daylight;10;Cloudy;0;No Additional Atmospheric Conditions;10;Cloudy;0;No;0;Not Applicable;99;Unknown;98;Unknown if Notified;99;Unknown EMS Scene Arrival Hour;98;Unknown if Arrived;88;Not Applicable (Not Transported);88;Not Applicable (Not Transported);0;None;0;None;0;None;1;0