STATE;STATENAME;ST_CASE;VE_TOTAL;VE_FORMS;PVH_INVL;PEDS;PERSONS;PERMVIT;PERNOTMVIT;COUNTY;COUNTYNAME;CITY;CITYNAME;DAY;DAYNAME;MONTH;MONTHNAME;YEAR;DAY_WEEK;DAY_WEEKNAME;HOUR;HOURNAME;MINUTE;MINUTENAME;NHS;NHSNAME;ROUTE;ROUTENAME;TWAY_ID;TWAY_ID2;RUR_URB;RUR_URBNAME;FUNC_SYS;FUNC_SYSNAME;RD_OWNER;RD_OWNERNAME;MILEPT;MILEPTNAME;LATITUDE;LATITUDENAME;LONGITUD;LONGITUDNAME;SP_JUR;SP_JURNAME;HARM_EV;HARM_EVNAME;MAN_COLL;MAN_COLLNAME;RELJCT1;RELJCT1NAME;RELJCT2;RELJCT2NAME;TYP_INT;TYP_INTNAME;WRK_ZONE;WRK_ZONENAME;REL_ROAD;REL_ROADNAME;LGT_COND;LGT_CONDNAME;WEATHER1;WEATHER1NAME;WEATHER2;WEATHER2NAME;WEATHER;WEATHERNAME;SCH_BUS;SCH_BUSNAME;RAIL;RAILNAME;NOT_HOUR;NOT_HOURNAME;NOT_MIN;NOT_MINNAME;ARR_HOUR;ARR_HOURNAME;ARR_MIN;ARR_MINNAME;HOSP_HR;HOSP_HRNAME;HOSP_MN;HOSP_MNNAME;CF1;CF1NAME;CF2;CF2NAME;CF3;CF3NAME;FATALS;DRUNK_DR
47;Tennessee;470105;1;1;0;0;1;1;0;125;MONTGOMERY (125);410;CLARKSVILLE;16;16;2;February;2019;7;Saturday;15;3:00pm-3:59pm;25;25;1;This section IS ON the NHS;2;U.S. Highway;US-79 SR-13 COLLEGE ST;KRAFT ST;2;Urban;3;Principal Arterial - Other;1;State Highway Agency;212;212;36.53875833;36.53875833;-87.33765278;-87.33765278;0;No Special Jurisdiction;19;Building;0;The First Harmful Event was Not a Collision with a Motor Vehicle in Transport;0;No;3;Intersection-Related;3;T-Intersection;0;None;4;On Roadside;1;Daylight;1;Clear;0;No Additional Atmospheric Conditions;1;Clear;0;No;0;Not Applicable;15;3:00pm-3:59pm;32;32;15;3:00pm-3:59pm;35;35;15;3:00pm-3:59pm;54;54;0;None;0;None;0;None;1;1
47;Tennessee;470108;1;1;0;0;1;1;0;157;SHELBY (157);1620;MEMPHIS;17;17;2;February;2019;1;Sunday;20;8:00pm-8:59pm;3;3;0;This section IS NOT on the NHS;6;Local Street - Municipality;RANGE LINE ST;HAWKINS MILL RD;2;Urban;7;Local;4;City or Municipal Highway Agency;1;1;35.24333056;35.24333056;-89.97535;-89.97535;0;No Special Jurisdiction;30;Utility Pole/Light Support;0;The First Harmful Event was Not a Collision with a Motor Vehicle in Transport;0;No;3;Intersection-Related;3;T-Intersection;0;None;4;On Roadside;3;Dark - Lighted;1;Clear;0;No Additional Atmospheric Conditions;1;Clear;0;No;0;Not Applicable;20;8:00pm-8:59pm;7;7;20;8:00pm-8:59pm;14;14;88;Not Applicable (Not Transported);88;Not Applicable (Not Transported);20;Police Pursuit Involved;0;None;0;None;1;0
47;Tennessee;470120;1;1;0;0;1;1;0;181;WAYNE (181);0;NOT APPLICABLE;28;28;2;February;2019;5;Thursday;99;Unknown Hours;99;Unknown Minutes;0;This section IS NOT on the NHS;2;U.S. Highway;US-641 SR-114 BILLY NANCE HWY;CR-SAVANNAH HWY;1;Rural;5;Major Collector;1;State Highway Agency;0;None;35.30886111;35.30886111;-87.9471;-87.9471;0;No Special Jurisdiction;35;Embankment;0;The First Harmful Event was Not a Collision with a Motor Vehicle in Transport;0;No;3;Intersection-Related;3;T-Intersection;0;None;4;On Roadside;2;Dark - Not Lighted;1;Clear;0;No Additional Atmospheric Conditions;1;Clear;0;No;0;Not Applicable;8;8:00am-8:59am;42;42;8;8:00am-8:59am;55;55;88;Not Applicable (Not Transported);88;Not Applicable (Not Transported);0;None;0;None;0;None;1;0
47;Tennessee;470133;2;2;0;0;2;2;0;117;MARSHALL (117);0;NOT APPLICABLE;28;28;2;February;2019;5;Thursday;16;4:00pm-4:59pm;34;34;0;This section IS NOT on the NHS;2;U.S. Highway;US-31A SR-11 NASHVILLE HWY;CR-GREENWOOD RD;1;Rural;4;Minor Arterial;1;State Highway Agency;317;317;35.70261111;35.70261111;-86.69586111;-86.69586111;0;No Special Jurisdiction;12;Motor Vehicle In-Transport;6;Angle;0;No;2;Intersection;3;T-Intersection;0;None;1;On Roadway;1;Daylight;10;Cloudy;0;No Additional Atmospheric Conditions;10;Cloudy;0;No;0;Not Applicable;16;4:00pm-4:59pm;34;34;16;4:00pm-4:59pm;35;35;88;Not Applicable (Not Transported);88;Not Applicable (Not Transported);0;None;0;None;0;None;1;1
47;Tennessee;470158;2;2;0;0;2;2;0;91;JOHNSON (91);0;NOT APPLICABLE;11;11;3;March;2019;2;Monday;11;11:00am-11:59am;8;8;0;This section IS NOT on the NHS;3;State Highway;SR-67;SR-167 DOE CREEK RD;1;Rural;4;Minor Arterial;1;State Highway Agency;52;52;36.38806944;36.38806944;-81.97066944;-81.97066944;0;No Special Jurisdiction;12;Motor Vehicle In-Transport;6;Angle;0;No;2;Intersection;3;T-Intersection;0;None;1;On Roadway;1;Daylight;1;Clear;0;No Additional Atmospheric Conditions;1;Clear;0;No;0;Not Applicable;11;11:00am-11:59am;11;11;11;11:00am-11:59am;27;27;12;12:00pm-12:59pm;27;27;0;None;0;None;0;None;1;0
47;Tennessee;470184;2;2;0;0;3;3;0;65;HAMILTON (65);750;EAST RIDGE;18;18;3;March;2019;2;Monday;17;5:00pm-5:59pm;40;40;1;This section IS ON the NHS;2;U.S. Highway;US-41/76 SR-8 RINGGOLD RD;ALTAMAHA ST;2;Urban;3;Principal Arterial - Other;1;State Highway Agency;25;25;34.99403056;34.99403056;-85.23145;-85.23145;0;No Special Jurisdiction;12;Motor Vehicle In-Transport;6;Angle;0;No;3;Intersection-Related;3;T-Intersection;0;None;1;On Roadway;1;Daylight;10;Cloudy;0;No Additional Atmospheric Conditions;10;Cloudy;0;No;0;Not Applicable;17;5:00pm-5:59pm;44;44;17;5:00pm-5:59pm;55;55;88;Not Applicable (Not Transported);88;Not Applicable (Not Transported);0;None;0;None;0;None;1;1
47;Tennessee;470209;2;2;0;0;2;2;0;21;CHEATHAM (21);0;NOT APPLICABLE;7;7;4;April;2019;1;Sunday;14;2:00pm-2:59pm;33;33;0;This section IS NOT on the NHS;2;U.S. Highway;US-41A SR-112;SR-256 MAXEY RD;1;Rural;5;Major Collector;1;State Highway Agency;6;6;36.44276111;36.44276111;-87.10191111;-87.10191111;0;No Special Jurisdiction;12;Motor Vehicle In-Transport;6;Angle;0;No;2;Intersection;3;T-Intersection;0;None;1;On Roadway;1;Daylight;10;Cloudy;0;No Additional Atmospheric Conditions;10;Cloudy;0;No;0;Not Applicable;14;2:00pm-2:59pm;30;30;14;2:00pm-2:59pm;40;40;15;3:00pm-3:59pm;20;20;0;None;0;None;0;None;1;0
47;Tennessee;470210;2;2;0;0;2;2;0;89;JEFFERSON (89);1230;JEFFERSON CITY;8;8;4;April;2019;2;Monday;16;4:00pm-4:59pm;21;21;1;This section IS ON the NHS;2;U.S. Highway;US-11E SR-34 E BROADWAY BLVD;OLD ANDREW JOHNSON HWY E;2;Urban;3;Principal Arterial - Other;1;State Highway Agency;158;158;36.14761944;36.14761944;-83.43736944;-83.43736944;0;No Special Jurisdiction;12;Motor Vehicle In-Transport;6;Angle;0;No;2;Intersection;3;T-Intersection;0;None;1;On Roadway;1;Daylight;10;Cloudy;0;No Additional Atmospheric Conditions;10;Cloudy;0;No;0;Not Applicable;16;4:00pm-4:59pm;21;21;16;4:00pm-4:59pm;28;28;88;Not Applicable (Not Transported);88;Not Applicable (Not Transported);0;None;0;None;0;None;1;0
47;Tennessee;470229;5;2;3;0;2;2;0;93;KNOX (93);1300;KNOXVILLE;26;26;2;February;2019;3;Tuesday;11;11:00am-11:59am;22;22;1;This section IS ON the NHS;2;U.S. Highway;US-25W SR-9 CLINTON PK;ORCHID ST;2;Urban;3;Principal Arterial - Other;1;State Highway Agency;59;59;36.00308611;36.00308611;-83.97851389;-83.97851389;0;No Special Jurisdiction;12;Motor Vehicle In-Transport;6;Angle;0;No;2;Intersection;3;T-Intersection;0;None;1;On Roadway;1;Daylight;1;Clear;0;No Additional Atmospheric Conditions;1;Clear;0;No;0;Not Applicable;11;11:00am-11:59am;22;22;11;11:00am-11:59am;29;29;99;Unknown;99;Unknown EMS Hospital Arrival Time;0;None;0;None;0;None;1;0
47;Tennessee;470252;2;2;0;0;2;2;0;157;SHELBY (157);1620;MEMPHIS;1;1;4;April;2019;2;Monday;19;7:00pm-7:59pm;0;0;0;This section IS NOT on the NHS;6;Local Street - Municipality;MULLINS STATION RD;MACON RD;2;Urban;4;Minor Arterial;4;City or Municipal Highway Agency;34;34;35.16326944;35.16326944;-89.85013056;-89.85013056;0;No Special Jurisdiction;12;Motor Vehicle In-Transport;6;Angle;0;No;2;Intersection;3;T-Intersection;0;None;1;On Roadway;3;Dark - Lighted;1;Clear;0;No Additional Atmospheric Conditions;1;Clear;0;No;0;Not Applicable;19;7:00pm-7:59pm;10;10;19;7:00pm-7:59pm;13;13;20;8:00pm-8:59pm;6;6;0;None;0;None;0;None;1;0
47;Tennessee;470257;1;1;0;0;1;1;0;9;BLOUNT (9);0;NOT APPLICABLE;18;18;4;April;2019;5;Thursday;14;2:00pm-2:59pm;51;51;0;This section IS NOT on the NHS;4;County Road;CR-OLD NILES FERRY RD;CR-GARWOOD LN;2;Urban;5;Major Collector;2;County Highway Agency;75;75;35.72058889;35.72058889;-84.00243889;-84.00243889;0;No Special Jurisdiction;32;Culvert;0;The First Harmful Event was Not a Collision with a Motor Vehicle in Transport;0;No;3;Intersection-Related;3;T-Intersection;0;None;4;On Roadside;1;Daylight;10;Cloudy;0;No Additional Atmospheric Conditions;10;Cloudy;0;No;0;Not Applicable;14;2:00pm-2:59pm;50;50;14;2:00pm-2:59pm;55;55;15;3:00pm-3:59pm;10;10;0;None;0;None;0;None;1;0
47;Tennessee;470258;1;1;0;2;1;1;2;71;HARDIN (71);541;CRUMP;16;16;4;April;2019;3;Tuesday;23;11:00pm-11:59pm;24;24;1;This section IS ON the NHS;2;U.S. Highway;US-64 SR-15;O C WAY;2;Urban;3;Principal Arterial - Other;1;State Highway Agency;40;40;35.22678889;35.22678889;-88.30438889;-88.30438889;0;No Special Jurisdiction;8;Pedestrian;0;The First Harmful Event was Not a Collision with a Motor Vehicle in Transport;0;No;2;Intersection;3;T-Intersection;0;None;1;On Roadway;3;Dark - Lighted;10;Cloudy;0;No Additional Atmospheric Conditions;10;Cloudy;0;No;0;Not Applicable;23;11:00pm-11:59pm;24;24;23;11:00pm-11:59pm;35;35;99;Unknown;99;Unknown EMS Hospital Arrival Time;0;None;0;None;0;None;1;0
47;Tennessee;470275;2;2;0;0;2;2;0;145;ROANE (145);1850;OAK RIDGE;30;30;4;April;2019;3;Tuesday;12;12:00pm-12:59pm;20;20;1;This section IS ON the NHS;3;State Highway;SR-95 OAK RIDGE TURNPIKE;NEWPORT DR;2;Urban;3;Principal Arterial - Other;1;State Highway Agency;101;101;35.9903;35.9903;-84.3219;-84.3219;0;No Special Jurisdiction;12;Motor Vehicle In-Transport;6;Angle;0;No;2;Intersection;3;T-Intersection;0;None;1;On Roadway;1;Daylight;1;Clear;0;No Additional Atmospheric Conditions;1;Clear;0;No;0;Not Applicable;12;12:00pm-12:59pm;23;23;12;12:00pm-12:59pm;32;32;12;12:00pm-12:59pm;58;58;0;None;0;None;0;None;1;0
47;Tennessee;470286;2;2;0;0;3;3;0;73;HAWKINS (73);0;NOT APPLICABLE;1;1;5;May;2019;4;Wednesday;10;10:00am-10:59am;11;11;1;This section IS ON the NHS;2;U.S. Highway;US-11W SR-1;CR-AFG RD;2;Urban;3;Principal Arterial - Other;1;State Highway Agency;306;306;36.50623889;36.50623889;-82.79253056;-82.79253056;0;No Special Jurisdiction;12;Motor Vehicle In-Transport;6;Angle;0;No;2;Intersection;3;T-Intersection;0;None;1;On Roadway;1;Daylight;1;Clear;0;No Additional Atmospheric Conditions;1;Clear;0;No;0;Not Applicable;10;10:00am-10:59am;13;13;10;10:00am-10:59am;13;13;10;10:00am-10:59am;52;52;0;None;0;None;0;None;1;0
47;Tennessee;470287;2;2;0;0;2;2;0;79;HENRY (79);0;NOT APPLICABLE;27;27;4;April;2019;7;Saturday;16;4:00pm-4:59pm;58;58;0;This section IS NOT on the NHS;3;State Highway;SR-69;CR-COOP RD;1;Rural;5;Major Collector;1;State Highway Agency;234;234;36.39626944;36.39626944;-88.46293056;-88.46293056;0;No Special Jurisdiction;12;Motor Vehicle In-Transport;1;Front-to-Rear;0;No;3;Intersection-Related;3;T-Intersection;0;None;1;On Roadway;1;Daylight;1;Clear;0;No Additional Atmospheric Conditions;1;Clear;0;No;0;Not Applicable;17;5:00pm-5:59pm;7;7;17;5:00pm-5:59pm;21;21;18;6:00pm-6:59pm;51;51;0;None;0;None;0;None;1;0
47;Tennessee;470354;2;2;0;0;2;2;0;37;DAVIDSON (37);1760;NASHVILLE;18;18;4;April;2019;5;Thursday;16;4:00pm-4:59pm;43;43;1;This section IS ON the NHS;3;State Highway;SR-100;HARPETH BEND DR;2;Urban;3;Principal Arterial - Other;1;State Highway Agency;82;82;36.06028889;36.06028889;-86.91763889;-86.91763889;0;No Special Jurisdiction;12;Motor Vehicle In-Transport;6;Angle;0;No;2;Intersection;3;T-Intersection;0;None;1;On Roadway;1;Daylight;1;Clear;0;No Additional Atmospheric Conditions;1;Clear;0;No;0;Not Applicable;16;4:00pm-4:59pm;40;40;16;4:00pm-4:59pm;52;52;17;5:00pm-5:59pm;12;12;0;None;0;None;0;None;1;0
47;Tennessee;470369;2;2;0;0;2;2;0;79;HENRY (79);0;NOT APPLICABLE;24;24;5;May;2019;6;Friday;15;3:00pm-3:59pm;50;50;1;This section IS ON the NHS;2;U.S. Highway;US-79 SR-76 AUSTIN PEAY MEMORI;CR-E ANTIOCH RD;1;Rural;3;Principal Arterial - Other;1;State Highway Agency;269;269;36.4145;36.4145;-88.13463056;-88.13463056;0;No Special Jurisdiction;12;Motor Vehicle In-Transport;6;Angle;0;No;2;Intersection;3;T-Intersection;0;None;1;On Roadway;1;Daylight;1;Clear;0;No Additional Atmospheric Conditions;1;Clear;0;No;0;Not Applicable;15;3:00pm-3:59pm;49;49;16;4:00pm-4:59pm;0;0;88;Not Applicable (Not Transported);88;Not Applicable (Not Transported);0;None;0;None;0;None;1;1
47;Tennessee;470377;2;2;0;0;2;2;0;3;BEDFORD (3);2200;SHELBYVILLE;27;27;5;May;2019;2;Monday;12;12:00pm-12:59pm;7;7;1;This section IS ON the NHS;2;U.S. Highway;US-231 SR-10 N MAIN ST;PALMER DR;2;Urban;3;Principal Arterial - Other;1;State Highway Agency;121;121;35.5107;35.5107;-86.4562;-86.4562;0;No Special Jurisdiction;12;Motor Vehicle In-Transport;6;Angle;0;No;2;Intersection;3;T-Intersection;0;None;1;On Roadway;1;Daylight;1;Clear;0;No Additional Atmospheric Conditions;1;Clear;0;No;0;Not Applicable;12;12:00pm-12:59pm;6;6;12;12:00pm-12:59pm;15;15;99;Unknown;99;Unknown EMS Hospital Arrival Time;0;None;0;None;0;None;1;0
47;Tennessee;470383;2;2;0;0;2;2;0;125;MONTGOMERY (125);410;CLARKSVILLE;30;30;5;May;2019;5;Thursday;17;5:00pm-5:59pm;14;14;0;This section IS NOT on the NHS;3;State Highway;SR-48 TRENTON RD;I-24 RAMP;2;Urban;4;Minor Arterial;1;State Highway Agency;115;115;36.62817222;36.62817222;-87.31733333;-87.31733333;0;No Special Jurisdiction;1;Rollover/Overturn;0;The First Harmful Event was Not a Collision with a Motor Vehicle in Transport;1;Yes;2;Intersection;3;T-Intersection;0;None;1;On Roadway;1;Daylight;1;Clear;0;No Additional Atmospheric Conditions;1;Clear;0;No;0;Not Applicable;17;5:00pm-5:59pm;16;16;17;5:00pm-5:59pm;22;22;17;5:00pm-5:59pm;55;55;14;Motor Vehicle struck by falling cargo,or something that came loose from or something that was set in motion by a vehicle;0;None;0;None;1;0
47;Tennessee;470391;2;2;0;0;3;3;0;153;SEQUATCHIE (153);690;DUNLAP;3;3;6;June;2019;2;Monday;13;1:00pm-1:59pm;43;43;1;This section IS ON the NHS;2;U.S. Highway;US-127 SR-8 RANKIN AVE;HICKEY CR;1;Rural;3;Principal Arterial - Other;1;State Highway Agency;0;None;35.39231944;35.39231944;-85.37591111;-85.37591111;0;No Special Jurisdiction;12;Motor Vehicle In-Transport;6;Angle;0;No;2;Intersection;3;T-Intersection;0;None;1;On Roadway;1;Daylight;1;Clear;0;No Additional Atmospheric Conditions;1;Clear;0;No;0;Not Applicable;14;2:00pm-2:59pm;36;36;14;2:00pm-2:59pm;39;39;15;3:00pm-3:59pm;50;50;0;None;0;None;0;None;1;0
47;Tennessee;470398;2;2;0;0;4;4;0;65;HAMILTON (65);400;CHATTANOOGA;7;7;6;June;2019;6;Friday;21;9:00pm-9:59pm;7;7;0;This section IS NOT on the NHS;2;U.S. Highway;US-41/76 SR-8 E MAIN ST;KELLY ST;2;Urban;4;Minor Arterial;1;State Highway Agency;61;61;35.02464167;35.02464167;-85.27608889;-85.27608889;0;No Special Jurisdiction;12;Motor Vehicle In-Transport;6;Angle;0;No;2;Intersection;3;T-Intersection;0;None;1;On Roadway;5;Dusk;1;Clear;0;No Additional Atmospheric Conditions;1;Clear;0;No;0;Not Applicable;21;9:00pm-9:59pm;10;10;21;9:00pm-9:59pm;12;12;21;9:00pm-9:59pm;33;33;0;None;0;None;0;None;1;0
47;Tennessee;470414;1;1;0;0;1;1;0;93;KNOX (93);0;NOT APPLICABLE;16;16;6;June;2019;1;Sunday;0;0:00am-0:59am;20;20;0;This section IS NOT on the NHS;4;County Road;CR-STONY POINT RD;CR-CATOOSA LN;1;Rural;7;Local;2;County Highway Agency;3;3;35.9958;35.9958;-83.75443056;-83.75443056;0;No Special Jurisdiction;33;Curb;0;The First Harmful Event was Not a Collision with a Motor Vehicle in Transport;0;No;3;Intersection-Related;3;T-Intersection;0;None;4;On Roadside;2;Dark - Not Lighted;1;Clear;0;No Additional Atmospheric Conditions;1;Clear;0;No;0;Not Applicable;0;0:00am-0:59am;36;36;0;0:00am-0:59am;46;46;88;Not Applicable (Not Transported);88;Not Applicable (Not Transported);0;None;0;None;0;None;1;0
47;Tennessee;470441;2;2;0;0;3;3;0;161;STEWART (161);0;NOT APPLICABLE;17;17;6;June;2019;2;Monday;11;11:00am-11:59am;34;34;1;This section IS ON the NHS;2;U.S. Highway;US-79 SR-76 AUSTIN PEAY MEMORI;CR-JOINER HOLLOW RD;1;Rural;3;Principal Arterial - Other;1;State Highway Agency;187;187;36.55356944;36.55356944;-87.78676944;-87.78676944;0;No Special Jurisdiction;12;Motor Vehicle In-Transport;6;Angle;0;No;2;Intersection;3;T-Intersection;0;None;1;On Roadway;1;Daylight;10;Cloudy;0;No Additional Atmospheric Conditions;10;Cloudy;0;No;0;Not Applicable;11;11:00am-11:59am;34;34;11;11:00am-11:59am;38;38;12;12:00pm-12:59pm;36;36;0;None;0;None;0;None;1;0
47;Tennessee;470445;1;1;0;1;1;1;1;37;DAVIDSON (37);1760;NASHVILLE;16;16;6;June;2019;1;Sunday;22;10:00pm-10:59pm;53;53;1;This section IS ON the NHS;2;U.S. Highway;US-41/70S SR-1 MURFREESBORO RD;WILHAGAN RD;2;Urban;3;Principal Arterial - Other;1;State Highway Agency;216;216;36.13246944;36.13246944;-86.71931111;-86.71931111;0;No Special Jurisdiction;8;Pedestrian;0;The First Harmful Event was Not a Collision with a Motor Vehicle in Transport;0;No;3;Intersection-Related;3;T-Intersection;0;None;1;On Roadway;3;Dark - Lighted;10;Cloudy;0;No Additional Atmospheric Conditions;10;Cloudy;0;No;0;Not Applicable;22;10:00pm-10:59pm;53;53;23;11:00pm-11:59pm;3;3;88;Not Applicable (Not Transported);88;Not Applicable (Not Transported);0;None;0;None;0;None;1;0
47;Tennessee;470448;2;2;0;0;2;2;0;179;WASHINGTON (179);0;NOT APPLICABLE;4;4;6;June;2019;3;Tuesday;14;2:00pm-2:59pm;23;23;1;This section IS ON the NHS;2;U.S. Highway;US-11E/321 SR-34 VETERANS PKWY;CR-BIG LIMESTONE RD;1;Rural;3;Principal Arterial - Other;1;State Highway Agency;19;19;36.24461111;36.24461111;-82.61268889;-82.61268889;0;No Special Jurisdiction;12;Motor Vehicle In-Transport;6;Angle;0;No;2;Intersection;3;T-Intersection;0;None;1;On Roadway;1;Daylight;1;Clear;0;No Additional Atmospheric Conditions;1;Clear;0;No;0;Not Applicable;14;2:00pm-2:59pm;23;23;14;2:00pm-2:59pm;39;39;14;2:00pm-2:59pm;59;59;0;None;0;None;0;None;1;0
47;Tennessee;470462;2;2;0;0;3;3;0;149;RUTHERFORD (149);0;NOT APPLICABLE;26;26;6;June;2019;4;Wednesday;17;5:00pm-5:59pm;17;17;0;This section IS NOT on the NHS;3;State Highway;SR-99;SR-269 JACKSON RIDGE RD;1;Rural;4;Minor Arterial;1;State Highway Agency;77;77;35.7442;35.7442;-86.55851111;-86.55851111;0;No Special Jurisdiction;12;Motor Vehicle In-Transport;6;Angle;0;No;2;Intersection;3;T-Intersection;0;None;1;On Roadway;1;Daylight;1;Clear;0;No Additional Atmospheric Conditions;1;Clear;0;No;0;Not Applicable;17;5:00pm-5:59pm;20;20;17;5:00pm-5:59pm;22;22;17;5:00pm-5:59pm;50;50;0;None;0;None;0;None;1;1
47;Tennessee;470473;2;2;0;0;5;5;0;119;MAURY (119);0;NOT APPLICABLE;26;26;6;June;2019;4;Wednesday;14;2:00pm-2:59pm;40;40;0;This section IS NOT on the NHS;2;U.S. Highway;US-431 SR-106 FRANKLIN PK;CR-WILL BROWN RD;1;Rural;3;Principal Arterial - Other;1;State Highway Agency;52;52;35.69713889;35.69713889;-86.83268889;-86.83268889;0;No Special Jurisdiction;12;Motor Vehicle In-Transport;6;Angle;0;No;2;Intersection;3;T-Intersection;0;None;1;On Roadway;1;Daylight;1;Clear;0;No Additional Atmospheric Conditions;1;Clear;0;No;0;Not Applicable;14;2:00pm-2:59pm;50;50;15;3:00pm-3:59pm;10;10;15;3:00pm-3:59pm;39;39;0;None;0;None;0;None;1;0
47;Tennessee;470474;2;2;0;0;4;4;0;93;KNOX (93);0;NOT APPLICABLE;30;30;6;June;2019;1;Sunday;14;2:00pm-2:59pm;54;54;0;This section IS NOT on the NHS;2;U.S. Highway;US-25W/70 SR-9 ASHEVILLE HWY;CR-S EAST END RD;1;Rural;5;Major Collector;1;State Highway Agency;166;166;36.01753056;36.01753056;-83.67906111;-83.67906111;0;No Special Jurisdiction;12;Motor Vehicle In-Transport;6;Angle;0;No;2;Intersection;3;T-Intersection;0;None;1;On Roadway;1;Daylight;1;Clear;0;No Additional Atmospheric Conditions;1;Clear;0;No;0;Not Applicable;15;3:00pm-3:59pm;10;10;15;3:00pm-3:59pm;32;32;16;4:00pm-4:59pm;0;0;0;None;0;None;0;None;1;0
47;Tennessee;470502;2;2;0;0;2;2;0;93;KNOX (93);0;NOT APPLICABLE;10;10;7;July;2019;4;Wednesday;19;7:00pm-7:59pm;50;50;0;This section IS NOT on the NHS;4;County Road;CR-RIDGEVIEW DR;CR-WISE SPRINGS RD;2;Urban;7;Local;2;County Highway Agency;21;21;36.09251111;36.09251111;-83.84978889;-83.84978889;0;No Special Jurisdiction;12;Motor Vehicle In-Transport;6;Angle;0;No;2;Intersection;3;T-Intersection;0;None;1;On Roadway;1;Daylight;1;Clear;0;No Additional Atmospheric Conditions;1;Clear;0;No;0;Not Applicable;20;8:00pm-8:59pm;56;56;21;9:00pm-9:59pm;27;27;21;9:00pm-9:59pm;36;36;0;None;0;None;0;None;1;0
47;Tennessee;470509;1;1;0;1;1;1;1;37;DAVIDSON (37);1760;NASHVILLE;10;10;7;July;2019;4;Wednesday;20;8:00pm-8:59pm;36;36;0;This section IS NOT on the NHS;6;Local Street - Municipality;GALLATIN PK;STRATFORD AVE;2;Urban;4;Minor Arterial;4;City or Municipal Highway Agency;36;36;36.21448889;36.21448889;-86.73051944;-86.73051944;0;No Special Jurisdiction;8;Pedestrian;0;The First Harmful Event was Not a Collision with a Motor Vehicle in Transport;0;No;2;Intersection;3;T-Intersection;0;None;1;On Roadway;3;Dark - Lighted;1;Clear;0;No Additional Atmospheric Conditions;1;Clear;0;No;0;Not Applicable;20;8:00pm-8:59pm;37;37;20;8:00pm-8:59pm;42;42;88;Not Applicable (Not Transported);88;Not Applicable (Not Transported);0;None;0;None;0;None;1;0
47;Tennessee;470521;1;1;0;0;1;1;0;35;CUMBERLAND (35);540;CROSSVILLE;7;7;7;July;2019;1;Sunday;0;0:00am-0:59am;30;30;0;This section IS NOT on the NHS;3;State Highway;SR-101 LANTANA RD;DUNBAR RD;2;Urban;4;Minor Arterial;1;State Highway Agency;127;127;35.90913056;35.90913056;-85.05968056;-85.05968056;0;No Special Jurisdiction;30;Utility Pole/Light Support;0;The First Harmful Event was Not a Collision with a Motor Vehicle in Transport;0;No;3;Intersection-Related;3;T-Intersection;0;None;4;On Roadside;2;Dark - Not Lighted;1;Clear;0;No Additional Atmospheric Conditions;1;Clear;0;No;0;Not Applicable;0;0:00am-0:59am;30;30;0;0:00am-0:59am;48;48;1;1:00am-1:59am;15;15;0;None;0;None;0;None;1;0
47;Tennessee;470525;3;3;0;0;7;7;0;71;HARDIN (71);0;NOT APPLICABLE;12;12;7;July;2019;6;Friday;21;9:00pm-9:59pm;44;44;0;This section IS NOT on the NHS;3;State Highway;SR-69;CR-THE LORDS WAY;1;Rural;4;Minor Arterial;1;State Highway Agency;170;170;35.15018889;35.15018889;-88.21296944;-88.21296944;0;No Special Jurisdiction;12;Motor Vehicle In-Transport;2;Front-to-Front;0;No;2;Intersection;3;T-Intersection;0;None;1;On Roadway;2;Dark - Not Lighted;1;Clear;0;No Additional Atmospheric Conditions;1;Clear;0;No;0;Not Applicable;21;9:00pm-9:59pm;40;40;21;9:00pm-9:59pm;59;59;99;Unknown;99;Unknown EMS Hospital Arrival Time;0;None;0;None;0;None;1;0
47;Tennessee;470527;2;2;0;0;3;3;0;37;DAVIDSON (37);1760;NASHVILLE;16;16;7;July;2019;3;Tuesday;13;1:00pm-1:59pm;25;25;1;This section IS ON the NHS;2;U.S. Highway;US-31W/41 SR-11 DICKERSON PK;WHITES CREEK PK;2;Urban;3;Principal Arterial - Other;1;State Highway Agency;137;137;36.18883056;36.18883056;-86.77316111;-86.77316111;0;No Special Jurisdiction;12;Motor Vehicle In-Transport;6;Angle;0;No;2;Intersection;3;T-Intersection;0;None;1;On Roadway;1;Daylight;1;Clear;0;No Additional Atmospheric Conditions;1;Clear;0;No;0;Not Applicable;13;1:00pm-1:59pm;30;30;13;1:00pm-1:59pm;40;40;88;Not Applicable (Not Transported);88;Not Applicable (Not Transported);0;None;0;None;0;None;1;0
47;Tennessee;470532;2;2;0;0;4;4;0;35;CUMBERLAND (35);0;NOT APPLICABLE;13;13;7;July;2019;7;Saturday;14;2:00pm-2:59pm;30;30;0;This section IS NOT on the NHS;3;State Highway;SR-298 GENESIS RD;CR-WILDLIFE LN;1;Rural;5;Major Collector;1;State Highway Agency;103;103;36.07648889;36.07648889;-84.95693889;-84.95693889;0;No Special Jurisdiction;12;Motor Vehicle In-Transport;8;Sideswipe - Opposite Direction;0;No;2;Intersection;3;T-Intersection;0;None;1;On Roadway;1;Daylight;10;Cloudy;0;No Additional Atmospheric Conditions;10;Cloudy;0;No;0;Not Applicable;14;2:00pm-2:59pm;30;30;14;2:00pm-2:59pm;48;48;15;3:00pm-3:59pm;22;22;0;None;0;None;0;None;1;0
47;Tennessee;470537;2;2;0;0;2;2;0;51;FRANKLIN (51);0;NOT APPLICABLE;13;13;7;July;2019;7;Saturday;22;10:00pm-10:59pm;27;27;1;This section IS ON the NHS;2;U.S. Highway;US-41A SR-15 SOLLACE M FREEMAN;CR-UNIVERSITY AVE;1;Rural;3;Principal Arterial - Other;1;State Highway Agency;277;277;35.2078;35.2078;-85.90171111;-85.90171111;0;No Special Jurisdiction;12;Motor Vehicle In-Transport;2;Front-to-Front;0;No;2;Intersection;3;T-Intersection;0;None;1;On Roadway;2;Dark - Not Lighted;1;Clear;0;No Additional Atmospheric Conditions;1;Clear;0;No;0;Not Applicable;22;10:00pm-10:59pm;27;27;22;10:00pm-10:59pm;39;39;23;11:00pm-11:59pm;10;10;0;None;0;None;0;None;1;0