STATE;STATENAME;ST_CASE;VE_TOTAL;VE_FORMS;PVH_INVL;PEDS;PERSONS;PERMVIT;PERNOTMVIT;COUNTY;COUNTYNAME;CITY;CITYNAME;DAY;DAYNAME;MONTH;MONTHNAME;YEAR;DAY_WEEK;DAY_WEEKNAME;HOUR;HOURNAME;MINUTE;MINUTENAME;NHS;NHSNAME;ROUTE;ROUTENAME;TWAY_ID;TWAY_ID2;RUR_URB;RUR_URBNAME;FUNC_SYS;FUNC_SYSNAME;RD_OWNER;RD_OWNERNAME;MILEPT;MILEPTNAME;LATITUDE;LATITUDENAME;LONGITUD;LONGITUDNAME;SP_JUR;SP_JURNAME;HARM_EV;HARM_EVNAME;MAN_COLL;MAN_COLLNAME;RELJCT1;RELJCT1NAME;RELJCT2;RELJCT2NAME;TYP_INT;TYP_INTNAME;WRK_ZONE;WRK_ZONENAME;REL_ROAD;REL_ROADNAME;LGT_COND;LGT_CONDNAME;WEATHER1;WEATHER1NAME;WEATHER2;WEATHER2NAME;WEATHER;WEATHERNAME;SCH_BUS;SCH_BUSNAME;RAIL;RAILNAME;NOT_HOUR;NOT_HOURNAME;NOT_MIN;NOT_MINNAME;ARR_HOUR;ARR_HOURNAME;ARR_MIN;ARR_MINNAME;HOSP_HR;HOSP_HRNAME;HOSP_MN;HOSP_MNNAME;CF1;CF1NAME;CF2;CF2NAME;CF3;CF3NAME;FATALS;DRUNK_DR
47;Tennessee;470573;2;2;0;0;5;5;0;9;BLOUNT (9);1570;MARYVILLE;30;30;7;July;2019;3;Tuesday;16;4:00pm-4:59pm;1;1;1;This section IS ON the NHS;2;U.S. Highway;US-129/411 SR-33 W BROADWAY AV;CHEROKEE HEIGHTS DR;2;Urban;3;Principal Arterial - Other;1;State Highway Agency;93;93;35.72668056;35.72668056;-83.99935;-83.99935;0;No Special Jurisdiction;12;Motor Vehicle In-Transport;6;Angle;0;No;2;Intersection;3;T-Intersection;0;None;1;On Roadway;1;Daylight;10;Cloudy;0;No Additional Atmospheric Conditions;10;Cloudy;0;No;0;Not Applicable;16;4:00pm-4:59pm;0;0;16;4:00pm-4:59pm;29;29;16;4:00pm-4:59pm;56;56;0;None;0;None;0;None;1;0
47;Tennessee;470584;2;2;0;0;4;4;0;165;SUMNER (165);890;GALLATIN;2;2;8;August;2019;6;Friday;14;2:00pm-2:59pm;15;15;1;This section IS ON the NHS;3;State Highway;SR-109 GALLATIN BYPASS;OLD DOUGLAS LN;2;Urban;3;Principal Arterial - Other;1;State Highway Agency;14;14;36.42478056;36.42478056;-86.46448889;-86.46448889;0;No Special Jurisdiction;12;Motor Vehicle In-Transport;6;Angle;0;No;2;Intersection;3;T-Intersection;0;None;1;On Roadway;1;Daylight;1;Clear;0;No Additional Atmospheric Conditions;1;Clear;0;No;0;Not Applicable;14;2:00pm-2:59pm;20;20;14;2:00pm-2:59pm;36;36;15;3:00pm-3:59pm;2;2;0;None;0;None;0;None;2;0
47;Tennessee;470588;3;3;0;0;10;10;0;155;SEVIER (155);1948;PIGEON FORGE;3;3;8;August;2019;7;Saturday;20;8:00pm-8:59pm;38;38;0;This section IS NOT on the NHS;3;State Highway;SR-449 VETERANS BLVD;WHALEY DR;2;Urban;4;Minor Arterial;1;State Highway Agency;9;9;35.7923;35.7923;-83.5458;-83.5458;0;No Special Jurisdiction;1;Rollover/Overturn;0;The First Harmful Event was Not a Collision with a Motor Vehicle in Transport;0;No;3;Intersection-Related;3;T-Intersection;0;None;1;On Roadway;5;Dusk;1;Clear;0;No Additional Atmospheric Conditions;1;Clear;0;No;0;Not Applicable;20;8:00pm-8:59pm;38;38;21;9:00pm-9:59pm;2;2;21;9:00pm-9:59pm;29;29;14;Motor Vehicle struck by falling cargo,or something that came loose from or something that was set in motion by a vehicle;0;None;0;None;1;1
47;Tennessee;470604;2;2;0;0;2;2;0;179;WASHINGTON (179);1250;JOHNSON CITY;11;11;8;August;2019;1;Sunday;19;7:00pm-7:59pm;10;10;1;This section IS ON the NHS;3;State Highway;SR-36 N ROAN ST;CAMBRIDGESHIRE CT;2;Urban;3;Principal Arterial - Other;1;State Highway Agency;22;22;36.38129444;36.38129444;-82.40855;-82.40855;0;No Special Jurisdiction;12;Motor Vehicle In-Transport;6;Angle;0;No;2;Intersection;3;T-Intersection;0;None;1;On Roadway;1;Daylight;1;Clear;0;No Additional Atmospheric Conditions;1;Clear;0;No;0;Not Applicable;19;7:00pm-7:59pm;10;10;19;7:00pm-7:59pm;19;19;19;7:00pm-7:59pm;36;36;0;None;0;None;0;None;1;0
47;Tennessee;470625;2;2;0;0;3;3;0;109;MCNAIRY (109);0;NOT APPLICABLE;27;27;7;July;2019;7;Saturday;1;1:00am-1:59am;8;8;0;This section IS NOT on the NHS;3;State Highway;SR-57;CR-SULPHUR SPRINGS RD;1;Rural;4;Minor Arterial;1;State Highway Agency;45;45;35.08071111;35.08071111;-88.71213889;-88.71213889;0;No Special Jurisdiction;12;Motor Vehicle In-Transport;6;Angle;0;No;2;Intersection;3;T-Intersection;0;None;1;On Roadway;2;Dark - Not Lighted;1;Clear;0;No Additional Atmospheric Conditions;1;Clear;0;No;0;Not Applicable;1;1:00am-1:59am;5;5;1;1:00am-1:59am;22;22;2;2:00am-2:59am;3;3;20;Police Pursuit Involved;0;None;0;None;1;1
47;Tennessee;470631;2;2;0;0;3;3;0;107;MCMINN (107);110;ATHENS;14;14;8;August;2019;4;Wednesday;16;4:00pm-4:59pm;14;14;1;This section IS ON the NHS;2;U.S. Highway;US-11 SR-2 N CONGRESS PKWY;CR-255;2;Urban;3;Principal Arterial - Other;1;State Highway Agency;168;168;35.48751944;35.48751944;-84.58428889;-84.58428889;0;No Special Jurisdiction;12;Motor Vehicle In-Transport;6;Angle;0;No;2;Intersection;3;T-Intersection;0;None;1;On Roadway;1;Daylight;1;Clear;0;No Additional Atmospheric Conditions;1;Clear;0;No;0;Not Applicable;16;4:00pm-4:59pm;12;12;16;4:00pm-4:59pm;18;18;17;5:00pm-5:59pm;10;10;0;None;0;None;0;None;1;0
47;Tennessee;470642;1;1;0;0;4;4;0;189;WILSON (189);0;NOT APPLICABLE;17;17;8;August;2019;7;Saturday;22;10:00pm-10:59pm;40;40;1;This section IS ON the NHS;3;State Highway;SR-10 MURFREESBORO RD;CR-HURRICANE CREEK RD;1;Rural;3;Principal Arterial - Other;1;State Highway Agency;44;44;36.073;36.073;-86.34058889;-86.34058889;0;No Special Jurisdiction;35;Embankment;0;The First Harmful Event was Not a Collision with a Motor Vehicle in Transport;0;No;3;Intersection-Related;3;T-Intersection;0;None;4;On Roadside;2;Dark - Not Lighted;1;Clear;0;No Additional Atmospheric Conditions;1;Clear;0;No;0;Not Applicable;22;10:00pm-10:59pm;55;55;23;11:00pm-11:59pm;8;8;1;1:00am-1:59am;21;21;0;None;0;None;0;None;1;1
47;Tennessee;470656;2;2;0;0;2;2;0;37;DAVIDSON (37);1760;NASHVILLE;23;23;8;August;2019;6;Friday;20;8:00pm-8:59pm;31;31;1;This section IS ON the NHS;3;State Highway;SR-45 OLD HICKORY BLVD;OLD LEBANON DIRT RD;2;Urban;3;Principal Arterial - Other;1;State Highway Agency;163;163;36.19083889;36.19083889;-86.61535;-86.61535;0;No Special Jurisdiction;12;Motor Vehicle In-Transport;6;Angle;0;No;2;Intersection;3;T-Intersection;0;None;1;On Roadway;2;Dark - Not Lighted;1;Clear;0;No Additional Atmospheric Conditions;1;Clear;0;No;0;Not Applicable;20;8:00pm-8:59pm;31;31;20;8:00pm-8:59pm;34;34;20;8:00pm-8:59pm;58;58;0;None;0;None;0;None;1;0
47;Tennessee;470667;2;2;0;0;3;3;0;73;HAWKINS (73);405;CHURCH HILL;27;27;8;August;2019;3;Tuesday;12;12:00pm-12:59pm;56;56;1;This section IS ON the NHS;2;U.S. Highway;US-11W SR-1 LEE HWY;RICHMOND ST;2;Urban;3;Principal Arterial - Other;1;State Highway Agency;362;362;36.52188056;36.52188056;-82.69678889;-82.69678889;0;No Special Jurisdiction;12;Motor Vehicle In-Transport;6;Angle;0;No;2;Intersection;3;T-Intersection;0;None;1;On Roadway;1;Daylight;1;Clear;0;No Additional Atmospheric Conditions;1;Clear;0;No;0;Not Applicable;13;1:00pm-1:59pm;1;1;13;1:00pm-1:59pm;15;15;13;1:00pm-1:59pm;38;38;0;None;0;None;0;None;2;0
47;Tennessee;470671;2;2;0;0;2;2;0;157;SHELBY (157);1620;MEMPHIS;2;2;9;September;2019;2;Monday;18;6:00pm-6:59pm;26;26;1;This section IS ON the NHS;3;State Highway;SR-175 SHELBY DR;SWINNEA DR;2;Urban;3;Principal Arterial - Other;1;State Highway Agency;83;83;35.02091111;35.02091111;-89.96361944;-89.96361944;0;No Special Jurisdiction;12;Motor Vehicle In-Transport;6;Angle;0;No;3;Intersection-Related;3;T-Intersection;0;None;1;On Roadway;5;Dusk;1;Clear;0;No Additional Atmospheric Conditions;1;Clear;0;No;0;Not Applicable;18;6:00pm-6:59pm;25;25;18;6:00pm-6:59pm;40;40;88;Not Applicable (Not Transported);88;Not Applicable (Not Transported);0;None;0;None;0;None;1;0
47;Tennessee;470683;2;2;0;0;2;2;0;163;SULLIVAN (163);1280;KINGSPORT;5;5;9;September;2019;5;Thursday;16;4:00pm-4:59pm;2;2;0;This section IS NOT on the NHS;6;Local Street - Municipality;CLINCHFIELD ST;HOLSTON VALLEY DR;2;Urban;4;Minor Arterial;4;City or Municipal Highway Agency;3;3;36.55692778;36.55692778;-82.56016111;-82.56016111;0;No Special Jurisdiction;12;Motor Vehicle In-Transport;6;Angle;0;No;2;Intersection;3;T-Intersection;0;None;1;On Roadway;1;Daylight;1;Clear;0;No Additional Atmospheric Conditions;1;Clear;0;No;0;Not Applicable;16;4:00pm-4:59pm;5;5;16;4:00pm-4:59pm;19;19;16;4:00pm-4:59pm;48;48;0;None;0;None;0;None;1;0
47;Tennessee;470690;2;2;0;0;2;2;0;149;RUTHERFORD (149);0;NOT APPLICABLE;23;23;8;August;2019;6;Friday;18;6:00pm-6:59pm;1;1;1;This section IS ON the NHS;2;U.S. Highway;US-70S SR-1 JOHN BRAGG HWY;CR-DOUBLE SPRINGS RD;2;Urban;3;Principal Arterial - Other;1;State Highway Agency;206;206;35.83115;35.83115;-86.33511111;-86.33511111;0;No Special Jurisdiction;12;Motor Vehicle In-Transport;6;Angle;0;No;2;Intersection;3;T-Intersection;0;None;1;On Roadway;1;Daylight;1;Clear;0;No Additional Atmospheric Conditions;1;Clear;0;No;0;Not Applicable;18;6:00pm-6:59pm;1;1;18;6:00pm-6:59pm;30;30;18;6:00pm-6:59pm;59;59;0;None;0;None;0;None;1;0
47;Tennessee;470696;3;3;0;0;4;4;0;157;SHELBY (157);1620;MEMPHIS;10;10;9;September;2019;3;Tuesday;18;6:00pm-6:59pm;0;0;1;This section IS ON the NHS;2;U.S. Highway;US-78 SR-4 LAMAR AVE;DEMOCRAT RD;2;Urban;3;Principal Arterial - Other;1;State Highway Agency;64;64;35.068725;35.068725;-89.94441111;-89.94441111;0;No Special Jurisdiction;12;Motor Vehicle In-Transport;6;Angle;0;No;2;Intersection;3;T-Intersection;0;None;1;On Roadway;1;Daylight;1;Clear;0;No Additional Atmospheric Conditions;1;Clear;0;No;0;Not Applicable;18;6:00pm-6:59pm;0;0;18;6:00pm-6:59pm;18;18;18;6:00pm-6:59pm;46;46;0;None;0;None;0;None;1;1
47;Tennessee;470707;2;2;0;0;2;2;0;157;SHELBY (157);1620;MEMPHIS;11;11;9;September;2019;4;Wednesday;15;3:00pm-3:59pm;47;47;1;This section IS ON the NHS;6;Local Street - Municipality;WINCHESTER RD;ROSS RD;2;Urban;3;Principal Arterial - Other;4;City or Municipal Highway Agency;39;39;35.04957222;35.04957222;-89.83866944;-89.83866944;0;No Special Jurisdiction;12;Motor Vehicle In-Transport;6;Angle;0;No;2;Intersection;3;T-Intersection;0;None;1;On Roadway;1;Daylight;1;Clear;0;No Additional Atmospheric Conditions;1;Clear;0;No;0;Not Applicable;15;3:00pm-3:59pm;45;45;16;4:00pm-4:59pm;10;10;16;4:00pm-4:59pm;36;36;0;None;0;None;0;None;1;0
47;Tennessee;470710;2;2;0;0;2;2;0;125;MONTGOMERY (125);410;CLARKSVILLE;12;12;9;September;2019;5;Thursday;19;7:00pm-7:59pm;5;5;0;This section IS NOT on the NHS;3;State Highway;SR-236 TINY TOWN RD;CAINLO DR;2;Urban;4;Minor Arterial;1;State Highway Agency;61;61;36.62654167;36.62654167;-87.32933333;-87.32933333;0;No Special Jurisdiction;12;Motor Vehicle In-Transport;6;Angle;0;No;2;Intersection;3;T-Intersection;0;None;1;On Roadway;3;Dark - Lighted;1;Clear;0;No Additional Atmospheric Conditions;1;Clear;0;No;0;Not Applicable;19;7:00pm-7:59pm;9;9;19;7:00pm-7:59pm;11;11;19;7:00pm-7:59pm;28;28;0;None;0;None;0;None;1;0
47;Tennessee;470719;3;3;0;0;3;3;0;1;ANDERSON (1);0;NOT APPLICABLE;16;16;9;September;2019;2;Monday;13;1:00pm-1:59pm;56;56;0;This section IS NOT on the NHS;2;U.S. Highway;US-441 SR-71 NORRIS FRWY;CR-HICKORY VALLEY RD;1;Rural;5;Major Collector;1;State Highway Agency;16;16;36.15161111;36.15161111;-84.02798056;-84.02798056;0;No Special Jurisdiction;12;Motor Vehicle In-Transport;1;Front-to-Rear;0;No;3;Intersection-Related;3;T-Intersection;0;None;1;On Roadway;1;Daylight;1;Clear;0;No Additional Atmospheric Conditions;1;Clear;0;No;0;Not Applicable;14;2:00pm-2:59pm;55;55;15;3:00pm-3:59pm;0;0;16;4:00pm-4:59pm;13;13;0;None;0;None;0;None;1;0
47;Tennessee;470722;2;2;0;0;2;2;0;59;GREENE (59);0;NOT APPLICABLE;12;12;9;September;2019;5;Thursday;10;10:00am-10:59am;41;41;1;This section IS ON the NHS;2;U.S. Highway;US-11E/321 SR-34 E ANDREW JOHN;CR-HERITAGE RD S;1;Rural;3;Principal Arterial - Other;1;State Highway Agency;275;275;36.23133889;36.23133889;-82.65191944;-82.65191944;0;No Special Jurisdiction;12;Motor Vehicle In-Transport;6;Angle;0;No;2;Intersection;3;T-Intersection;0;None;1;On Roadway;1;Daylight;1;Clear;0;No Additional Atmospheric Conditions;1;Clear;0;No;0;Not Applicable;10;10:00am-10:59am;39;39;10;10:00am-10:59am;52;52;11;11:00am-11:59am;15;15;0;None;0;None;0;None;1;0
47;Tennessee;470751;2;2;0;0;2;2;0;157;SHELBY (157);1620;MEMPHIS;26;26;9;September;2019;5;Thursday;16;4:00pm-4:59pm;53;53;0;This section IS NOT on the NHS;6;Local Street - Municipality;HICKORY HILL DR;FREEPORT DR;2;Urban;4;Minor Arterial;4;City or Municipal Highway Agency;4;4;35.01061667;35.01061667;-89.86431944;-89.86431944;0;No Special Jurisdiction;1;Rollover/Overturn;0;The First Harmful Event was Not a Collision with a Motor Vehicle in Transport;0;No;2;Intersection;3;T-Intersection;0;None;1;On Roadway;1;Daylight;1;Clear;0;No Additional Atmospheric Conditions;1;Clear;0;No;0;Not Applicable;17;5:00pm-5:59pm;15;15;17;5:00pm-5:59pm;30;30;88;Not Applicable (Not Transported);88;Not Applicable (Not Transported);0;None;0;None;0;None;1;0
47;Tennessee;470752;2;2;0;0;2;2;0;157;SHELBY (157);1620;MEMPHIS;22;22;9;September;2019;1;Sunday;15;3:00pm-3:59pm;9;9;0;This section IS NOT on the NHS;6;Local Street - Municipality;N HIGHLAND ST;HIGHLAND PARK PL;2;Urban;4;Minor Arterial;4;City or Municipal Highway Agency;41;41;35.13526389;35.13526389;-89.94507222;-89.94507222;0;No Special Jurisdiction;12;Motor Vehicle In-Transport;6;Angle;0;No;2;Intersection;3;T-Intersection;0;None;1;On Roadway;1;Daylight;1;Clear;0;No Additional Atmospheric Conditions;1;Clear;0;No;0;Not Applicable;15;3:00pm-3:59pm;15;15;15;3:00pm-3:59pm;34;34;15;3:00pm-3:59pm;50;50;0;None;0;None;0;None;1;0
47;Tennessee;470764;1;1;0;1;2;2;1;155;SEVIER (155);1948;PIGEON FORGE;27;27;9;September;2019;6;Friday;23;11:00pm-11:59pm;7;7;1;This section IS ON the NHS;2;U.S. Highway;US-321/441 SR-71 PARKWAY;JAKE THOMAS BLVD;2;Urban;3;Principal Arterial - Other;1;State Highway Agency;230;230;35.7947;35.7947;-83.5622;-83.5622;0;No Special Jurisdiction;8;Pedestrian;0;The First Harmful Event was Not a Collision with a Motor Vehicle in Transport;0;No;3;Intersection-Related;3;T-Intersection;0;None;1;On Roadway;3;Dark - Lighted;1;Clear;0;No Additional Atmospheric Conditions;1;Clear;0;No;0;Not Applicable;23;11:00pm-11:59pm;9;9;23;11:00pm-11:59pm;14;14;88;Not Applicable (Not Transported);88;Not Applicable (Not Transported);0;None;0;None;0;None;1;0
47;Tennessee;470766;3;3;0;0;4;4;0;157;SHELBY (157);1620;MEMPHIS;30;30;9;September;2019;2;Monday;19;7:00pm-7:59pm;35;35;0;This section IS NOT on the NHS;6;Local Street - Municipality;PRESCOTT RD;KIMBALL RD;2;Urban;4;Minor Arterial;4;City or Municipal Highway Agency;10;10;35.09418611;35.09418611;-89.94968889;-89.94968889;0;No Special Jurisdiction;12;Motor Vehicle In-Transport;6;Angle;0;No;2;Intersection;3;T-Intersection;0;None;1;On Roadway;3;Dark - Lighted;1;Clear;0;No Additional Atmospheric Conditions;1;Clear;0;No;0;Not Applicable;19;7:00pm-7:59pm;40;40;20;8:00pm-8:59pm;2;2;20;8:00pm-8:59pm;39;39;0;None;0;None;0;None;1;0
47;Tennessee;470821;1;1;0;0;3;3;0;93;KNOX (93);829;FARRAGUT;9;9;10;October;2019;4;Wednesday;9;9:00am-9:59am;49;49;1;This section IS ON the NHS;1;Interstate;I-40;CAMPBELL STATION RD;2;Urban;1;Interstate;1;State Highway Agency;41;41;35.89973889;35.89973889;-84.17483056;-84.17483056;0;No Special Jurisdiction;35;Embankment;0;The First Harmful Event was Not a Collision with a Motor Vehicle in Transport;1;Yes;3;Intersection-Related;3;T-Intersection;0;None;4;On Roadside;1;Daylight;1;Clear;0;No Additional Atmospheric Conditions;1;Clear;0;No;0;Not Applicable;9;9:00am-9:59am;52;52;10;10:00am-10:59am;2;2;10;10:00am-10:59am;30;30;0;None;0;None;0;None;1;0
47;Tennessee;470829;2;2;0;0;2;2;0;149;RUTHERFORD (149);0;NOT APPLICABLE;18;18;10;October;2019;6;Friday;12;12:00pm-12:59pm;23;23;1;This section IS ON the NHS;2;U.S. Highway;US-231 SR-10 SHELBYVILLE PK;CR-ROCK SPRINGS MIDLAND RD;1;Rural;3;Principal Arterial - Other;1;State Highway Agency;35;35;35.69971111;35.69971111;-86.41993889;-86.41993889;0;No Special Jurisdiction;12;Motor Vehicle In-Transport;6;Angle;0;No;2;Intersection;3;T-Intersection;0;None;1;On Roadway;1;Daylight;1;Clear;0;No Additional Atmospheric Conditions;1;Clear;0;No;0;Not Applicable;12;12:00pm-12:59pm;28;28;12;12:00pm-12:59pm;42;42;13;1:00pm-1:59pm;29;29;0;None;0;None;0;None;1;0
47;Tennessee;470839;2;2;0;0;2;2;0;157;SHELBY (157);1620;MEMPHIS;23;23;10;October;2019;4;Wednesday;14;2:00pm-2:59pm;46;46;0;This section IS NOT on the NHS;3;State Highway;SR-175 SHELBY DR;GILL DR;2;Urban;4;Minor Arterial;1;State Highway Agency;32;32;35.020825;35.020825;-90.0525;-90.0525;0;No Special Jurisdiction;12;Motor Vehicle In-Transport;6;Angle;0;No;2;Intersection;3;T-Intersection;0;None;1;On Roadway;1;Daylight;1;Clear;0;No Additional Atmospheric Conditions;1;Clear;0;No;0;Not Applicable;14;2:00pm-2:59pm;46;46;15;3:00pm-3:59pm;15;15;15;3:00pm-3:59pm;50;50;0;None;0;None;0;None;1;0
47;Tennessee;470863;2;2;0;0;2;2;0;37;DAVIDSON (37);1760;NASHVILLE;29;29;10;October;2019;3;Tuesday;9;9:00am-9:59am;31;31;0;This section IS NOT on the NHS;6;Local Street - Municipality;GALLATIN PK;FAIRWIN AVE;2;Urban;4;Minor Arterial;4;City or Municipal Highway Agency;24;24;36.19801111;36.19801111;-86.74153056;-86.74153056;0;No Special Jurisdiction;53;Mail Box;0;The First Harmful Event was Not a Collision with a Motor Vehicle in Transport;0;No;3;Intersection-Related;3;T-Intersection;0;None;4;On Roadside;1;Daylight;1;Clear;0;No Additional Atmospheric Conditions;1;Clear;0;No;0;Not Applicable;9;9:00am-9:59am;33;33;9;9:00am-9:59am;43;43;10;10:00am-10:59am;15;15;0;None;0;None;0;None;1;0
47;Tennessee;470866;2;2;0;0;3;3;0;93;KNOX (93);1300;KNOXVILLE;12;12;10;October;2019;7;Saturday;16;4:00pm-4:59pm;36;36;1;This section IS ON the NHS;2;U.S. Highway;US-25W SR-9 CLINTON PK;STANLEY RD;2;Urban;3;Principal Arterial - Other;1;State Highway Agency;6;6;36.02511111;36.02511111;-84.06018056;-84.06018056;0;No Special Jurisdiction;12;Motor Vehicle In-Transport;6;Angle;0;No;2;Intersection;3;T-Intersection;0;None;1;On Roadway;1;Daylight;1;Clear;0;No Additional Atmospheric Conditions;1;Clear;0;No;0;Not Applicable;16;4:00pm-4:59pm;34;34;16;4:00pm-4:59pm;42;42;17;5:00pm-5:59pm;33;33;0;None;0;None;0;None;1;0
47;Tennessee;470876;2;2;0;0;2;2;0;157;SHELBY (157);1620;MEMPHIS;4;4;11;November;2019;2;Monday;21;9:00pm-9:59pm;50;50;1;This section IS ON the NHS;2;U.S. Highway;US-51 SR-3 THOMAS ST;STAGE RD;2;Urban;3;Principal Arterial - Other;1;State Highway Agency;163;163;35.20345833;35.20345833;-90.03376667;-90.03376667;0;No Special Jurisdiction;12;Motor Vehicle In-Transport;6;Angle;0;No;2;Intersection;3;T-Intersection;0;None;1;On Roadway;3;Dark - Lighted;1;Clear;0;No Additional Atmospheric Conditions;1;Clear;0;No;0;Not Applicable;21;9:00pm-9:59pm;52;52;22;10:00pm-10:59pm;0;0;22;10:00pm-10:59pm;12;12;0;None;0;None;0;None;1;0
47;Tennessee;470882;2;2;0;0;4;4;0;35;CUMBERLAND (35);540;CROSSVILLE;6;6;11;November;2019;4;Wednesday;11;11:00am-11:59am;51;51;0;This section IS NOT on the NHS;3;State Highway;SR-282 DUNBAR RD;SR-101 LANTANA RD;2;Urban;5;Major Collector;1;State Highway Agency;127;127;35.90913056;35.90913056;-85.05968056;-85.05968056;0;No Special Jurisdiction;12;Motor Vehicle In-Transport;6;Angle;0;No;2;Intersection;3;T-Intersection;0;None;1;On Roadway;1;Daylight;1;Clear;0;No Additional Atmospheric Conditions;1;Clear;0;No;0;Not Applicable;11;11:00am-11:59am;50;50;12;12:00pm-12:59pm;16;16;12;12:00pm-12:59pm;50;50;0;None;0;None;0;None;1;0
47;Tennessee;470906;2;2;0;0;2;2;0;151;SCOTT (151);2603;WINFIELD;13;13;11;November;2019;4;Wednesday;14;2:00pm-2:59pm;41;41;1;This section IS ON the NHS;2;U.S. Highway;US-27 SR-29 SCOTT HWY;JACKSBORO RD;1;Rural;3;Principal Arterial - Other;1;State Highway Agency;259;259;36.58581111;36.58581111;-84.43901111;-84.43901111;0;No Special Jurisdiction;12;Motor Vehicle In-Transport;6;Angle;0;No;2;Intersection;3;T-Intersection;0;None;1;On Roadway;1;Daylight;1;Clear;0;No Additional Atmospheric Conditions;1;Clear;0;No;0;Not Applicable;14;2:00pm-2:59pm;45;45;15;3:00pm-3:59pm;2;2;15;3:00pm-3:59pm;39;39;0;None;0;None;0;None;1;0
47;Tennessee;470909;3;3;0;0;3;3;0;79;HENRY (79);0;NOT APPLICABLE;9;9;11;November;2019;7;Saturday;5;5:00am-5:59am;55;55;1;This section IS ON the NHS;2;U.S. Highway;US-79 SR-76;CR-VAN DYKE RD;1;Rural;3;Principal Arterial - Other;1;State Highway Agency;84;84;36.22976944;36.22976944;-88.373;-88.373;0;No Special Jurisdiction;12;Motor Vehicle In-Transport;6;Angle;0;No;2;Intersection;3;T-Intersection;0;None;1;On Roadway;4;Dawn;1;Clear;0;No Additional Atmospheric Conditions;1;Clear;0;No;0;Not Applicable;6;6:00am-6:59am;0;0;6;6:00am-6:59am;26;26;7;7:00am-7:59am;10;10;0;None;0;None;0;None;1;1
47;Tennessee;470926;2;2;0;0;5;5;0;113;MADISON (113);1200;JACKSON;22;22;11;November;2019;6;Friday;6;6:00am-6:59am;11;11;0;This section IS NOT on the NHS;2;U.S. Highway;US-45 SR-5 N HIGHLAND AVE;PINE TREE DR;2;Urban;4;Minor Arterial;1;State Highway Agency;145;145;35.64171944;35.64171944;-88.8283;-88.8283;0;No Special Jurisdiction;31;Post, Pole or Other Supports;0;The First Harmful Event was Not a Collision with a Motor Vehicle in Transport;0;No;3;Intersection-Related;3;T-Intersection;0;None;4;On Roadside;3;Dark - Lighted;2;Rain;0;No Additional Atmospheric Conditions;2;Rain;0;No;0;Not Applicable;99;Unknown;99;Unknown;99;Unknown EMS Scene Arrival Hour;99;Unknown EMS Scene Arrival Minutes;88;Not Applicable (Not Transported);88;Not Applicable (Not Transported);0;None;0;None;0;None;1;0
47;Tennessee;470943;2;2;0;0;2;2;0;77;HENDERSON (77);1390;LEXINGTON;20;20;11;November;2019;4;Wednesday;12;12:00pm-12:59pm;20;20;0;This section IS NOT on the NHS;3;State Highway;SR-200;COOK ST;2;Urban;5;Major Collector;1;State Highway Agency;110;110;35.6239;35.6239;-88.41686111;-88.41686111;0;No Special Jurisdiction;12;Motor Vehicle In-Transport;6;Angle;0;No;2;Intersection;3;T-Intersection;0;None;1;On Roadway;1;Daylight;1;Clear;0;No Additional Atmospheric Conditions;1;Clear;0;No;0;Not Applicable;12;12:00pm-12:59pm;30;30;12;12:00pm-12:59pm;42;42;12;12:00pm-12:59pm;58;58;0;None;0;None;0;None;1;0
47;Tennessee;470959;1;1;0;1;1;1;1;189;WILSON (189);1360;LEBANON;26;26;11;November;2019;3;Tuesday;19;7:00pm-7:59pm;51;51;0;This section IS NOT on the NHS;3;State Highway;SR-266 S COLLEGE ST;E SPRING ST;2;Urban;5;Major Collector;1;State Highway Agency;179;179;36.20463889;36.20463889;-86.29018889;-86.29018889;0;No Special Jurisdiction;8;Pedestrian;0;The First Harmful Event was Not a Collision with a Motor Vehicle in Transport;0;No;3;Intersection-Related;3;T-Intersection;0;None;1;On Roadway;3;Dark - Lighted;2;Rain;0;No Additional Atmospheric Conditions;2;Rain;0;No;0;Not Applicable;19;7:00pm-7:59pm;47;47;19;7:00pm-7:59pm;58;58;20;8:00pm-8:59pm;20;20;0;None;0;None;0;None;1;1
47;Tennessee;470989;2;2;0;0;2;2;0;113;MADISON (113);0;NOT APPLICABLE;9;9;12;December;2019;2;Monday;99;Unknown Hours;99;Unknown Minutes;1;This section IS ON the NHS;2;U.S. Highway;US-45E SR-43 CHARLES R CHICKEN;SR-186 ANTIOCH RD;2;Urban;3;Principal Arterial - Other;1;State Highway Agency;6;6;35.76618056;35.76618056;-88.83721944;-88.83721944;0;No Special Jurisdiction;12;Motor Vehicle In-Transport;6;Angle;0;No;2;Intersection;3;T-Intersection;0;None;1;On Roadway;1;Daylight;10;Cloudy;0;No Additional Atmospheric Conditions;10;Cloudy;0;No;0;Not Applicable;8;8:00am-8:59am;42;42;8;8:00am-8:59am;59;59;9;9:00am-9:59am;56;56;0;None;0;None;0;None;1;1
47;Tennessee;471001;2;2;0;0;3;3;0;117;MARSHALL (117);1380;LEWISBURG;15;15;11;November;2019;6;Friday;15;3:00pm-3:59pm;8;8;0;This section IS NOT on the NHS;3;State Highway;SR-373 W COMMERCE ST;OAKWOOD DR;2;Urban;4;Minor Arterial;1;State Highway Agency;79;79;35.45133889;35.45133889;-86.80823056;-86.80823056;0;No Special Jurisdiction;12;Motor Vehicle In-Transport;6;Angle;0;No;2;Intersection;3;T-Intersection;0;None;1;On Roadway;1;Daylight;1;Clear;0;No Additional Atmospheric Conditions;1;Clear;0;No;0;Not Applicable;15;3:00pm-3:59pm;0;0;15;3:00pm-3:59pm;20;20;15;3:00pm-3:59pm;50;50;0;None;0;None;0;None;1;0
47;Tennessee;471005;2;2;0;0;3;3;0;149;RUTHERFORD (149);2250;SMYRNA;16;16;11;November;2019;7;Saturday;4;4:00am-4:59am;36;36;0;This section IS NOT on the NHS;3;State Highway;SR-102 NISSAN DR;LEXINGTON DR;2;Urban;4;Minor Arterial;1;State Highway Agency;121;121;35.98213056;35.98213056;-86.49308056;-86.49308056;0;No Special Jurisdiction;12;Motor Vehicle In-Transport;2;Front-to-Front;0;No;2;Intersection;3;T-Intersection;0;None;1;On Roadway;3;Dark - Lighted;10;Cloudy;0;No Additional Atmospheric Conditions;10;Cloudy;0;No;0;Not Applicable;4;4:00am-4:59am;40;40;4;4:00am-4:59am;57;57;5;5:00am-5:59am;33;33;0;None;0;None;0;None;1;1