STATE;STATENAME;ST_CASE;VE_TOTAL;VE_FORMS;PVH_INVL;PEDS;PERSONS;PERMVIT;PERNOTMVIT;COUNTY;COUNTYNAME;CITY;CITYNAME;DAY;DAYNAME;MONTH;MONTHNAME;YEAR;DAY_WEEK;DAY_WEEKNAME;HOUR;HOURNAME;MINUTE;MINUTENAME;NHS;NHSNAME;ROUTE;ROUTENAME;TWAY_ID;TWAY_ID2;RUR_URB;RUR_URBNAME;FUNC_SYS;FUNC_SYSNAME;RD_OWNER;RD_OWNERNAME;MILEPT;MILEPTNAME;LATITUDE;LATITUDENAME;LONGITUD;LONGITUDNAME;SP_JUR;SP_JURNAME;HARM_EV;HARM_EVNAME;MAN_COLL;MAN_COLLNAME;RELJCT1;RELJCT1NAME;RELJCT2;RELJCT2NAME;TYP_INT;TYP_INTNAME;WRK_ZONE;WRK_ZONENAME;REL_ROAD;REL_ROADNAME;LGT_COND;LGT_CONDNAME;WEATHER1;WEATHER1NAME;WEATHER2;WEATHER2NAME;WEATHER;WEATHERNAME;SCH_BUS;SCH_BUSNAME;RAIL;RAILNAME;NOT_HOUR;NOT_HOURNAME;NOT_MIN;NOT_MINNAME;ARR_HOUR;ARR_HOURNAME;ARR_MIN;ARR_MINNAME;HOSP_HR;HOSP_HRNAME;HOSP_MN;HOSP_MNNAME;CF1;CF1NAME;CF2;CF2NAME;CF3;CF3NAME;FATALS;DRUNK_DR
47;Tennessee;471015;2;2;0;0;2;2;0;163;SULLIVAN (163);0;NOT APPLICABLE;9;9;12;December;2019;2;Monday;15;3:00pm-3:59pm;30;30;0;This section IS NOT on the NHS;3;State Highway;SR-126;CR-GRAVEL TOP RD;2;Urban;4;Minor Arterial;1;State Highway Agency;113;113;36.54311111;36.54311111;-82.39553889;-82.39553889;0;No Special Jurisdiction;12;Motor Vehicle In-Transport;2;Front-to-Front;0;No;3;Intersection-Related;3;T-Intersection;0;None;1;On Roadway;1;Daylight;10;Cloudy;0;No Additional Atmospheric Conditions;10;Cloudy;0;No;0;Not Applicable;15;3:00pm-3:59pm;30;30;15;3:00pm-3:59pm;51;51;16;4:00pm-4:59pm;40;40;0;None;0;None;0;None;1;0
47;Tennessee;471023;2;2;0;0;6;6;0;163;SULLIVAN (163);290;BRISTOL;20;20;12;December;2019;6;Friday;21;9:00pm-9:59pm;30;30;1;This section IS ON the NHS;2;U.S. Highway;US-11E/19 SR-34 VOLUNTEER PKWY;EXIDE DR;2;Urban;3;Principal Arterial - Other;1;State Highway Agency;100;100;36.52090556;36.52090556;-82.259675;-82.259675;0;No Special Jurisdiction;12;Motor Vehicle In-Transport;6;Angle;0;No;2;Intersection;3;T-Intersection;0;None;1;On Roadway;3;Dark - Lighted;1;Clear;0;No Additional Atmospheric Conditions;1;Clear;0;No;0;Not Applicable;21;9:00pm-9:59pm;35;35;21;9:00pm-9:59pm;49;49;22;10:00pm-10:59pm;20;20;0;None;0;None;0;None;1;0
47;Tennessee;471025;3;3;0;0;3;3;0;23;CHESTER (23);0;NOT APPLICABLE;19;19;12;December;2019;5;Thursday;13;1:00pm-1:59pm;30;30;0;This section IS NOT on the NHS;3;State Highway;SR-100;CR-GUY MCADAMS RD;1;Rural;4;Minor Arterial;1;State Highway Agency;159;159;35.45733889;35.45733889;-88.57538889;-88.57538889;0;No Special Jurisdiction;12;Motor Vehicle In-Transport;2;Front-to-Front;0;No;3;Intersection-Related;3;T-Intersection;0;None;1;On Roadway;1;Daylight;1;Clear;0;No Additional Atmospheric Conditions;1;Clear;0;No;0;Not Applicable;13;1:00pm-1:59pm;30;30;13;1:00pm-1:59pm;45;45;14;2:00pm-2:59pm;20;20;0;None;0;None;0;None;1;1
47;Tennessee;471039;2;2;0;0;3;3;0;77;HENDERSON (77);0;NOT APPLICABLE;15;15;12;December;2019;1;Sunday;9;9:00am-9:59am;42;42;1;This section IS ON the NHS;2;U.S. Highway;US-412 SR-20;CR-BLUE GOOSE RD;1;Rural;3;Principal Arterial - Other;1;State Highway Agency;20;20;35.70085;35.70085;-88.57421111;-88.57421111;0;No Special Jurisdiction;12;Motor Vehicle In-Transport;6;Angle;0;No;2;Intersection;3;T-Intersection;0;None;1;On Roadway;1;Daylight;10;Cloudy;0;No Additional Atmospheric Conditions;10;Cloudy;0;No;0;Not Applicable;9;9:00am-9:59am;40;40;9;9:00am-9:59am;57;57;10;10:00am-10:59am;36;36;0;None;0;None;0;None;1;0
47;Tennessee;471071;2;2;0;0;2;2;0;65;HAMILTON (65);400;CHATTANOOGA;24;24;12;December;2019;3;Tuesday;13;1:00pm-1:59pm;45;45;0;This section IS NOT on the NHS;6;Local Street - Municipality;N ACCESS RD;BIRMINGHAM DR;2;Urban;4;Minor Arterial;4;City or Municipal Highway Agency;1;1;35.11363056;35.11363056;-85.25548889;-85.25548889;0;No Special Jurisdiction;12;Motor Vehicle In-Transport;6;Angle;0;No;2;Intersection;3;T-Intersection;0;None;1;On Roadway;1;Daylight;1;Clear;0;No Additional Atmospheric Conditions;1;Clear;0;No;0;Not Applicable;13;1:00pm-1:59pm;52;52;14;2:00pm-2:59pm;5;5;14;2:00pm-2:59pm;25;25;0;None;0;None;0;None;1;0
47;Tennessee;471078;2;2;0;0;5;5;0;157;SHELBY (157);1620;MEMPHIS;16;16;5;May;2019;5;Thursday;14;2:00pm-2:59pm;3;3;0;This section IS NOT on the NHS;3;State Highway;SR-175 E SHELBY DR;HILLBROOK RD;2;Urban;4;Minor Arterial;1;State Highway Agency;28;28;35.02096667;35.02096667;-90.06063611;-90.06063611;0;No Special Jurisdiction;12;Motor Vehicle In-Transport;6;Angle;0;No;2;Intersection;3;T-Intersection;0;None;1;On Roadway;1;Daylight;1;Clear;0;No Additional Atmospheric Conditions;1;Clear;0;No;0;Not Applicable;99;Unknown;99;Unknown;99;Unknown EMS Scene Arrival Hour;99;Unknown EMS Scene Arrival Minutes;99;Unknown;99;Unknown EMS Hospital Arrival Time;0;None;0;None;0;None;1;0
48;Texas;480005;1;1;0;1;1;1;1;29;BEXAR (29);3942;LEON VALLEY;2;2;1;January;2019;4;Wednesday;7;7:00am-7:59am;5;5;1;This section IS ON the NHS;3;State Highway;SR-421 SPUR BANDERA RD;TIMCO WEST DRIVE;2;Urban;3;Principal Arterial - Other;98;Not Reported;103;103;29.48073056;29.48073056;-98.59506389;-98.59506389;0;No Special Jurisdiction;8;Pedestrian;0;The First Harmful Event was Not a Collision with a Motor Vehicle in Transport;0;No;3;Intersection-Related;3;T-Intersection;0;None;1;On Roadway;3;Dark - Lighted;2;Rain;0;No Additional Atmospheric Conditions;2;Rain;0;No;0;Not Applicable;99;Unknown;99;Unknown;99;Unknown EMS Scene Arrival Hour;99;Unknown EMS Scene Arrival Minutes;99;Unknown;99;Unknown EMS Hospital Arrival Time;0;None;0;None;0;None;1;0
48;Texas;480009;2;2;0;0;2;2;0;85;COLLIN (85);1730;DALLAS;5;5;1;January;2019;7;Saturday;5;5:00am-5:59am;55;55;0;This section IS NOT on the NHS;6;Local Street - Municipality;PEAR RIDGE DRIVE;FRNAKFORD RD;2;Urban;5;Major Collector;98;Not Reported;0;None;32.99906389;32.99906389;-96.82475278;-96.82475278;0;No Special Jurisdiction;12;Motor Vehicle In-Transport;6;Angle;0;No;2;Intersection;3;T-Intersection;0;None;1;On Roadway;3;Dark - Lighted;1;Clear;0;No Additional Atmospheric Conditions;1;Clear;0;No;0;Not Applicable;99;Unknown;99;Unknown;99;Unknown EMS Scene Arrival Hour;99;Unknown EMS Scene Arrival Minutes;99;Unknown;99;Unknown EMS Hospital Arrival Time;0;None;0;None;0;None;1;0
48;Texas;480015;2;2;0;0;2;2;0;201;HARRIS (201);3280;HOUSTON;1;1;1;January;2019;3;Tuesday;1;1:00am-1:59am;29;29;0;This section IS NOT on the NHS;7;Local Street - Frontage Road;I-45;BURRESS ST;2;Urban;5;Major Collector;1;State Highway Agency;299;299;29.84151389;29.84151389;-95.39012778;-95.39012778;0;No Special Jurisdiction;12;Motor Vehicle In-Transport;6;Angle;0;No;3;Intersection-Related;3;T-Intersection;0;None;1;On Roadway;3;Dark - Lighted;5;Fog, Smog, Smoke;0;No Additional Atmospheric Conditions;5;Fog, Smog, Smoke;0;No;0;Not Applicable;1;1:00am-1:59am;29;29;1;1:00am-1:59am;37;37;2;2:00am-2:59am;1;1;0;None;0;None;0;None;1;1
48;Texas;480032;2;2;0;0;2;2;0;209;HAYS (209);0;NOT APPLICABLE;8;8;1;January;2019;3;Tuesday;7;7:00am-7:59am;50;50;0;This section IS NOT on the NHS;2;U.S. Highway;US-290;MARTIN ROAD;1;Rural;3;Principal Arterial - Other;98;Not Reported;35;35;30.19859722;30.19859722;-98.18058611;-98.18058611;0;No Special Jurisdiction;12;Motor Vehicle In-Transport;2;Front-to-Front;0;No;2;Intersection;3;T-Intersection;0;None;1;On Roadway;1;Daylight;5;Fog, Smog, Smoke;0;No Additional Atmospheric Conditions;5;Fog, Smog, Smoke;0;No;0;Not Applicable;7;7:00am-7:59am;53;53;8;8:00am-8:59am;2;2;9;9:00am-9:59am;0;0;0;None;0;None;0;None;1;0
48;Texas;480048;2;2;0;0;3;3;0;201;HARRIS (201);0;NOT APPLICABLE;9;9;1;January;2019;4;Wednesday;16;4:00pm-4:59pm;22;22;0;This section IS NOT on the NHS;8;Other;FM 2100 HUMBLE-CROSBY RD;CR-FAIRWAY CROSSINGS DRIVE;2;Urban;5;Major Collector;98;Not Reported;82;82;30.06159722;30.06159722;-95.08930278;-95.08930278;0;No Special Jurisdiction;12;Motor Vehicle In-Transport;6;Angle;0;No;2;Intersection;3;T-Intersection;0;None;1;On Roadway;1;Daylight;1;Clear;0;No Additional Atmospheric Conditions;1;Clear;0;No;0;Not Applicable;99;Unknown;99;Unknown;99;Unknown EMS Scene Arrival Hour;99;Unknown EMS Scene Arrival Minutes;99;Unknown;99;Unknown EMS Hospital Arrival Time;0;None;0;None;0;None;1;0
48;Texas;480062;2;2;0;0;4;4;0;201;HARRIS (201);3280;HOUSTON;11;11;1;January;2019;6;Friday;16;4:00pm-4:59pm;18;18;0;This section IS NOT on the NHS;6;Local Street - Municipality;MONROE ROAD;MONROE PR 1 DRIVE;2;Urban;4;Minor Arterial;98;Not Reported;0;None;29.64854444;29.64854444;-95.26500556;-95.26500556;0;No Special Jurisdiction;12;Motor Vehicle In-Transport;6;Angle;0;No;2;Intersection;3;T-Intersection;0;None;1;On Roadway;1;Daylight;10;Cloudy;0;No Additional Atmospheric Conditions;10;Cloudy;0;No;0;Not Applicable;99;Unknown;99;Unknown;99;Unknown EMS Scene Arrival Hour;99;Unknown EMS Scene Arrival Minutes;99;Unknown;99;Unknown EMS Hospital Arrival Time;20;Police Pursuit Involved;0;None;0;None;1;0
48;Texas;480070;2;2;0;0;4;4;0;453;TRAVIS (453);330;AUSTIN;16;16;1;January;2019;4;Wednesday;15;3:00pm-3:59pm;42;42;0;This section IS NOT on the NHS;6;Local Street - Municipality;WILLIAM CANNON DRIVE;RIDGE OAK ROAD;2;Urban;3;Principal Arterial - Other;98;Not Reported;0;None;30.22805556;30.22805556;-97.86145278;-97.86145278;0;No Special Jurisdiction;12;Motor Vehicle In-Transport;6;Angle;0;No;2;Intersection;3;T-Intersection;0;None;1;On Roadway;1;Daylight;10;Cloudy;0;No Additional Atmospheric Conditions;10;Cloudy;0;No;0;Not Applicable;15;3:00pm-3:59pm;45;45;15;3:00pm-3:59pm;50;50;16;4:00pm-4:59pm;8;8;0;None;0;None;0;None;1;0
48;Texas;480089;1;1;0;0;2;2;0;423;SMITH (423);7070;TYLER;21;21;1;January;2019;2;Monday;0;0:00am-0:59am;40;40;0;This section IS NOT on the NHS;6;Local Street - Municipality;JEFF DAVIS DRIVE;CAMBRIDGE RD;2;Urban;5;Major Collector;98;Not Reported;0;None;32.27095556;32.27095556;-95.29773611;-95.29773611;0;No Special Jurisdiction;38;Fence;0;The First Harmful Event was Not a Collision with a Motor Vehicle in Transport;0;No;3;Intersection-Related;3;T-Intersection;0;None;4;On Roadside;2;Dark - Not Lighted;1;Clear;0;No Additional Atmospheric Conditions;1;Clear;0;No;0;Not Applicable;99;Unknown;99;Unknown;99;Unknown EMS Scene Arrival Hour;99;Unknown EMS Scene Arrival Minutes;99;Unknown;99;Unknown EMS Hospital Arrival Time;0;None;0;None;0;None;1;1
48;Texas;480095;3;3;0;0;4;4;0;167;GALVESTON (167);3920;LEAGUE CITY;20;20;1;January;2019;1;Sunday;10;10:00am-10:59am;39;39;0;This section IS NOT on the NHS;8;Other;FM 270;PEAR STREET;2;Urban;4;Minor Arterial;98;Not Reported;59;59;29.49059722;29.49059722;-95.06115556;-95.06115556;0;No Special Jurisdiction;12;Motor Vehicle In-Transport;1;Front-to-Rear;0;No;3;Intersection-Related;3;T-Intersection;0;None;1;On Roadway;1;Daylight;1;Clear;0;No Additional Atmospheric Conditions;1;Clear;0;No;0;Not Applicable;99;Unknown;99;Unknown;99;Unknown EMS Scene Arrival Hour;99;Unknown EMS Scene Arrival Minutes;99;Unknown;99;Unknown EMS Hospital Arrival Time;0;None;0;None;0;None;2;0
48;Texas;480131;3;3;0;0;6;6;0;403;SABINE (403);0;NOT APPLICABLE;26;26;1;January;2019;7;Saturday;23;11:00pm-11:59pm;30;30;1;This section IS ON the NHS;3;State Highway;SR-21;CR-CEDAR GROVE ROAD;1;Rural;3;Principal Arterial - Other;98;Not Reported;58;58;31.46100556;31.46100556;-93.75543333;-93.75543333;0;No Special Jurisdiction;12;Motor Vehicle In-Transport;6;Angle;0;No;2;Intersection;3;T-Intersection;0;None;1;On Roadway;3;Dark - Lighted;1;Clear;0;No Additional Atmospheric Conditions;1;Clear;0;No;0;Not Applicable;99;Unknown;99;Unknown;99;Unknown EMS Scene Arrival Hour;99;Unknown EMS Scene Arrival Minutes;99;Unknown;99;Unknown EMS Hospital Arrival Time;20;Police Pursuit Involved;0;None;0;None;2;0
48;Texas;480139;2;2;0;0;2;2;0;105;CROCKETT (105);0;NOT APPLICABLE;15;15;1;January;2019;3;Tuesday;23;11:00pm-11:59pm;43;43;0;This section IS NOT on the NHS;2;U.S. Highway;US-190;SR-137;1;Rural;4;Minor Arterial;98;Not Reported;153;153;30.90881944;30.90881944;-101.4153333;-101.41533333;0;No Special Jurisdiction;1;Rollover/Overturn;0;The First Harmful Event was Not a Collision with a Motor Vehicle in Transport;0;No;3;Intersection-Related;3;T-Intersection;0;None;1;On Roadway;2;Dark - Not Lighted;5;Fog, Smog, Smoke;0;No Additional Atmospheric Conditions;5;Fog, Smog, Smoke;0;No;0;Not Applicable;99;Unknown;99;Unknown;99;Unknown EMS Scene Arrival Hour;99;Unknown EMS Scene Arrival Minutes;88;Not Applicable (Not Transported);88;Not Applicable (Not Transported);0;None;0;None;0;None;1;0
48;Texas;480143;2;2;0;0;6;6;0;201;HARRIS (201);0;NOT APPLICABLE;25;25;1;January;2019;6;Friday;21;9:00pm-9:59pm;35;35;0;This section IS NOT on the NHS;4;County Road;CR-MORTON RANCH ROAD;CR-ELROD ROAD;2;Urban;5;Major Collector;98;Not Reported;0;None;29.81714444;29.81714444;-95.76117222;-95.76117222;0;No Special Jurisdiction;12;Motor Vehicle In-Transport;6;Angle;0;No;2;Intersection;3;T-Intersection;0;None;1;On Roadway;3;Dark - Lighted;1;Clear;0;No Additional Atmospheric Conditions;1;Clear;0;No;0;Not Applicable;99;Unknown;99;Unknown;99;Unknown EMS Scene Arrival Hour;99;Unknown EMS Scene Arrival Minutes;99;Unknown;99;Unknown EMS Hospital Arrival Time;0;None;0;None;0;None;2;0
48;Texas;480146;1;1;0;1;1;1;1;29;BEXAR (29);6090;SAN ANTONIO;26;26;1;January;2019;7;Saturday;18;6:00pm-6:59pm;24;24;0;This section IS NOT on the NHS;6;Local Street - Municipality;NAVARRO STREET;VILLITA STREET;2;Urban;7;Local;98;Not Reported;0;None;29.422425;29.422425;-98.49044167;-98.49044167;0;No Special Jurisdiction;8;Pedestrian;0;The First Harmful Event was Not a Collision with a Motor Vehicle in Transport;0;No;3;Intersection-Related;3;T-Intersection;0;None;1;On Roadway;3;Dark - Lighted;1;Clear;0;No Additional Atmospheric Conditions;1;Clear;0;No;0;Not Applicable;99;Unknown;99;Unknown;99;Unknown EMS Scene Arrival Hour;99;Unknown EMS Scene Arrival Minutes;99;Unknown;99;Unknown EMS Hospital Arrival Time;0;None;0;None;0;None;1;0
48;Texas;480152;2;2;0;0;2;2;0;29;BEXAR (29);6090;SAN ANTONIO;3;3;2;February;2019;1;Sunday;3;3:00am-3:59am;6;6;0;This section IS NOT on the NHS;6;Local Street - Municipality;GIBBS-SPRAWL ROAD;RITTIMAN CUT;2;Urban;4;Minor Arterial;98;Not Reported;0;None;29.48399167;29.48399167;-98.37078333;-98.37078333;0;No Special Jurisdiction;12;Motor Vehicle In-Transport;6;Angle;0;No;2;Intersection;3;T-Intersection;0;None;1;On Roadway;3;Dark - Lighted;5;Fog, Smog, Smoke;0;No Additional Atmospheric Conditions;5;Fog, Smog, Smoke;0;No;0;Not Applicable;99;Unknown;99;Unknown;99;Unknown EMS Scene Arrival Hour;99;Unknown EMS Scene Arrival Minutes;88;Not Applicable (Not Transported);88;Not Applicable (Not Transported);0;None;0;None;0;None;1;1
48;Texas;480175;1;1;0;0;1;1;0;157;FORT BEND (157);3280;HOUSTON;1;1;1;January;2019;3;Tuesday;2;2:00am-2:59am;15;15;0;This section IS NOT on the NHS;8;Other;FM 2234 MCHARD RD;POST OAK RD;2;Urban;4;Minor Arterial;98;Not Reported;61;61;29.58081111;29.58081111;-95.47121389;-95.47121389;0;No Special Jurisdiction;34;Ditch;0;The First Harmful Event was Not a Collision with a Motor Vehicle in Transport;0;No;3;Intersection-Related;3;T-Intersection;4;Work Zone, Type Unknown;4;On Roadside;3;Dark - Lighted;5;Fog, Smog, Smoke;0;No Additional Atmospheric Conditions;5;Fog, Smog, Smoke;0;No;0;Not Applicable;99;Unknown;98;Unknown if Notified;99;Unknown EMS Scene Arrival Hour;98;Unknown if Arrived;88;Not Applicable (Not Transported);88;Not Applicable (Not Transported);0;None;0;None;0;None;1;0
48;Texas;480182;2;2;0;0;4;4;0;367;PARKER (367);0;NOT APPLICABLE;28;28;1;January;2019;2;Monday;15;3:00pm-3:59pm;45;45;0;This section IS NOT on the NHS;8;Other;FM 51;CR-STONEBRIDGE CT;1;Rural;4;Minor Arterial;98;Not Reported;0;None;32.82189167;32.82189167;-97.77380556;-97.77380556;0;No Special Jurisdiction;12;Motor Vehicle In-Transport;1;Front-to-Rear;0;No;3;Intersection-Related;3;T-Intersection;0;None;1;On Roadway;1;Daylight;1;Clear;0;No Additional Atmospheric Conditions;1;Clear;0;No;0;Not Applicable;99;Unknown;99;Unknown;99;Unknown EMS Scene Arrival Hour;99;Unknown EMS Scene Arrival Minutes;99;Unknown;99;Unknown EMS Hospital Arrival Time;0;None;0;None;0;None;1;0
48;Texas;480201;1;1;0;0;1;1;0;355;NUECES (355);1550;CORPUS CHRISTI;25;25;1;January;2019;6;Friday;2;2:00am-2:59am;48;48;0;This section IS NOT on the NHS;3;State Highway;SR-361;SEA WAY DRIVE;1;Rural;4;Minor Arterial;98;Not Reported;192;192;27.71554444;27.71554444;-97.14784444;-97.14784444;0;No Special Jurisdiction;3;Immersion or Partial Immersion;0;The First Harmful Event was Not a Collision with a Motor Vehicle in Transport;0;No;3;Intersection-Related;3;T-Intersection;0;None;4;On Roadside;2;Dark - Not Lighted;1;Clear;0;No Additional Atmospheric Conditions;1;Clear;0;No;0;Not Applicable;2;2:00am-2:59am;50;50;3;3:00am-3:59am;2;2;3;3:00am-3:59am;25;25;0;None;0;None;0;None;1;0
48;Texas;480219;3;3;0;0;3;3;0;167;GALVESTON (167);1920;DICKINSON;8;8;2;February;2019;6;Friday;0;0:00am-0:59am;56;56;0;This section IS NOT on the NHS;6;Local Street - Municipality;FM 517;CALDER DRIVE;2;Urban;4;Minor Arterial;98;Not Reported;0;None;29.43883611;29.43883611;-95.10407222;-95.10407222;0;No Special Jurisdiction;12;Motor Vehicle In-Transport;6;Angle;0;No;2;Intersection;3;T-Intersection;0;None;1;On Roadway;3;Dark - Lighted;1;Clear;0;No Additional Atmospheric Conditions;1;Clear;0;No;0;Not Applicable;99;Unknown;98;Unknown if Notified;99;Unknown EMS Scene Arrival Hour;98;Unknown if Arrived;88;Not Applicable (Not Transported);88;Not Applicable (Not Transported);14;Motor Vehicle struck by falling cargo,or something that came loose from or something that was set in motion by a vehicle;0;None;0;None;1;1
48;Texas;480225;1;1;0;1;1;1;1;201;HARRIS (201);0;NOT APPLICABLE;7;7;2;February;2019;5;Thursday;22;10:00pm-10:59pm;50;50;1;This section IS ON the NHS;8;Other;FM 2100/CROSBY HUFFMAN RD;CR-DIAMONDHEAD BOULEVARD;1;Rural;3;Principal Arterial - Other;98;Not Reported;57;57;29.91443056;29.91443056;-95.06961111;-95.06961111;0;No Special Jurisdiction;8;Pedestrian;0;The First Harmful Event was Not a Collision with a Motor Vehicle in Transport;0;No;2;Intersection;3;T-Intersection;0;None;1;On Roadway;2;Dark - Not Lighted;1;Clear;0;No Additional Atmospheric Conditions;1;Clear;0;No;0;Not Applicable;23;11:00pm-11:59pm;9;9;23;11:00pm-11:59pm;28;28;23;11:00pm-11:59pm;50;50;0;None;0;None;0;None;1;0
48;Texas;480228;2;2;0;0;7;7;0;141;EL PASO (141);0;NOT APPLICABLE;6;6;2;February;2019;4;Wednesday;21;9:00pm-9:59pm;40;40;1;This section IS ON the NHS;8;Other;FM 1281/HORIZON BLVD;BOWDOIN ST;2;Urban;3;Principal Arterial - Other;98;Not Reported;39;39;31.67165833;31.67165833;-106.23015;-106.23015;0;No Special Jurisdiction;12;Motor Vehicle In-Transport;6;Angle;0;No;2;Intersection;3;T-Intersection;0;None;1;On Roadway;3;Dark - Lighted;1;Clear;0;No Additional Atmospheric Conditions;1;Clear;0;No;0;Not Applicable;99;Unknown;99;Unknown;99;Unknown EMS Scene Arrival Hour;99;Unknown EMS Scene Arrival Minutes;99;Unknown;99;Unknown EMS Hospital Arrival Time;0;None;0;None;0;None;2;1
48;Texas;480238;2;2;0;0;3;3;0;29;BEXAR (29);6090;SAN ANTONIO;13;13;2;February;2019;4;Wednesday;20;8:00pm-8:59pm;20;20;1;This section IS ON the NHS;6;Local Street - Municipality;GENERAL MCMULLEN;WALLACE STREET;2;Urban;3;Principal Arterial - Other;98;Not Reported;0;None;29.41829444;29.41829444;-98.55558333;-98.55558333;0;No Special Jurisdiction;12;Motor Vehicle In-Transport;6;Angle;0;No;2;Intersection;3;T-Intersection;0;None;1;On Roadway;3;Dark - Lighted;1;Clear;0;No Additional Atmospheric Conditions;1;Clear;0;No;0;Not Applicable;99;Unknown;99;Unknown;99;Unknown EMS Scene Arrival Hour;99;Unknown EMS Scene Arrival Minutes;99;Unknown;99;Unknown EMS Hospital Arrival Time;0;None;0;None;0;None;1;1
48;Texas;480239;2;2;0;0;3;3;0;113;DALLAS (113);1730;DALLAS;8;8;2;February;2019;6;Friday;20;8:00pm-8:59pm;4;4;1;This section IS ON the NHS;3;State Highway;SR-12 LP/GREAT TRINITY FOREST;OKLAUNION DR;2;Urban;3;Principal Arterial - Other;98;Not Reported;202;202;32.71223333;32.71223333;-96.68690833;-96.68690833;0;No Special Jurisdiction;12;Motor Vehicle In-Transport;6;Angle;0;No;2;Intersection;3;T-Intersection;0;None;1;On Roadway;3;Dark - Lighted;10;Cloudy;0;No Additional Atmospheric Conditions;10;Cloudy;0;No;0;Not Applicable;20;8:00pm-8:59pm;7;7;20;8:00pm-8:59pm;14;14;20;8:00pm-8:59pm;33;33;0;None;0;None;0;None;1;0
48;Texas;480242;1;1;0;0;1;1;0;459;UPSHUR (459);0;NOT APPLICABLE;8;8;2;February;2019;6;Friday;16;4:00pm-4:59pm;3;3;0;This section IS NOT on the NHS;8;Other;FM 1845;FM 726;1;Rural;5;Major Collector;98;Not Reported;20;20;32.61720278;32.61720278;-94.88607778;-94.88607778;0;No Special Jurisdiction;1;Rollover/Overturn;0;The First Harmful Event was Not a Collision with a Motor Vehicle in Transport;0;No;3;Intersection-Related;3;T-Intersection;0;None;4;On Roadside;1;Daylight;1;Clear;0;No Additional Atmospheric Conditions;1;Clear;0;No;0;Not Applicable;99;Unknown;98;Unknown if Notified;99;Unknown EMS Scene Arrival Hour;98;Unknown if Arrived;88;Not Applicable (Not Transported);88;Not Applicable (Not Transported);0;None;0;None;0;None;1;0
48;Texas;480252;1;1;0;1;3;3;1;201;HARRIS (201);0;NOT APPLICABLE;14;14;2;February;2019;5;Thursday;20;8:00pm-8:59pm;53;53;0;This section IS NOT on the NHS;8;Other;FM 2100/MAIN ST/CROSBY LYNCH;CR-HARRIS ROAD;2;Urban;3;Principal Arterial - Other;98;Not Reported;99998;Not Reported;29.81001111;29.81001111;-95.05693056;-95.05693056;0;No Special Jurisdiction;8;Pedestrian;0;The First Harmful Event was Not a Collision with a Motor Vehicle in Transport;0;No;3;Intersection-Related;3;T-Intersection;0;None;1;On Roadway;3;Dark - Lighted;1;Clear;0;No Additional Atmospheric Conditions;1;Clear;0;No;0;Not Applicable;99;Unknown;99;Unknown;99;Unknown EMS Scene Arrival Hour;99;Unknown EMS Scene Arrival Minutes;99;Unknown;99;Unknown EMS Hospital Arrival Time;0;None;0;None;0;None;1;1
48;Texas;480258;2;2;0;0;2;2;0;201;HARRIS (201);3280;HOUSTON;16;16;2;February;2019;7;Saturday;19;7:00pm-7:59pm;2;2;0;This section IS NOT on the NHS;6;Local Street - Municipality;BELLFORT STREET;BALMFORTH LANE;2;Urban;4;Minor Arterial;98;Not Reported;0;None;29.66868611;29.66868611;-95.46620278;-95.46620278;0;No Special Jurisdiction;12;Motor Vehicle In-Transport;6;Angle;0;No;2;Intersection;3;T-Intersection;0;None;1;On Roadway;3;Dark - Lighted;1;Clear;0;No Additional Atmospheric Conditions;1;Clear;0;No;0;Not Applicable;19;7:00pm-7:59pm;14;14;19;7:00pm-7:59pm;24;24;19;7:00pm-7:59pm;44;44;0;None;0;None;0;None;1;0
48;Texas;480262;2;2;0;0;2;2;0;121;DENTON (121);9997;Other;9;9;1;January;2019;4;Wednesday;13;1:00pm-1:59pm;3;3;0;This section IS NOT on the NHS;2;U.S. Highway;US-377;STEWART ROAD;1;Rural;4;Minor Arterial;98;Not Reported;112;112;33.26156667;33.26156667;-96.98730833;-96.98730833;0;No Special Jurisdiction;12;Motor Vehicle In-Transport;1;Front-to-Rear;0;No;3;Intersection-Related;3;T-Intersection;0;None;1;On Roadway;1;Daylight;1;Clear;0;No Additional Atmospheric Conditions;1;Clear;0;No;0;Not Applicable;99;Unknown;98;Unknown if Notified;99;Unknown EMS Scene Arrival Hour;98;Unknown if Arrived;88;Not Applicable (Not Transported);88;Not Applicable (Not Transported);0;None;0;None;0;None;1;0
48;Texas;480265;2;2;0;0;2;2;0;347;NACOGDOCHES (347);0;NOT APPLICABLE;15;15;2;February;2019;6;Friday;11;11:00am-11:59am;31;31;0;This section IS NOT on the NHS;3;State Highway;SR-7;CR-TERRY CRAWFORD DRIVE;1;Rural;4;Minor Arterial;98;Not Reported;100;100;31.57863889;31.57863889;-94.69625;-94.69625;0;No Special Jurisdiction;12;Motor Vehicle In-Transport;1;Front-to-Rear;0;No;2;Intersection;3;T-Intersection;0;None;1;On Roadway;1;Daylight;1;Clear;0;No Additional Atmospheric Conditions;1;Clear;0;No;0;Not Applicable;11;11:00am-11:59am;28;28;11;11:00am-11:59am;32;32;11;11:00am-11:59am;46;46;0;None;0;None;0;None;1;0
48;Texas;480274;2;2;0;0;3;3;0;497;WISE (497);1780;DECATUR;4;4;2;February;2019;2;Monday;15;3:00pm-3:59pm;9;9;0;This section IS NOT on the NHS;2;U.S. Highway;US-380;US-380 BUSINESS;2;Urban;3;Principal Arterial - Other;98;Not Reported;120;120;33.24057778;33.24057778;-97.57055278;-97.57055278;0;No Special Jurisdiction;12;Motor Vehicle In-Transport;6;Angle;0;No;2;Intersection;3;T-Intersection;0;None;1;On Roadway;1;Daylight;1;Clear;0;No Additional Atmospheric Conditions;1;Clear;0;No;0;Not Applicable;99;Unknown;99;Unknown;99;Unknown EMS Scene Arrival Hour;99;Unknown EMS Scene Arrival Minutes;99;Unknown;99;Unknown EMS Hospital Arrival Time;0;None;0;None;0;None;1;0