STATE;STATENAME;ST_CASE;VE_TOTAL;VE_FORMS;PVH_INVL;PEDS;PERSONS;PERMVIT;PERNOTMVIT;COUNTY;COUNTYNAME;CITY;CITYNAME;DAY;DAYNAME;MONTH;MONTHNAME;YEAR;DAY_WEEK;DAY_WEEKNAME;HOUR;HOURNAME;MINUTE;MINUTENAME;NHS;NHSNAME;ROUTE;ROUTENAME;TWAY_ID;TWAY_ID2;RUR_URB;RUR_URBNAME;FUNC_SYS;FUNC_SYSNAME;RD_OWNER;RD_OWNERNAME;MILEPT;MILEPTNAME;LATITUDE;LATITUDENAME;LONGITUD;LONGITUDNAME;SP_JUR;SP_JURNAME;HARM_EV;HARM_EVNAME;MAN_COLL;MAN_COLLNAME;RELJCT1;RELJCT1NAME;RELJCT2;RELJCT2NAME;TYP_INT;TYP_INTNAME;WRK_ZONE;WRK_ZONENAME;REL_ROAD;REL_ROADNAME;LGT_COND;LGT_CONDNAME;WEATHER1;WEATHER1NAME;WEATHER2;WEATHER2NAME;WEATHER;WEATHERNAME;SCH_BUS;SCH_BUSNAME;RAIL;RAILNAME;NOT_HOUR;NOT_HOURNAME;NOT_MIN;NOT_MINNAME;ARR_HOUR;ARR_HOURNAME;ARR_MIN;ARR_MINNAME;HOSP_HR;HOSP_HRNAME;HOSP_MN;HOSP_MNNAME;CF1;CF1NAME;CF2;CF2NAME;CF3;CF3NAME;FATALS;DRUNK_DR
48;Texas;480810;2;2;0;0;2;2;0;257;KAUFMAN (257);0;NOT APPLICABLE;11;11;3;March;2019;2;Monday;10;10:00am-10:59am;39;39;0;This section IS NOT on the NHS;3;State Highway;SR-34;FM 2728;1;Rural;4;Minor Arterial;98;Not Reported;89;89;32.613725;32.613725;-96.27098056;-96.27098056;0;No Special Jurisdiction;12;Motor Vehicle In-Transport;6;Angle;0;No;2;Intersection;3;T-Intersection;0;None;1;On Roadway;1;Daylight;10;Cloudy;0;No Additional Atmospheric Conditions;10;Cloudy;0;No;0;Not Applicable;99;Unknown;98;Unknown if Notified;99;Unknown EMS Scene Arrival Hour;98;Unknown if Arrived;88;Not Applicable (Not Transported);88;Not Applicable (Not Transported);0;None;0;None;0;None;1;0
48;Texas;480813;2;2;0;0;4;4;0;453;TRAVIS (453);330;AUSTIN;21;21;3;March;2019;5;Thursday;7;7:00am-7:59am;40;40;0;This section IS NOT on the NHS;6;Local Street - Municipality;TERI ROAD;PALO BLANCO LANE;2;Urban;5;Major Collector;98;Not Reported;0;None;30.19868611;30.19868611;-97.74724167;-97.74724167;0;No Special Jurisdiction;12;Motor Vehicle In-Transport;6;Angle;0;No;2;Intersection;3;T-Intersection;0;None;1;On Roadway;1;Daylight;1;Clear;0;No Additional Atmospheric Conditions;1;Clear;0;No;0;Not Applicable;7;7:00am-7:59am;41;41;7;7:00am-7:59am;44;44;8;8:00am-8:59am;3;3;0;None;0;None;0;None;1;0
48;Texas;480815;2;2;0;0;3;3;0;367;PARKER (367);0;NOT APPLICABLE;16;16;4;April;2019;3;Tuesday;20;8:00pm-8:59pm;34;34;1;This section IS ON the NHS;3;State Highway;SR-199;CR-ASHWOOD STREET;2;Urban;3;Principal Arterial - Other;98;Not Reported;176;176;32.90895;32.90895;-97.57610833;-97.57610833;0;No Special Jurisdiction;12;Motor Vehicle In-Transport;6;Angle;0;No;2;Intersection;3;T-Intersection;0;None;1;On Roadway;2;Dark - Not Lighted;10;Cloudy;0;No Additional Atmospheric Conditions;10;Cloudy;0;No;0;Not Applicable;99;Unknown;99;Unknown;99;Unknown EMS Scene Arrival Hour;99;Unknown EMS Scene Arrival Minutes;99;Unknown;99;Unknown EMS Hospital Arrival Time;0;None;0;None;0;None;1;0
48;Texas;480824;1;1;0;0;2;2;0;201;HARRIS (201);0;NOT APPLICABLE;19;19;4;April;2019;6;Friday;23;11:00pm-11:59pm;34;34;1;This section IS ON the NHS;7;Local Street - Frontage Road;SR-99 GRAND PKWY;MOUND RD;2;Urban;2;Principal Arterial - Other Freeways and Expressways;31;State Toll Road;116;116;29.94131944;29.94131944;-95.76604444;-95.76604444;0;No Special Jurisdiction;58;Ground;0;The First Harmful Event was Not a Collision with a Motor Vehicle in Transport;1;Yes;3;Intersection-Related;3;T-Intersection;0;None;5;Outside Trafficway;3;Dark - Lighted;1;Clear;0;No Additional Atmospheric Conditions;1;Clear;0;No;0;Not Applicable;99;Unknown;99;Unknown;99;Unknown EMS Scene Arrival Hour;99;Unknown EMS Scene Arrival Minutes;88;Not Applicable (Not Transported);88;Not Applicable (Not Transported);0;None;0;None;0;None;1;0
48;Texas;480834;3;3;0;0;3;3;0;453;TRAVIS (453);330;AUSTIN;17;17;4;April;2019;4;Wednesday;10;10:00am-10:59am;22;22;0;This section IS NOT on the NHS;6;Local Street - Municipality;JOLLYVILLE RD;BALCONES WOODS DR;2;Urban;4;Minor Arterial;98;Not Reported;0;None;30.40777222;30.40777222;-97.74789167;-97.74789167;0;No Special Jurisdiction;12;Motor Vehicle In-Transport;6;Angle;0;No;2;Intersection;3;T-Intersection;0;None;1;On Roadway;1;Daylight;2;Rain;0;No Additional Atmospheric Conditions;2;Rain;0;No;0;Not Applicable;99;Unknown;99;Unknown;99;Unknown EMS Scene Arrival Hour;99;Unknown EMS Scene Arrival Minutes;99;Unknown;99;Unknown EMS Hospital Arrival Time;0;None;0;None;0;None;1;0
48;Texas;480867;3;3;0;0;5;5;0;141;EL PASO (141);0;NOT APPLICABLE;19;19;4;April;2019;6;Friday;13;1:00pm-1:59pm;11;11;0;This section IS NOT on the NHS;3;State Highway;SR-20;OIL MILL DRIVE;1;Rural;5;Major Collector;98;Not Reported;537;537;31.451075;31.451075;-106.0962028;-106.09620278;0;No Special Jurisdiction;12;Motor Vehicle In-Transport;6;Angle;0;No;2;Intersection;3;T-Intersection;0;None;1;On Roadway;1;Daylight;1;Clear;0;No Additional Atmospheric Conditions;1;Clear;0;No;0;Not Applicable;13;1:00pm-1:59pm;23;23;13;1:00pm-1:59pm;50;50;14;2:00pm-2:59pm;26;26;0;None;0;None;0;None;1;1
48;Texas;480871;1;1;0;1;1;1;1;201;HARRIS (201);3890;LA PORTE;11;11;4;April;2019;5;Thursday;11;11:00am-11:59am;2;2;0;This section IS NOT on the NHS;4;County Road;CR-FAIRMONT PARKWAY;CR-BAYPARK ROAD;2;Urban;4;Minor Arterial;98;Not Reported;0;None;29.652075;29.652075;-95.06496389;-95.06496389;0;No Special Jurisdiction;9;Pedalcyclist;0;The First Harmful Event was Not a Collision with a Motor Vehicle in Transport;0;No;3;Intersection-Related;3;T-Intersection;0;None;1;On Roadway;1;Daylight;1;Clear;0;No Additional Atmospheric Conditions;1;Clear;0;No;0;Not Applicable;11;11:00am-11:59am;3;3;11;11:00am-11:59am;6;6;99;Unknown;99;Unknown EMS Hospital Arrival Time;0;None;0;None;0;None;1;0
48;Texas;480889;1;1;0;1;3;3;1;309;MCLENNAN (309);545;BELLMEAD;27;27;4;April;2019;7;Saturday;20;8:00pm-8:59pm;45;45;1;This section IS ON the NHS;2;U.S. Highway;US-84;HARRISON ST;2;Urban;3;Principal Arterial - Other;98;Not Reported;268;268;31.58640833;31.58640833;-97.1038;-97.1038;0;No Special Jurisdiction;8;Pedestrian;0;The First Harmful Event was Not a Collision with a Motor Vehicle in Transport;0;No;3;Intersection-Related;3;T-Intersection;0;None;1;On Roadway;2;Dark - Not Lighted;1;Clear;0;No Additional Atmospheric Conditions;1;Clear;0;No;0;Not Applicable;99;Unknown;99;Unknown;99;Unknown EMS Scene Arrival Hour;99;Unknown EMS Scene Arrival Minutes;88;Not Applicable (Not Transported);88;Not Applicable (Not Transported);0;None;0;None;0;None;1;0
48;Texas;480890;1;1;0;0;1;1;0;339;MONTGOMERY (339);0;NOT APPLICABLE;20;20;4;April;2019;7;Saturday;1;1:00am-1:59am;4;4;0;This section IS NOT on the NHS;4;County Road;CR-NORTHPARK DRIVE;CR-SORTERS MCCLENNAN ROAD;2;Urban;4;Minor Arterial;98;Not Reported;0;None;30.068;30.068;-95.26277222;-95.26277222;0;No Special Jurisdiction;42;Tree (Standing Only);0;The First Harmful Event was Not a Collision with a Motor Vehicle in Transport;0;No;3;Intersection-Related;3;T-Intersection;0;None;6;Off Roadway-Location Unknown;2;Dark - Not Lighted;1;Clear;0;No Additional Atmospheric Conditions;1;Clear;0;No;0;Not Applicable;99;Unknown;98;Unknown if Notified;99;Unknown EMS Scene Arrival Hour;98;Unknown if Arrived;88;Not Applicable (Not Transported);88;Not Applicable (Not Transported);0;None;0;None;0;None;1;1
48;Texas;480891;2;2;0;0;4;4;0;201;HARRIS (201);0;NOT APPLICABLE;27;27;4;April;2019;7;Saturday;14;2:00pm-2:59pm;0;0;0;This section IS NOT on the NHS;4;County Road;CR-FALLBROOK DRIVE;CR-T.C. JESTER BOULEVARD;2;Urban;5;Major Collector;98;Not Reported;0;None;29.91876944;29.91876944;-95.45918333;-95.45918333;0;No Special Jurisdiction;12;Motor Vehicle In-Transport;6;Angle;0;No;2;Intersection;3;T-Intersection;0;None;1;On Roadway;1;Daylight;1;Clear;0;No Additional Atmospheric Conditions;1;Clear;0;No;0;Not Applicable;99;Unknown;99;Unknown;99;Unknown EMS Scene Arrival Hour;99;Unknown EMS Scene Arrival Minutes;99;Unknown;99;Unknown EMS Hospital Arrival Time;0;None;0;None;0;None;2;0
48;Texas;480894;1;1;0;1;1;1;1;183;GREGG (183);4080;LONGVIEW;23;23;4;April;2019;3;Tuesday;22;10:00pm-10:59pm;15;15;0;This section IS NOT on the NHS;6;Local Street - Municipality;GREEN STREET;MELTON STREET;2;Urban;5;Major Collector;98;Not Reported;0;None;32.48728611;32.48728611;-94.73639444;-94.73639444;0;No Special Jurisdiction;8;Pedestrian;0;The First Harmful Event was Not a Collision with a Motor Vehicle in Transport;0;No;2;Intersection;3;T-Intersection;0;None;1;On Roadway;2;Dark - Not Lighted;10;Cloudy;0;No Additional Atmospheric Conditions;10;Cloudy;0;No;0;Not Applicable;99;Unknown;99;Unknown;99;Unknown EMS Scene Arrival Hour;99;Unknown EMS Scene Arrival Minutes;99;Unknown;99;Unknown EMS Hospital Arrival Time;0;None;0;None;0;None;1;0
48;Texas;480899;2;2;0;0;3;3;0;361;ORANGE (361);0;NOT APPLICABLE;24;24;4;April;2019;4;Wednesday;20;8:00pm-8:59pm;5;5;1;This section IS ON the NHS;8;Other;FM 105;CR-LAKE VIEW CUTOFF;2;Urban;3;Principal Arterial - Other;98;Not Reported;47;47;30.175775;30.175775;-94.02405556;-94.02405556;0;No Special Jurisdiction;12;Motor Vehicle In-Transport;6;Angle;0;No;2;Intersection;3;T-Intersection;0;None;1;On Roadway;3;Dark - Lighted;10;Cloudy;0;No Additional Atmospheric Conditions;10;Cloudy;0;No;0;Not Applicable;99;Unknown;99;Unknown;99;Unknown EMS Scene Arrival Hour;99;Unknown EMS Scene Arrival Minutes;99;Unknown;99;Unknown EMS Hospital Arrival Time;0;None;0;None;0;None;1;0
48;Texas;480904;1;1;0;1;1;1;1;491;WILLIAMSON (491);5990;ROUND ROCK;17;17;4;April;2019;4;Wednesday;1;1:00am-1:59am;43;43;0;This section IS NOT on the NHS;6;Local Street - Municipality;GATTIS SCHOOL RD;SURREY DR;2;Urban;4;Minor Arterial;98;Not Reported;0;None;30.49456667;30.49456667;-97.67220278;-97.67220278;0;No Special Jurisdiction;8;Pedestrian;0;The First Harmful Event was Not a Collision with a Motor Vehicle in Transport;0;No;3;Intersection-Related;3;T-Intersection;0;None;1;On Roadway;3;Dark - Lighted;10;Cloudy;0;No Additional Atmospheric Conditions;10;Cloudy;0;No;0;Not Applicable;99;Unknown;99;Unknown;99;Unknown EMS Scene Arrival Hour;99;Unknown EMS Scene Arrival Minutes;99;Unknown;99;Unknown EMS Hospital Arrival Time;0;None;0;None;0;None;1;0
48;Texas;480924;1;1;0;1;1;1;1;201;HARRIS (201);480;BAYTOWN;27;27;4;April;2019;7;Saturday;17;5:00pm-5:59pm;20;20;0;This section IS NOT on the NHS;6;Local Street - Municipality;PRUETT;DENBY;2;Urban;5;Major Collector;98;Not Reported;0;None;29.72839444;29.72839444;-94.97505556;-94.97505556;0;No Special Jurisdiction;30;Utility Pole/Light Support;0;The First Harmful Event was Not a Collision with a Motor Vehicle in Transport;0;No;3;Intersection-Related;3;T-Intersection;0;None;4;On Roadside;1;Daylight;1;Clear;0;No Additional Atmospheric Conditions;1;Clear;0;No;0;Not Applicable;99;Unknown;99;Unknown;99;Unknown EMS Scene Arrival Hour;99;Unknown EMS Scene Arrival Minutes;99;Unknown;99;Unknown EMS Hospital Arrival Time;0;None;0;None;0;None;1;0
48;Texas;480937;2;2;0;0;3;3;0;121;DENTON (121);5820;ROANOKE;25;25;4;April;2019;5;Thursday;15;3:00pm-3:59pm;55;55;1;This section IS ON the NHS;2;U.S. Highway;US-377/FRONT ST;HENRIETTA CREEK RD;2;Urban;3;Principal Arterial - Other;98;Not Reported;132;132;32.99310556;32.99310556;-97.233725;-97.233725;0;No Special Jurisdiction;12;Motor Vehicle In-Transport;6;Angle;0;No;2;Intersection;3;T-Intersection;0;None;1;On Roadway;1;Daylight;1;Clear;0;No Additional Atmospheric Conditions;1;Clear;0;No;0;Not Applicable;16;4:00pm-4:59pm;11;11;16;4:00pm-4:59pm;22;22;99;Unknown;99;Unknown EMS Hospital Arrival Time;0;None;0;None;0;None;1;0
48;Texas;480948;2;2;0;0;3;3;0;223;HOPKINS (223);6670;SULPHUR SPRINGS;26;26;4;April;2019;6;Friday;18;6:00pm-6:59pm;13;13;1;This section IS ON the NHS;3;State Highway;SR-154;SR-301;1;Rural;3;Principal Arterial - Other;98;Not Reported;202;202;33.17441111;33.17441111;-95.591675;-95.591675;0;No Special Jurisdiction;12;Motor Vehicle In-Transport;6;Angle;0;No;2;Intersection;3;T-Intersection;0;None;1;On Roadway;1;Daylight;1;Clear;0;No Additional Atmospheric Conditions;1;Clear;0;No;0;Not Applicable;18;6:00pm-6:59pm;15;15;18;6:00pm-6:59pm;17;17;18;6:00pm-6:59pm;39;39;0;None;0;None;0;None;1;0
48;Texas;480959;2;2;0;0;2;2;0;453;TRAVIS (453);330;AUSTIN;18;18;4;April;2019;5;Thursday;10;10:00am-10:59am;16;16;0;This section IS NOT on the NHS;8;Other;FM 973;PEARCE LANE;2;Urban;4;Minor Arterial;98;Not Reported;137;137;30.18061667;30.18061667;-97.64663056;-97.64663056;0;No Special Jurisdiction;12;Motor Vehicle In-Transport;6;Angle;0;No;2;Intersection;3;T-Intersection;0;None;1;On Roadway;1;Daylight;1;Clear;0;No Additional Atmospheric Conditions;1;Clear;0;No;0;Not Applicable;99;Unknown;99;Unknown;99;Unknown EMS Scene Arrival Hour;99;Unknown EMS Scene Arrival Minutes;99;Unknown;99;Unknown EMS Hospital Arrival Time;0;None;0;None;0;None;1;0
48;Texas;480973;2;2;0;0;3;3;0;251;JOHNSON (251);1370;CLEBURNE;6;6;5;May;2019;2;Monday;16;4:00pm-4:59pm;57;57;1;This section IS ON the NHS;3;State Highway;SR-171/MAIN ST;ROSS ST;2;Urban;3;Principal Arterial - Other;98;Not Reported;251;251;32.35388611;32.35388611;-97.38858333;-97.38858333;0;No Special Jurisdiction;12;Motor Vehicle In-Transport;6;Angle;0;No;2;Intersection;3;T-Intersection;0;None;1;On Roadway;1;Daylight;10;Cloudy;0;No Additional Atmospheric Conditions;10;Cloudy;0;No;0;Not Applicable;16;4:00pm-4:59pm;57;57;17;5:00pm-5:59pm;2;2;17;5:00pm-5:59pm;40;40;0;None;0;None;0;None;2;0
48;Texas;480977;2;2;0;0;3;3;0;303;LUBBOCK (303);4140;LUBBOCK;6;6;5;May;2019;2;Monday;15;3:00pm-3:59pm;20;20;0;This section IS NOT on the NHS;6;Local Street - Municipality;MILWAUKEE AVE;50TH ST;2;Urban;3;Principal Arterial - Other;98;Not Reported;0;None;33.54887222;33.54887222;-101.9571111;-101.95711111;0;No Special Jurisdiction;12;Motor Vehicle In-Transport;2;Front-to-Front;0;No;3;Intersection-Related;3;T-Intersection;0;None;1;On Roadway;1;Daylight;1;Clear;0;No Additional Atmospheric Conditions;1;Clear;0;No;0;Not Applicable;15;3:00pm-3:59pm;22;22;15;3:00pm-3:59pm;27;27;15;3:00pm-3:59pm;53;53;0;None;0;None;0;None;1;0
48;Texas;481032;2;2;0;0;5;5;0;139;ELLIS (139);7270;WAXAHACHIE;21;21;4;April;2019;1;Sunday;17;5:00pm-5:59pm;33;33;0;This section IS NOT on the NHS;7;Local Street - Frontage Road;US-287 BYPASS;SOLON RD;2;Urban;5;Major Collector;98;Not Reported;410;410;32.42366944;32.42366944;-96.85232222;-96.85232222;0;No Special Jurisdiction;1;Rollover/Overturn;0;The First Harmful Event was Not a Collision with a Motor Vehicle in Transport;1;Yes;2;Intersection;3;T-Intersection;0;None;1;On Roadway;1;Daylight;1;Clear;0;No Additional Atmospheric Conditions;1;Clear;0;No;0;Not Applicable;19;7:00pm-7:59pm;36;36;19;7:00pm-7:59pm;43;43;20;8:00pm-8:59pm;19;19;0;None;0;None;0;None;1;0
48;Texas;481034;2;2;0;0;3;3;0;231;HUNT (231);0;NOT APPLICABLE;25;25;4;April;2019;5;Thursday;0;0:00am-0:59am;47;47;0;This section IS NOT on the NHS;8;Other;FM 513;I-30;1;Rural;5;Major Collector;98;Not Reported;99998;Not Reported;33.13170278;33.13170278;-95.94103333;-95.94103333;0;No Special Jurisdiction;34;Ditch;0;The First Harmful Event was Not a Collision with a Motor Vehicle in Transport;1;Yes;3;Intersection-Related;3;T-Intersection;0;None;10;Separator;2;Dark - Not Lighted;2;Rain;0;No Additional Atmospheric Conditions;2;Rain;0;No;0;Not Applicable;99;Unknown;99;Unknown;99;Unknown EMS Scene Arrival Hour;99;Unknown EMS Scene Arrival Minutes;99;Unknown;99;Unknown EMS Hospital Arrival Time;0;None;0;None;0;None;1;1
48;Texas;481041;2;2;0;0;6;6;0;291;LIBERTY (291);0;NOT APPLICABLE;5;5;5;May;2019;1;Sunday;17;5:00pm-5:59pm;42;42;0;This section IS NOT on the NHS;3;State Highway;SR-61;CR-109;1;Rural;5;Major Collector;98;Not Reported;43;43;29.96672222;29.96672222;-94.59634722;-94.59634722;0;No Special Jurisdiction;12;Motor Vehicle In-Transport;6;Angle;0;No;2;Intersection;3;T-Intersection;0;None;1;On Roadway;1;Daylight;1;Clear;0;No Additional Atmospheric Conditions;1;Clear;0;No;0;Not Applicable;99;Unknown;99;Unknown;99;Unknown EMS Scene Arrival Hour;99;Unknown EMS Scene Arrival Minutes;99;Unknown;99;Unknown EMS Hospital Arrival Time;0;None;0;None;0;None;1;0
48;Texas;481043;1;1;0;1;3;3;1;29;BEXAR (29);6090;SAN ANTONIO;10;10;5;May;2019;6;Friday;21;9:00pm-9:59pm;46;46;1;This section IS ON the NHS;3;State Highway;SR-13 LP/MILITARY DR;WHITEWOOD DR;2;Urban;3;Principal Arterial - Other;98;Not Reported;29;29;29.36906389;29.36906389;-98.60015;-98.60015;0;No Special Jurisdiction;8;Pedestrian;0;The First Harmful Event was Not a Collision with a Motor Vehicle in Transport;0;No;3;Intersection-Related;3;T-Intersection;0;None;1;On Roadway;3;Dark - Lighted;2;Rain;0;No Additional Atmospheric Conditions;2;Rain;0;No;0;Not Applicable;99;Unknown;98;Unknown if Notified;99;Unknown EMS Scene Arrival Hour;98;Unknown if Arrived;88;Not Applicable (Not Transported);88;Not Applicable (Not Transported);0;None;0;None;0;None;1;0
48;Texas;481045;3;3;0;0;6;6;0;21;BASTROP (21);0;NOT APPLICABLE;27;27;4;April;2019;7;Saturday;20;8:00pm-8:59pm;45;45;1;This section IS ON the NHS;3;State Highway;SR-21;CR-VALERIE LANE;1;Rural;3;Principal Arterial - Other;98;Not Reported;19;19;30.06079167;30.06079167;-97.60147222;-97.60147222;0;No Special Jurisdiction;12;Motor Vehicle In-Transport;1;Front-to-Rear;0;No;3;Intersection-Related;3;T-Intersection;0;None;1;On Roadway;2;Dark - Not Lighted;10;Cloudy;0;No Additional Atmospheric Conditions;10;Cloudy;0;No;0;Not Applicable;20;8:00pm-8:59pm;51;51;21;9:00pm-9:59pm;2;2;21;9:00pm-9:59pm;53;53;0;None;0;None;0;None;1;2
48;Texas;481077;2;2;0;0;8;8;0;367;PARKER (367);0;NOT APPLICABLE;31;31;3;March;2019;1;Sunday;15;3:00pm-3:59pm;20;20;0;This section IS NOT on the NHS;8;Other;FM 2421;CR-SWEET SPRINGS ROAD;1;Rural;5;Major Collector;98;Not Reported;128;128;32.85396944;32.85396944;-97.823125;-97.823125;0;No Special Jurisdiction;12;Motor Vehicle In-Transport;6;Angle;0;No;2;Intersection;3;T-Intersection;0;None;1;On Roadway;1;Daylight;1;Clear;0;No Additional Atmospheric Conditions;1;Clear;0;No;0;Not Applicable;99;Unknown;99;Unknown;99;Unknown EMS Scene Arrival Hour;99;Unknown EMS Scene Arrival Minutes;99;Unknown;99;Unknown EMS Hospital Arrival Time;0;None;0;None;0;None;1;0
48;Texas;481135;2;2;0;0;2;2;0;409;SAN PATRICIO (409);3380;INGLESIDE;24;24;5;May;2019;6;Friday;17;5:00pm-5:59pm;41;41;0;This section IS NOT on the NHS;8;Other;FM 1069;PORT AVENUE;2;Urban;5;Major Collector;98;Not Reported;16;16;27.85938056;27.85938056;-97.21646111;-97.21646111;0;No Special Jurisdiction;12;Motor Vehicle In-Transport;6;Angle;0;No;2;Intersection;3;T-Intersection;0;None;1;On Roadway;1;Daylight;1;Clear;0;No Additional Atmospheric Conditions;1;Clear;0;No;0;Not Applicable;99;Unknown;98;Unknown if Notified;99;Unknown EMS Scene Arrival Hour;98;Unknown if Arrived;88;Not Applicable (Not Transported);88;Not Applicable (Not Transported);0;None;0;None;0;None;1;0
48;Texas;481150;3;3;0;0;7;7;0;135;ECTOR (135);0;NOT APPLICABLE;19;19;5;May;2019;1;Sunday;15;3:00pm-3:59pm;20;20;0;This section IS NOT on the NHS;8;Other;FM 2020;CR-DAMASCUS AVE;2;Urban;5;Major Collector;98;Not Reported;24;24;31.83566389;31.83566389;-102.5234611;-102.52346111;0;No Special Jurisdiction;12;Motor Vehicle In-Transport;2;Front-to-Front;0;No;2;Intersection;3;T-Intersection;0;None;1;On Roadway;1;Daylight;1;Clear;0;No Additional Atmospheric Conditions;1;Clear;0;No;0;Not Applicable;99;Unknown;99;Unknown;99;Unknown EMS Scene Arrival Hour;99;Unknown EMS Scene Arrival Minutes;99;Unknown;99;Unknown EMS Hospital Arrival Time;0;None;0;None;0;None;1;0
48;Texas;481152;1;1;0;0;1;1;0;85;COLLIN (85);5390;PLANO;25;25;5;May;2019;7;Saturday;17;5:00pm-5:59pm;3;3;0;This section IS NOT on the NHS;8;Other;FM 544/14TH ST;ADA LN;2;Urban;4;Minor Arterial;98;Not Reported;0;None;33.01428056;33.01428056;-96.66182222;-96.66182222;0;No Special Jurisdiction;30;Utility Pole/Light Support;0;The First Harmful Event was Not a Collision with a Motor Vehicle in Transport;0;No;3;Intersection-Related;3;T-Intersection;0;None;3;On Median;1;Daylight;1;Clear;0;No Additional Atmospheric Conditions;1;Clear;0;No;0;Not Applicable;17;5:00pm-5:59pm;4;4;17;5:00pm-5:59pm;7;7;17;5:00pm-5:59pm;13;13;0;None;0;None;0;None;1;0
48;Texas;481173;2;2;0;0;3;3;0;465;VAL VERDE (465);1820;DEL RIO;21;21;5;May;2019;3;Tuesday;18;6:00pm-6:59pm;39;39;1;This section IS ON the NHS;2;U.S. Highway;US-90;RAILWAY AVE/BOWIE ST;2;Urban;3;Principal Arterial - Other;98;Not Reported;99998;Not Reported;29.37013056;29.37013056;-100.8619417;-100.86194167;0;No Special Jurisdiction;12;Motor Vehicle In-Transport;6;Angle;0;No;2;Intersection;3;T-Intersection;0;None;1;On Roadway;1;Daylight;1;Clear;0;No Additional Atmospheric Conditions;1;Clear;0;No;0;Not Applicable;99;Unknown;99;Unknown;99;Unknown EMS Scene Arrival Hour;99;Unknown EMS Scene Arrival Minutes;99;Unknown;99;Unknown EMS Hospital Arrival Time;0;None;0;None;0;None;1;0
48;Texas;481205;2;2;0;0;4;4;0;121;DENTON (121);3960;LEWISVILLE;25;25;5;May;2019;7;Saturday;0;0:00am-0:59am;34;34;1;This section IS ON the NHS;3;State Highway;SR-121 BUSINESS;OAKWOOD LN;2;Urban;3;Principal Arterial - Other;98;Not Reported;106;106;33.02457222;33.02457222;-96.99294167;-96.99294167;0;No Special Jurisdiction;12;Motor Vehicle In-Transport;6;Angle;0;No;2;Intersection;3;T-Intersection;0;None;1;On Roadway;3;Dark - Lighted;1;Clear;0;No Additional Atmospheric Conditions;1;Clear;0;No;0;Not Applicable;99;Unknown;98;Unknown if Notified;99;Unknown EMS Scene Arrival Hour;98;Unknown if Arrived;88;Not Applicable (Not Transported);88;Not Applicable (Not Transported);0;None;0;None;0;None;1;1
48;Texas;481214;3;3;0;0;4;4;0;139;ELLIS (139);4570;MIDLOTHIAN;25;25;5;May;2019;7;Saturday;16;4:00pm-4:59pm;29;29;1;This section IS ON the NHS;7;Local Street - Frontage Road;US-67 SERVICE RD;GIFCO ROAD;2;Urban;2;Principal Arterial - Other Freeways and Expressways;98;Not Reported;25;25;32.51805556;32.51805556;-96.98181389;-96.98181389;0;No Special Jurisdiction;12;Motor Vehicle In-Transport;6;Angle;1;Yes;2;Intersection;3;T-Intersection;0;None;1;On Roadway;1;Daylight;1;Clear;0;No Additional Atmospheric Conditions;1;Clear;0;No;0;Not Applicable;99;Unknown;99;Unknown;99;Unknown EMS Scene Arrival Hour;99;Unknown EMS Scene Arrival Minutes;99;Unknown;99;Unknown EMS Hospital Arrival Time;0;None;0;None;0;None;1;0
48;Texas;481219;1;1;0;1;1;1;1;29;BEXAR (29);6090;SAN ANTONIO;4;4;6;June;2019;3;Tuesday;20;8:00pm-8:59pm;57;57;0;This section IS NOT on the NHS;6;Local Street - Municipality;SAN PEDRO;SAHARA AVENUE;2;Urban;3;Principal Arterial - Other;98;Not Reported;0;None;29.53280556;29.53280556;-98.49604167;-98.49604167;0;No Special Jurisdiction;8;Pedestrian;0;The First Harmful Event was Not a Collision with a Motor Vehicle in Transport;0;No;3;Intersection-Related;3;T-Intersection;0;None;1;On Roadway;7;Other;10;Cloudy;0;No Additional Atmospheric Conditions;10;Cloudy;0;No;0;Not Applicable;99;Unknown;99;Unknown;99;Unknown EMS Scene Arrival Hour;99;Unknown EMS Scene Arrival Minutes;99;Unknown;99;Unknown EMS Hospital Arrival Time;0;None;0;None;0;None;1;0
48;Texas;481224;2;2;0;0;4;4;0;219;HOCKLEY (219);0;NOT APPLICABLE;25;25;5;May;2019;7;Saturday;21;9:00pm-9:59pm;52;52;1;This section IS ON the NHS;2;U.S. Highway;US-62;CR-FOSTER ROAD;1;Rural;3;Principal Arterial - Other;98;Not Reported;52;52;33.44453056;33.44453056;-102.1169833;-102.11698333;0;No Special Jurisdiction;12;Motor Vehicle In-Transport;1;Front-to-Rear;0;No;3;Intersection-Related;3;T-Intersection;0;None;1;On Roadway;2;Dark - Not Lighted;1;Clear;0;No Additional Atmospheric Conditions;1;Clear;0;No;0;Not Applicable;99;Unknown;99;Unknown;99;Unknown EMS Scene Arrival Hour;99;Unknown EMS Scene Arrival Minutes;99;Unknown;99;Unknown EMS Hospital Arrival Time;0;None;0;None;0;None;1;0
48;Texas;481229;2;2;0;0;3;3;0;141;EL PASO (141);0;NOT APPLICABLE;5;5;6;June;2019;4;Wednesday;22;10:00pm-10:59pm;46;46;1;This section IS ON the NHS;2;U.S. Highway;US-62 MONTANA AVE;DESERT MEADOWS ROAD;2;Urban;3;Principal Arterial - Other;98;Not Reported;276;276;31.81964444;31.81964444;-106.167575;-106.167575;0;No Special Jurisdiction;12;Motor Vehicle In-Transport;1;Front-to-Rear;0;No;3;Intersection-Related;3;T-Intersection;0;None;1;On Roadway;2;Dark - Not Lighted;1;Clear;0;No Additional Atmospheric Conditions;1;Clear;0;No;0;Not Applicable;22;10:00pm-10:59pm;51;51;23;11:00pm-11:59pm;6;6;23;11:00pm-11:59pm;39;39;0;None;0;None;0;None;1;1