STATE;STATENAME;ST_CASE;VE_TOTAL;VE_FORMS;PVH_INVL;PEDS;PERSONS;PERMVIT;PERNOTMVIT;COUNTY;COUNTYNAME;CITY;CITYNAME;DAY;DAYNAME;MONTH;MONTHNAME;YEAR;DAY_WEEK;DAY_WEEKNAME;HOUR;HOURNAME;MINUTE;MINUTENAME;NHS;NHSNAME;ROUTE;ROUTENAME;TWAY_ID;TWAY_ID2;RUR_URB;RUR_URBNAME;FUNC_SYS;FUNC_SYSNAME;RD_OWNER;RD_OWNERNAME;MILEPT;MILEPTNAME;LATITUDE;LATITUDENAME;LONGITUD;LONGITUDNAME;SP_JUR;SP_JURNAME;HARM_EV;HARM_EVNAME;MAN_COLL;MAN_COLLNAME;RELJCT1;RELJCT1NAME;RELJCT2;RELJCT2NAME;TYP_INT;TYP_INTNAME;WRK_ZONE;WRK_ZONENAME;REL_ROAD;REL_ROADNAME;LGT_COND;LGT_CONDNAME;WEATHER1;WEATHER1NAME;WEATHER2;WEATHER2NAME;WEATHER;WEATHERNAME;SCH_BUS;SCH_BUSNAME;RAIL;RAILNAME;NOT_HOUR;NOT_HOURNAME;NOT_MIN;NOT_MINNAME;ARR_HOUR;ARR_HOURNAME;ARR_MIN;ARR_MINNAME;HOSP_HR;HOSP_HRNAME;HOSP_MN;HOSP_MNNAME;CF1;CF1NAME;CF2;CF2NAME;CF3;CF3NAME;FATALS;DRUNK_DR
48;Texas;481718;2;2;0;0;2;2;0;201;HARRIS (201);3280;HOUSTON;30;30;6;June;2019;1;Sunday;0;0:00am-0:59am;10;10;0;This section IS NOT on the NHS;6;Local Street - Municipality;34TH ST;GOLF DR;2;Urban;7;Local;98;Not Reported;0;None;29.81733611;29.81733611;-95.42407222;-95.42407222;0;No Special Jurisdiction;12;Motor Vehicle In-Transport;6;Angle;0;No;2;Intersection;3;T-Intersection;0;None;1;On Roadway;3;Dark - Lighted;1;Clear;0;No Additional Atmospheric Conditions;1;Clear;0;No;0;Not Applicable;99;Unknown;99;Unknown;99;Unknown EMS Scene Arrival Hour;99;Unknown EMS Scene Arrival Minutes;99;Unknown;99;Unknown EMS Hospital Arrival Time;0;None;0;None;0;None;1;1
48;Texas;481739;2;2;0;0;2;2;0;99;CORYELL (99);1540;COPPERAS COVE;27;27;7;July;2019;7;Saturday;18;6:00pm-6:59pm;40;40;1;This section IS ON the NHS;2;U.S. Highway;US-190 BUSINESS;GEORGETOWN ROAD;2;Urban;3;Principal Arterial - Other;98;Not Reported;23;23;31.11133611;31.11133611;-97.91055833;-97.91055833;0;No Special Jurisdiction;12;Motor Vehicle In-Transport;1;Front-to-Rear;0;No;3;Intersection-Related;3;T-Intersection;0;None;1;On Roadway;1;Daylight;1;Clear;0;No Additional Atmospheric Conditions;1;Clear;0;No;0;Not Applicable;99;Unknown;98;Unknown if Notified;99;Unknown EMS Scene Arrival Hour;98;Unknown if Arrived;88;Not Applicable (Not Transported);88;Not Applicable (Not Transported);0;None;0;None;0;None;1;1
48;Texas;481741;1;1;0;1;1;1;1;183;GREGG (183);2670;GLADEWATER;27;27;7;July;2019;7;Saturday;1;1:00am-1:59am;53;53;1;This section IS ON the NHS;2;U.S. Highway;US-271;US-271;1;Rural;3;Principal Arterial - Other;98;Not Reported;10;10;32.5284;32.5284;-94.95653056;-94.95653056;0;No Special Jurisdiction;8;Pedestrian;0;The First Harmful Event was Not a Collision with a Motor Vehicle in Transport;0;No;2;Intersection;3;T-Intersection;0;None;1;On Roadway;2;Dark - Not Lighted;1;Clear;0;No Additional Atmospheric Conditions;1;Clear;0;No;0;Not Applicable;99;Unknown;99;Unknown;99;Unknown EMS Scene Arrival Hour;99;Unknown EMS Scene Arrival Minutes;88;Not Applicable (Not Transported);88;Not Applicable (Not Transported);0;None;0;None;0;None;1;0
48;Texas;481747;1;1;0;0;6;6;0;71;CHAMBERS (71);0;NOT APPLICABLE;13;13;7;July;2019;7;Saturday;2;2:00am-2:59am;26;26;0;This section IS NOT on the NHS;6;Local Street - Municipality;PINELOCH BAYOU DRIVE;MULBERRY BAYOU DRIVE;1;Rural;7;Local;98;Not Reported;0;None;29.79328889;29.79328889;-94.8462;-94.8462;0;No Special Jurisdiction;5;Fell/Jumped from Vehicle;0;The First Harmful Event was Not a Collision with a Motor Vehicle in Transport;0;No;3;Intersection-Related;3;T-Intersection;0;None;1;On Roadway;3;Dark - Lighted;10;Cloudy;0;No Additional Atmospheric Conditions;10;Cloudy;0;No;0;Not Applicable;99;Unknown;99;Unknown;99;Unknown EMS Scene Arrival Hour;99;Unknown EMS Scene Arrival Minutes;99;Unknown;99;Unknown EMS Hospital Arrival Time;0;None;0;None;0;None;1;0
48;Texas;481761;2;2;0;0;2;2;0;329;MIDLAND (329);0;NOT APPLICABLE;16;16;7;July;2019;3;Tuesday;6;6:00am-6:59am;0;0;1;This section IS ON the NHS;1;Interstate;I-20 BUSINESS/INDUSTRIAL;CR-1250;2;Urban;1;Interstate;1;State Highway Agency;78;78;31.94484444;31.94484444;-102.1730639;-102.17306389;0;No Special Jurisdiction;12;Motor Vehicle In-Transport;6;Angle;0;No;2;Intersection;3;T-Intersection;0;None;1;On Roadway;3;Dark - Lighted;10;Cloudy;0;No Additional Atmospheric Conditions;10;Cloudy;0;No;0;Not Applicable;99;Unknown;99;Unknown;99;Unknown EMS Scene Arrival Hour;99;Unknown EMS Scene Arrival Minutes;99;Unknown;99;Unknown EMS Hospital Arrival Time;0;None;0;None;0;None;1;0
48;Texas;481823;1;1;0;1;1;1;1;201;HARRIS (201);0;NOT APPLICABLE;4;4;8;August;2019;1;Sunday;21;9:00pm-9:59pm;15;15;0;This section IS NOT on the NHS;4;County Road;CR-QUEENSTON BOULEVARD;SILVER SKY LN;2;Urban;4;Minor Arterial;98;Not Reported;0;None;29.88616944;29.88616944;-95.66829444;-95.66829444;0;No Special Jurisdiction;8;Pedestrian;0;The First Harmful Event was Not a Collision with a Motor Vehicle in Transport;0;No;3;Intersection-Related;3;T-Intersection;0;None;1;On Roadway;2;Dark - Not Lighted;1;Clear;0;No Additional Atmospheric Conditions;1;Clear;0;No;0;Not Applicable;99;Unknown;98;Unknown if Notified;99;Unknown EMS Scene Arrival Hour;98;Unknown if Arrived;88;Not Applicable (Not Transported);88;Not Applicable (Not Transported);0;None;0;None;0;None;1;0
48;Texas;481854;2;2;0;0;2;2;0;201;HARRIS (201);0;NOT APPLICABLE;26;26;7;July;2019;6;Friday;12;12:00pm-12:59pm;2;2;0;This section IS NOT on the NHS;6;Local Street - Municipality;STUEBNER AIRLINE ROAD;OAKWOOD GLEN BOULEVARD;2;Urban;3;Principal Arterial - Other;98;Not Reported;0;None;30.02304722;30.02304722;-95.52634167;-95.52634167;0;No Special Jurisdiction;12;Motor Vehicle In-Transport;98;Not Reported;0;No;2;Intersection;3;T-Intersection;0;None;1;On Roadway;1;Daylight;1;Clear;0;No Additional Atmospheric Conditions;1;Clear;0;No;0;Not Applicable;99;Unknown;98;Unknown if Notified;99;Unknown EMS Scene Arrival Hour;98;Unknown if Arrived;88;Not Applicable (Not Transported);88;Not Applicable (Not Transported);0;None;0;None;0;None;1;0
48;Texas;481877;1;1;0;0;4;4;0;167;GALVESTON (167);6860;TEXAS CITY;4;4;8;August;2019;1;Sunday;14;2:00pm-2:59pm;29;29;1;This section IS ON the NHS;8;Other;FM 1764;21ST STREET;2;Urban;3;Principal Arterial - Other;98;Not Reported;123;123;29.39326111;29.39326111;-94.9219;-94.9219;0;No Special Jurisdiction;33;Curb;0;The First Harmful Event was Not a Collision with a Motor Vehicle in Transport;0;No;3;Intersection-Related;3;T-Intersection;0;None;3;On Median;1;Daylight;10;Cloudy;0;No Additional Atmospheric Conditions;10;Cloudy;0;No;0;Not Applicable;14;2:00pm-2:59pm;30;30;14;2:00pm-2:59pm;40;40;15;3:00pm-3:59pm;20;20;0;None;0;None;0;None;1;0
48;Texas;481885;2;2;0;0;2;2;0;181;GRAYSON (181);0;NOT APPLICABLE;31;31;7;July;2019;4;Wednesday;21;9:00pm-9:59pm;35;35;0;This section IS NOT on the NHS;2;U.S. Highway;US-377;CR-JUNIPER POINT PARK EAST RD;2;Urban;4;Minor Arterial;98;Not Reported;2;2;33.85982778;33.85982778;-96.83273889;-96.83273889;0;No Special Jurisdiction;12;Motor Vehicle In-Transport;6;Angle;0;No;2;Intersection;3;T-Intersection;4;Work Zone, Type Unknown;1;On Roadway;2;Dark - Not Lighted;1;Clear;0;No Additional Atmospheric Conditions;1;Clear;0;No;0;Not Applicable;99;Unknown;98;Unknown if Notified;99;Unknown EMS Scene Arrival Hour;98;Unknown if Arrived;88;Not Applicable (Not Transported);88;Not Applicable (Not Transported);0;None;0;None;0;None;1;0
48;Texas;481892;2;2;0;0;3;3;0;439;TARRANT (439);2450;FORT WORTH;14;14;8;August;2019;4;Wednesday;4;4:00am-4:59am;53;53;0;This section IS NOT on the NHS;6;Local Street - Municipality;ANGLE AVENUE;COLUMBUS AVENUE;2;Urban;5;Major Collector;98;Not Reported;0;None;32.80366111;32.80366111;-97.36436111;-97.36436111;0;No Special Jurisdiction;12;Motor Vehicle In-Transport;6;Angle;0;No;2;Intersection;3;T-Intersection;0;None;1;On Roadway;3;Dark - Lighted;2;Rain;0;No Additional Atmospheric Conditions;2;Rain;0;No;0;Not Applicable;99;Unknown;99;Unknown;99;Unknown EMS Scene Arrival Hour;99;Unknown EMS Scene Arrival Minutes;99;Unknown;99;Unknown EMS Hospital Arrival Time;0;None;0;None;0;None;1;0
48;Texas;481899;2;2;0;0;2;2;0;29;BEXAR (29);6090;SAN ANTONIO;2;2;8;August;2019;6;Friday;20;8:00pm-8:59pm;43;43;1;This section IS ON the NHS;3;State Highway;SR-13 LOOP MILITARY DR;WHITEWOOD STREET;2;Urban;3;Principal Arterial - Other;98;Not Reported;29;29;29.36904444;29.36904444;-98.60011389;-98.60011389;0;No Special Jurisdiction;12;Motor Vehicle In-Transport;6;Angle;0;No;2;Intersection;3;T-Intersection;0;None;1;On Roadway;3;Dark - Lighted;1;Clear;0;No Additional Atmospheric Conditions;1;Clear;0;No;0;Not Applicable;20;8:00pm-8:59pm;44;44;20;8:00pm-8:59pm;50;50;21;9:00pm-9:59pm;17;17;0;None;0;None;0;None;1;1
48;Texas;481903;3;3;0;0;8;8;0;183;GREGG (183);4080;LONGVIEW;6;6;8;August;2019;3;Tuesday;16;4:00pm-4:59pm;25;25;1;This section IS ON the NHS;3;State Highway;SR-281 LP;BIRDSONG ST;2;Urban;3;Principal Arterial - Other;98;Not Reported;32;32;32.46174444;32.46174444;-94.74980833;-94.74980833;0;No Special Jurisdiction;12;Motor Vehicle In-Transport;2;Front-to-Front;0;No;3;Intersection-Related;3;T-Intersection;0;None;11;Continuous Left - Turn Lane;1;Daylight;1;Clear;0;No Additional Atmospheric Conditions;1;Clear;0;No;0;Not Applicable;99;Unknown;99;Unknown;99;Unknown EMS Scene Arrival Hour;99;Unknown EMS Scene Arrival Minutes;99;Unknown;99;Unknown EMS Hospital Arrival Time;0;None;0;None;0;None;2;0
48;Texas;481922;2;2;0;0;2;2;0;135;ECTOR (135);0;NOT APPLICABLE;19;19;7;July;2019;6;Friday;17;5:00pm-5:59pm;50;50;0;This section IS NOT on the NHS;8;Other;FM 2020;CR-URANUS AVE;2;Urban;4;Minor Arterial;98;Not Reported;58;58;31.84884167;31.84884167;-102.4670722;-102.46707222;0;No Special Jurisdiction;12;Motor Vehicle In-Transport;2;Front-to-Front;0;No;3;Intersection-Related;3;T-Intersection;0;None;1;On Roadway;1;Daylight;1;Clear;0;No Additional Atmospheric Conditions;1;Clear;0;No;0;Not Applicable;99;Unknown;98;Unknown if Notified;99;Unknown EMS Scene Arrival Hour;98;Unknown if Arrived;88;Not Applicable (Not Transported);88;Not Applicable (Not Transported);0;None;0;None;0;None;1;0
48;Texas;481950;2;2;0;0;3;3;0;85;COLLIN (85);4155;LUCAS;16;16;8;August;2019;6;Friday;17;5:00pm-5:59pm;57;57;0;This section IS NOT on the NHS;8;Other;FM 1378/SOUTHVIEW DR;MEADOWBROOK DR;2;Urban;4;Minor Arterial;98;Not Reported;106;106;33.05765;33.05765;-96.56841389;-96.56841389;0;No Special Jurisdiction;12;Motor Vehicle In-Transport;6;Angle;0;No;2;Intersection;3;T-Intersection;0;None;1;On Roadway;1;Daylight;1;Clear;0;No Additional Atmospheric Conditions;1;Clear;0;No;0;Not Applicable;18;6:00pm-6:59pm;6;6;18;6:00pm-6:59pm;21;21;19;7:00pm-7:59pm;3;3;0;None;0;None;0;None;1;0
48;Texas;481964;1;1;0;1;1;1;1;201;HARRIS (201);3280;HOUSTON;16;16;8;August;2019;6;Friday;12;12:00pm-12:59pm;27;27;0;This section IS NOT on the NHS;6;Local Street - Municipality;MAIN STREET;23RD STREET;2;Urban;4;Minor Arterial;98;Not Reported;0;None;29.80731389;29.80731389;-95.38924444;-95.38924444;0;No Special Jurisdiction;9;Pedalcyclist;0;The First Harmful Event was Not a Collision with a Motor Vehicle in Transport;0;No;2;Intersection;3;T-Intersection;0;None;1;On Roadway;1;Daylight;10;Cloudy;0;No Additional Atmospheric Conditions;10;Cloudy;0;No;0;Not Applicable;99;Unknown;99;Unknown;99;Unknown EMS Scene Arrival Hour;99;Unknown EMS Scene Arrival Minutes;99;Unknown;99;Unknown EMS Hospital Arrival Time;16;Non-occupant struck vehicle;0;None;0;None;1;0
48;Texas;481974;1;1;0;1;1;1;1;113;DALLAS (113);1730;DALLAS;14;14;8;August;2019;4;Wednesday;10;10:00am-10:59am;0;0;1;This section IS ON the NHS;3;State Highway;SR-12 LOOP NORTHWEST HWY;STARLIGHT ROAD;2;Urban;3;Principal Arterial - Other;98;Not Reported;200;200;32.85833333;32.85833333;-96.87644167;-96.87644167;0;No Special Jurisdiction;9;Pedalcyclist;0;The First Harmful Event was Not a Collision with a Motor Vehicle in Transport;0;No;2;Intersection;3;T-Intersection;0;None;1;On Roadway;1;Daylight;10;Cloudy;0;No Additional Atmospheric Conditions;10;Cloudy;0;No;0;Not Applicable;99;Unknown;99;Unknown;99;Unknown EMS Scene Arrival Hour;99;Unknown EMS Scene Arrival Minutes;99;Unknown;99;Unknown EMS Hospital Arrival Time;0;None;0;None;0;None;1;0
48;Texas;481975;1;1;0;0;4;4;0;113;DALLAS (113);1730;DALLAS;9;9;8;August;2019;6;Friday;18;6:00pm-6:59pm;4;4;0;This section IS NOT on the NHS;6;Local Street - Municipality;SANER AVE;CANBERRA ST;2;Urban;7;Local;98;Not Reported;0;None;32.71316389;32.71316389;-96.83619444;-96.83619444;0;No Special Jurisdiction;42;Tree (Standing Only);0;The First Harmful Event was Not a Collision with a Motor Vehicle in Transport;0;No;3;Intersection-Related;3;T-Intersection;0;None;4;On Roadside;1;Daylight;1;Clear;0;No Additional Atmospheric Conditions;1;Clear;0;No;0;Not Applicable;18;6:00pm-6:59pm;6;6;18;6:00pm-6:59pm;17;17;19;7:00pm-7:59pm;3;3;0;None;0;None;0;None;1;0
48;Texas;481976;2;2;0;0;3;3;0;29;BEXAR (29);6090;SAN ANTONIO;17;17;8;August;2019;7;Saturday;21;9:00pm-9:59pm;44;44;1;This section IS ON the NHS;7;Local Street - Frontage Road;I-410/LOOP 410;WESTSHIRE DRIVE;2;Urban;1;Interstate;1;State Highway Agency;74;74;29.41180278;29.41180278;-98.64964167;-98.64964167;0;No Special Jurisdiction;12;Motor Vehicle In-Transport;6;Angle;0;No;2;Intersection;3;T-Intersection;1;Construction;1;On Roadway;3;Dark - Lighted;1;Clear;0;No Additional Atmospheric Conditions;1;Clear;0;No;0;Not Applicable;99;Unknown;99;Unknown;99;Unknown EMS Scene Arrival Hour;99;Unknown EMS Scene Arrival Minutes;99;Unknown;99;Unknown EMS Hospital Arrival Time;0;None;0;None;0;None;1;0
48;Texas;481981;2;2;0;0;6;6;0;439;TARRANT (439);260;ARLINGTON;16;16;8;August;2019;6;Friday;14;2:00pm-2:59pm;10;10;0;This section IS NOT on the NHS;6;Local Street - Municipality;FIELDER ROAD;BARRY DRIVE;2;Urban;4;Minor Arterial;98;Not Reported;0;None;32.71514444;32.71514444;-97.13194167;-97.13194167;0;No Special Jurisdiction;12;Motor Vehicle In-Transport;6;Angle;0;No;2;Intersection;3;T-Intersection;0;None;1;On Roadway;1;Daylight;1;Clear;0;No Additional Atmospheric Conditions;1;Clear;0;No;0;Not Applicable;14;2:00pm-2:59pm;10;10;14;2:00pm-2:59pm;17;17;14;2:00pm-2:59pm;54;54;0;None;0;None;0;None;1;0
48;Texas;482009;1;1;0;1;1;1;1;479;WEBB (479);3899;LAREDO;23;23;8;August;2019;6;Friday;20;8:00pm-8:59pm;42;42;0;This section IS NOT on the NHS;6;Local Street - Municipality;MCPHERSON ROAD;WYOMING ST;2;Urban;3;Principal Arterial - Other;98;Not Reported;0;None;27.54941111;27.54941111;-99.48177778;-99.48177778;0;No Special Jurisdiction;9;Pedalcyclist;0;The First Harmful Event was Not a Collision with a Motor Vehicle in Transport;0;No;3;Intersection-Related;3;T-Intersection;0;None;1;On Roadway;3;Dark - Lighted;1;Clear;0;No Additional Atmospheric Conditions;1;Clear;0;No;0;Not Applicable;20;8:00pm-8:59pm;42;42;20;8:00pm-8:59pm;49;49;21;9:00pm-9:59pm;9;9;0;None;0;None;0;None;1;0
48;Texas;482012;2;2;0;0;4;4;0;453;TRAVIS (453);330;AUSTIN;17;17;8;August;2019;7;Saturday;22;10:00pm-10:59pm;21;21;0;This section IS NOT on the NHS;8;Other;FM 2222;MOUNT BONNELL ROAD;2;Urban;3;Principal Arterial - Other;98;Not Reported;72;72;30.34119444;30.34119444;-97.77693333;-97.77693333;0;No Special Jurisdiction;12;Motor Vehicle In-Transport;6;Angle;0;No;2;Intersection;3;T-Intersection;0;None;1;On Roadway;3;Dark - Lighted;1;Clear;0;No Additional Atmospheric Conditions;1;Clear;0;No;0;Not Applicable;99;Unknown;99;Unknown;99;Unknown EMS Scene Arrival Hour;99;Unknown EMS Scene Arrival Minutes;88;Not Applicable (Not Transported);88;Not Applicable (Not Transported);0;None;0;None;0;None;2;1
48;Texas;482034;2;2;0;0;2;2;0;251;JOHNSON (251);1370;CLEBURNE;28;28;8;August;2019;4;Wednesday;11;11:00am-11:59am;39;39;1;This section IS ON the NHS;3;State Highway;SR-171;US-67;2;Urban;3;Principal Arterial - Other;98;Not Reported;176;176;32.379575;32.379575;-97.40642222;-97.40642222;0;No Special Jurisdiction;12;Motor Vehicle In-Transport;6;Angle;1;Yes;2;Intersection;3;T-Intersection;0;None;1;On Roadway;1;Daylight;10;Cloudy;0;No Additional Atmospheric Conditions;10;Cloudy;0;No;0;Not Applicable;99;Unknown;99;Unknown;99;Unknown EMS Scene Arrival Hour;99;Unknown EMS Scene Arrival Minutes;99;Unknown;99;Unknown EMS Hospital Arrival Time;0;None;0;None;0;None;1;0
48;Texas;482035;6;2;4;4;2;2;4;341;MOORE (341);2000;DUMAS;16;16;8;August;2019;6;Friday;21;9:00pm-9:59pm;30;30;1;This section IS ON the NHS;2;U.S. Highway;US-287/DUMAS AVE;8TH ST;2;Urban;3;Principal Arterial - Other;98;Not Reported;123;123;35.87982778;35.87982778;-101.9744667;-101.97446667;0;No Special Jurisdiction;12;Motor Vehicle In-Transport;6;Angle;0;No;3;Intersection-Related;3;T-Intersection;0;None;1;On Roadway;3;Dark - Lighted;10;Cloudy;0;No Additional Atmospheric Conditions;10;Cloudy;0;No;0;Not Applicable;99;Unknown;99;Unknown;99;Unknown EMS Scene Arrival Hour;99;Unknown EMS Scene Arrival Minutes;99;Unknown;99;Unknown EMS Hospital Arrival Time;0;None;0;None;0;None;1;0
48;Texas;482041;2;2;0;0;2;2;0;439;TARRANT (439);260;ARLINGTON;28;28;8;August;2019;4;Wednesday;22;10:00pm-10:59pm;34;34;1;This section IS ON the NHS;8;Other;FM 157;SKYLINE DRIVE;2;Urban;3;Principal Arterial - Other;98;Not Reported;0;None;32.75733333;32.75733333;-97.09721667;-97.09721667;0;No Special Jurisdiction;12;Motor Vehicle In-Transport;6;Angle;0;No;2;Intersection;3;T-Intersection;0;None;1;On Roadway;3;Dark - Lighted;1;Clear;0;No Additional Atmospheric Conditions;1;Clear;0;No;0;Not Applicable;22;10:00pm-10:59pm;36;36;22;10:00pm-10:59pm;39;39;23;11:00pm-11:59pm;5;5;0;None;0;None;0;None;1;0
48;Texas;482046;3;3;0;1;3;3;1;201;HARRIS (201);3280;HOUSTON;27;27;7;July;2019;7;Saturday;22;10:00pm-10:59pm;10;10;1;This section IS ON the NHS;8;Other;FM 2046/MAXEY RD;CHURCH RD;2;Urban;3;Principal Arterial - Other;98;Not Reported;27;27;29.77778056;29.77778056;-95.21855833;-95.21855833;0;No Special Jurisdiction;8;Pedestrian;0;The First Harmful Event was Not a Collision with a Motor Vehicle in Transport;0;No;2;Intersection;3;T-Intersection;0;None;1;On Roadway;2;Dark - Not Lighted;1;Clear;0;No Additional Atmospheric Conditions;1;Clear;0;No;0;Not Applicable;99;Unknown;98;Unknown if Notified;99;Unknown EMS Scene Arrival Hour;98;Unknown if Arrived;88;Not Applicable (Not Transported);88;Not Applicable (Not Transported);0;None;0;None;0;None;1;0
48;Texas;482052;2;2;0;0;2;2;0;351;NEWTON (351);0;NOT APPLICABLE;26;26;8;August;2019;2;Monday;5;5:00am-5:59am;28;28;0;This section IS NOT on the NHS;3;State Highway;SR-62;CR-3139;1;Rural;4;Minor Arterial;98;Not Reported;10;10;30.24331111;30.24331111;-93.89560833;-93.89560833;0;No Special Jurisdiction;12;Motor Vehicle In-Transport;6;Angle;0;No;3;Intersection-Related;3;T-Intersection;0;None;1;On Roadway;2;Dark - Not Lighted;1;Clear;0;No Additional Atmospheric Conditions;1;Clear;0;No;0;Not Applicable;99;Unknown;98;Unknown if Notified;99;Unknown EMS Scene Arrival Hour;98;Unknown if Arrived;88;Not Applicable (Not Transported);88;Not Applicable (Not Transported);0;None;0;None;0;None;1;0
48;Texas;482114;2;2;0;0;3;3;0;113;DALLAS (113);2800;GRAND PRAIRIE;22;22;8;August;2019;5;Thursday;21;9:00pm-9:59pm;5;5;1;This section IS ON the NHS;8;Other;FM 1382 BELT LINE RD;KINGSTON DRIVE;2;Urban;3;Principal Arterial - Other;98;Not Reported;21;21;32.72265278;32.72265278;-96.99409444;-96.99409444;0;No Special Jurisdiction;12;Motor Vehicle In-Transport;6;Angle;0;No;2;Intersection;3;T-Intersection;0;None;1;On Roadway;3;Dark - Lighted;1;Clear;0;No Additional Atmospheric Conditions;1;Clear;0;No;0;Not Applicable;21;9:00pm-9:59pm;6;6;21;9:00pm-9:59pm;11;11;21;9:00pm-9:59pm;36;36;20;Police Pursuit Involved;0;None;0;None;1;0
48;Texas;482120;6;6;0;0;8;8;0;135;ECTOR (135);0;NOT APPLICABLE;20;20;8;August;2019;3;Tuesday;15;3:00pm-3:59pm;33;33;0;This section IS NOT on the NHS;8;Other;FM 1882;SR-191;2;Urban;4;Minor Arterial;98;Not Reported;105;105;31.87849444;31.87849444;-102.4014111;-102.40141111;0;No Special Jurisdiction;12;Motor Vehicle In-Transport;1;Front-to-Rear;0;No;3;Intersection-Related;3;T-Intersection;0;None;1;On Roadway;1;Daylight;1;Clear;0;No Additional Atmospheric Conditions;1;Clear;0;No;0;Not Applicable;15;3:00pm-3:59pm;43;43;15;3:00pm-3:59pm;47;47;16;4:00pm-4:59pm;4;4;14;Motor Vehicle struck by falling cargo,or something that came loose from or something that was set in motion by a vehicle;0;None;0;None;1;0
48;Texas;482135;2;2;0;0;3;3;0;303;LUBBOCK (303);4140;LUBBOCK;5;5;9;September;2019;5;Thursday;16;4:00pm-4:59pm;1;1;0;This section IS NOT on the NHS;8;Other;FM 2641 REGIS STREET;ELM STREET;2;Urban;4;Minor Arterial;98;Not Reported;12;12;33.64328889;33.64328889;-101.8317111;-101.83171111;0;No Special Jurisdiction;12;Motor Vehicle In-Transport;6;Angle;0;No;2;Intersection;3;T-Intersection;0;None;1;On Roadway;1;Daylight;1;Clear;0;No Additional Atmospheric Conditions;1;Clear;0;No;0;Not Applicable;16;4:00pm-4:59pm;3;3;16;4:00pm-4:59pm;8;8;17;5:00pm-5:59pm;0;0;0;None;0;None;0;None;1;0
48;Texas;482139;2;2;0;0;2;2;0;237;JACK (237);0;NOT APPLICABLE;29;29;8;August;2019;5;Thursday;14;2:00pm-2:59pm;15;15;0;This section IS NOT on the NHS;2;U.S. Highway;US-281;SR-199;1;Rural;3;Principal Arterial - Other;98;Not Reported;372;372;33.13633889;33.13633889;-98.07898611;-98.07898611;0;No Special Jurisdiction;12;Motor Vehicle In-Transport;6;Angle;0;No;2;Intersection;3;T-Intersection;0;None;1;On Roadway;1;Daylight;1;Clear;0;No Additional Atmospheric Conditions;1;Clear;0;No;0;Not Applicable;99;Unknown;98;Unknown if Notified;99;Unknown EMS Scene Arrival Hour;98;Unknown if Arrived;88;Not Applicable (Not Transported);88;Not Applicable (Not Transported);0;None;0;None;0;None;1;0
48;Texas;482140;1;1;0;1;1;1;1;201;HARRIS (201);3280;HOUSTON;9;9;9;September;2019;2;Monday;6;6:00am-6:59am;28;28;0;This section IS NOT on the NHS;6;Local Street - Municipality;MESA DRIVE;HOMEWOOD LN;2;Urban;4;Minor Arterial;98;Not Reported;0;None;29.84141389;29.84141389;-95.26224444;-95.26224444;0;No Special Jurisdiction;8;Pedestrian;0;The First Harmful Event was Not a Collision with a Motor Vehicle in Transport;0;No;3;Intersection-Related;3;T-Intersection;0;None;1;On Roadway;3;Dark - Lighted;10;Cloudy;0;No Additional Atmospheric Conditions;10;Cloudy;0;No;0;Not Applicable;6;6:00am-6:59am;30;30;6;6:00am-6:59am;42;42;6;6:00am-6:59am;54;54;0;None;0;None;0;None;1;0
48;Texas;482152;2;2;0;0;3;3;0;441;TAYLOR (441);0;NOT APPLICABLE;27;27;8;August;2019;3;Tuesday;15;3:00pm-3:59pm;39;39;0;This section IS NOT on the NHS;8;Other;FM 89;CR-338;1;Rural;5;Major Collector;98;Not Reported;167;167;32.33581389;32.33581389;-99.79659722;-99.79659722;0;No Special Jurisdiction;12;Motor Vehicle In-Transport;1;Front-to-Rear;0;No;3;Intersection-Related;3;T-Intersection;0;None;1;On Roadway;1;Daylight;1;Clear;0;No Additional Atmospheric Conditions;1;Clear;0;No;0;Not Applicable;15;3:00pm-3:59pm;42;42;15;3:00pm-3:59pm;48;48;16;4:00pm-4:59pm;15;15;0;None;0;None;0;None;1;0
48;Texas;482153;1;1;0;0;1;1;0;315;MARION (315);0;NOT APPLICABLE;17;17;8;August;2019;7;Saturday;19;7:00pm-7:59pm;1;1;0;This section IS NOT on the NHS;8;Other;FM 2683;FM 248;1;Rural;6;Minor Collector;98;Not Reported;0;None;32.87446389;32.87446389;-94.28021667;-94.28021667;0;No Special Jurisdiction;43;Other Fixed Object;0;The First Harmful Event was Not a Collision with a Motor Vehicle in Transport;0;No;3;Intersection-Related;3;T-Intersection;0;None;4;On Roadside;1;Daylight;1;Clear;0;No Additional Atmospheric Conditions;1;Clear;0;No;0;Not Applicable;99;Unknown;99;Unknown;99;Unknown EMS Scene Arrival Hour;99;Unknown EMS Scene Arrival Minutes;99;Unknown;99;Unknown EMS Hospital Arrival Time;0;None;0;None;0;None;1;0
48;Texas;482183;2;2;0;0;3;3;0;439;TARRANT (439);260;ARLINGTON;14;14;9;September;2019;7;Saturday;15;3:00pm-3:59pm;54;54;1;This section IS ON the NHS;3;State Highway;SR-180;SR-360;1;Rural;3;Principal Arterial - Other;98;Not Reported;127;127;32.74240833;32.74240833;-97.05994167;-97.05994167;0;No Special Jurisdiction;12;Motor Vehicle In-Transport;6;Angle;1;Yes;2;Intersection;3;T-Intersection;0;None;1;On Roadway;1;Daylight;1;Clear;0;No Additional Atmospheric Conditions;1;Clear;0;No;0;Not Applicable;99;Unknown;98;Unknown if Notified;99;Unknown EMS Scene Arrival Hour;98;Unknown if Arrived;88;Not Applicable (Not Transported);88;Not Applicable (Not Transported);0;None;0;None;0;None;1;0