STATE;STATENAME;ST_CASE;VE_TOTAL;VE_FORMS;PVH_INVL;PEDS;PERSONS;PERMVIT;PERNOTMVIT;COUNTY;COUNTYNAME;CITY;CITYNAME;DAY;DAYNAME;MONTH;MONTHNAME;YEAR;DAY_WEEK;DAY_WEEKNAME;HOUR;HOURNAME;MINUTE;MINUTENAME;NHS;NHSNAME;ROUTE;ROUTENAME;TWAY_ID;TWAY_ID2;RUR_URB;RUR_URBNAME;FUNC_SYS;FUNC_SYSNAME;RD_OWNER;RD_OWNERNAME;MILEPT;MILEPTNAME;LATITUDE;LATITUDENAME;LONGITUD;LONGITUDNAME;SP_JUR;SP_JURNAME;HARM_EV;HARM_EVNAME;MAN_COLL;MAN_COLLNAME;RELJCT1;RELJCT1NAME;RELJCT2;RELJCT2NAME;TYP_INT;TYP_INTNAME;WRK_ZONE;WRK_ZONENAME;REL_ROAD;REL_ROADNAME;LGT_COND;LGT_CONDNAME;WEATHER1;WEATHER1NAME;WEATHER2;WEATHER2NAME;WEATHER;WEATHERNAME;SCH_BUS;SCH_BUSNAME;RAIL;RAILNAME;NOT_HOUR;NOT_HOURNAME;NOT_MIN;NOT_MINNAME;ARR_HOUR;ARR_HOURNAME;ARR_MIN;ARR_MINNAME;HOSP_HR;HOSP_HRNAME;HOSP_MN;HOSP_MNNAME;CF1;CF1NAME;CF2;CF2NAME;CF3;CF3NAME;FATALS;DRUNK_DR
48;Texas;482185;1;1;0;1;1;1;1;37;BOWIE (37);4410;MAUD;6;6;8;August;2019;3;Tuesday;3;3:00am-3:59am;2;2;0;This section IS NOT on the NHS;2;U.S. Highway;US-67/BROADWAY AVE;SR-8/HOUSTON DR;2;Urban;3;Principal Arterial - Other;98;Not Reported;0;None;33.33307222;33.33307222;-94.34525833;-94.34525833;0;No Special Jurisdiction;8;Pedestrian;0;The First Harmful Event was Not a Collision with a Motor Vehicle in Transport;0;No;3;Intersection-Related;3;T-Intersection;0;None;1;On Roadway;2;Dark - Not Lighted;1;Clear;0;No Additional Atmospheric Conditions;1;Clear;0;No;0;Not Applicable;99;Unknown;98;Unknown if Notified;99;Unknown EMS Scene Arrival Hour;98;Unknown if Arrived;88;Not Applicable (Not Transported);88;Not Applicable (Not Transported);0;None;0;None;0;None;1;0
48;Texas;482209;2;2;0;0;2;2;0;201;HARRIS (201);3280;HOUSTON;7;7;9;September;2019;7;Saturday;11;11:00am-11:59am;40;40;0;This section IS NOT on the NHS;8;Other;FM 1876 SYNOTT ROAD;SHARPBILL DRIVE;2;Urban;4;Minor Arterial;98;Not Reported;4;4;29.69813611;29.69813611;-95.61468333;-95.61468333;0;No Special Jurisdiction;12;Motor Vehicle In-Transport;6;Angle;0;No;2;Intersection;3;T-Intersection;0;None;1;On Roadway;1;Daylight;1;Clear;0;No Additional Atmospheric Conditions;1;Clear;0;No;0;Not Applicable;99;Unknown;99;Unknown;99;Unknown EMS Scene Arrival Hour;99;Unknown EMS Scene Arrival Minutes;99;Unknown;99;Unknown EMS Hospital Arrival Time;0;None;0;None;0;None;1;0
48;Texas;482210;2;2;0;0;2;2;0;453;TRAVIS (453);330;AUSTIN;13;13;9;September;2019;6;Friday;8;8:00am-8:59am;42;42;0;This section IS NOT on the NHS;7;Local Street - Frontage Road;US-290;PARMER LN;2;Urban;5;Major Collector;98;Not Reported;82;82;30.34417778;30.34417778;-97.58030833;-97.58030833;0;No Special Jurisdiction;12;Motor Vehicle In-Transport;2;Front-to-Front;1;Yes;2;Intersection;3;T-Intersection;0;None;1;On Roadway;1;Daylight;1;Clear;0;No Additional Atmospheric Conditions;1;Clear;0;No;0;Not Applicable;8;8:00am-8:59am;43;43;8;8:00am-8:59am;49;49;9;9:00am-9:59am;20;20;0;None;0;None;0;None;1;0
48;Texas;482220;2;2;0;0;2;2;0;63;CAMP (63);5370;PITTSBURG;16;16;9;September;2019;2;Monday;14;2:00pm-2:59pm;10;10;1;This section IS ON the NHS;2;U.S. Highway;US-271;SR-179;1;Rural;3;Principal Arterial - Other;98;Not Reported;18;18;33.01275;33.01275;-94.96554444;-94.96554444;0;No Special Jurisdiction;12;Motor Vehicle In-Transport;6;Angle;0;No;2;Intersection;3;T-Intersection;0;None;1;On Roadway;1;Daylight;1;Clear;0;No Additional Atmospheric Conditions;1;Clear;0;No;0;Not Applicable;99;Unknown;98;Unknown if Notified;99;Unknown EMS Scene Arrival Hour;98;Unknown if Arrived;88;Not Applicable (Not Transported);88;Not Applicable (Not Transported);0;None;0;None;0;None;1;0
48;Texas;482228;2;2;0;0;2;2;0;331;MILAM (331);0;NOT APPLICABLE;5;5;9;September;2019;5;Thursday;17;5:00pm-5:59pm;41;41;0;This section IS NOT on the NHS;2;U.S. Highway;US-77;CR-CEDAR GROVE ROAD;1;Rural;4;Minor Arterial;98;Not Reported;58;58;30.75414722;30.75414722;-96.98591111;-96.98591111;0;No Special Jurisdiction;12;Motor Vehicle In-Transport;6;Angle;0;No;2;Intersection;3;T-Intersection;0;None;1;On Roadway;1;Daylight;1;Clear;0;No Additional Atmospheric Conditions;1;Clear;0;No;0;Not Applicable;99;Unknown;98;Unknown if Notified;99;Unknown EMS Scene Arrival Hour;98;Unknown if Arrived;88;Not Applicable (Not Transported);88;Not Applicable (Not Transported);0;None;0;None;0;None;1;0
48;Texas;482229;2;2;0;0;3;3;0;145;FALLS (145);0;NOT APPLICABLE;13;13;9;September;2019;6;Friday;15;3:00pm-3:59pm;1;1;0;This section IS NOT on the NHS;3;State Highway;SR-7;SR-320;1;Rural;4;Minor Arterial;98;Not Reported;64;64;31.28495556;31.28495556;-96.97478056;-96.97478056;0;No Special Jurisdiction;12;Motor Vehicle In-Transport;6;Angle;0;No;2;Intersection;3;T-Intersection;0;None;1;On Roadway;1;Daylight;1;Clear;0;No Additional Atmospheric Conditions;1;Clear;0;No;0;Not Applicable;99;Unknown;98;Unknown if Notified;99;Unknown EMS Scene Arrival Hour;98;Unknown if Arrived;88;Not Applicable (Not Transported);88;Not Applicable (Not Transported);0;None;0;None;0;None;1;0
48;Texas;482243;1;1;0;0;1;1;0;309;MCLENNAN (309);7210;WACO;22;22;9;September;2019;1;Sunday;2;2:00am-2:59am;15;15;0;This section IS NOT on the NHS;6;Local Street - Municipality;WEBSTER AVE;20TH ST;2;Urban;7;Local;98;Not Reported;0;None;31.54138056;31.54138056;-97.14178611;-97.14178611;0;No Special Jurisdiction;38;Fence;0;The First Harmful Event was Not a Collision with a Motor Vehicle in Transport;0;No;3;Intersection-Related;3;T-Intersection;0;None;4;On Roadside;2;Dark - Not Lighted;1;Clear;0;No Additional Atmospheric Conditions;1;Clear;0;No;0;Not Applicable;99;Unknown;99;Unknown;99;Unknown EMS Scene Arrival Hour;99;Unknown EMS Scene Arrival Minutes;99;Unknown;99;Unknown EMS Hospital Arrival Time;0;None;0;None;0;None;1;1
48;Texas;482257;2;2;0;0;7;7;0;329;MIDLAND (329);0;NOT APPLICABLE;19;19;8;August;2019;2;Monday;6;6:00am-6:59am;35;35;1;This section IS ON the NHS;3;State Highway;SR-158;FM 1379;2;Urban;3;Principal Arterial - Other;98;Not Reported;179;179;31.923175;31.923175;-101.826075;-101.826075;0;No Special Jurisdiction;12;Motor Vehicle In-Transport;6;Angle;0;No;2;Intersection;3;T-Intersection;0;None;1;On Roadway;4;Dawn;1;Clear;0;No Additional Atmospheric Conditions;1;Clear;0;No;0;Not Applicable;99;Unknown;99;Unknown;99;Unknown EMS Scene Arrival Hour;99;Unknown EMS Scene Arrival Minutes;99;Unknown;99;Unknown EMS Hospital Arrival Time;0;None;0;None;0;None;1;0
48;Texas;482258;1;1;0;1;4;4;1;29;BEXAR (29);6090;SAN ANTONIO;21;21;9;September;2019;7;Saturday;20;8:00pm-8:59pm;48;48;0;This section IS NOT on the NHS;6;Local Street - Municipality;PECAN VALLEY DRIVE;HICKS AVENUE;2;Urban;4;Minor Arterial;98;Not Reported;0;None;29.39199444;29.39199444;-98.43312222;-98.43312222;0;No Special Jurisdiction;8;Pedestrian;0;The First Harmful Event was Not a Collision with a Motor Vehicle in Transport;0;No;3;Intersection-Related;3;T-Intersection;0;None;1;On Roadway;3;Dark - Lighted;1;Clear;0;No Additional Atmospheric Conditions;1;Clear;0;No;0;Not Applicable;20;8:00pm-8:59pm;48;48;20;8:00pm-8:59pm;56;56;21;9:00pm-9:59pm;21;21;0;None;0;None;0;None;1;0
48;Texas;482339;2;2;0;0;2;2;0;23;BAYLOR (23);0;NOT APPLICABLE;26;26;9;September;2019;5;Thursday;21;9:00pm-9:59pm;36;36;1;This section IS ON the NHS;3;State Highway;SR-114;FM 1790;1;Rural;3;Principal Arterial - Other;98;Not Reported;55;55;33.51335556;33.51335556;-99.12543611;-99.12543611;0;No Special Jurisdiction;12;Motor Vehicle In-Transport;6;Angle;0;No;2;Intersection;3;T-Intersection;0;None;1;On Roadway;2;Dark - Not Lighted;1;Clear;0;No Additional Atmospheric Conditions;1;Clear;0;No;0;Not Applicable;21;9:00pm-9:59pm;37;37;21;9:00pm-9:59pm;57;57;22;10:00pm-10:59pm;25;25;0;None;0;None;0;None;1;1
48;Texas;482344;2;2;0;0;2;2;0;21;BASTROP (21);0;NOT APPLICABLE;28;28;9;September;2019;7;Saturday;23;11:00pm-11:59pm;34;34;0;This section IS NOT on the NHS;8;Other;FM 1704;CR-BEAVER RD;1;Rural;5;Major Collector;98;Not Reported;28;28;30.30551944;30.30551944;-97.38653333;-97.38653333;0;No Special Jurisdiction;12;Motor Vehicle In-Transport;2;Front-to-Front;0;No;3;Intersection-Related;3;T-Intersection;0;None;1;On Roadway;2;Dark - Not Lighted;1;Clear;0;No Additional Atmospheric Conditions;1;Clear;0;No;0;Not Applicable;99;Unknown;98;Unknown if Notified;99;Unknown EMS Scene Arrival Hour;98;Unknown if Arrived;88;Not Applicable (Not Transported);88;Not Applicable (Not Transported);0;None;0;None;0;None;1;1
48;Texas;482349;2;2;0;0;4;4;0;113;DALLAS (113);1190;CARROLLTON;27;27;9;September;2019;6;Friday;23;11:00pm-11:59pm;31;31;0;This section IS NOT on the NHS;6;Local Street - Municipality;SANDY LAKE ROAD;TL 161 PGBT HWY;2;Urban;4;Minor Arterial;98;Not Reported;0;None;32.96837778;32.96837778;-96.93216667;-96.93216667;0;No Special Jurisdiction;12;Motor Vehicle In-Transport;6;Angle;1;Yes;2;Intersection;3;T-Intersection;0;None;1;On Roadway;3;Dark - Lighted;1;Clear;0;No Additional Atmospheric Conditions;1;Clear;0;No;0;Not Applicable;23;11:00pm-11:59pm;41;41;23;11:00pm-11:59pm;46;46;0;0:00am-0:59am;7;7;0;None;0;None;0;None;1;0
48;Texas;482351;2;2;0;0;2;2;0;343;MORRIS (343);0;NOT APPLICABLE;30;30;9;September;2019;2;Monday;12;12:00pm-12:59pm;6;6;0;This section IS NOT on the NHS;2;U.S. Highway;US-259;284;1;Rural;3;Principal Arterial - Other;98;Not Reported;95;95;33.17195;33.17195;-94.73011111;-94.73011111;0;No Special Jurisdiction;12;Motor Vehicle In-Transport;6;Angle;0;No;2;Intersection;3;T-Intersection;0;None;1;On Roadway;1;Daylight;1;Clear;0;No Additional Atmospheric Conditions;1;Clear;0;No;0;Not Applicable;99;Unknown;99;Unknown;99;Unknown EMS Scene Arrival Hour;99;Unknown EMS Scene Arrival Minutes;99;Unknown;99;Unknown EMS Hospital Arrival Time;0;None;0;None;0;None;1;0
48;Texas;482373;2;2;0;0;5;5;0;141;EL PASO (141);2190;EL PASO;22;22;9;September;2019;1;Sunday;16;4:00pm-4:59pm;59;59;1;This section IS ON the NHS;3;State Highway;SR-20/MESA ST;COLONY COVE CT;2;Urban;3;Principal Arterial - Other;98;Not Reported;128;128;31.83652222;31.83652222;-106.554875;-106.554875;0;No Special Jurisdiction;12;Motor Vehicle In-Transport;6;Angle;0;No;2;Intersection;3;T-Intersection;0;None;1;On Roadway;1;Daylight;1;Clear;0;No Additional Atmospheric Conditions;1;Clear;0;No;0;Not Applicable;99;Unknown;99;Unknown;99;Unknown EMS Scene Arrival Hour;99;Unknown EMS Scene Arrival Minutes;99;Unknown;99;Unknown EMS Hospital Arrival Time;0;None;0;None;0;None;2;0
48;Texas;482379;1;1;0;0;1;1;0;183;GREGG (183);0;NOT APPLICABLE;5;5;10;October;2019;7;Saturday;1;1:00am-1:59am;0;0;0;This section IS NOT on the NHS;8;Other;FM 3053;CR-OLD HIGHWAY 135;1;Rural;5;Major Collector;98;Not Reported;53;53;32.43127778;32.43127778;-94.94165833;-94.94165833;0;No Special Jurisdiction;42;Tree (Standing Only);0;The First Harmful Event was Not a Collision with a Motor Vehicle in Transport;0;No;3;Intersection-Related;3;T-Intersection;0;None;4;On Roadside;2;Dark - Not Lighted;1;Clear;0;No Additional Atmospheric Conditions;1;Clear;0;No;0;Not Applicable;99;Unknown;98;Unknown if Notified;99;Unknown EMS Scene Arrival Hour;98;Unknown if Arrived;88;Not Applicable (Not Transported);88;Not Applicable (Not Transported);0;None;0;None;0;None;1;1
48;Texas;482381;1;1;0;1;2;2;1;113;DALLAS (113);2590;GARLAND;29;29;9;September;2019;1;Sunday;19;7:00pm-7:59pm;57;57;0;This section IS NOT on the NHS;6;Local Street - Municipality;BUCKINGHAM RD;BUCKINGHAM PL;2;Urban;6;Minor Collector;98;Not Reported;0;None;32.93115278;32.93115278;-96.68615556;-96.68615556;0;No Special Jurisdiction;8;Pedestrian;0;The First Harmful Event was Not a Collision with a Motor Vehicle in Transport;0;No;3;Intersection-Related;3;T-Intersection;0;None;1;On Roadway;3;Dark - Lighted;1;Clear;0;No Additional Atmospheric Conditions;1;Clear;0;No;0;Not Applicable;99;Unknown;99;Unknown;99;Unknown EMS Scene Arrival Hour;99;Unknown EMS Scene Arrival Minutes;99;Unknown;99;Unknown EMS Hospital Arrival Time;0;None;0;None;0;None;1;0
48;Texas;482389;2;2;0;0;2;2;0;121;DENTON (121);9997;Other;27;27;9;September;2019;6;Friday;10;10:00am-10:59am;37;37;0;This section IS NOT on the NHS;2;U.S. Highway;US-377;STEWART ROAD;1;Rural;4;Minor Arterial;98;Not Reported;112;112;33.26153611;33.26153611;-96.98729722;-96.98729722;0;No Special Jurisdiction;12;Motor Vehicle In-Transport;1;Front-to-Rear;0;No;3;Intersection-Related;3;T-Intersection;0;None;1;On Roadway;1;Daylight;1;Clear;0;No Additional Atmospheric Conditions;1;Clear;0;No;0;Not Applicable;99;Unknown;98;Unknown if Notified;99;Unknown EMS Scene Arrival Hour;98;Unknown if Arrived;88;Not Applicable (Not Transported);88;Not Applicable (Not Transported);0;None;0;None;0;None;1;0
48;Texas;482415;3;3;0;0;3;3;0;259;KENDALL (259);0;NOT APPLICABLE;14;14;9;September;2019;7;Saturday;10;10:00am-10:59am;42;42;0;This section IS NOT on the NHS;8;Other;FM 473;FM 474;1;Rural;4;Minor Arterial;98;Not Reported;192;192;29.978375;29.978375;-98.63528611;-98.63528611;0;No Special Jurisdiction;12;Motor Vehicle In-Transport;1;Front-to-Rear;0;No;3;Intersection-Related;3;T-Intersection;0;None;1;On Roadway;1;Daylight;1;Clear;0;No Additional Atmospheric Conditions;1;Clear;0;No;0;Not Applicable;99;Unknown;99;Unknown;99;Unknown EMS Scene Arrival Hour;99;Unknown EMS Scene Arrival Minutes;99;Unknown;99;Unknown EMS Hospital Arrival Time;0;None;0;None;0;None;1;0
48;Texas;482426;2;2;0;0;2;2;0;199;HARDIN (199);0;NOT APPLICABLE;9;9;10;October;2019;4;Wednesday;17;5:00pm-5:59pm;8;8;1;This section IS ON the NHS;2;U.S. Highway;US-96;CR-ANDOVER DR;1;Rural;3;Principal Arterial - Other;98;Not Reported;91;91;30.29813056;30.29813056;-94.18496944;-94.18496944;0;No Special Jurisdiction;12;Motor Vehicle In-Transport;6;Angle;0;No;2;Intersection;3;T-Intersection;0;None;1;On Roadway;1;Daylight;1;Clear;0;No Additional Atmospheric Conditions;1;Clear;0;No;0;Not Applicable;99;Unknown;99;Unknown;99;Unknown EMS Scene Arrival Hour;99;Unknown EMS Scene Arrival Minutes;99;Unknown;99;Unknown EMS Hospital Arrival Time;0;None;0;None;0;None;1;0
48;Texas;482436;2;2;0;0;5;5;0;29;BEXAR (29);6090;SAN ANTONIO;12;12;10;October;2019;7;Saturday;19;7:00pm-7:59pm;50;50;0;This section IS NOT on the NHS;7;Local Street - Frontage Road;I-10 SERVICE RD;SR-1604 LP SERVICE RD;2;Urban;5;Major Collector;98;Not Reported;44;44;29.59053056;29.59053056;-98.59654444;-98.59654444;0;No Special Jurisdiction;12;Motor Vehicle In-Transport;6;Angle;1;Yes;2;Intersection;3;T-Intersection;0;None;1;On Roadway;3;Dark - Lighted;1;Clear;0;No Additional Atmospheric Conditions;1;Clear;0;No;0;Not Applicable;99;Unknown;99;Unknown;99;Unknown EMS Scene Arrival Hour;99;Unknown EMS Scene Arrival Minutes;99;Unknown;99;Unknown EMS Hospital Arrival Time;0;None;0;None;0;None;1;0
48;Texas;482444;2;2;0;0;3;3;0;329;MIDLAND (329);0;NOT APPLICABLE;25;25;9;September;2019;4;Wednesday;13;1:00pm-1:59pm;34;34;0;This section IS NOT on the NHS;4;County Road;CR-1270;CR-139;1;Rural;7;Local;98;Not Reported;0;None;31.89970833;31.89970833;-102.19385;-102.19385;0;No Special Jurisdiction;12;Motor Vehicle In-Transport;6;Angle;0;No;2;Intersection;3;T-Intersection;0;None;1;On Roadway;1;Daylight;1;Clear;0;No Additional Atmospheric Conditions;1;Clear;0;No;0;Not Applicable;13;1:00pm-1:59pm;36;36;13;1:00pm-1:59pm;48;48;14;2:00pm-2:59pm;7;7;0;None;0;None;0;None;1;0
48;Texas;482448;2;2;0;0;3;3;0;113;DALLAS (113);1730;DALLAS;24;24;9;September;2019;3;Tuesday;20;8:00pm-8:59pm;58;58;0;This section IS NOT on the NHS;6;Local Street - Municipality;EDD ROAD;TEMPER LANE;2;Urban;6;Minor Collector;98;Not Reported;0;None;32.68270556;32.68270556;-96.60445278;-96.60445278;0;No Special Jurisdiction;12;Motor Vehicle In-Transport;6;Angle;0;No;2;Intersection;3;T-Intersection;0;None;1;On Roadway;3;Dark - Lighted;1;Clear;0;No Additional Atmospheric Conditions;1;Clear;0;No;0;Not Applicable;21;9:00pm-9:59pm;0;0;21;9:00pm-9:59pm;7;7;21;9:00pm-9:59pm;34;34;0;None;0;None;0;None;1;1
48;Texas;482450;2;2;0;0;2;2;0;27;BELL (27);6810;TEMPLE;4;4;10;October;2019;6;Friday;17;5:00pm-5:59pm;21;21;0;This section IS NOT on the NHS;8;Other;FM-2305/ADAMS AVE;CEDAR;2;Urban;3;Principal Arterial - Other;98;Not Reported;4;4;31.119425;31.119425;-97.43667778;-97.43667778;0;No Special Jurisdiction;12;Motor Vehicle In-Transport;6;Angle;0;No;2;Intersection;3;T-Intersection;0;None;1;On Roadway;1;Daylight;1;Clear;0;No Additional Atmospheric Conditions;1;Clear;0;No;0;Not Applicable;99;Unknown;99;Unknown;99;Unknown EMS Scene Arrival Hour;99;Unknown EMS Scene Arrival Minutes;99;Unknown;99;Unknown EMS Hospital Arrival Time;0;None;0;None;0;None;1;0
48;Texas;482455;1;1;0;1;1;1;1;201;HARRIS (201);3280;HOUSTON;9;9;10;October;2019;4;Wednesday;6;6:00am-6:59am;45;45;0;This section IS NOT on the NHS;6;Local Street - Municipality;BELLAIRE BLVD;REDDING RD;2;Urban;3;Principal Arterial - Other;98;Not Reported;0;None;29.70510278;29.70510278;-95.53621389;-95.53621389;0;No Special Jurisdiction;8;Pedestrian;0;The First Harmful Event was Not a Collision with a Motor Vehicle in Transport;0;No;3;Intersection-Related;3;T-Intersection;0;None;1;On Roadway;3;Dark - Lighted;10;Cloudy;0;No Additional Atmospheric Conditions;10;Cloudy;0;No;0;Not Applicable;99;Unknown;99;Unknown;99;Unknown EMS Scene Arrival Hour;99;Unknown EMS Scene Arrival Minutes;99;Unknown;99;Unknown EMS Hospital Arrival Time;0;None;0;None;0;None;1;0
48;Texas;482479;2;2;0;0;2;2;0;503;YOUNG (503);2770;GRAHAM;17;17;8;August;2019;7;Saturday;12;12:00pm-12:59pm;34;34;0;This section IS NOT on the NHS;3;State Highway;SR-16;PACKING HOUSE RD;2;Urban;3;Principal Arterial - Other;98;Not Reported;17;17;33.09560833;33.09560833;-98.58969722;-98.58969722;0;No Special Jurisdiction;12;Motor Vehicle In-Transport;6;Angle;0;No;2;Intersection;3;T-Intersection;0;None;1;On Roadway;1;Daylight;1;Clear;0;No Additional Atmospheric Conditions;1;Clear;0;No;0;Not Applicable;12;12:00pm-12:59pm;34;34;12;12:00pm-12:59pm;38;38;12;12:00pm-12:59pm;59;59;0;None;0;None;0;None;1;0
48;Texas;482489;2;2;0;0;3;3;0;139;ELLIS (139);0;NOT APPLICABLE;30;30;8;August;2019;6;Friday;11;11:00am-11:59am;24;24;0;This section IS NOT on the NHS;8;Other;FM 664;CR-HIGHLAND RD;2;Urban;5;Major Collector;98;Not Reported;77;77;32.50286944;32.50286944;-96.89092222;-96.89092222;0;No Special Jurisdiction;12;Motor Vehicle In-Transport;6;Angle;0;No;2;Intersection;3;T-Intersection;0;None;1;On Roadway;1;Daylight;1;Clear;0;No Additional Atmospheric Conditions;1;Clear;0;No;0;Not Applicable;11;11:00am-11:59am;23;23;11;11:00am-11:59am;28;28;11;11:00am-11:59am;49;49;0;None;0;None;0;None;1;0
48;Texas;482493;2;2;0;0;2;2;0;339;MONTGOMERY (339);6536;SPLENDORA;1;1;4;April;2019;2;Monday;10;10:00am-10:59am;43;43;0;This section IS NOT on the NHS;7;Local Street - Frontage Road;I-69/US-59 SR;EAST RIVER DR;2;Urban;5;Major Collector;98;Not Reported;99998;Not Reported;30.25037778;30.25037778;-95.151;-95.151;0;No Special Jurisdiction;12;Motor Vehicle In-Transport;6;Angle;1;Yes;2;Intersection;3;T-Intersection;0;None;1;On Roadway;1;Daylight;1;Clear;0;No Additional Atmospheric Conditions;1;Clear;0;No;0;Not Applicable;99;Unknown;98;Unknown if Notified;99;Unknown EMS Scene Arrival Hour;98;Unknown if Arrived;88;Not Applicable (Not Transported);88;Not Applicable (Not Transported);0;None;0;None;0;None;1;0
48;Texas;482510;1;1;0;1;1;1;1;157;FORT BEND (157);0;NOT APPLICABLE;4;4;10;October;2019;6;Friday;21;9:00pm-9:59pm;9;9;0;This section IS NOT on the NHS;4;County Road;CR-TRAMMEL FRESNO ROAD;CR-OHIO STREET;2;Urban;5;Major Collector;98;Not Reported;0;None;29.53564722;29.53564722;-95.47522778;-95.47522778;0;No Special Jurisdiction;8;Pedestrian;0;The First Harmful Event was Not a Collision with a Motor Vehicle in Transport;0;No;3;Intersection-Related;3;T-Intersection;1;Construction;1;On Roadway;2;Dark - Not Lighted;1;Clear;0;No Additional Atmospheric Conditions;1;Clear;0;No;0;Not Applicable;99;Unknown;98;Unknown if Notified;99;Unknown EMS Scene Arrival Hour;98;Unknown if Arrived;88;Not Applicable (Not Transported);88;Not Applicable (Not Transported);0;None;0;None;0;None;1;0
48;Texas;482523;1;1;0;0;1;1;0;181;GRAYSON (181);1830;DENISON;17;17;10;October;2019;5;Thursday;6;6:00am-6:59am;50;50;0;This section IS NOT on the NHS;6;Local Street - Municipality;5TH AVENUE;SHEPHERD ST;2;Urban;7;Local;98;Not Reported;0;None;33.74915278;33.74915278;-96.52896389;-96.52896389;0;No Special Jurisdiction;42;Tree (Standing Only);0;The First Harmful Event was Not a Collision with a Motor Vehicle in Transport;0;No;3;Intersection-Related;3;T-Intersection;0;None;4;On Roadside;2;Dark - Not Lighted;1;Clear;0;No Additional Atmospheric Conditions;1;Clear;0;No;0;Not Applicable;99;Unknown;98;Unknown if Notified;99;Unknown EMS Scene Arrival Hour;98;Unknown if Arrived;88;Not Applicable (Not Transported);88;Not Applicable (Not Transported);0;None;0;None;0;None;1;0
48;Texas;482530;2;2;0;0;3;3;0;367;PARKER (367);0;NOT APPLICABLE;9;9;9;September;2019;2;Monday;12;12:00pm-12:59pm;30;30;0;This section IS NOT on the NHS;4;County Road;CR-TINTOP RD;CR-SOUTHRIDGE DR;1;Rural;6;Minor Collector;98;Not Reported;0;None;32.64918056;32.64918056;-97.79812222;-97.79812222;0;No Special Jurisdiction;12;Motor Vehicle In-Transport;1;Front-to-Rear;0;No;3;Intersection-Related;3;T-Intersection;0;None;1;On Roadway;1;Daylight;1;Clear;0;No Additional Atmospheric Conditions;1;Clear;0;No;0;Not Applicable;99;Unknown;99;Unknown;99;Unknown EMS Scene Arrival Hour;99;Unknown EMS Scene Arrival Minutes;99;Unknown;99;Unknown EMS Hospital Arrival Time;0;None;0;None;0;None;1;0
48;Texas;482533;2;2;0;0;4;4;0;201;HARRIS (201);3280;HOUSTON;11;11;8;August;2019;1;Sunday;1;1:00am-1:59am;1;1;0;This section IS NOT on the NHS;7;Local Street - Frontage Road;I-69/US-59 SR;BELLERIVE DR;2;Urban;5;Major Collector;98;Not Reported;99998;Not Reported;29.71046944;29.71046944;-95.50673889;-95.50673889;0;No Special Jurisdiction;12;Motor Vehicle In-Transport;6;Angle;1;Yes;3;Intersection-Related;3;T-Intersection;0;None;1;On Roadway;3;Dark - Lighted;1;Clear;0;No Additional Atmospheric Conditions;1;Clear;0;No;0;Not Applicable;99;Unknown;99;Unknown;99;Unknown EMS Scene Arrival Hour;99;Unknown EMS Scene Arrival Minutes;99;Unknown;99;Unknown EMS Hospital Arrival Time;0;None;0;None;0;None;3;0
48;Texas;482547;2;2;0;0;2;2;0;115;DAWSON (115);0;NOT APPLICABLE;19;19;10;October;2019;7;Saturday;9;9:00am-9:59am;1;1;1;This section IS ON the NHS;2;U.S. Highway;US-87;SR-349;1;Rural;3;Principal Arterial - Other;98;Not Reported;197;197;32.70726667;32.70726667;-101.9269417;-101.92694167;0;No Special Jurisdiction;12;Motor Vehicle In-Transport;2;Front-to-Front;0;No;2;Intersection;3;T-Intersection;0;None;1;On Roadway;1;Daylight;1;Clear;0;No Additional Atmospheric Conditions;1;Clear;0;No;0;Not Applicable;9;9:00am-9:59am;4;4;9;9:00am-9:59am;10;10;9;9:00am-9:59am;36;36;0;None;0;None;0;None;1;0
48;Texas;482556;2;2;0;0;2;2;0;113;DALLAS (113);1730;DALLAS;11;11;10;October;2019;6;Friday;16;4:00pm-4:59pm;57;57;1;This section IS ON the NHS;3;State Highway;SR-310/SM WRIGHT FWY;ILLINOIS AVE;2;Urban;3;Principal Arterial - Other;98;Not Reported;116;116;32.71247778;32.71247778;-96.75323056;-96.75323056;0;No Special Jurisdiction;12;Motor Vehicle In-Transport;6;Angle;0;No;2;Intersection;3;T-Intersection;0;None;1;On Roadway;1;Daylight;1;Clear;0;No Additional Atmospheric Conditions;1;Clear;0;No;0;Not Applicable;99;Unknown;99;Unknown;99;Unknown EMS Scene Arrival Hour;99;Unknown EMS Scene Arrival Minutes;99;Unknown;99;Unknown EMS Hospital Arrival Time;0;None;0;None;0;None;1;1
48;Texas;482578;2;2;0;0;2;2;0;201;HARRIS (201);0;NOT APPLICABLE;18;18;10;October;2019;6;Friday;19;7:00pm-7:59pm;32;32;0;This section IS NOT on the NHS;4;County Road;CR-DECKER DRIVE;CR-OAKLAND STREET;2;Urban;5;Major Collector;98;Not Reported;0;None;29.78954167;29.78954167;-95.0498;-95.0498;0;No Special Jurisdiction;12;Motor Vehicle In-Transport;6;Angle;0;No;2;Intersection;3;T-Intersection;0;None;1;On Roadway;1;Daylight;1;Clear;0;No Additional Atmospheric Conditions;1;Clear;0;No;0;Not Applicable;19;7:00pm-7:59pm;38;38;19;7:00pm-7:59pm;53;53;20;8:00pm-8:59pm;19;19;0;None;0;None;0;None;1;0