STATE;STATENAME;ST_CASE;VE_TOTAL;VE_FORMS;PVH_INVL;PEDS;PERSONS;PERMVIT;PERNOTMVIT;COUNTY;COUNTYNAME;CITY;CITYNAME;DAY;DAYNAME;MONTH;MONTHNAME;YEAR;DAY_WEEK;DAY_WEEKNAME;HOUR;HOURNAME;MINUTE;MINUTENAME;NHS;NHSNAME;ROUTE;ROUTENAME;TWAY_ID;TWAY_ID2;RUR_URB;RUR_URBNAME;FUNC_SYS;FUNC_SYSNAME;RD_OWNER;RD_OWNERNAME;MILEPT;MILEPTNAME;LATITUDE;LATITUDENAME;LONGITUD;LONGITUDNAME;SP_JUR;SP_JURNAME;HARM_EV;HARM_EVNAME;MAN_COLL;MAN_COLLNAME;RELJCT1;RELJCT1NAME;RELJCT2;RELJCT2NAME;TYP_INT;TYP_INTNAME;WRK_ZONE;WRK_ZONENAME;REL_ROAD;REL_ROADNAME;LGT_COND;LGT_CONDNAME;WEATHER1;WEATHER1NAME;WEATHER2;WEATHER2NAME;WEATHER;WEATHERNAME;SCH_BUS;SCH_BUSNAME;RAIL;RAILNAME;NOT_HOUR;NOT_HOURNAME;NOT_MIN;NOT_MINNAME;ARR_HOUR;ARR_HOURNAME;ARR_MIN;ARR_MINNAME;HOSP_HR;HOSP_HRNAME;HOSP_MN;HOSP_MNNAME;CF1;CF1NAME;CF2;CF2NAME;CF3;CF3NAME;FATALS;DRUNK_DR
48;Texas;482586;2;2;0;0;3;3;0;457;TYLER (457);0;NOT APPLICABLE;17;17;10;October;2019;5;Thursday;16;4:00pm-4:59pm;35;35;0;This section IS NOT on the NHS;2;U.S. Highway;US-190;FM 1746;1;Rural;3;Principal Arterial - Other;98;Not Reported;5;5;30.77636944;30.77636944;-94.40712778;-94.40712778;0;No Special Jurisdiction;12;Motor Vehicle In-Transport;6;Angle;0;No;2;Intersection;3;T-Intersection;0;None;1;On Roadway;1;Daylight;1;Clear;0;No Additional Atmospheric Conditions;1;Clear;0;No;0;Not Applicable;99;Unknown;99;Unknown;99;Unknown EMS Scene Arrival Hour;99;Unknown EMS Scene Arrival Minutes;99;Unknown;99;Unknown EMS Hospital Arrival Time;0;None;0;None;0;None;1;0
48;Texas;482596;1;1;0;0;1;1;0;497;WISE (497);0;NOT APPLICABLE;9;9;10;October;2019;4;Wednesday;17;5:00pm-5:59pm;20;20;0;This section IS NOT on the NHS;4;County Road;CR-3332/CR-KAKER LN;CR-3241/CR-HOLT RD;1;Rural;7;Local;98;Not Reported;0;None;33.17978056;33.17978056;-97.706175;-97.706175;0;No Special Jurisdiction;30;Utility Pole/Light Support;0;The First Harmful Event was Not a Collision with a Motor Vehicle in Transport;0;No;3;Intersection-Related;3;T-Intersection;0;None;4;On Roadside;1;Daylight;1;Clear;0;No Additional Atmospheric Conditions;1;Clear;0;No;0;Not Applicable;99;Unknown;98;Unknown if Notified;99;Unknown EMS Scene Arrival Hour;98;Unknown if Arrived;88;Not Applicable (Not Transported);88;Not Applicable (Not Transported);0;None;0;None;0;None;1;0
48;Texas;482642;1;1;0;1;2;2;1;201;HARRIS (201);3280;HOUSTON;8;8;10;October;2019;3;Tuesday;21;9:00pm-9:59pm;8;8;0;This section IS NOT on the NHS;6;Local Street - Municipality;WAYSIDE DRIVE;RITZ ST;2;Urban;4;Minor Arterial;98;Not Reported;0;None;29.82635;29.82635;-95.28453333;-95.28453333;0;No Special Jurisdiction;9;Pedalcyclist;0;The First Harmful Event was Not a Collision with a Motor Vehicle in Transport;0;No;3;Intersection-Related;3;T-Intersection;0;None;1;On Roadway;3;Dark - Lighted;1;Clear;0;No Additional Atmospheric Conditions;1;Clear;0;No;0;Not Applicable;99;Unknown;98;Unknown if Notified;99;Unknown EMS Scene Arrival Hour;98;Unknown if Arrived;88;Not Applicable (Not Transported);88;Not Applicable (Not Transported);0;None;0;None;0;None;1;0
48;Texas;482644;2;2;0;0;3;3;0;127;DIMMIT (127);0;NOT APPLICABLE;21;21;10;October;2019;2;Monday;18;6:00pm-6:59pm;21;21;1;This section IS ON the NHS;2;U.S. Highway;US-83;CR-MARTINEZ RD;1;Rural;3;Principal Arterial - Other;98;Not Reported;153;153;28.45739444;28.45739444;-99.78619167;-99.78619167;0;No Special Jurisdiction;12;Motor Vehicle In-Transport;1;Front-to-Rear;0;No;3;Intersection-Related;3;T-Intersection;0;None;1;On Roadway;5;Dusk;1;Clear;0;No Additional Atmospheric Conditions;1;Clear;0;No;0;Not Applicable;99;Unknown;99;Unknown;99;Unknown EMS Scene Arrival Hour;99;Unknown EMS Scene Arrival Minutes;99;Unknown;99;Unknown EMS Hospital Arrival Time;0;None;0;None;0;None;2;0
48;Texas;482645;5;5;0;0;6;6;0;85;COLLIN (85);2320;FARMERSVILLE;28;28;10;October;2019;2;Monday;10;10:00am-10:59am;43;43;0;This section IS NOT on the NHS;3;State Highway;SR-78;CR-557;1;Rural;3;Principal Arterial - Other;98;Not Reported;193;193;33.13503056;33.13503056;-96.40267778;-96.40267778;0;No Special Jurisdiction;12;Motor Vehicle In-Transport;1;Front-to-Rear;0;No;3;Intersection-Related;3;T-Intersection;0;None;1;On Roadway;1;Daylight;2;Rain;0;No Additional Atmospheric Conditions;2;Rain;0;No;0;Not Applicable;99;Unknown;98;Unknown if Notified;99;Unknown EMS Scene Arrival Hour;98;Unknown if Arrived;88;Not Applicable (Not Transported);88;Not Applicable (Not Transported);0;None;0;None;0;None;1;0
48;Texas;482657;2;2;0;0;2;2;0;201;HARRIS (201);3280;HOUSTON;28;28;8;August;2019;4;Wednesday;17;5:00pm-5:59pm;5;5;0;This section IS NOT on the NHS;6;Local Street - Municipality;ROOKIN ST;DE MOSS DR;2;Urban;7;Local;98;Not Reported;0;None;29.70722222;29.70722222;-95.49682222;-95.49682222;0;No Special Jurisdiction;12;Motor Vehicle In-Transport;2;Front-to-Front;0;No;2;Intersection;3;T-Intersection;0;None;1;On Roadway;1;Daylight;10;Cloudy;0;No Additional Atmospheric Conditions;10;Cloudy;0;No;0;Not Applicable;99;Unknown;99;Unknown;99;Unknown EMS Scene Arrival Hour;99;Unknown EMS Scene Arrival Minutes;99;Unknown;99;Unknown EMS Hospital Arrival Time;0;None;0;None;0;None;1;1
48;Texas;482675;2;2;0;0;3;3;0;239;JACKSON (239);2580;GANADO;29;29;10;October;2019;3;Tuesday;20;8:00pm-8:59pm;16;16;0;This section IS NOT on the NHS;3;State Highway;SR-522 LOOP/YORK ST;BROWN STREET;2;Urban;4;Minor Arterial;98;Not Reported;100;100;29.04651111;29.04651111;-96.50729444;-96.50729444;0;No Special Jurisdiction;12;Motor Vehicle In-Transport;6;Angle;0;No;2;Intersection;3;T-Intersection;0;None;1;On Roadway;6;Dark - Unknown Lighting;10;Cloudy;0;No Additional Atmospheric Conditions;10;Cloudy;0;No;0;Not Applicable;99;Unknown;98;Unknown if Notified;99;Unknown EMS Scene Arrival Hour;98;Unknown if Arrived;88;Not Applicable (Not Transported);88;Not Applicable (Not Transported);0;None;0;None;0;None;1;1
48;Texas;482692;2;2;0;0;5;5;0;315;MARION (315);3500;JEFFERSON;24;24;10;October;2019;5;Thursday;16;4:00pm-4:59pm;1;1;0;This section IS NOT on the NHS;3;State Highway;SR-49;MULBERRY STREET;1;Rural;4;Minor Arterial;98;Not Reported;57;57;32.76831389;32.76831389;-94.34169722;-94.34169722;0;No Special Jurisdiction;12;Motor Vehicle In-Transport;1;Front-to-Rear;0;No;3;Intersection-Related;3;T-Intersection;0;None;1;On Roadway;1;Daylight;1;Clear;0;No Additional Atmospheric Conditions;1;Clear;0;No;0;Not Applicable;99;Unknown;99;Unknown;99;Unknown EMS Scene Arrival Hour;99;Unknown EMS Scene Arrival Minutes;99;Unknown;99;Unknown EMS Hospital Arrival Time;0;None;0;None;0;None;1;0
48;Texas;482695;2;2;0;0;4;4;0;201;HARRIS (201);0;NOT APPLICABLE;27;27;10;October;2019;1;Sunday;19;7:00pm-7:59pm;8;8;0;This section IS NOT on the NHS;4;County Road;CR-SMITH RD;CR-EL DORADO DR;2;Urban;5;Major Collector;98;Not Reported;0;None;29.92763056;29.92763056;-95.28751667;-95.28751667;0;No Special Jurisdiction;12;Motor Vehicle In-Transport;6;Angle;0;No;2;Intersection;3;T-Intersection;0;None;1;On Roadway;5;Dusk;1;Clear;0;No Additional Atmospheric Conditions;1;Clear;0;No;0;Not Applicable;99;Unknown;98;Unknown if Notified;99;Unknown EMS Scene Arrival Hour;98;Unknown if Arrived;88;Not Applicable (Not Transported);88;Not Applicable (Not Transported);0;None;0;None;0;None;1;0
48;Texas;482700;2;2;0;0;2;2;0;55;CALDWELL (55);0;NOT APPLICABLE;20;20;10;October;2019;1;Sunday;12;12:00pm-12:59pm;20;20;1;This section IS ON the NHS;2;U.S. Highway;US-193/COLORADO;CR-SUMMERSIDE RD;2;Urban;3;Principal Arterial - Other;98;Not Reported;137;137;29.84311111;29.84311111;-97.66898611;-97.66898611;0;No Special Jurisdiction;12;Motor Vehicle In-Transport;6;Angle;0;No;2;Intersection;3;T-Intersection;0;None;1;On Roadway;1;Daylight;1;Clear;0;No Additional Atmospheric Conditions;1;Clear;0;No;0;Not Applicable;99;Unknown;99;Unknown;99;Unknown EMS Scene Arrival Hour;99;Unknown EMS Scene Arrival Minutes;99;Unknown;99;Unknown EMS Hospital Arrival Time;0;None;0;None;0;None;1;0
48;Texas;482739;3;3;0;0;4;4;0;491;WILLIAMSON (491);6780;TAYLOR;1;1;11;November;2019;6;Friday;20;8:00pm-8:59pm;38;38;1;This section IS ON the NHS;3;State Highway;SR-95;POTOMAC STREET;2;Urban;3;Principal Arterial - Other;98;Not Reported;21;21;30.55555556;30.55555556;-97.40805556;-97.40805556;0;No Special Jurisdiction;12;Motor Vehicle In-Transport;1;Front-to-Rear;0;No;3;Intersection-Related;3;T-Intersection;0;None;1;On Roadway;2;Dark - Not Lighted;1;Clear;0;No Additional Atmospheric Conditions;1;Clear;0;No;0;Not Applicable;99;Unknown;99;Unknown;99;Unknown EMS Scene Arrival Hour;99;Unknown EMS Scene Arrival Minutes;99;Unknown;99;Unknown EMS Hospital Arrival Time;0;None;0;None;0;None;1;0
48;Texas;482740;2;2;0;0;3;3;0;215;HIDALGO (215);7330;WESLACO;7;7;11;November;2019;5;Thursday;12;12:00pm-12:59pm;19;19;1;This section IS ON the NHS;2;U.S. Highway;US-83 BUSINESS;GARZA AVENUE;2;Urban;3;Principal Arterial - Other;98;Not Reported;124;124;26.15882778;26.15882778;-97.98694722;-97.98694722;0;No Special Jurisdiction;12;Motor Vehicle In-Transport;2;Front-to-Front;0;No;2;Intersection;3;T-Intersection;0;None;1;On Roadway;1;Daylight;1;Clear;0;No Additional Atmospheric Conditions;1;Clear;0;No;0;Not Applicable;12;12:00pm-12:59pm;6;6;12;12:00pm-12:59pm;17;17;12;12:00pm-12:59pm;50;50;0;None;0;None;0;None;1;0
48;Texas;482761;2;2;0;0;2;2;0;113;DALLAS (113);1730;DALLAS;1;1;11;November;2019;6;Friday;0;0:00am-0:59am;31;31;1;This section IS ON the NHS;3;State Highway;SR-12;LOVERS LANE;2;Urban;3;Principal Arterial - Other;98;Not Reported;282;282;32.856;32.856;-96.74595;-96.74595;0;No Special Jurisdiction;12;Motor Vehicle In-Transport;6;Angle;0;No;2;Intersection;3;T-Intersection;0;None;1;On Roadway;3;Dark - Lighted;1;Clear;0;No Additional Atmospheric Conditions;1;Clear;0;No;0;Not Applicable;99;Unknown;99;Unknown;99;Unknown EMS Scene Arrival Hour;99;Unknown EMS Scene Arrival Minutes;99;Unknown;99;Unknown EMS Hospital Arrival Time;0;None;0;None;0;None;1;1
48;Texas;482766;2;2;0;0;3;3;0;303;LUBBOCK (303);4140;LUBBOCK;28;28;8;August;2019;4;Wednesday;22;10:00pm-10:59pm;44;44;0;This section IS NOT on the NHS;6;Local Street - Municipality;QUAKER AVE;66TH ST;2;Urban;3;Principal Arterial - Other;98;Not Reported;0;None;33.53513333;33.53513333;-101.9068306;-101.90683056;0;No Special Jurisdiction;12;Motor Vehicle In-Transport;6;Angle;0;No;2;Intersection;3;T-Intersection;0;None;1;On Roadway;3;Dark - Lighted;1;Clear;0;No Additional Atmospheric Conditions;1;Clear;0;No;0;Not Applicable;99;Unknown;99;Unknown;99;Unknown EMS Scene Arrival Hour;99;Unknown EMS Scene Arrival Minutes;99;Unknown;99;Unknown EMS Hospital Arrival Time;0;None;0;None;0;None;1;0
48;Texas;482773;2;2;0;0;2;2;0;343;MORRIS (343);1700;DAINGERFIELD;4;4;11;November;2019;2;Monday;14;2:00pm-2:59pm;18;18;0;This section IS NOT on the NHS;2;U.S. Highway;US-259/SR-49/BROADNAX ST;FM 130/GEORGIA PACIFIC DR;1;Rural;3;Principal Arterial - Other;98;Not Reported;195;195;33.03938889;33.03938889;-94.72580556;-94.72580556;0;No Special Jurisdiction;12;Motor Vehicle In-Transport;1;Front-to-Rear;0;No;3;Intersection-Related;3;T-Intersection;0;None;1;On Roadway;1;Daylight;1;Clear;0;No Additional Atmospheric Conditions;1;Clear;0;No;0;Not Applicable;99;Unknown;98;Unknown if Notified;99;Unknown EMS Scene Arrival Hour;98;Unknown if Arrived;88;Not Applicable (Not Transported);88;Not Applicable (Not Transported);0;None;0;None;0;None;1;0
48;Texas;482784;1;1;0;1;1;1;1;29;BEXAR (29);6090;SAN ANTONIO;12;12;11;November;2019;3;Tuesday;23;11:00pm-11:59pm;39;39;0;This section IS NOT on the NHS;7;Local Street - Frontage Road;I-10;WW WHITE ROAD;2;Urban;5;Major Collector;1;State Highway Agency;76;76;29.43170833;29.43170833;-98.40547222;-98.40547222;0;No Special Jurisdiction;8;Pedestrian;0;The First Harmful Event was Not a Collision with a Motor Vehicle in Transport;1;Yes;3;Intersection-Related;3;T-Intersection;0;None;1;On Roadway;3;Dark - Lighted;1;Clear;0;No Additional Atmospheric Conditions;1;Clear;0;No;0;Not Applicable;99;Unknown;98;Unknown if Notified;99;Unknown EMS Scene Arrival Hour;98;Unknown if Arrived;88;Not Applicable (Not Transported);88;Not Applicable (Not Transported);0;None;0;None;0;None;1;0
48;Texas;482809;2;2;0;0;2;2;0;329;MIDLAND (329);0;NOT APPLICABLE;6;6;11;November;2019;4;Wednesday;7;7:00am-7:59am;31;31;0;This section IS NOT on the NHS;8;Other;FM 307;CR-1090;1;Rural;4;Minor Arterial;98;Not Reported;191;191;32.02385833;32.02385833;-101.9123806;-101.91238056;0;No Special Jurisdiction;12;Motor Vehicle In-Transport;6;Angle;0;No;2;Intersection;3;T-Intersection;0;None;1;On Roadway;1;Daylight;10;Cloudy;0;No Additional Atmospheric Conditions;10;Cloudy;1;Yes;0;Not Applicable;99;Unknown;99;Unknown;99;Unknown EMS Scene Arrival Hour;99;Unknown EMS Scene Arrival Minutes;99;Unknown;99;Unknown EMS Hospital Arrival Time;0;None;0;None;0;None;1;0
48;Texas;482834;1;1;0;1;2;2;1;85;COLLIN (85);92;ALLEN;14;14;11;November;2019;5;Thursday;16;4:00pm-4:59pm;22;22;0;This section IS NOT on the NHS;6;Local Street - Municipality;MAIN ST;FOUNTAIN PARK DR;2;Urban;4;Minor Arterial;98;Not Reported;0;None;33.10035556;33.10035556;-96.65276389;-96.65276389;0;No Special Jurisdiction;8;Pedestrian;0;The First Harmful Event was Not a Collision with a Motor Vehicle in Transport;0;No;2;Intersection;3;T-Intersection;0;None;1;On Roadway;1;Daylight;1;Clear;0;No Additional Atmospheric Conditions;1;Clear;0;No;0;Not Applicable;99;Unknown;99;Unknown;99;Unknown EMS Scene Arrival Hour;99;Unknown EMS Scene Arrival Minutes;99;Unknown;99;Unknown EMS Hospital Arrival Time;0;None;0;None;0;None;1;0
48;Texas;482842;1;1;0;1;1;1;1;7;ARANSAS (7);5890;ROCKPORT;19;19;11;November;2019;3;Tuesday;17;5:00pm-5:59pm;48;48;0;This section IS NOT on the NHS;3;State Highway;SR-35 BU/BRONTE ST;LAMAR ST;2;Urban;4;Minor Arterial;98;Not Reported;13;13;28.01306111;28.01306111;-97.06353333;-97.06353333;0;No Special Jurisdiction;15;Non-Motorist on Personal Conveyance;0;The First Harmful Event was Not a Collision with a Motor Vehicle in Transport;0;No;3;Intersection-Related;3;T-Intersection;0;None;1;On Roadway;1;Daylight;1;Clear;0;No Additional Atmospheric Conditions;1;Clear;0;No;0;Not Applicable;99;Unknown;98;Unknown if Notified;99;Unknown EMS Scene Arrival Hour;98;Unknown if Arrived;88;Not Applicable (Not Transported);88;Not Applicable (Not Transported);0;None;0;None;0;None;1;0
48;Texas;482846;2;2;0;0;5;5;0;249;JIM WELLS (249);0;NOT APPLICABLE;8;8;11;November;2019;6;Friday;17;5:00pm-5:59pm;18;18;0;This section IS NOT on the NHS;3;State Highway;SR-359;FM 3376;1;Rural;4;Minor Arterial;98;Not Reported;0;None;27.79238889;27.79238889;-98.01795278;-98.01795278;0;No Special Jurisdiction;12;Motor Vehicle In-Transport;6;Angle;0;No;2;Intersection;3;T-Intersection;0;None;1;On Roadway;1;Daylight;10;Cloudy;0;No Additional Atmospheric Conditions;10;Cloudy;0;No;0;Not Applicable;99;Unknown;99;Unknown;99;Unknown EMS Scene Arrival Hour;99;Unknown EMS Scene Arrival Minutes;99;Unknown;99;Unknown EMS Hospital Arrival Time;0;None;0;None;0;None;1;0
48;Texas;482861;2;2;0;0;2;2;0;491;WILLIAMSON (491);0;NOT APPLICABLE;1;1;11;November;2019;6;Friday;20;8:00pm-8:59pm;1;1;0;This section IS NOT on the NHS;3;State Highway;SR-95;CR-387;1;Rural;4;Minor Arterial;98;Not Reported;0;None;30.77076389;30.77076389;-97.435475;-97.435475;0;No Special Jurisdiction;12;Motor Vehicle In-Transport;1;Front-to-Rear;0;No;3;Intersection-Related;3;T-Intersection;0;None;1;On Roadway;2;Dark - Not Lighted;1;Clear;0;No Additional Atmospheric Conditions;1;Clear;0;No;0;Not Applicable;99;Unknown;98;Unknown if Notified;99;Unknown EMS Scene Arrival Hour;98;Unknown if Arrived;88;Not Applicable (Not Transported);88;Not Applicable (Not Transported);0;None;0;None;0;None;1;0
48;Texas;482870;2;2;0;0;2;2;0;157;FORT BEND (157);0;NOT APPLICABLE;9;9;11;November;2019;7;Saturday;23;11:00pm-11:59pm;5;5;0;This section IS NOT on the NHS;6;Local Street - Municipality;VERANO DR;DE SOTO DR;2;Urban;7;Local;98;Not Reported;0;None;29.60905556;29.60905556;-95.74720556;-95.74720556;0;No Special Jurisdiction;12;Motor Vehicle In-Transport;6;Angle;0;No;2;Intersection;3;T-Intersection;0;None;1;On Roadway;3;Dark - Lighted;1;Clear;0;No Additional Atmospheric Conditions;1;Clear;0;No;0;Not Applicable;99;Unknown;99;Unknown;99;Unknown EMS Scene Arrival Hour;99;Unknown EMS Scene Arrival Minutes;99;Unknown;99;Unknown EMS Hospital Arrival Time;0;None;0;None;0;None;1;1
48;Texas;482871;2;2;0;0;4;4;0;41;BRAZOS (41);970;BRYAN;4;4;11;November;2019;2;Monday;18;6:00pm-6:59pm;31;31;0;This section IS NOT on the NHS;3;State Highway;SR-OSR;SR-21;1;Rural;5;Major Collector;98;Not Reported;10;10;30.64371111;30.64371111;-96.50715833;-96.50715833;0;No Special Jurisdiction;12;Motor Vehicle In-Transport;6;Angle;0;No;2;Intersection;3;T-Intersection;0;None;1;On Roadway;2;Dark - Not Lighted;1;Clear;0;No Additional Atmospheric Conditions;1;Clear;0;No;0;Not Applicable;99;Unknown;99;Unknown;99;Unknown EMS Scene Arrival Hour;99;Unknown EMS Scene Arrival Minutes;99;Unknown;99;Unknown EMS Hospital Arrival Time;0;None;0;None;0;None;2;0
48;Texas;482878;2;2;0;0;3;3;0;409;SAN PATRICIO (409);240;ARANSAS PASS;17;17;11;November;2019;1;Sunday;1;1:00am-1:59am;23;23;0;This section IS NOT on the NHS;6;Local Street - Municipality;WILSON AVE;SR-90 LP/HARRISON BLVD;2;Urban;6;Minor Collector;98;Not Reported;0;None;27.9058;27.9058;-97.14938889;-97.14938889;0;No Special Jurisdiction;12;Motor Vehicle In-Transport;6;Angle;0;No;2;Intersection;3;T-Intersection;0;None;1;On Roadway;3;Dark - Lighted;1;Clear;0;No Additional Atmospheric Conditions;1;Clear;0;No;0;Not Applicable;99;Unknown;99;Unknown;99;Unknown EMS Scene Arrival Hour;99;Unknown EMS Scene Arrival Minutes;99;Unknown;99;Unknown EMS Hospital Arrival Time;0;None;0;None;0;None;1;1
48;Texas;482888;2;2;0;0;2;2;0;423;SMITH (423);0;NOT APPLICABLE;12;12;11;November;2019;3;Tuesday;12;12:00pm-12:59pm;31;31;1;This section IS ON the NHS;2;U.S. Highway;US-69;CR-1215 WANUT HILL DR;2;Urban;3;Principal Arterial - Other;98;Not Reported;102;102;32.198175;32.198175;-95.32001667;-95.32001667;0;No Special Jurisdiction;12;Motor Vehicle In-Transport;6;Angle;0;No;2;Intersection;3;T-Intersection;0;None;1;On Roadway;1;Daylight;1;Clear;0;No Additional Atmospheric Conditions;1;Clear;0;No;0;Not Applicable;12;12:00pm-12:59pm;37;37;12;12:00pm-12:59pm;43;43;13;1:00pm-1:59pm;21;21;0;None;0;None;0;None;1;0
48;Texas;482897;1;1;0;0;1;1;0;113;DALLAS (113);387;BALCH SPRINGS;15;15;11;November;2019;6;Friday;20;8:00pm-8:59pm;12;12;0;This section IS NOT on the NHS;6;Local Street - Municipality;BELTLINE RD;MERCURY  RD;2;Urban;3;Principal Arterial - Other;98;Not Reported;0;None;32.71517222;32.71517222;-96.58858611;-96.58858611;0;No Special Jurisdiction;40;Fire Hydrant;0;The First Harmful Event was Not a Collision with a Motor Vehicle in Transport;0;No;3;Intersection-Related;3;T-Intersection;0;None;4;On Roadside;3;Dark - Lighted;1;Clear;0;No Additional Atmospheric Conditions;1;Clear;0;No;0;Not Applicable;99;Unknown;99;Unknown;99;Unknown EMS Scene Arrival Hour;99;Unknown EMS Scene Arrival Minutes;99;Unknown;99;Unknown EMS Hospital Arrival Time;0;None;0;None;0;None;1;1
48;Texas;482938;1;1;0;1;1;1;1;453;TRAVIS (453);330;AUSTIN;21;21;11;November;2019;5;Thursday;19;7:00pm-7:59pm;18;18;0;This section IS NOT on the NHS;6;Local Street - Municipality;E WILLIAM CANNON DR DRIVE;I-35;2;Urban;3;Principal Arterial - Other;98;Not Reported;0;None;30.19095556;30.19095556;-97.77151111;-97.77151111;0;No Special Jurisdiction;8;Pedestrian;0;The First Harmful Event was Not a Collision with a Motor Vehicle in Transport;0;No;3;Intersection-Related;3;T-Intersection;0;None;1;On Roadway;3;Dark - Lighted;1;Clear;0;No Additional Atmospheric Conditions;1;Clear;0;No;0;Not Applicable;99;Unknown;98;Unknown if Notified;99;Unknown EMS Scene Arrival Hour;98;Unknown if Arrived;88;Not Applicable (Not Transported);88;Not Applicable (Not Transported);0;None;0;None;0;None;1;0
48;Texas;482962;2;2;0;0;2;2;0;135;ECTOR (135);5030;ODESSA;4;4;12;December;2019;4;Wednesday;16;4:00pm-4:59pm;39;39;1;This section IS ON the NHS;3;State Highway;SR-338 LP;JOHN BEN SHEPPERD PARKWAY BLVD;2;Urban;3;Principal Arterial - Other;98;Not Reported;270;270;31.91995556;31.91995556;-102.3393444;-102.33934444;0;No Special Jurisdiction;12;Motor Vehicle In-Transport;6;Angle;0;No;2;Intersection;3;T-Intersection;0;None;1;On Roadway;1;Daylight;1;Clear;0;No Additional Atmospheric Conditions;1;Clear;0;No;0;Not Applicable;99;Unknown;99;Unknown;99;Unknown EMS Scene Arrival Hour;99;Unknown EMS Scene Arrival Minutes;99;Unknown;99;Unknown EMS Hospital Arrival Time;0;None;0;None;0;None;1;0
48;Texas;482969;2;2;0;0;2;2;0;371;PECOS (371);0;NOT APPLICABLE;22;22;11;November;2019;6;Friday;20;8:00pm-8:59pm;36;36;0;This section IS NOT on the NHS;8;Other;FM 1450;FM 1776;1;Rural;5;Major Collector;98;Not Reported;20;20;31.281125;31.281125;-103.068;-103.068;0;No Special Jurisdiction;12;Motor Vehicle In-Transport;6;Angle;0;No;2;Intersection;3;T-Intersection;0;None;1;On Roadway;3;Dark - Lighted;10;Cloudy;0;No Additional Atmospheric Conditions;10;Cloudy;0;No;0;Not Applicable;99;Unknown;98;Unknown if Notified;99;Unknown EMS Scene Arrival Hour;98;Unknown if Arrived;88;Not Applicable (Not Transported);88;Not Applicable (Not Transported);0;None;0;None;0;None;1;0
48;Texas;482972;2;2;0;0;2;2;0;141;EL PASO (141);2190;EL PASO;27;27;10;October;2019;1;Sunday;15;3:00pm-3:59pm;56;56;1;This section IS ON the NHS;2;U.S. Highway;US-62/MONTANA BLVD;LEE TREVINO DR;2;Urban;3;Principal Arterial - Other;98;Not Reported;183;183;31.79941389;31.79941389;-106.3227139;-106.32271389;0;No Special Jurisdiction;12;Motor Vehicle In-Transport;1;Front-to-Rear;0;No;3;Intersection-Related;3;T-Intersection;0;None;1;On Roadway;1;Daylight;1;Clear;0;No Additional Atmospheric Conditions;1;Clear;0;No;0;Not Applicable;99;Unknown;98;Unknown if Notified;99;Unknown EMS Scene Arrival Hour;98;Unknown if Arrived;88;Not Applicable (Not Transported);88;Not Applicable (Not Transported);0;None;0;None;0;None;1;0
48;Texas;482988;2;2;0;0;5;5;0;213;HENDERSON (213);0;NOT APPLICABLE;7;7;12;December;2019;7;Saturday;16;4:00pm-4:59pm;20;20;0;This section IS NOT on the NHS;3;State Highway;SR-19;FM 2752;1;Rural;4;Minor Arterial;98;Not Reported;59;59;32.27103056;32.27103056;-95.84772778;-95.84772778;0;No Special Jurisdiction;12;Motor Vehicle In-Transport;2;Front-to-Front;0;No;2;Intersection;3;T-Intersection;0;None;1;On Roadway;1;Daylight;10;Cloudy;0;No Additional Atmospheric Conditions;10;Cloudy;0;No;0;Not Applicable;99;Unknown;99;Unknown;99;Unknown EMS Scene Arrival Hour;99;Unknown EMS Scene Arrival Minutes;99;Unknown;99;Unknown EMS Hospital Arrival Time;0;None;0;None;0;None;1;0
48;Texas;482990;2;2;0;0;2;2;0;303;LUBBOCK (303);7585;WOLFFORTH;3;3;12;December;2019;3;Tuesday;21;9:00pm-9:59pm;12;12;0;This section IS NOT on the NHS;8;Other;FM 179/DOWDEN AVE;17TH ST;2;Urban;3;Principal Arterial - Other;98;Not Reported;162;162;33.49319167;33.49319167;-102.0089806;-102.00898056;0;No Special Jurisdiction;12;Motor Vehicle In-Transport;6;Angle;0;No;2;Intersection;3;T-Intersection;0;None;1;On Roadway;2;Dark - Not Lighted;1;Clear;0;No Additional Atmospheric Conditions;1;Clear;0;No;0;Not Applicable;99;Unknown;99;Unknown;99;Unknown EMS Scene Arrival Hour;99;Unknown EMS Scene Arrival Minutes;99;Unknown;99;Unknown EMS Hospital Arrival Time;0;None;0;None;0;None;1;0
48;Texas;482996;4;4;0;0;7;7;0;85;COLLIN (85);1730;DALLAS;27;27;11;November;2019;4;Wednesday;14;2:00pm-2:59pm;55;55;1;This section IS ON the NHS;3;State Highway;SR-289;LLOYD DRIVE;2;Urban;3;Principal Arterial - Other;98;Not Reported;297;297;33.00748333;33.00748333;-96.79557778;-96.79557778;0;No Special Jurisdiction;12;Motor Vehicle In-Transport;6;Angle;0;No;2;Intersection;3;T-Intersection;0;None;1;On Roadway;1;Daylight;10;Cloudy;0;No Additional Atmospheric Conditions;10;Cloudy;0;No;0;Not Applicable;14;2:00pm-2:59pm;56;56;15;3:00pm-3:59pm;5;5;15;3:00pm-3:59pm;23;23;14;Motor Vehicle struck by falling cargo,or something that came loose from or something that was set in motion by a vehicle;0;None;0;None;1;0