STATE;STATENAME;ST_CASE;VE_TOTAL;VE_FORMS;PVH_INVL;PEDS;PERSONS;PERMVIT;PERNOTMVIT;COUNTY;COUNTYNAME;CITY;CITYNAME;DAY;DAYNAME;MONTH;MONTHNAME;YEAR;DAY_WEEK;DAY_WEEKNAME;HOUR;HOURNAME;MINUTE;MINUTENAME;NHS;NHSNAME;ROUTE;ROUTENAME;TWAY_ID;TWAY_ID2;RUR_URB;RUR_URBNAME;FUNC_SYS;FUNC_SYSNAME;RD_OWNER;RD_OWNERNAME;MILEPT;MILEPTNAME;LATITUDE;LATITUDENAME;LONGITUD;LONGITUDNAME;SP_JUR;SP_JURNAME;HARM_EV;HARM_EVNAME;MAN_COLL;MAN_COLLNAME;RELJCT1;RELJCT1NAME;RELJCT2;RELJCT2NAME;TYP_INT;TYP_INTNAME;WRK_ZONE;WRK_ZONENAME;REL_ROAD;REL_ROADNAME;LGT_COND;LGT_CONDNAME;WEATHER1;WEATHER1NAME;WEATHER2;WEATHER2NAME;WEATHER;WEATHERNAME;SCH_BUS;SCH_BUSNAME;RAIL;RAILNAME;NOT_HOUR;NOT_HOURNAME;NOT_MIN;NOT_MINNAME;ARR_HOUR;ARR_HOURNAME;ARR_MIN;ARR_MINNAME;HOSP_HR;HOSP_HRNAME;HOSP_MN;HOSP_MNNAME;CF1;CF1NAME;CF2;CF2NAME;CF3;CF3NAME;FATALS;DRUNK_DR
48;Texas;483020;2;2;0;0;4;4;0;479;WEBB (479);3899;LAREDO;10;10;12;December;2019;3;Tuesday;14;2:00pm-2:59pm;18;18;0;This section IS NOT on the NHS;6;Local Street - Municipality;LOUISIANA AVE;LOMAS DEL SUR;2;Urban;7;Local;98;Not Reported;0;None;27.464375;27.464375;-99.46836667;-99.46836667;0;No Special Jurisdiction;12;Motor Vehicle In-Transport;6;Angle;0;No;2;Intersection;3;T-Intersection;0;None;1;On Roadway;1;Daylight;1;Clear;0;No Additional Atmospheric Conditions;1;Clear;0;No;0;Not Applicable;99;Unknown;98;Unknown if Notified;99;Unknown EMS Scene Arrival Hour;98;Unknown if Arrived;88;Not Applicable (Not Transported);88;Not Applicable (Not Transported);0;None;0;None;0;None;1;0
48;Texas;483027;2;2;0;0;2;2;0;141;EL PASO (141);2190;EL PASO;15;15;10;October;2019;3;Tuesday;18;6:00pm-6:59pm;36;36;0;This section IS NOT on the NHS;6;Local Street - Municipality;NORTH LOOP DRIVE;LAFAYETTE DRIVE;2;Urban;5;Major Collector;98;Not Reported;0;None;31.73058889;31.73058889;-106.3514194;-106.35141944;0;No Special Jurisdiction;12;Motor Vehicle In-Transport;6;Angle;0;No;2;Intersection;3;T-Intersection;0;None;1;On Roadway;3;Dark - Lighted;1;Clear;0;No Additional Atmospheric Conditions;1;Clear;0;No;0;Not Applicable;99;Unknown;99;Unknown;99;Unknown EMS Scene Arrival Hour;99;Unknown EMS Scene Arrival Minutes;99;Unknown;99;Unknown EMS Hospital Arrival Time;0;None;0;None;0;None;1;0
48;Texas;483041;2;2;0;0;3;3;0;423;SMITH (423);0;NOT APPLICABLE;3;3;12;December;2019;3;Tuesday;20;8:00pm-8:59pm;18;18;0;This section IS NOT on the NHS;3;State Highway;SR-64;CR-220;1;Rural;4;Minor Arterial;98;Not Reported;301;301;32.30908611;32.30908611;-95.19056111;-95.19056111;0;No Special Jurisdiction;12;Motor Vehicle In-Transport;6;Angle;0;No;2;Intersection;3;T-Intersection;0;None;1;On Roadway;2;Dark - Not Lighted;10;Cloudy;0;No Additional Atmospheric Conditions;10;Cloudy;0;No;0;Not Applicable;99;Unknown;99;Unknown;99;Unknown EMS Scene Arrival Hour;99;Unknown EMS Scene Arrival Minutes;99;Unknown;99;Unknown EMS Hospital Arrival Time;0;None;0;None;0;None;1;0
48;Texas;483042;2;2;0;0;2;2;0;201;HARRIS (201);3280;HOUSTON;1;1;11;November;2019;6;Friday;6;6:00am-6:59am;10;10;0;This section IS NOT on the NHS;6;Local Street - Municipality;RICHMOND AVENUE;FONDREN ROAD;2;Urban;4;Minor Arterial;98;Not Reported;0;None;29.72898333;29.72898333;-95.52056111;-95.52056111;0;No Special Jurisdiction;12;Motor Vehicle In-Transport;1;Front-to-Rear;0;No;3;Intersection-Related;3;T-Intersection;0;None;1;On Roadway;3;Dark - Lighted;1;Clear;0;No Additional Atmospheric Conditions;1;Clear;0;No;0;Not Applicable;6;6:00am-6:59am;14;14;6;6:00am-6:59am;28;28;6;6:00am-6:59am;39;39;0;None;0;None;0;None;1;0
48;Texas;483064;2;2;0;0;2;2;0;347;NACOGDOCHES (347);0;NOT APPLICABLE;6;6;12;December;2019;6;Friday;16;4:00pm-4:59pm;35;35;0;This section IS NOT on the NHS;8;Other;FM 1638;CR-WESTWARD DRIVE;1;Rural;5;Major Collector;98;Not Reported;0;None;31.65149722;31.65149722;-94.68994167;-94.68994167;0;No Special Jurisdiction;12;Motor Vehicle In-Transport;6;Angle;0;No;2;Intersection;3;T-Intersection;0;None;1;On Roadway;1;Daylight;10;Cloudy;0;No Additional Atmospheric Conditions;10;Cloudy;0;No;0;Not Applicable;99;Unknown;98;Unknown if Notified;99;Unknown EMS Scene Arrival Hour;98;Unknown if Arrived;88;Not Applicable (Not Transported);88;Not Applicable (Not Transported);0;None;0;None;0;None;1;0
48;Texas;483082;2;2;0;0;9;9;0;251;JOHNSON (251);0;NOT APPLICABLE;30;30;11;November;2019;7;Saturday;21;9:00pm-9:59pm;27;27;0;This section IS NOT on the NHS;8;Other;FM 2280;NORTHCREST DRIVE;2;Urban;4;Minor Arterial;98;Not Reported;40;40;32.43118611;32.43118611;-97.31478611;-97.31478611;0;No Special Jurisdiction;12;Motor Vehicle In-Transport;2;Front-to-Front;0;No;3;Intersection-Related;3;T-Intersection;0;None;1;On Roadway;2;Dark - Not Lighted;1;Clear;0;No Additional Atmospheric Conditions;1;Clear;0;No;0;Not Applicable;21;9:00pm-9:59pm;53;53;22;10:00pm-10:59pm;20;20;22;10:00pm-10:59pm;52;52;0;None;0;None;0;None;2;0
48;Texas;483128;2;2;0;0;2;2;0;491;WILLIAMSON (491);3925;LEANDER;19;19;12;December;2019;5;Thursday;12;12:00pm-12:59pm;5;5;0;This section IS NOT on the NHS;6;Local Street - Municipality;RONALD W REAGAN BLVD;HERO WAY;2;Urban;3;Principal Arterial - Other;98;Not Reported;0;None;30.59516389;30.59516389;-97.81326111;-97.81326111;0;No Special Jurisdiction;12;Motor Vehicle In-Transport;6;Angle;0;No;2;Intersection;3;T-Intersection;0;None;1;On Roadway;1;Daylight;10;Cloudy;0;No Additional Atmospheric Conditions;10;Cloudy;0;No;0;Not Applicable;99;Unknown;98;Unknown if Notified;99;Unknown EMS Scene Arrival Hour;98;Unknown if Arrived;88;Not Applicable (Not Transported);88;Not Applicable (Not Transported);0;None;0;None;0;None;1;0
48;Texas;483147;2;2;0;0;4;4;0;199;HARDIN (199);6380;SILSBEE;21;21;12;December;2019;7;Saturday;12;12:00pm-12:59pm;30;30;0;This section IS NOT on the NHS;2;U.S. Highway;US-96;NERREN ST;2;Urban;3;Principal Arterial - Other;98;Not Reported;66;66;30.32543889;30.32543889;-94.16618611;-94.16618611;0;No Special Jurisdiction;12;Motor Vehicle In-Transport;6;Angle;0;No;2;Intersection;3;T-Intersection;0;None;1;On Roadway;1;Daylight;10;Cloudy;0;No Additional Atmospheric Conditions;10;Cloudy;0;No;0;Not Applicable;99;Unknown;99;Unknown;99;Unknown EMS Scene Arrival Hour;99;Unknown EMS Scene Arrival Minutes;99;Unknown;99;Unknown EMS Hospital Arrival Time;0;None;0;None;0;None;2;0
48;Texas;483165;2;2;0;0;4;4;0;85;COLLIN (85);5530;PRINCETON;25;25;12;December;2019;4;Wednesday;12;12:00pm-12:59pm;45;45;1;This section IS ON the NHS;2;U.S. Highway;US-380/PRINCETON DR;MONTE CARLO BLVD;2;Urban;3;Principal Arterial - Other;98;Not Reported;158;158;33.18506944;33.18506944;-96.53743611;-96.53743611;0;No Special Jurisdiction;12;Motor Vehicle In-Transport;6;Angle;0;No;2;Intersection;3;T-Intersection;0;None;1;On Roadway;1;Daylight;1;Clear;0;No Additional Atmospheric Conditions;1;Clear;0;No;0;Not Applicable;99;Unknown;99;Unknown;99;Unknown EMS Scene Arrival Hour;99;Unknown EMS Scene Arrival Minutes;99;Unknown;99;Unknown EMS Hospital Arrival Time;0;None;0;None;0;None;1;0
48;Texas;483171;2;2;0;0;2;2;0;497;WISE (497);0;NOT APPLICABLE;11;11;12;December;2019;4;Wednesday;9;9:00am-9:59am;28;28;0;This section IS NOT on the NHS;8;Other;FM 730;FM 2048;1;Rural;5;Major Collector;98;Not Reported;65;65;33.042175;33.042175;-97.56168333;-97.56168333;0;No Special Jurisdiction;12;Motor Vehicle In-Transport;6;Angle;0;No;2;Intersection;3;T-Intersection;0;None;1;On Roadway;1;Daylight;5;Fog, Smog, Smoke;0;No Additional Atmospheric Conditions;5;Fog, Smog, Smoke;0;No;0;Not Applicable;99;Unknown;99;Unknown;99;Unknown EMS Scene Arrival Hour;99;Unknown EMS Scene Arrival Minutes;99;Unknown;99;Unknown EMS Hospital Arrival Time;0;None;0;None;0;None;1;0
48;Texas;483174;2;2;0;0;2;2;0;491;WILLIAMSON (491);0;NOT APPLICABLE;23;23;12;December;2019;2;Monday;20;8:00pm-8:59pm;0;0;0;This section IS NOT on the NHS;3;State Highway;SR-95;FM 1331;1;Rural;4;Minor Arterial;98;Not Reported;124;124;30.63545278;30.63545278;-97.43441111;-97.43441111;0;No Special Jurisdiction;12;Motor Vehicle In-Transport;6;Angle;0;No;2;Intersection;3;T-Intersection;0;None;1;On Roadway;3;Dark - Lighted;1;Clear;0;No Additional Atmospheric Conditions;1;Clear;0;No;0;Not Applicable;99;Unknown;98;Unknown if Notified;99;Unknown EMS Scene Arrival Hour;98;Unknown if Arrived;88;Not Applicable (Not Transported);88;Not Applicable (Not Transported);0;None;0;None;0;None;1;0
48;Texas;483200;1;1;0;1;1;1;1;453;TRAVIS (453);330;AUSTIN;22;22;12;December;2019;1;Sunday;2;2:00am-2:59am;25;25;0;This section IS NOT on the NHS;6;Local Street - Municipality;E BRAKER LN LANE;DESSAU RD ROAD;2;Urban;4;Minor Arterial;98;Not Reported;0;None;30.37729444;30.37729444;-97.65878056;-97.65878056;0;No Special Jurisdiction;8;Pedestrian;0;The First Harmful Event was Not a Collision with a Motor Vehicle in Transport;0;No;3;Intersection-Related;3;T-Intersection;0;None;1;On Roadway;3;Dark - Lighted;10;Cloudy;0;No Additional Atmospheric Conditions;10;Cloudy;0;No;0;Not Applicable;99;Unknown;99;Unknown;99;Unknown EMS Scene Arrival Hour;99;Unknown EMS Scene Arrival Minutes;88;Not Applicable (Not Transported);88;Not Applicable (Not Transported);0;None;0;None;0;None;1;0
48;Texas;483216;2;2;0;0;2;2;0;339;MONTGOMERY (339);7500;WILLIS;18;18;12;December;2019;4;Wednesday;5;5:00am-5:59am;30;30;0;This section IS NOT on the NHS;8;Other;FM 1097;BUSINESS PARK DR;2;Urban;5;Major Collector;98;Not Reported;6;6;30.42852778;30.42852778;-95.47094167;-95.47094167;0;No Special Jurisdiction;12;Motor Vehicle In-Transport;2;Front-to-Front;0;No;2;Intersection;3;T-Intersection;0;None;1;On Roadway;2;Dark - Not Lighted;1;Clear;0;No Additional Atmospheric Conditions;1;Clear;0;No;0;Not Applicable;99;Unknown;98;Unknown if Notified;99;Unknown EMS Scene Arrival Hour;98;Unknown if Arrived;88;Not Applicable (Not Transported);88;Not Applicable (Not Transported);0;None;0;None;0;None;1;1
48;Texas;483219;2;2;0;0;3;3;0;21;BASTROP (21);0;NOT APPLICABLE;23;23;12;December;2019;2;Monday;14;2:00pm-2:59pm;58;58;0;This section IS NOT on the NHS;8;Other;FM 535;CR-RANGEL ROAD;1;Rural;5;Major Collector;98;Not Reported;86;86;30.10701667;30.10701667;-97.50978056;-97.50978056;0;No Special Jurisdiction;12;Motor Vehicle In-Transport;6;Angle;0;No;2;Intersection;3;T-Intersection;0;None;1;On Roadway;1;Daylight;10;Cloudy;0;No Additional Atmospheric Conditions;10;Cloudy;0;No;0;Not Applicable;99;Unknown;98;Unknown if Notified;99;Unknown EMS Scene Arrival Hour;98;Unknown if Arrived;88;Not Applicable (Not Transported);88;Not Applicable (Not Transported);0;None;0;None;0;None;1;0
48;Texas;483226;2;2;0;0;4;4;0;141;EL PASO (141);2190;EL PASO;28;28;12;December;2019;7;Saturday;19;7:00pm-7:59pm;55;55;1;This section IS ON the NHS;2;U.S. Highway;US-54 GATEWAY NORTH BLVD;STAN ROBERTS SR AVE;2;Urban;3;Principal Arterial - Other;98;Not Reported;232;232;31.98678889;31.98678889;-106.3452917;-106.34529167;0;No Special Jurisdiction;12;Motor Vehicle In-Transport;6;Angle;0;No;2;Intersection;3;T-Intersection;0;None;1;On Roadway;2;Dark - Not Lighted;1;Clear;0;No Additional Atmospheric Conditions;1;Clear;0;No;0;Not Applicable;99;Unknown;99;Unknown;99;Unknown EMS Scene Arrival Hour;99;Unknown EMS Scene Arrival Minutes;99;Unknown;99;Unknown EMS Hospital Arrival Time;0;None;0;None;0;None;1;0
48;Texas;483229;2;2;0;0;5;5;0;27;BELL (27);3690;KILLEEN;21;21;12;December;2019;7;Saturday;23;11:00pm-11:59pm;10;10;1;This section IS ON the NHS;3;State Highway;SR-195/FORT HOOD ST;CHAPARRAL RD;2;Urban;3;Principal Arterial - Other;98;Not Reported;77;77;31.02308611;31.02308611;-97.75469167;-97.75469167;0;No Special Jurisdiction;12;Motor Vehicle In-Transport;6;Angle;0;No;2;Intersection;3;T-Intersection;0;None;1;On Roadway;3;Dark - Lighted;1;Clear;0;No Additional Atmospheric Conditions;1;Clear;0;No;0;Not Applicable;99;Unknown;99;Unknown;99;Unknown EMS Scene Arrival Hour;99;Unknown EMS Scene Arrival Minutes;99;Unknown;99;Unknown EMS Hospital Arrival Time;0;None;0;None;0;None;2;0
48;Texas;483234;2;2;0;0;2;2;0;407;SAN JACINTO (407);1428;COLDSPRING;21;21;12;December;2019;7;Saturday;18;6:00pm-6:59pm;38;38;0;This section IS NOT on the NHS;3;State Highway;SR-150;CR-HILL LN;2;Urban;4;Minor Arterial;98;Not Reported;174;174;30.57785556;30.57785556;-95.12110556;-95.12110556;0;No Special Jurisdiction;12;Motor Vehicle In-Transport;7;Sideswipe - Same Direction;0;No;2;Intersection;3;T-Intersection;0;None;1;On Roadway;2;Dark - Not Lighted;1;Clear;0;No Additional Atmospheric Conditions;1;Clear;0;No;0;Not Applicable;99;Unknown;99;Unknown;99;Unknown EMS Scene Arrival Hour;99;Unknown EMS Scene Arrival Minutes;99;Unknown;99;Unknown EMS Hospital Arrival Time;0;None;0;None;0;None;1;0
48;Texas;483244;1;1;0;1;1;1;1;199;HARDIN (199);4172;LUMBERTON;31;31;12;December;2019;3;Tuesday;19;7:00pm-7:59pm;54;54;1;This section IS ON the NHS;2;U.S. Highway;US-96/MAIN ST;BOARDWALK DR;2;Urban;3;Principal Arterial - Other;98;Not Reported;124;124;30.252225;30.252225;-94.19754722;-94.19754722;0;No Special Jurisdiction;8;Pedestrian;0;The First Harmful Event was Not a Collision with a Motor Vehicle in Transport;0;No;3;Intersection-Related;3;T-Intersection;0;None;1;On Roadway;2;Dark - Not Lighted;1;Clear;0;No Additional Atmospheric Conditions;1;Clear;0;No;0;Not Applicable;99;Unknown;99;Unknown;99;Unknown EMS Scene Arrival Hour;99;Unknown EMS Scene Arrival Minutes;99;Unknown;99;Unknown EMS Hospital Arrival Time;0;None;0;None;0;None;1;0
48;Texas;483253;2;2;0;0;2;2;0;303;LUBBOCK (303);4140;LUBBOCK;23;23;12;December;2019;2;Monday;15;3:00pm-3:59pm;18;18;0;This section IS NOT on the NHS;6;Local Street - Municipality;QUAKER AVE;72ND  ST;1;Rural;3;Principal Arterial - Other;98;Not Reported;0;None;33.52802778;33.52802778;-101.9060861;-101.90608611;0;No Special Jurisdiction;12;Motor Vehicle In-Transport;6;Angle;0;No;2;Intersection;3;T-Intersection;0;None;1;On Roadway;1;Daylight;1;Clear;0;No Additional Atmospheric Conditions;1;Clear;0;No;0;Not Applicable;99;Unknown;99;Unknown;99;Unknown EMS Scene Arrival Hour;99;Unknown EMS Scene Arrival Minutes;99;Unknown;99;Unknown EMS Hospital Arrival Time;0;None;0;None;0;None;1;0
48;Texas;483258;2;2;0;0;3;3;0;7;ARANSAS (7);0;NOT APPLICABLE;28;28;12;December;2019;7;Saturday;14;2:00pm-2:59pm;31;31;0;This section IS NOT on the NHS;8;Other;FM 1069;A-1 HILL ROAD;1;Rural;5;Major Collector;98;Not Reported;0;None;27.97006389;27.97006389;-97.14283889;-97.14283889;0;No Special Jurisdiction;12;Motor Vehicle In-Transport;6;Angle;0;No;2;Intersection;3;T-Intersection;0;None;1;On Roadway;1;Daylight;10;Cloudy;0;No Additional Atmospheric Conditions;10;Cloudy;0;No;0;Not Applicable;99;Unknown;98;Unknown if Notified;99;Unknown EMS Scene Arrival Hour;98;Unknown if Arrived;88;Not Applicable (Not Transported);88;Not Applicable (Not Transported);0;None;0;None;0;None;1;1
48;Texas;483276;1;1;0;0;1;1;0;381;RANDALL (381);0;NOT APPLICABLE;30;30;12;December;2019;2;Monday;5;5:00am-5:59am;8;8;0;This section IS NOT on the NHS;8;Other;FM 168;US-60;1;Rural;5;Major Collector;98;Not Reported;0;None;34.95841667;34.95841667;-102.0972278;-102.09722778;0;No Special Jurisdiction;35;Embankment;0;The First Harmful Event was Not a Collision with a Motor Vehicle in Transport;0;No;3;Intersection-Related;3;T-Intersection;0;None;4;On Roadside;2;Dark - Not Lighted;1;Clear;0;No Additional Atmospheric Conditions;1;Clear;0;No;0;Not Applicable;99;Unknown;98;Unknown if Notified;99;Unknown EMS Scene Arrival Hour;98;Unknown if Arrived;88;Not Applicable (Not Transported);88;Not Applicable (Not Transported);0;None;0;None;0;None;1;0
48;Texas;483279;1;1;0;1;1;1;1;347;NACOGDOCHES (347);4810;NACOGDOCHES;31;31;12;December;2019;3;Tuesday;20;8:00pm-8:59pm;46;46;0;This section IS NOT on the NHS;6;Local Street - Municipality;PARK ST;CRISP RD;2;Urban;5;Major Collector;98;Not Reported;0;None;31.60979444;31.60979444;-94.62571111;-94.62571111;0;No Special Jurisdiction;8;Pedestrian;0;The First Harmful Event was Not a Collision with a Motor Vehicle in Transport;0;No;2;Intersection;3;T-Intersection;0;None;1;On Roadway;3;Dark - Lighted;1;Clear;0;No Additional Atmospheric Conditions;1;Clear;0;No;0;Not Applicable;99;Unknown;98;Unknown if Notified;99;Unknown EMS Scene Arrival Hour;98;Unknown if Arrived;88;Not Applicable (Not Transported);88;Not Applicable (Not Transported);0;None;0;None;0;None;1;1
48;Texas;483288;4;1;3;0;1;1;0;339;MONTGOMERY (339);0;NOT APPLICABLE;26;26;12;December;2019;5;Thursday;2;2:00am-2:59am;17;17;0;This section IS NOT on the NHS;4;County Road;CR-TRINITY WAY;CR-RUSSELL DRIVE;1;Rural;7;Local;98;Not Reported;0;None;30.15076389;30.15076389;-95.24555278;-95.24555278;0;No Special Jurisdiction;42;Tree (Standing Only);0;The First Harmful Event was Not a Collision with a Motor Vehicle in Transport;0;No;3;Intersection-Related;3;T-Intersection;0;None;4;On Roadside;2;Dark - Not Lighted;5;Fog, Smog, Smoke;0;No Additional Atmospheric Conditions;5;Fog, Smog, Smoke;0;No;0;Not Applicable;99;Unknown;98;Unknown if Notified;99;Unknown EMS Scene Arrival Hour;98;Unknown if Arrived;88;Not Applicable (Not Transported);88;Not Applicable (Not Transported);14;Motor Vehicle struck by falling cargo,or something that came loose from or something that was set in motion by a vehicle;0;None;0;None;1;1
48;Texas;483324;1;1;0;1;1;1;1;113;DALLAS (113);1730;DALLAS;12;12;12;December;2019;5;Thursday;18;6:00pm-6:59pm;20;20;0;This section IS NOT on the NHS;6;Local Street - Municipality;DANIELDALE RD;TALON DR;2;Urban;3;Principal Arterial - Other;98;Not Reported;0;None;32.633225;32.633225;-96.83019167;-96.83019167;0;No Special Jurisdiction;9;Pedalcyclist;0;The First Harmful Event was Not a Collision with a Motor Vehicle in Transport;0;No;2;Intersection;3;T-Intersection;0;None;1;On Roadway;2;Dark - Not Lighted;1;Clear;0;No Additional Atmospheric Conditions;1;Clear;0;No;0;Not Applicable;99;Unknown;99;Unknown;99;Unknown EMS Scene Arrival Hour;99;Unknown EMS Scene Arrival Minutes;99;Unknown;99;Unknown EMS Hospital Arrival Time;0;None;0;None;0;None;1;0
48;Texas;483330;2;2;0;1;3;3;1;141;EL PASO (141);0;NOT APPLICABLE;16;16;12;December;2019;2;Monday;18;6:00pm-6:59pm;3;3;1;This section IS ON the NHS;8;Other;FM 1281 HORIZON BLVD;BOWDOIN ST;2;Urban;3;Principal Arterial - Other;98;Not Reported;39;39;31.67164722;31.67164722;-106.2301528;-106.23015278;0;No Special Jurisdiction;8;Pedestrian;0;The First Harmful Event was Not a Collision with a Motor Vehicle in Transport;0;No;2;Intersection;3;T-Intersection;0;None;1;On Roadway;3;Dark - Lighted;1;Clear;0;No Additional Atmospheric Conditions;1;Clear;0;No;0;Not Applicable;99;Unknown;98;Unknown if Notified;99;Unknown EMS Scene Arrival Hour;98;Unknown if Arrived;88;Not Applicable (Not Transported);88;Not Applicable (Not Transported);0;None;0;None;0;None;1;0
48;Texas;483341;2;2;0;0;2;2;0;141;EL PASO (141);2190;EL PASO;27;27;11;November;2019;4;Wednesday;10;10:00am-10:59am;58;58;0;This section IS NOT on the NHS;6;Local Street - Municipality;ALABAMA ROAD;SUNNYSIDE COURT;2;Urban;4;Minor Arterial;98;Not Reported;0;None;31.83743611;31.83743611;-106.4573917;-106.45739167;0;No Special Jurisdiction;12;Motor Vehicle In-Transport;2;Front-to-Front;0;No;2;Intersection;3;T-Intersection;0;None;1;On Roadway;1;Daylight;10;Cloudy;0;No Additional Atmospheric Conditions;10;Cloudy;0;No;0;Not Applicable;99;Unknown;99;Unknown;99;Unknown EMS Scene Arrival Hour;99;Unknown EMS Scene Arrival Minutes;88;Not Applicable (Not Transported);88;Not Applicable (Not Transported);0;None;0;None;0;None;1;0
48;Texas;483342;2;2;0;0;2;2;0;5;ANGELINA (5);0;NOT APPLICABLE;11;11;12;December;2019;4;Wednesday;12;12:00pm-12:59pm;58;58;1;This section IS ON the NHS;2;U.S. Highway;US-69;FM 326;1;Rural;3;Principal Arterial - Other;98;Not Reported;56;56;31.28951944;31.28951944;-94.63800833;-94.63800833;0;No Special Jurisdiction;12;Motor Vehicle In-Transport;2;Front-to-Front;0;No;3;Intersection-Related;3;T-Intersection;0;None;1;On Roadway;1;Daylight;1;Clear;0;No Additional Atmospheric Conditions;1;Clear;0;No;0;Not Applicable;99;Unknown;99;Unknown;99;Unknown EMS Scene Arrival Hour;99;Unknown EMS Scene Arrival Minutes;99;Unknown;99;Unknown EMS Hospital Arrival Time;0;None;0;None;0;None;1;0
48;Texas;483352;3;3;0;0;5;5;0;277;LAMAR (277);5220;PARIS;24;24;10;October;2019;5;Thursday;12;12:00pm-12:59pm;24;24;1;This section IS ON the NHS;2;U.S. Highway;US-82/LOOP 286;29TH STREET;2;Urban;3;Principal Arterial - Other;98;Not Reported;56;56;33.67458889;33.67458889;-95.52342222;-95.52342222;0;No Special Jurisdiction;12;Motor Vehicle In-Transport;1;Front-to-Rear;0;No;3;Intersection-Related;3;T-Intersection;0;None;1;On Roadway;1;Daylight;2;Rain;0;No Additional Atmospheric Conditions;2;Rain;0;No;0;Not Applicable;12;12:00pm-12:59pm;25;25;12;12:00pm-12:59pm;29;29;12;12:00pm-12:59pm;51;51;0;None;0;None;0;None;1;0
48;Texas;483353;1;1;0;0;2;2;0;249;JIM WELLS (249);0;NOT APPLICABLE;14;14;12;December;2019;7;Saturday;12;12:00pm-12:59pm;5;5;0;This section IS NOT on the NHS;4;County Road;CR-369/CR-TRAIL RIDGE DR;FM 534;1;Rural;7;Local;98;Not Reported;0;None;28.04918056;28.04918056;-97.94586944;-97.94586944;0;No Special Jurisdiction;42;Tree (Standing Only);0;The First Harmful Event was Not a Collision with a Motor Vehicle in Transport;0;No;3;Intersection-Related;3;T-Intersection;0;None;4;On Roadside;1;Daylight;1;Clear;0;No Additional Atmospheric Conditions;1;Clear;0;No;0;Not Applicable;99;Unknown;99;Unknown;99;Unknown EMS Scene Arrival Hour;99;Unknown EMS Scene Arrival Minutes;99;Unknown;99;Unknown EMS Hospital Arrival Time;0;None;0;None;0;None;1;0
48;Texas;483360;2;2;0;0;5;5;0;419;SHELBY (419);6820;TENAHA;4;4;12;December;2019;4;Wednesday;9;9:00am-9:59am;37;37;1;This section IS ON the NHS;2;U.S. Highway;US-59/US-84/GEORGE BOWERS DR;SR-157/CENTER ST;1;Rural;3;Principal Arterial - Other;98;Not Reported;2;2;31.94396389;31.94396389;-94.24415833;-94.24415833;0;No Special Jurisdiction;12;Motor Vehicle In-Transport;6;Angle;0;No;2;Intersection;3;T-Intersection;0;None;1;On Roadway;1;Daylight;1;Clear;0;No Additional Atmospheric Conditions;1;Clear;0;No;0;Not Applicable;99;Unknown;98;Unknown if Notified;99;Unknown EMS Scene Arrival Hour;98;Unknown if Arrived;88;Not Applicable (Not Transported);88;Not Applicable (Not Transported);0;None;0;None;0;None;1;0
48;Texas;483362;1;1;0;1;1;1;1;157;FORT BEND (157);0;NOT APPLICABLE;30;30;12;December;2019;2;Monday;21;9:00pm-9:59pm;44;44;0;This section IS NOT on the NHS;8;Other;FM 1092/MURPHY RD;CR-DOVE COUNTRY DR;2;Urban;4;Minor Arterial;98;Not Reported;31;31;29.60821667;29.60821667;-95.56446944;-95.56446944;0;No Special Jurisdiction;8;Pedestrian;0;The First Harmful Event was Not a Collision with a Motor Vehicle in Transport;0;No;2;Intersection;3;T-Intersection;0;None;1;On Roadway;2;Dark - Not Lighted;1;Clear;0;No Additional Atmospheric Conditions;1;Clear;0;No;0;Not Applicable;99;Unknown;98;Unknown if Notified;99;Unknown EMS Scene Arrival Hour;98;Unknown if Arrived;88;Not Applicable (Not Transported);88;Not Applicable (Not Transported);0;None;0;None;0;None;1;1
48;Texas;483376;1;1;0;0;1;1;0;479;WEBB (479);9997;Other;22;22;9;September;2019;1;Sunday;4;4:00am-4:59am;30;30;0;This section IS NOT on the NHS;7;Local Street - Frontage Road;US-83 SERVICE RD/ZAPATA HWY;PASEO DE TIBER ROAD;2;Urban;3;Principal Arterial - Other;98;Not Reported;110;110;27.36398333;27.36398333;-99.46084167;-99.46084167;0;No Special Jurisdiction;25;Concrete Traffic Barrier;0;The First Harmful Event was Not a Collision with a Motor Vehicle in Transport;0;No;3;Intersection-Related;3;T-Intersection;0;None;10;Separator;3;Dark - Lighted;1;Clear;0;No Additional Atmospheric Conditions;1;Clear;0;No;0;Not Applicable;99;Unknown;98;Unknown if Notified;99;Unknown EMS Scene Arrival Hour;98;Unknown if Arrived;88;Not Applicable (Not Transported);88;Not Applicable (Not Transported);0;None;0;None;0;None;1;0
48;Texas;483380;2;2;0;0;2;2;0;201;HARRIS (201);0;NOT APPLICABLE;7;7;1;January;2019;2;Monday;19;7:00pm-7:59pm;0;0;0;This section IS NOT on the NHS;4;County Road;CR-SPRING CYPRESS ROAD;NORTHSTONE LANE;2;Urban;4;Minor Arterial;98;Not Reported;0;None;30.00785278;30.00785278;-95.62372778;-95.62372778;0;No Special Jurisdiction;12;Motor Vehicle In-Transport;6;Angle;0;No;3;Intersection-Related;3;T-Intersection;0;None;1;On Roadway;2;Dark - Not Lighted;1;Clear;0;No Additional Atmospheric Conditions;1;Clear;0;No;0;Not Applicable;99;Unknown;99;Unknown;99;Unknown EMS Scene Arrival Hour;99;Unknown EMS Scene Arrival Minutes;99;Unknown;99;Unknown EMS Hospital Arrival Time;0;None;0;None;0;None;1;0