STATE;STATENAME;ST_CASE;VE_TOTAL;VE_FORMS;PVH_INVL;PEDS;PERSONS;PERMVIT;PERNOTMVIT;COUNTY;COUNTYNAME;CITY;CITYNAME;DAY;DAYNAME;MONTH;MONTHNAME;YEAR;DAY_WEEK;DAY_WEEKNAME;HOUR;HOURNAME;MINUTE;MINUTENAME;NHS;NHSNAME;ROUTE;ROUTENAME;TWAY_ID;TWAY_ID2;RUR_URB;RUR_URBNAME;FUNC_SYS;FUNC_SYSNAME;RD_OWNER;RD_OWNERNAME;MILEPT;MILEPTNAME;LATITUDE;LATITUDENAME;LONGITUD;LONGITUDNAME;SP_JUR;SP_JURNAME;HARM_EV;HARM_EVNAME;MAN_COLL;MAN_COLLNAME;RELJCT1;RELJCT1NAME;RELJCT2;RELJCT2NAME;TYP_INT;TYP_INTNAME;WRK_ZONE;WRK_ZONENAME;REL_ROAD;REL_ROADNAME;LGT_COND;LGT_CONDNAME;WEATHER1;WEATHER1NAME;WEATHER2;WEATHER2NAME;WEATHER;WEATHERNAME;SCH_BUS;SCH_BUSNAME;RAIL;RAILNAME;NOT_HOUR;NOT_HOURNAME;NOT_MIN;NOT_MINNAME;ARR_HOUR;ARR_HOURNAME;ARR_MIN;ARR_MINNAME;HOSP_HR;HOSP_HRNAME;HOSP_MN;HOSP_MNNAME;CF1;CF1NAME;CF2;CF2NAME;CF3;CF3NAME;FATALS;DRUNK_DR
48;Texas;483389;2;2;0;0;4;4;0;439;TARRANT (439);0;NOT APPLICABLE;4;4;7;July;2019;5;Thursday;16;4:00pm-4:59pm;28;28;0;This section IS NOT on the NHS;8;Other;RM 2871;WESTRIDGE RD;2;Urban;4;Minor Arterial;98;Not Reported;136;136;32.682275;32.682275;-97.49906944;-97.49906944;0;No Special Jurisdiction;12;Motor Vehicle In-Transport;6;Angle;0;No;2;Intersection;3;T-Intersection;0;None;1;On Roadway;1;Daylight;1;Clear;0;No Additional Atmospheric Conditions;1;Clear;0;No;0;Not Applicable;99;Unknown;98;Unknown if Notified;99;Unknown EMS Scene Arrival Hour;98;Unknown if Arrived;88;Not Applicable (Not Transported);88;Not Applicable (Not Transported);0;None;0;None;0;None;1;0
49;Utah;490015;1;1;0;1;1;1;1;35;SALT LAKE (35);1020;MAGNA;30;30;1;January;2019;4;Wednesday;19;7:00pm-7:59pm;38;38;0;This section IS NOT on the NHS;6;Local Street - Municipality;2700 S;8950 W;2;Urban;7;Local;4;City or Municipal Highway Agency;0;None;40.711025;40.711025;-112.1052333;-112.10523333;0;No Special Jurisdiction;8;Pedestrian;0;The First Harmful Event was Not a Collision with a Motor Vehicle in Transport;0;No;3;Intersection-Related;3;T-Intersection;0;None;1;On Roadway;3;Dark - Lighted;1;Clear;0;No Additional Atmospheric Conditions;1;Clear;0;No;0;Not Applicable;19;7:00pm-7:59pm;43;43;19;7:00pm-7:59pm;46;46;99;Unknown;99;Unknown EMS Hospital Arrival Time;0;None;0;None;0;None;1;0
49;Utah;490034;2;2;0;0;3;3;0;47;UINTAH (47);1251;NAPLES;6;6;4;April;2019;7;Saturday;15;3:00pm-3:59pm;21;21;1;This section IS ON the NHS;2;U.S. Highway;US-40;4625 EAST;1;Rural;3;Principal Arterial - Other;1;State Highway Agency;1490;1490;40.38846111;40.38846111;-109.4390889;-109.43908889;0;No Special Jurisdiction;12;Motor Vehicle In-Transport;6;Angle;1;Yes;2;Intersection;3;T-Intersection;0;None;1;On Roadway;1;Daylight;10;Cloudy;0;No Additional Atmospheric Conditions;10;Cloudy;0;No;0;Not Applicable;15;3:00pm-3:59pm;24;24;15;3:00pm-3:59pm;38;38;15;3:00pm-3:59pm;38;38;0;None;0;None;0;None;1;0
49;Utah;490057;2;2;0;0;3;3;0;35;SALT LAKE (35);1020;MAGNA;27;27;3;March;2019;4;Wednesday;16;4:00pm-4:59pm;40;40;1;This section IS ON the NHS;3;State Highway;SR-201;9180 WEST;2;Urban;3;Principal Arterial - Other;1;State Highway Agency;60;60;40.71823333;40.71823333;-112.1094139;-112.10941389;0;No Special Jurisdiction;12;Motor Vehicle In-Transport;6;Angle;0;No;2;Intersection;3;T-Intersection;0;None;1;On Roadway;1;Daylight;1;Clear;0;No Additional Atmospheric Conditions;1;Clear;0;No;0;Not Applicable;16;4:00pm-4:59pm;43;43;16;4:00pm-4:59pm;54;54;99;Unknown;99;Unknown EMS Hospital Arrival Time;0;None;0;None;0;None;2;0
49;Utah;490094;2;2;0;0;3;3;0;51;WASATCH (51);0;NOT APPLICABLE;13;13;7;July;2019;7;Saturday;17;5:00pm-5:59pm;40;40;1;This section IS ON the NHS;2;U.S. Highway;US-40;STRAWBERRY RD.;1;Rural;3;Principal Arterial - Other;1;State Highway Agency;403;403;40.24118889;40.24118889;-111.1815306;-111.18153056;0;No Special Jurisdiction;12;Motor Vehicle In-Transport;6;Angle;0;No;2;Intersection;3;T-Intersection;4;Work Zone, Type Unknown;1;On Roadway;1;Daylight;10;Cloudy;0;No Additional Atmospheric Conditions;10;Cloudy;0;No;0;Not Applicable;19;7:00pm-7:59pm;44;44;20;8:00pm-8:59pm;8;8;99;Unknown;99;Unknown EMS Hospital Arrival Time;0;None;0;None;0;None;1;0
49;Utah;490107;1;1;0;1;1;1;1;35;SALT LAKE (35);1710;SANDY CITY;7;7;2;February;2019;5;Thursday;11;11:00am-11:59am;28;28;0;This section IS NOT on the NHS;6;Local Street - Municipality;WASATCH BLVD;10040 S;2;Urban;3;Principal Arterial - Other;4;City or Municipal Highway Agency;0;None;40.56889722;40.56889722;-111.8016306;-111.80163056;0;No Special Jurisdiction;8;Pedestrian;0;The First Harmful Event was Not a Collision with a Motor Vehicle in Transport;0;No;3;Intersection-Related;3;T-Intersection;0;None;1;On Roadway;1;Daylight;1;Clear;0;No Additional Atmospheric Conditions;1;Clear;0;No;0;Not Applicable;11;11:00am-11:59am;29;29;11;11:00am-11:59am;38;38;88;Not Applicable (Not Transported);88;Not Applicable (Not Transported);0;None;0;None;0;None;1;0
49;Utah;490112;2;2;0;0;5;5;0;49;UTAH (49);40;AMERICAN FORK;29;29;8;August;2019;5;Thursday;8;8:00am-8:59am;16;16;1;This section IS ON the NHS;6;Local Street - Municipality;STATE ROAD;860 EAST STREET;2;Urban;3;Principal Arterial - Other;4;City or Municipal Highway Agency;0;None;40.35988611;40.35988611;-111.774225;-111.774225;0;No Special Jurisdiction;12;Motor Vehicle In-Transport;6;Angle;0;No;2;Intersection;3;T-Intersection;0;None;1;On Roadway;1;Daylight;1;Clear;0;No Additional Atmospheric Conditions;1;Clear;0;No;0;Not Applicable;8;8:00am-8:59am;16;16;8;8:00am-8:59am;20;20;88;Not Applicable (Not Transported);88;Not Applicable (Not Transported);0;None;0;None;0;None;1;0
49;Utah;490123;1;1;0;1;3;3;1;49;UTAH (49);1560;PROVO;22;22;9;September;2019;1;Sunday;20;8:00pm-8:59pm;15;15;0;This section IS NOT on the NHS;6;Local Street - Municipality;STADIUM AVE;CANYON ROAD;2;Urban;4;Minor Arterial;4;City or Municipal Highway Agency;0;None;40.25875278;40.25875278;-111.6560833;-111.65608333;0;No Special Jurisdiction;15;Non-Motorist on Personal Conveyance;0;The First Harmful Event was Not a Collision with a Motor Vehicle in Transport;0;No;2;Intersection;3;T-Intersection;0;None;1;On Roadway;3;Dark - Lighted;1;Clear;0;No Additional Atmospheric Conditions;1;Clear;0;No;0;Not Applicable;20;8:00pm-8:59pm;15;15;20;8:00pm-8:59pm;20;20;99;Unknown;99;Unknown EMS Hospital Arrival Time;0;None;0;None;0;None;1;0
49;Utah;490139;1;1;0;0;1;1;0;49;UTAH (49);1390;OREM;12;12;10;October;2019;7;Saturday;2;2:00am-2:59am;6;6;1;This section IS ON the NHS;3;State Highway;SR-114;400 N;2;Urban;3;Principal Arterial - Other;1;State Highway Agency;0;None;40.30503889;40.30503889;-111.7331806;-111.73318056;0;No Special Jurisdiction;31;Post, Pole or Other Supports;0;The First Harmful Event was Not a Collision with a Motor Vehicle in Transport;0;No;3;Intersection-Related;3;T-Intersection;0;None;5;Outside Trafficway;2;Dark - Not Lighted;1;Clear;0;No Additional Atmospheric Conditions;1;Clear;0;No;0;Not Applicable;2;2:00am-2:59am;6;6;2;2:00am-2:59am;7;7;88;Not Applicable (Not Transported);88;Not Applicable (Not Transported);0;None;0;None;0;None;1;1
49;Utah;490158;1;1;0;1;1;1;1;49;UTAH (49);40;AMERICAN FORK;24;24;4;April;2019;4;Wednesday;17;5:00pm-5:59pm;50;50;0;This section IS NOT on the NHS;6;Local Street - Municipality;1120 NORTH;560 WEST;2;Urban;7;Local;4;City or Municipal Highway Agency;0;None;40.3995;40.3995;-111.8110944;-111.81109444;0;No Special Jurisdiction;9;Pedalcyclist;0;The First Harmful Event was Not a Collision with a Motor Vehicle in Transport;1;Yes;2;Intersection;3;T-Intersection;0;None;1;On Roadway;1;Daylight;10;Cloudy;0;No Additional Atmospheric Conditions;10;Cloudy;0;No;0;Not Applicable;99;Unknown;99;Unknown;99;Unknown EMS Scene Arrival Hour;99;Unknown EMS Scene Arrival Minutes;99;Unknown;99;Unknown EMS Hospital Arrival Time;0;None;0;None;0;None;1;0
49;Utah;490168;2;2;0;0;2;2;0;35;SALT LAKE (35);1710;SANDY CITY;30;30;10;October;2019;4;Wednesday;9;9:00am-9:59am;24;24;1;This section IS ON the NHS;2;U.S. Highway;US-89;8840 SOUTH;2;Urban;3;Principal Arterial - Other;1;State Highway Agency;0;None;40.59101944;40.59101944;-111.8908806;-111.89088056;0;No Special Jurisdiction;12;Motor Vehicle In-Transport;6;Angle;0;No;3;Intersection-Related;3;T-Intersection;0;None;1;On Roadway;1;Daylight;1;Clear;0;No Additional Atmospheric Conditions;1;Clear;0;No;0;Not Applicable;10;10:00am-10:59am;24;24;10;10:00am-10:59am;26;26;88;Not Applicable (Not Transported);88;Not Applicable (Not Transported);0;None;0;None;0;None;1;0
49;Utah;490200;3;3;0;1;3;3;1;35;SALT LAKE (35);1820;SOUTH SALT LAKE;27;27;12;December;2019;6;Friday;18;6:00pm-6:59pm;51;51;1;This section IS ON the NHS;3;State Highway;SR-174;1000 WEST;2;Urban;3;Principal Arterial - Other;1;State Highway Agency;0;None;40.699375;40.699375;-111.9198222;-111.91982222;0;No Special Jurisdiction;8;Pedestrian;0;The First Harmful Event was Not a Collision with a Motor Vehicle in Transport;0;No;3;Intersection-Related;3;T-Intersection;0;None;1;On Roadway;2;Dark - Not Lighted;1;Clear;0;No Additional Atmospheric Conditions;1;Clear;0;No;0;Not Applicable;18;6:00pm-6:59pm;52;52;20;8:00pm-8:59pm;4;4;99;Unknown;99;Unknown EMS Hospital Arrival Time;0;None;0;None;0;None;1;0
49;Utah;490205;2;2;0;0;2;2;0;35;SALT LAKE (35);311;COTTONWOOD;23;23;11;November;2019;7;Saturday;19;7:00pm-7:59pm;23;23;0;This section IS NOT on the NHS;6;Local Street - Municipality;FORT UNION BLVD;2700 EAST;2;Urban;4;Minor Arterial;4;City or Municipal Highway Agency;0;None;40.62395556;40.62395556;-111.8142028;-111.81420278;0;No Special Jurisdiction;12;Motor Vehicle In-Transport;1;Front-to-Rear;0;No;2;Intersection;3;T-Intersection;0;None;1;On Roadway;3;Dark - Lighted;1;Clear;0;No Additional Atmospheric Conditions;1;Clear;0;No;0;Not Applicable;19;7:00pm-7:59pm;24;24;19;7:00pm-7:59pm;28;28;19;7:00pm-7:59pm;52;52;0;None;0;None;0;None;1;0
49;Utah;490220;1;1;0;0;3;3;0;1;BEAVER (1);1160;MINERSVILLE;15;15;12;December;2019;1;Sunday;20;8:00pm-8:59pm;7;7;0;This section IS NOT on the NHS;5;Local Street - Township;THERMO ROAD;SR-129;1;Rural;6;Minor Collector;2;County Highway Agency;0;None;38.221625;38.221625;-112.9615278;-112.96152778;0;No Special Jurisdiction;35;Embankment;0;The First Harmful Event was Not a Collision with a Motor Vehicle in Transport;0;No;3;Intersection-Related;3;T-Intersection;0;None;4;On Roadside;2;Dark - Not Lighted;1;Clear;0;No Additional Atmospheric Conditions;1;Clear;0;No;0;Not Applicable;99;Unknown;99;Unknown;99;Unknown EMS Scene Arrival Hour;99;Unknown EMS Scene Arrival Minutes;99;Unknown;99;Unknown EMS Hospital Arrival Time;0;None;0;None;0;None;2;0
50;Vermont;500010;2;2;0;0;3;3;0;5;CALEDONIA (5);581;RYEGATE CORNER;26;26;6;June;2019;4;Wednesday;19;7:00pm-7:59pm;21;21;0;This section IS NOT on the NHS;5;Local Street - Township;MINC-0215 PEACHAM RD;CROWN DR;1;Rural;5;Major Collector;3;Town or Township Highway Agency;15;15;44.262925;44.262925;-72.171625;-72.171625;0;No Special Jurisdiction;12;Motor Vehicle In-Transport;2;Front-to-Front;0;No;3;Intersection-Related;3;T-Intersection;0;None;1;On Roadway;1;Daylight;10;Cloudy;0;No Additional Atmospheric Conditions;10;Cloudy;0;No;0;Not Applicable;19;7:00pm-7:59pm;35;35;20;8:00pm-8:59pm;9;9;20;8:00pm-8:59pm;45;45;0;None;0;None;0;None;1;0
50;Vermont;500025;1;1;0;1;1;1;1;7;CHITTENDEN (7);570;RICHMOND;3;3;10;October;2019;5;Thursday;19;7:00pm-7:59pm;24;24;0;This section IS NOT on the NHS;5;Local Street - Township;MINC 0209 BRIDGE ST;TH-49;1;Rural;5;Major Collector;3;Town or Township Highway Agency;49;49;44.40323056;44.40323056;-72.99510278;-72.99510278;0;No Special Jurisdiction;8;Pedestrian;0;The First Harmful Event was Not a Collision with a Motor Vehicle in Transport;0;No;3;Intersection-Related;3;T-Intersection;0;None;1;On Roadway;3;Dark - Lighted;2;Rain;0;No Additional Atmospheric Conditions;2;Rain;0;No;0;Not Applicable;19;7:00pm-7:59pm;23;23;19;7:00pm-7:59pm;26;26;20;8:00pm-8:59pm;0;0;0;None;0;None;0;None;1;0
50;Vermont;500026;2;1;1;0;1;1;0;27;WINDSOR (27);72;BETHEL;4;4;10;October;2019;6;Friday;15;3:00pm-3:59pm;12;12;0;This section IS NOT on the NHS;5;Local Street - Township;TH-50 ROYALTON HILL RD;NORTH ROAD;1;Rural;7;Local;3;Town or Township Highway Agency;99999;Unknown;43.82066944;43.82066944;-72.630125;-72.630125;0;No Special Jurisdiction;45;Working Motor Vehicle;0;The First Harmful Event was Not a Collision with a Motor Vehicle in Transport;0;No;3;Intersection-Related;3;T-Intersection;3;Utility;1;On Roadway;1;Daylight;1;Clear;0;No Additional Atmospheric Conditions;1;Clear;0;No;0;Not Applicable;15;3:00pm-3:59pm;14;14;15;3:00pm-3:59pm;20;20;16;4:00pm-4:59pm;46;46;0;None;0;None;0;None;1;0
50;Vermont;500042;1;1;0;0;1;1;0;5;CALEDONIA (5);601;SAINT JOHNSBURY CENTER;21;21;12;December;2019;7;Saturday;22;10:00pm-10:59pm;39;39;0;This section IS NOT on the NHS;6;Local Street - Municipality;FAU 7027 SEVERANCE RD;TH-22 HUTCHINSON DR;2;Urban;5;Major Collector;3;Town or Township Highway Agency;99999;Unknown;44.47051389;44.47051389;-71.94881667;-71.94881667;0;No Special Jurisdiction;1;Rollover/Overturn;0;The First Harmful Event was Not a Collision with a Motor Vehicle in Transport;0;No;3;Intersection-Related;3;T-Intersection;0;None;4;On Roadside;2;Dark - Not Lighted;1;Clear;0;No Additional Atmospheric Conditions;1;Clear;0;No;0;Not Applicable;17;5:00pm-5:59pm;21;21;17;5:00pm-5:59pm;24;24;88;Not Applicable (Not Transported);88;Not Applicable (Not Transported);18;Date of Crash and Date of EMS Notification were not the same day;0;None;0;None;1;1
50;Vermont;500044;2;2;0;0;2;2;0;11;FRANKLIN (11);9997;Other;28;28;12;December;2019;7;Saturday;11;11:00am-11:59am;27;27;0;This section IS NOT on the NHS;5;Local Street - Township;MC 0302 RICHFORD RD;TH 32;1;Rural;5;Major Collector;3;Town or Township Highway Agency;45;45;44.98027778;44.98027778;-72.72930833;-72.72930833;0;No Special Jurisdiction;12;Motor Vehicle In-Transport;1;Front-to-Rear;0;No;3;Intersection-Related;3;T-Intersection;0;None;1;On Roadway;1;Daylight;1;Clear;0;No Additional Atmospheric Conditions;1;Clear;0;No;0;Not Applicable;11;11:00am-11:59am;28;28;11;11:00am-11:59am;35;35;12;12:00pm-12:59pm;16;16;0;None;0;None;0;None;1;1
51;Virginia;510006;1;1;0;1;1;1;1;157;RAPPAHANNOCK (157);0;NOT APPLICABLE;6;6;1;January;2019;1;Sunday;20;8:00pm-8:59pm;5;5;1;This section IS ON the NHS;2;U.S. Highway;US-211;RTE 667;1;Rural;3;Principal Arterial - Other;1;State Highway Agency;296;296;38.6543;38.6543;-78.24523056;-78.24523056;0;No Special Jurisdiction;8;Pedestrian;0;The First Harmful Event was Not a Collision with a Motor Vehicle in Transport;0;No;3;Intersection-Related;3;T-Intersection;0;None;1;On Roadway;2;Dark - Not Lighted;98;Not Reported;0;No Additional Atmospheric Conditions;98;Not Reported;0;No;0;Not Applicable;99;Unknown;99;Unknown;99;Unknown EMS Scene Arrival Hour;99;Unknown EMS Scene Arrival Minutes;99;Unknown;99;Unknown EMS Hospital Arrival Time;0;None;0;None;0;None;1;0
51;Virginia;510018;1;1;0;0;1;1;0;15;AUGUSTA (15);0;NOT APPLICABLE;7;7;1;January;2019;2;Monday;21;9:00pm-9:59pm;0;0;0;This section IS NOT on the NHS;4;County Road;CR-654;RTE 11;1;Rural;5;Major Collector;1;State Highway Agency;0;None;38.07851944;38.07851944;-79.09958889;-79.09958889;0;No Special Jurisdiction;35;Embankment;0;The First Harmful Event was Not a Collision with a Motor Vehicle in Transport;0;No;3;Intersection-Related;3;T-Intersection;0;None;4;On Roadside;2;Dark - Not Lighted;2;Rain;0;No Additional Atmospheric Conditions;2;Rain;0;No;0;Not Applicable;99;Unknown;99;Unknown;99;Unknown EMS Scene Arrival Hour;99;Unknown EMS Scene Arrival Minutes;99;Unknown;99;Unknown EMS Hospital Arrival Time;0;None;0;None;0;None;1;1
51;Virginia;510029;3;3;0;0;3;3;0;683;MANASSAS (683);1550;MANASSAS;4;4;1;January;2019;6;Friday;10;10:00am-10:59am;18;18;0;This section IS NOT on the NHS;6;Local Street - Municipality;SUDLEY RD;GODWIN DR;2;Urban;4;Minor Arterial;4;City or Municipal Highway Agency;19;19;38.77016944;38.77016944;-77.49556944;-77.49556944;0;No Special Jurisdiction;12;Motor Vehicle In-Transport;1;Front-to-Rear;0;No;3;Intersection-Related;3;T-Intersection;0;None;1;On Roadway;1;Daylight;98;Not Reported;0;No Additional Atmospheric Conditions;98;Not Reported;0;No;0;Not Applicable;99;Unknown;99;Unknown;99;Unknown EMS Scene Arrival Hour;99;Unknown EMS Scene Arrival Minutes;99;Unknown;99;Unknown EMS Hospital Arrival Time;0;None;0;None;0;None;1;0
51;Virginia;510031;1;1;0;0;1;1;0;109;LOUISA (109);0;NOT APPLICABLE;20;20;1;January;2019;1;Sunday;17;5:00pm-5:59pm;3;3;0;This section IS NOT on the NHS;4;County Road;CR-609;LONG CREEK RIDGE LN;1;Rural;5;Major Collector;1;State Highway Agency;18;18;37.90925833;37.90925833;-77.82845556;-77.82845556;0;No Special Jurisdiction;1;Rollover/Overturn;0;The First Harmful Event was Not a Collision with a Motor Vehicle in Transport;0;No;2;Intersection;3;T-Intersection;0;None;1;On Roadway;1;Daylight;98;Not Reported;0;No Additional Atmospheric Conditions;98;Not Reported;0;No;0;Not Applicable;99;Unknown;98;Unknown if Notified;99;Unknown EMS Scene Arrival Hour;98;Unknown if Arrived;88;Not Applicable (Not Transported);88;Not Applicable (Not Transported);0;None;0;None;0;None;1;1
51;Virginia;510043;1;1;0;1;1;1;1;87;HENRICO (87);0;NOT APPLICABLE;6;6;1;January;2019;1;Sunday;19;7:00pm-7:59pm;52;52;0;This section IS NOT on the NHS;2;U.S. Highway;US-33;ADAIR AVENUE;2;Urban;3;Principal Arterial - Other;1;State Highway Agency;1303;1303;37.60853889;37.60853889;-77.49573889;-77.49573889;0;No Special Jurisdiction;8;Pedestrian;0;The First Harmful Event was Not a Collision with a Motor Vehicle in Transport;0;No;3;Intersection-Related;3;T-Intersection;0;None;1;On Roadway;2;Dark - Not Lighted;98;Not Reported;0;No Additional Atmospheric Conditions;98;Not Reported;0;No;0;Not Applicable;99;Unknown;99;Unknown;99;Unknown EMS Scene Arrival Hour;99;Unknown EMS Scene Arrival Minutes;99;Unknown;99;Unknown EMS Hospital Arrival Time;0;None;0;None;0;None;1;0
51;Virginia;510063;2;2;0;0;7;7;0;700;NEWPORT NEWS (700);1720;NEWPORT NEWS;23;23;1;January;2019;4;Wednesday;17;5:00pm-5:59pm;51;51;0;This section IS NOT on the NHS;3;State Highway;SR-143/JEFFERSON AVE;HABERSHAM DR;2;Urban;3;Principal Arterial - Other;4;City or Municipal Highway Agency;192;192;37.12365833;37.12365833;-76.50828611;-76.50828611;0;No Special Jurisdiction;12;Motor Vehicle In-Transport;6;Angle;0;No;2;Intersection;3;T-Intersection;0;None;1;On Roadway;3;Dark - Lighted;98;Not Reported;0;No Additional Atmospheric Conditions;98;Not Reported;0;No;0;Not Applicable;99;Unknown;99;Unknown;99;Unknown EMS Scene Arrival Hour;99;Unknown EMS Scene Arrival Minutes;99;Unknown;99;Unknown EMS Hospital Arrival Time;20;Police Pursuit Involved;0;None;0;None;1;0
51;Virginia;510077;2;2;0;0;3;3;0;47;CULPEPER (47);0;NOT APPLICABLE;13;13;2;February;2019;4;Wednesday;9;9:00am-9:59am;23;23;0;This section IS NOT on the NHS;4;County Road;CR-29;HOOVER ROAD;1;Rural;5;Major Collector;1;State Highway Agency;19;19;38.45416111;38.45416111;-78.12275;-78.12275;0;No Special Jurisdiction;12;Motor Vehicle In-Transport;6;Angle;0;No;2;Intersection;3;T-Intersection;0;None;1;On Roadway;1;Daylight;98;Not Reported;0;No Additional Atmospheric Conditions;98;Not Reported;0;No;0;Not Applicable;99;Unknown;99;Unknown;99;Unknown EMS Scene Arrival Hour;99;Unknown EMS Scene Arrival Minutes;99;Unknown;99;Unknown EMS Hospital Arrival Time;0;None;0;None;0;None;1;0
51;Virginia;510078;2;2;0;0;2;2;0;53;DINWIDDIE (53);0;NOT APPLICABLE;14;14;2;February;2019;5;Thursday;16;4:00pm-4:59pm;31;31;0;This section IS NOT on the NHS;2;U.S. Highway;US-1;AIRPORT STREET;2;Urban;4;Minor Arterial;1;State Highway Agency;645;645;37.18318889;37.18318889;-77.48741111;-77.48741111;0;No Special Jurisdiction;12;Motor Vehicle In-Transport;6;Angle;0;No;2;Intersection;3;T-Intersection;0;None;1;On Roadway;2;Dark - Not Lighted;98;Not Reported;0;No Additional Atmospheric Conditions;98;Not Reported;0;No;0;Not Applicable;99;Unknown;99;Unknown;99;Unknown EMS Scene Arrival Hour;99;Unknown EMS Scene Arrival Minutes;99;Unknown;99;Unknown EMS Hospital Arrival Time;0;None;0;None;0;None;1;0
51;Virginia;510095;2;2;0;0;3;3;0;650;HAMPTON (650);1180;HAMPTON;9;9;2;February;2019;7;Saturday;19;7:00pm-7:59pm;45;45;0;This section IS NOT on the NHS;3;State Highway;SR-169/FOX HILL ROAD;PAGE ROAD;2;Urban;4;Minor Arterial;4;City or Municipal Highway Agency;53;53;37.05866944;37.05866944;-76.3208;-76.3208;0;No Special Jurisdiction;12;Motor Vehicle In-Transport;6;Angle;0;No;2;Intersection;3;T-Intersection;0;None;1;On Roadway;3;Dark - Lighted;98;Not Reported;0;No Additional Atmospheric Conditions;98;Not Reported;0;No;0;Not Applicable;99;Unknown;99;Unknown;99;Unknown EMS Scene Arrival Hour;99;Unknown EMS Scene Arrival Minutes;99;Unknown;99;Unknown EMS Hospital Arrival Time;0;None;0;None;0;None;1;0
51;Virginia;510100;2;2;0;0;2;2;0;595;EMPORIA (595);870;EMPORIA;24;24;2;February;2019;1;Sunday;22;10:00pm-10:59pm;54;54;0;This section IS NOT on the NHS;2;U.S. Highway;US-58;DAVIS ST;1;Rural;3;Principal Arterial - Other;1;State Highway Agency;4134;4134;36.69655;36.69655;-77.51940556;-77.51940556;0;No Special Jurisdiction;12;Motor Vehicle In-Transport;6;Angle;0;No;2;Intersection;3;T-Intersection;0;None;1;On Roadway;2;Dark - Not Lighted;98;Not Reported;0;No Additional Atmospheric Conditions;98;Not Reported;0;No;0;Not Applicable;99;Unknown;98;Unknown if Notified;99;Unknown EMS Scene Arrival Hour;98;Unknown if Arrived;88;Not Applicable (Not Transported);88;Not Applicable (Not Transported);0;None;0;None;0;None;1;0
51;Virginia;510101;2;2;0;0;2;2;0;810;VIRGINIA BEACH (810);2540;VIRGINIA BEACH;19;19;2;February;2019;3;Tuesday;15;3:00pm-3:59pm;0;0;0;This section IS NOT on the NHS;2;U.S. Highway;US-60;KIMBALL CIRCLE;2;Urban;3;Principal Arterial - Other;4;City or Municipal Highway Agency;2882;2882;36.9071;36.9071;-76.17063056;-76.17063056;0;No Special Jurisdiction;12;Motor Vehicle In-Transport;6;Angle;0;No;2;Intersection;3;T-Intersection;0;None;1;On Roadway;1;Daylight;98;Not Reported;0;No Additional Atmospheric Conditions;98;Not Reported;0;No;0;Not Applicable;99;Unknown;99;Unknown;99;Unknown EMS Scene Arrival Hour;99;Unknown EMS Scene Arrival Minutes;99;Unknown;99;Unknown EMS Hospital Arrival Time;0;None;0;None;0;None;1;0
51;Virginia;510102;1;1;0;0;1;1;0;760;RICHMOND (760);2060;RICHMOND;1;1;3;March;2019;6;Friday;21;9:00pm-9:59pm;29;29;0;This section IS NOT on the NHS;2;U.S. Highway;US-360;EAST 2ND STREET;2;Urban;3;Principal Arterial - Other;4;City or Municipal Highway Agency;1399;1399;37.52603056;37.52603056;-77.43621944;-77.43621944;0;No Special Jurisdiction;46;Traffic Signal Support;0;The First Harmful Event was Not a Collision with a Motor Vehicle in Transport;0;No;3;Intersection-Related;3;T-Intersection;0;None;4;On Roadside;3;Dark - Lighted;2;Rain;0;No Additional Atmospheric Conditions;2;Rain;0;No;0;Not Applicable;99;Unknown;98;Unknown if Notified;99;Unknown EMS Scene Arrival Hour;98;Unknown if Arrived;88;Not Applicable (Not Transported);88;Not Applicable (Not Transported);20;Police Pursuit Involved;0;None;0;None;1;1
51;Virginia;510109;2;2;0;0;2;2;0;59;FAIRFAX (59);0;NOT APPLICABLE;8;8;2;February;2019;6;Friday;13;1:00pm-1:59pm;0;0;0;This section IS NOT on the NHS;4;County Road;CR-654;KIPP CT;2;Urban;5;Major Collector;1;State Highway Agency;52;52;38.782975;38.782975;-77.23763056;-77.23763056;0;No Special Jurisdiction;12;Motor Vehicle In-Transport;6;Angle;0;No;2;Intersection;3;T-Intersection;0;None;1;On Roadway;1;Daylight;98;Not Reported;0;No Additional Atmospheric Conditions;98;Not Reported;0;No;0;Not Applicable;99;Unknown;99;Unknown;99;Unknown EMS Scene Arrival Hour;99;Unknown EMS Scene Arrival Minutes;99;Unknown;99;Unknown EMS Hospital Arrival Time;0;None;0;None;0;None;1;1
51;Virginia;510121;2;2;0;0;2;2;0;83;HALIFAX (83);0;NOT APPLICABLE;5;5;3;March;2019;3;Tuesday;15;3:00pm-3:59pm;10;10;0;This section IS NOT on the NHS;3;State Highway;SR-360/BETHEL ROAD;SR-613;1;Rural;4;Minor Arterial;1;State Highway Agency;389;389;36.78316944;36.78316944;-78.85796111;-78.85796111;0;No Special Jurisdiction;12;Motor Vehicle In-Transport;1;Front-to-Rear;0;No;2;Intersection;3;T-Intersection;0;None;1;On Roadway;1;Daylight;98;Not Reported;0;No Additional Atmospheric Conditions;98;Not Reported;0;No;0;Not Applicable;99;Unknown;98;Unknown if Notified;99;Unknown EMS Scene Arrival Hour;98;Unknown if Arrived;88;Not Applicable (Not Transported);88;Not Applicable (Not Transported);0;None;0;None;0;None;1;0