STATE;STATENAME;ST_CASE;VE_TOTAL;VE_FORMS;PVH_INVL;PEDS;PERSONS;PERMVIT;PERNOTMVIT;COUNTY;COUNTYNAME;CITY;CITYNAME;DAY;DAYNAME;MONTH;MONTHNAME;YEAR;DAY_WEEK;DAY_WEEKNAME;HOUR;HOURNAME;MINUTE;MINUTENAME;NHS;NHSNAME;ROUTE;ROUTENAME;TWAY_ID;TWAY_ID2;RUR_URB;RUR_URBNAME;FUNC_SYS;FUNC_SYSNAME;RD_OWNER;RD_OWNERNAME;MILEPT;MILEPTNAME;LATITUDE;LATITUDENAME;LONGITUD;LONGITUDNAME;SP_JUR;SP_JURNAME;HARM_EV;HARM_EVNAME;MAN_COLL;MAN_COLLNAME;RELJCT1;RELJCT1NAME;RELJCT2;RELJCT2NAME;TYP_INT;TYP_INTNAME;WRK_ZONE;WRK_ZONENAME;REL_ROAD;REL_ROADNAME;LGT_COND;LGT_CONDNAME;WEATHER1;WEATHER1NAME;WEATHER2;WEATHER2NAME;WEATHER;WEATHERNAME;SCH_BUS;SCH_BUSNAME;RAIL;RAILNAME;NOT_HOUR;NOT_HOURNAME;NOT_MIN;NOT_MINNAME;ARR_HOUR;ARR_HOURNAME;ARR_MIN;ARR_MINNAME;HOSP_HR;HOSP_HRNAME;HOSP_MN;HOSP_MNNAME;CF1;CF1NAME;CF2;CF2NAME;CF3;CF3NAME;FATALS;DRUNK_DR
51;Virginia;510123;3;3;0;0;4;4;0;540;CHARLOTTESVILLE (540);440;CHARLOTTESVILLE;10;10;3;March;2019;1;Sunday;17;5:00pm-5:59pm;46;46;0;This section IS NOT on the NHS;2;U.S. Highway;US-29;RT 250 BYPASS;2;Urban;3;Principal Arterial - Other;4;City or Municipal Highway Agency;1393;1393;38.05805556;38.05805556;-78.49452222;-78.49452222;0;No Special Jurisdiction;12;Motor Vehicle In-Transport;1;Front-to-Rear;0;No;2;Intersection;3;T-Intersection;0;None;1;On Roadway;1;Daylight;98;Not Reported;0;No Additional Atmospheric Conditions;98;Not Reported;0;No;0;Not Applicable;99;Unknown;99;Unknown;99;Unknown EMS Scene Arrival Hour;99;Unknown EMS Scene Arrival Minutes;99;Unknown;99;Unknown EMS Hospital Arrival Time;0;None;0;None;0;None;1;0
51;Virginia;510135;1;1;0;0;2;2;0;163;ROCKBRIDGE (163);0;NOT APPLICABLE;7;7;3;March;2019;5;Thursday;12;12:00pm-12:59pm;35;35;0;This section IS NOT on the NHS;4;County Road;CR-81;PLOWBOY LANE;1;Rural;5;Major Collector;1;State Highway Agency;143;143;37.77708056;37.77708056;-79.35431111;-79.35431111;0;No Special Jurisdiction;53;Mail Box;0;The First Harmful Event was Not a Collision with a Motor Vehicle in Transport;0;No;3;Intersection-Related;3;T-Intersection;0;None;4;On Roadside;1;Daylight;98;Not Reported;0;No Additional Atmospheric Conditions;98;Not Reported;0;No;0;Not Applicable;99;Unknown;99;Unknown;99;Unknown EMS Scene Arrival Hour;99;Unknown EMS Scene Arrival Minutes;99;Unknown;99;Unknown EMS Hospital Arrival Time;0;None;0;None;0;None;1;0
51;Virginia;510137;2;2;0;0;3;3;0;177;SPOTSYLVANIA (177);0;NOT APPLICABLE;17;17;3;March;2019;1;Sunday;12;12:00pm-12:59pm;16;16;0;This section IS NOT on the NHS;4;County Road;CR-610;ARCADIA RD;1;Rural;5;Major Collector;1;State Highway Agency;15;15;38.10607222;38.10607222;-77.52991111;-77.52991111;0;No Special Jurisdiction;12;Motor Vehicle In-Transport;6;Angle;0;No;2;Intersection;3;T-Intersection;0;None;1;On Roadway;1;Daylight;98;Not Reported;0;No Additional Atmospheric Conditions;98;Not Reported;0;No;0;Not Applicable;99;Unknown;99;Unknown;99;Unknown EMS Scene Arrival Hour;99;Unknown EMS Scene Arrival Minutes;99;Unknown;99;Unknown EMS Hospital Arrival Time;0;None;0;None;0;None;1;0
51;Virginia;510150;1;1;0;2;1;1;2;59;FAIRFAX (59);0;NOT APPLICABLE;2;2;3;March;2019;7;Saturday;15;3:00pm-3:59pm;33;33;1;This section IS ON the NHS;1;Interstate;I-66/RAMP;US-29;2;Urban;1;Interstate;1;State Highway Agency;2;2;38.8368;38.8368;-77.449;-77.449;0;No Special Jurisdiction;8;Pedestrian;0;The First Harmful Event was Not a Collision with a Motor Vehicle in Transport;1;Yes;3;Intersection-Related;3;T-Intersection;0;None;1;On Roadway;1;Daylight;98;Not Reported;0;No Additional Atmospheric Conditions;98;Not Reported;0;No;0;Not Applicable;99;Unknown;99;Unknown;99;Unknown EMS Scene Arrival Hour;99;Unknown EMS Scene Arrival Minutes;99;Unknown;99;Unknown EMS Hospital Arrival Time;0;None;0;None;0;None;1;0
51;Virginia;510155;1;1;0;0;1;1;0;197;WYTHE (197);0;NOT APPLICABLE;27;27;3;March;2019;4;Wednesday;16;4:00pm-4:59pm;49;49;0;This section IS NOT on the NHS;4;County Road;CR-610;PEPPERS FERRY ROAD;1;Rural;6;Minor Collector;1;State Highway Agency;67;67;36.9712;36.9712;-80.94583889;-80.94583889;0;No Special Jurisdiction;42;Tree (Standing Only);0;The First Harmful Event was Not a Collision with a Motor Vehicle in Transport;0;No;3;Intersection-Related;3;T-Intersection;0;None;4;On Roadside;1;Daylight;98;Not Reported;0;No Additional Atmospheric Conditions;98;Not Reported;0;No;0;Not Applicable;99;Unknown;99;Unknown;99;Unknown EMS Scene Arrival Hour;99;Unknown EMS Scene Arrival Minutes;99;Unknown;99;Unknown EMS Hospital Arrival Time;0;None;0;None;0;None;1;0
51;Virginia;510162;1;1;0;1;1;1;1;87;HENRICO (87);0;NOT APPLICABLE;23;23;2;February;2019;7;Saturday;16;4:00pm-4:59pm;18;18;0;This section IS NOT on the NHS;6;Local Street - Municipality;WYNDHAM LAKE DRIVE;OLD WYNDHAM DRIVE;2;Urban;7;Local;2;County Highway Agency;10;10;37.70158333;37.70158333;-77.61605278;-77.61605278;0;No Special Jurisdiction;8;Pedestrian;0;The First Harmful Event was Not a Collision with a Motor Vehicle in Transport;0;No;3;Intersection-Related;3;T-Intersection;0;None;1;On Roadway;1;Daylight;2;Rain;0;No Additional Atmospheric Conditions;2;Rain;0;No;0;Not Applicable;99;Unknown;99;Unknown;99;Unknown EMS Scene Arrival Hour;99;Unknown EMS Scene Arrival Minutes;99;Unknown;99;Unknown EMS Hospital Arrival Time;0;None;0;None;0;None;1;0
51;Virginia;510174;2;2;0;0;2;2;0;43;CLARKE (43);0;NOT APPLICABLE;1;1;4;April;2019;2;Monday;12;12:00pm-12:59pm;20;20;0;This section IS NOT on the NHS;3;State Highway;SR-7/HARRY BYRD HIGHWAY;ROUTE 653;1;Rural;3;Principal Arterial - Other;1;State Highway Agency;90;90;39.16933889;39.16933889;-78.00823056;-78.00823056;0;No Special Jurisdiction;12;Motor Vehicle In-Transport;6;Angle;0;No;2;Intersection;3;T-Intersection;0;None;1;On Roadway;1;Daylight;98;Not Reported;0;No Additional Atmospheric Conditions;98;Not Reported;0;No;0;Not Applicable;99;Unknown;99;Unknown;99;Unknown EMS Scene Arrival Hour;99;Unknown EMS Scene Arrival Minutes;99;Unknown;99;Unknown EMS Hospital Arrival Time;0;None;0;None;0;None;1;0
51;Virginia;510211;3;3;0;0;3;3;0;161;ROANOKE (161);0;NOT APPLICABLE;25;25;4;April;2019;5;Thursday;17;5:00pm-5:59pm;13;13;0;This section IS NOT on the NHS;2;U.S. Highway;US-11;CAMPBELL DR;1;Rural;4;Minor Arterial;1;State Highway Agency;1342;1342;37.23561944;37.23561944;-80.18951111;-80.18951111;0;No Special Jurisdiction;12;Motor Vehicle In-Transport;1;Front-to-Rear;0;No;2;Intersection;3;T-Intersection;0;None;1;On Roadway;1;Daylight;98;Not Reported;0;No Additional Atmospheric Conditions;98;Not Reported;0;No;0;Not Applicable;99;Unknown;99;Unknown;99;Unknown EMS Scene Arrival Hour;99;Unknown EMS Scene Arrival Minutes;88;Not Applicable (Not Transported);88;Not Applicable (Not Transported);14;Motor Vehicle struck by falling cargo,or something that came loose from or something that was set in motion by a vehicle;0;None;0;None;1;0
51;Virginia;510225;2;2;0;0;3;3;0;43;CLARKE (43);0;NOT APPLICABLE;29;29;4;April;2019;2;Monday;8;8:00am-8:59am;30;30;0;This section IS NOT on the NHS;2;U.S. Highway;US-340;ROUTE 658;1;Rural;4;Minor Arterial;1;State Highway Agency;1076;1076;39.06023889;39.06023889;-78.10160833;-78.10160833;0;No Special Jurisdiction;12;Motor Vehicle In-Transport;6;Angle;0;No;2;Intersection;3;T-Intersection;0;None;1;On Roadway;1;Daylight;98;Not Reported;0;No Additional Atmospheric Conditions;98;Not Reported;0;No;0;Not Applicable;99;Unknown;98;Unknown if Notified;99;Unknown EMS Scene Arrival Hour;98;Unknown if Arrived;88;Not Applicable (Not Transported);88;Not Applicable (Not Transported);0;None;0;None;0;None;1;0
51;Virginia;510227;1;1;0;0;1;1;0;107;LOUDOUN (107);0;NOT APPLICABLE;4;4;5;May;2019;7;Saturday;7;7:00am-7:59am;20;20;0;This section IS NOT on the NHS;3;State Highway;SR-7/HARRY BYRD HIGHWAY;WILLIAMS GAP ROAD;1;Rural;3;Principal Arterial - Other;1;State Highway Agency;203;203;39.11795;39.11795;-77.82331111;-77.82331111;0;No Special Jurisdiction;35;Embankment;0;The First Harmful Event was Not a Collision with a Motor Vehicle in Transport;0;No;3;Intersection-Related;3;T-Intersection;0;None;4;On Roadside;1;Daylight;98;Not Reported;0;No Additional Atmospheric Conditions;98;Not Reported;0;No;0;Not Applicable;99;Unknown;99;Unknown;99;Unknown EMS Scene Arrival Hour;99;Unknown EMS Scene Arrival Minutes;99;Unknown;99;Unknown EMS Hospital Arrival Time;0;None;0;None;0;None;1;0
51;Virginia;510243;2;2;0;0;2;2;0;199;YORK (199);0;NOT APPLICABLE;8;8;5;May;2019;4;Wednesday;14;2:00pm-2:59pm;35;35;0;This section IS NOT on the NHS;4;County Road;CR-620;ASHLEY AVENUE;2;Urban;5;Major Collector;1;State Highway Agency;31;31;37.15161111;37.15161111;-76.45035278;-76.45035278;0;No Special Jurisdiction;12;Motor Vehicle In-Transport;6;Angle;0;No;2;Intersection;3;T-Intersection;0;None;1;On Roadway;1;Daylight;98;Not Reported;0;No Additional Atmospheric Conditions;98;Not Reported;0;No;0;Not Applicable;99;Unknown;99;Unknown;99;Unknown EMS Scene Arrival Hour;99;Unknown EMS Scene Arrival Minutes;99;Unknown;99;Unknown EMS Hospital Arrival Time;0;None;0;None;0;None;1;0
51;Virginia;510247;2;2;0;0;2;2;0;800;SUFFOLK (800);2390;SUFFOLK;12;12;5;May;2019;1;Sunday;15;3:00pm-3:59pm;21;21;0;This section IS NOT on the NHS;2;U.S. Highway;US-58;ROUTE 56 BYPASS;2;Urban;4;Minor Arterial;4;City or Municipal Highway Agency;0;None;36.72676944;36.72676944;-76.63203056;-76.63203056;0;No Special Jurisdiction;12;Motor Vehicle In-Transport;6;Angle;0;No;2;Intersection;3;T-Intersection;0;None;1;On Roadway;1;Daylight;98;Not Reported;0;No Additional Atmospheric Conditions;98;Not Reported;0;No;0;Not Applicable;99;Unknown;98;Unknown if Notified;99;Unknown EMS Scene Arrival Hour;98;Unknown if Arrived;88;Not Applicable (Not Transported);88;Not Applicable (Not Transported);0;None;0;None;0;None;1;1
51;Virginia;510253;2;2;0;0;2;2;0;59;FAIRFAX (59);0;NOT APPLICABLE;9;9;5;May;2019;5;Thursday;20;8:00pm-8:59pm;38;38;0;This section IS NOT on the NHS;4;County Road;CR-29;OX ROAD;2;Urban;4;Minor Arterial;1;State Highway Agency;0;None;38.70619722;38.70619722;-77.26011111;-77.26011111;0;No Special Jurisdiction;12;Motor Vehicle In-Transport;6;Angle;0;No;2;Intersection;3;T-Intersection;0;None;1;On Roadway;2;Dark - Not Lighted;98;Not Reported;0;No Additional Atmospheric Conditions;98;Not Reported;0;No;0;Not Applicable;99;Unknown;99;Unknown;99;Unknown EMS Scene Arrival Hour;99;Unknown EMS Scene Arrival Minutes;99;Unknown;99;Unknown EMS Hospital Arrival Time;0;None;0;None;0;None;1;0
51;Virginia;510259;1;1;0;0;1;1;0;63;FLOYD (63);0;NOT APPLICABLE;17;17;5;May;2019;6;Friday;14;2:00pm-2:59pm;30;30;0;This section IS NOT on the NHS;3;State Highway;SR-8/WEBBS MILL ROAD;ROUTE 773;1;Rural;4;Minor Arterial;1;State Highway Agency;377;377;36.94038889;36.94038889;-80.3478;-80.3478;0;No Special Jurisdiction;24;Guardrail Face;0;The First Harmful Event was Not a Collision with a Motor Vehicle in Transport;0;No;3;Intersection-Related;3;T-Intersection;0;None;4;On Roadside;1;Daylight;98;Not Reported;0;No Additional Atmospheric Conditions;98;Not Reported;0;No;0;Not Applicable;99;Unknown;98;Unknown if Notified;99;Unknown EMS Scene Arrival Hour;98;Unknown if Arrived;88;Not Applicable (Not Transported);88;Not Applicable (Not Transported);0;None;0;None;0;None;1;1
51;Virginia;510277;1;1;0;1;1;1;1;710;NORFOLK (710);1760;NORFOLK;18;18;5;May;2019;7;Saturday;20;8:00pm-8:59pm;46;46;1;This section IS ON the NHS;2;U.S. Highway;US-460;FIFE STREET;2;Urban;3;Principal Arterial - Other;4;City or Municipal Highway Agency;4034;4034;36.90793889;36.90793889;-76.27568889;-76.27568889;0;No Special Jurisdiction;8;Pedestrian;0;The First Harmful Event was Not a Collision with a Motor Vehicle in Transport;0;No;3;Intersection-Related;3;T-Intersection;0;None;1;On Roadway;3;Dark - Lighted;98;Not Reported;0;No Additional Atmospheric Conditions;98;Not Reported;0;No;0;Not Applicable;99;Unknown;99;Unknown;99;Unknown EMS Scene Arrival Hour;99;Unknown EMS Scene Arrival Minutes;99;Unknown;99;Unknown EMS Hospital Arrival Time;0;None;0;None;0;None;1;0
51;Virginia;510289;2;2;0;0;2;2;0;47;CULPEPER (47);0;NOT APPLICABLE;21;21;5;May;2019;3;Tuesday;18;6:00pm-6:59pm;20;20;0;This section IS NOT on the NHS;2;U.S. Highway;US-29 JAMES MONROE HWY;WHITE SHOP RD;1;Rural;3;Principal Arterial - Other;1;State Highway Agency;1765;1765;38.44954722;38.44954722;-78.08997222;-78.08997222;0;No Special Jurisdiction;12;Motor Vehicle In-Transport;6;Angle;0;No;2;Intersection;3;T-Intersection;0;None;1;On Roadway;1;Daylight;98;Not Reported;0;No Additional Atmospheric Conditions;98;Not Reported;0;No;0;Not Applicable;99;Unknown;99;Unknown;99;Unknown EMS Scene Arrival Hour;99;Unknown EMS Scene Arrival Minutes;88;Not Applicable (Not Transported);88;Not Applicable (Not Transported);0;None;0;None;0;None;1;1
51;Virginia;510299;2;2;0;0;3;3;0;183;SUSSEX (183);0;NOT APPLICABLE;3;3;6;June;2019;2;Monday;11;11:00am-11:59am;43;43;0;This section IS NOT on the NHS;3;State Highway;SR-40;I-95;1;Rural;4;Minor Arterial;1;State Highway Agency;0;None;36.94335;36.94335;-77.39356944;-77.39356944;0;No Special Jurisdiction;12;Motor Vehicle In-Transport;6;Angle;0;No;2;Intersection;3;T-Intersection;0;None;1;On Roadway;1;Daylight;98;Not Reported;0;No Additional Atmospheric Conditions;98;Not Reported;0;No;0;Not Applicable;99;Unknown;99;Unknown;99;Unknown EMS Scene Arrival Hour;99;Unknown EMS Scene Arrival Minutes;99;Unknown;99;Unknown EMS Hospital Arrival Time;0;None;0;None;0;None;2;0
51;Virginia;510301;3;2;1;0;2;2;0;97;KING AND QUEEN (97);0;NOT APPLICABLE;24;24;5;May;2019;6;Friday;15;3:00pm-3:59pm;0;0;1;This section IS ON the NHS;2;U.S. Highway;US-360;SMITHFIELD RD;1;Rural;3;Principal Arterial - Other;1;State Highway Agency;1719;1719;37.81014444;37.81014444;-77.03037778;-77.03037778;0;No Special Jurisdiction;12;Motor Vehicle In-Transport;2;Front-to-Front;0;No;2;Intersection;3;T-Intersection;0;None;1;On Roadway;1;Daylight;98;Not Reported;0;No Additional Atmospheric Conditions;98;Not Reported;0;No;0;Not Applicable;99;Unknown;99;Unknown;99;Unknown EMS Scene Arrival Hour;99;Unknown EMS Scene Arrival Minutes;99;Unknown;99;Unknown EMS Hospital Arrival Time;0;None;0;None;0;None;1;0
51;Virginia;510306;1;1;0;1;1;1;1;187;WARREN (187);0;NOT APPLICABLE;6;6;6;June;2019;5;Thursday;22;10:00pm-10:59pm;27;27;0;This section IS NOT on the NHS;3;State Highway;SR-55;ACTION STREET;1;Rural;4;Minor Arterial;4;City or Municipal Highway Agency;291;291;38.91183056;38.91183056;-78.19138056;-78.19138056;0;No Special Jurisdiction;8;Pedestrian;0;The First Harmful Event was Not a Collision with a Motor Vehicle in Transport;0;No;3;Intersection-Related;3;T-Intersection;0;None;1;On Roadway;3;Dark - Lighted;98;Not Reported;0;No Additional Atmospheric Conditions;98;Not Reported;0;No;0;Not Applicable;99;Unknown;99;Unknown;99;Unknown EMS Scene Arrival Hour;99;Unknown EMS Scene Arrival Minutes;99;Unknown;99;Unknown EMS Hospital Arrival Time;0;None;0;None;0;None;1;1
51;Virginia;510316;1;1;0;0;1;1;0;760;RICHMOND (760);2060;RICHMOND;19;19;5;May;2019;1;Sunday;21;9:00pm-9:59pm;30;30;0;This section IS NOT on the NHS;6;Local Street - Municipality;WALMSLEY BOULEVARD;GRUBBS LANE;2;Urban;4;Minor Arterial;4;City or Municipal Highway Agency;20;20;37.46981944;37.46981944;-77.47168056;-77.47168056;0;No Special Jurisdiction;30;Utility Pole/Light Support;0;The First Harmful Event was Not a Collision with a Motor Vehicle in Transport;0;No;3;Intersection-Related;3;T-Intersection;0;None;4;On Roadside;3;Dark - Lighted;98;Not Reported;0;No Additional Atmospheric Conditions;98;Not Reported;0;No;0;Not Applicable;99;Unknown;99;Unknown;99;Unknown EMS Scene Arrival Hour;99;Unknown EMS Scene Arrival Minutes;99;Unknown;99;Unknown EMS Hospital Arrival Time;0;None;0;None;0;None;1;0
51;Virginia;510317;1;1;0;1;1;1;1;13;ARLINGTON (13);0;NOT APPLICABLE;12;12;6;June;2019;4;Wednesday;9;9:00am-9:59am;27;27;1;This section IS ON the NHS;4;County Road;CR-23;FOUR MILE RUN;2;Urban;3;Principal Arterial - Other;2;County Highway Agency;6;6;38.8564;38.8564;-77.10993056;-77.10993056;0;No Special Jurisdiction;8;Pedestrian;0;The First Harmful Event was Not a Collision with a Motor Vehicle in Transport;0;No;3;Intersection-Related;3;T-Intersection;0;None;1;On Roadway;1;Daylight;98;Not Reported;0;No Additional Atmospheric Conditions;98;Not Reported;0;No;0;Not Applicable;99;Unknown;99;Unknown;99;Unknown EMS Scene Arrival Hour;99;Unknown EMS Scene Arrival Minutes;99;Unknown;99;Unknown EMS Hospital Arrival Time;0;None;0;None;0;None;1;0
51;Virginia;510319;2;2;0;0;2;2;0;191;WASHINGTON (191);0;NOT APPLICABLE;15;15;6;June;2019;7;Saturday;0;0:00am-0:59am;10;10;0;This section IS NOT on the NHS;3;State Highway;SR-75;RT-701;1;Rural;5;Major Collector;1;State Highway Agency;2;2;36.59691944;36.59691944;-82.04320278;-82.04320278;0;No Special Jurisdiction;12;Motor Vehicle In-Transport;6;Angle;0;No;2;Intersection;3;T-Intersection;0;None;1;On Roadway;2;Dark - Not Lighted;98;Not Reported;0;No Additional Atmospheric Conditions;98;Not Reported;0;No;0;Not Applicable;99;Unknown;98;Unknown if Notified;99;Unknown EMS Scene Arrival Hour;98;Unknown if Arrived;88;Not Applicable (Not Transported);88;Not Applicable (Not Transported);0;None;0;None;0;None;1;0
51;Virginia;510326;2;2;0;0;2;2;0;93;ISLE OF WIGHT (93);0;NOT APPLICABLE;11;11;6;June;2019;3;Tuesday;5;5:00am-5:59am;55;55;0;This section IS NOT on the NHS;3;State Highway;SR-10;BERRY HILL RD;1;Rural;4;Minor Arterial;1;State Highway Agency;727;727;36.99496111;36.99496111;-76.64506667;-76.64506667;0;No Special Jurisdiction;12;Motor Vehicle In-Transport;6;Angle;0;No;2;Intersection;3;T-Intersection;0;None;1;On Roadway;4;Dawn;2;Rain;0;No Additional Atmospheric Conditions;2;Rain;0;No;0;Not Applicable;99;Unknown;99;Unknown;99;Unknown EMS Scene Arrival Hour;99;Unknown EMS Scene Arrival Minutes;99;Unknown;99;Unknown EMS Hospital Arrival Time;0;None;0;None;0;None;1;0
51;Virginia;510330;2;2;0;0;8;8;0;11;APPOMATTOX (11);0;NOT APPLICABLE;22;22;6;June;2019;7;Saturday;8;8:00am-8:59am;24;24;0;This section IS NOT on the NHS;2;U.S. Highway;US-460;POLICE TOWER ROAD;1;Rural;3;Principal Arterial - Other;1;State Highway Agency;2224;2224;37.35943889;37.35943889;-78.86968056;-78.86968056;0;No Special Jurisdiction;12;Motor Vehicle In-Transport;6;Angle;0;No;2;Intersection;3;T-Intersection;0;None;1;On Roadway;1;Daylight;98;Not Reported;0;No Additional Atmospheric Conditions;98;Not Reported;0;No;0;Not Applicable;99;Unknown;99;Unknown;99;Unknown EMS Scene Arrival Hour;99;Unknown EMS Scene Arrival Minutes;99;Unknown;99;Unknown EMS Hospital Arrival Time;0;None;0;None;0;None;1;0
51;Virginia;510352;1;1;0;0;1;1;0;57;ESSEX (57);0;NOT APPLICABLE;30;30;6;June;2019;1;Sunday;12;12:00pm-12:59pm;12;12;0;This section IS NOT on the NHS;2;U.S. Highway;US-17;BEVERLY LANE;1;Rural;3;Principal Arterial - Other;1;State Highway Agency;1345;1345;37.99911944;37.99911944;-76.97465;-76.97465;0;No Special Jurisdiction;35;Embankment;0;The First Harmful Event was Not a Collision with a Motor Vehicle in Transport;0;No;3;Intersection-Related;3;T-Intersection;0;None;4;On Roadside;1;Daylight;98;Not Reported;0;No Additional Atmospheric Conditions;98;Not Reported;0;No;0;Not Applicable;99;Unknown;99;Unknown;99;Unknown EMS Scene Arrival Hour;99;Unknown EMS Scene Arrival Minutes;88;Not Applicable (Not Transported);88;Not Applicable (Not Transported);0;None;0;None;0;None;1;0
51;Virginia;510374;2;2;0;0;2;2;0;109;LOUISA (109);0;NOT APPLICABLE;15;15;7;July;2019;2;Monday;9;9:00am-9:59am;10;10;0;This section IS NOT on the NHS;3;State Highway;SR-522;NEW BRIDGE RD;1;Rural;4;Minor Arterial;1;State Highway Agency;203;203;38.08006111;38.08006111;-77.87948056;-77.87948056;0;No Special Jurisdiction;12;Motor Vehicle In-Transport;6;Angle;0;No;2;Intersection;3;T-Intersection;0;None;1;On Roadway;1;Daylight;98;Not Reported;0;No Additional Atmospheric Conditions;98;Not Reported;0;No;0;Not Applicable;99;Unknown;99;Unknown;99;Unknown EMS Scene Arrival Hour;99;Unknown EMS Scene Arrival Minutes;99;Unknown;99;Unknown EMS Hospital Arrival Time;0;None;0;None;0;None;1;0
51;Virginia;510377;1;1;0;0;1;1;0;85;HANOVER (85);0;NOT APPLICABLE;15;15;7;July;2019;2;Monday;15;3:00pm-3:59pm;5;5;0;This section IS NOT on the NHS;4;County Road;CR-657;HILLCREST ROAD;1;Rural;4;Minor Arterial;1;State Highway Agency;177;177;37.72258889;37.72258889;-77.37543056;-77.37543056;0;No Special Jurisdiction;34;Ditch;0;The First Harmful Event was Not a Collision with a Motor Vehicle in Transport;0;No;3;Intersection-Related;3;T-Intersection;0;None;4;On Roadside;1;Daylight;98;Not Reported;0;No Additional Atmospheric Conditions;98;Not Reported;0;No;0;Not Applicable;99;Unknown;98;Unknown if Notified;99;Unknown EMS Scene Arrival Hour;98;Unknown if Arrived;88;Not Applicable (Not Transported);88;Not Applicable (Not Transported);0;None;0;None;0;None;1;0
51;Virginia;510388;2;2;0;0;3;3;0;179;STAFFORD (179);0;NOT APPLICABLE;16;16;7;July;2019;3;Tuesday;18;6:00pm-6:59pm;5;5;0;This section IS NOT on the NHS;2;U.S. Highway;US-17;RICHARDS FERRY RD;1;Rural;3;Principal Arterial - Other;1;State Highway Agency;1883;1883;38.40236944;38.40236944;-77.57325;-77.57325;0;No Special Jurisdiction;12;Motor Vehicle In-Transport;6;Angle;0;No;2;Intersection;3;T-Intersection;0;None;1;On Roadway;1;Daylight;98;Not Reported;0;No Additional Atmospheric Conditions;98;Not Reported;0;No;0;Not Applicable;99;Unknown;99;Unknown;99;Unknown EMS Scene Arrival Hour;99;Unknown EMS Scene Arrival Minutes;99;Unknown;99;Unknown EMS Hospital Arrival Time;0;None;0;None;0;None;2;0
51;Virginia;510390;2;2;0;0;7;7;0;177;SPOTSYLVANIA (177);0;NOT APPLICABLE;7;7;7;July;2019;1;Sunday;14;2:00pm-2:59pm;55;55;0;This section IS NOT on the NHS;3;State Highway;SR-208;MASSEY RD;1;Rural;4;Minor Arterial;1;State Highway Agency;310;310;38.13843056;38.13843056;-77.72498889;-77.72498889;0;No Special Jurisdiction;12;Motor Vehicle In-Transport;6;Angle;0;No;2;Intersection;3;T-Intersection;0;None;1;On Roadway;1;Daylight;98;Not Reported;0;No Additional Atmospheric Conditions;98;Not Reported;0;No;0;Not Applicable;99;Unknown;99;Unknown;99;Unknown EMS Scene Arrival Hour;99;Unknown EMS Scene Arrival Minutes;99;Unknown;99;Unknown EMS Hospital Arrival Time;0;None;0;None;0;None;3;0
51;Virginia;510396;2;2;0;0;2;2;0;43;CLARKE (43);0;NOT APPLICABLE;20;20;7;July;2019;7;Saturday;13;1:00pm-1:59pm;47;47;0;This section IS NOT on the NHS;3;State Highway;SR-7/RIVER ROAD;ROUTE 606;1;Rural;3;Principal Arterial - Other;1;State Highway Agency;165;165;39.12276944;39.12276944;-77.88821111;-77.88821111;0;No Special Jurisdiction;12;Motor Vehicle In-Transport;6;Angle;0;No;2;Intersection;3;T-Intersection;0;None;1;On Roadway;1;Daylight;98;Not Reported;0;No Additional Atmospheric Conditions;98;Not Reported;0;No;0;Not Applicable;99;Unknown;99;Unknown;99;Unknown EMS Scene Arrival Hour;99;Unknown EMS Scene Arrival Minutes;99;Unknown;99;Unknown EMS Hospital Arrival Time;0;None;0;None;0;None;1;0
51;Virginia;510397;1;1;0;1;1;1;1;700;NEWPORT NEWS (700);1720;NEWPORT NEWS;27;27;6;June;2019;5;Thursday;15;3:00pm-3:59pm;26;26;0;This section IS NOT on the NHS;6;Local Street - Municipality;COLLEEN DRIVE;LARAMIE COURT;2;Urban;7;Local;4;City or Municipal Highway Agency;10;10;37.13986944;37.13986944;-76.55893056;-76.55893056;0;No Special Jurisdiction;8;Pedestrian;0;The First Harmful Event was Not a Collision with a Motor Vehicle in Transport;0;No;3;Intersection-Related;3;T-Intersection;0;None;1;On Roadway;1;Daylight;98;Not Reported;0;No Additional Atmospheric Conditions;98;Not Reported;0;No;0;Not Applicable;99;Unknown;99;Unknown;99;Unknown EMS Scene Arrival Hour;99;Unknown EMS Scene Arrival Minutes;99;Unknown;99;Unknown EMS Hospital Arrival Time;0;None;0;None;0;None;1;0