STATE;STATENAME;ST_CASE;VE_TOTAL;VE_FORMS;PVH_INVL;PEDS;PERSONS;PERMVIT;PERNOTMVIT;COUNTY;COUNTYNAME;CITY;CITYNAME;DAY;DAYNAME;MONTH;MONTHNAME;YEAR;DAY_WEEK;DAY_WEEKNAME;HOUR;HOURNAME;MINUTE;MINUTENAME;NHS;NHSNAME;ROUTE;ROUTENAME;TWAY_ID;TWAY_ID2;RUR_URB;RUR_URBNAME;FUNC_SYS;FUNC_SYSNAME;RD_OWNER;RD_OWNERNAME;MILEPT;MILEPTNAME;LATITUDE;LATITUDENAME;LONGITUD;LONGITUDNAME;SP_JUR;SP_JURNAME;HARM_EV;HARM_EVNAME;MAN_COLL;MAN_COLLNAME;RELJCT1;RELJCT1NAME;RELJCT2;RELJCT2NAME;TYP_INT;TYP_INTNAME;WRK_ZONE;WRK_ZONENAME;REL_ROAD;REL_ROADNAME;LGT_COND;LGT_CONDNAME;WEATHER1;WEATHER1NAME;WEATHER2;WEATHER2NAME;WEATHER;WEATHERNAME;SCH_BUS;SCH_BUSNAME;RAIL;RAILNAME;NOT_HOUR;NOT_HOURNAME;NOT_MIN;NOT_MINNAME;ARR_HOUR;ARR_HOURNAME;ARR_MIN;ARR_MINNAME;HOSP_HR;HOSP_HRNAME;HOSP_MN;HOSP_MNNAME;CF1;CF1NAME;CF2;CF2NAME;CF3;CF3NAME;FATALS;DRUNK_DR
51;Virginia;510748;2;2;0;0;7;7;0;107;LOUDOUN (107);0;NOT APPLICABLE;25;25;12;December;2019;4;Wednesday;8;8:00am-8:59am;24;24;0;This section IS NOT on the NHS;2;U.S. Highway;US-50;SOUTH RIDING BLVD;2;Urban;4;Minor Arterial;1;State Highway Agency;596;596;38.92376111;38.92376111;-77.5051;-77.5051;0;No Special Jurisdiction;12;Motor Vehicle In-Transport;1;Front-to-Rear;0;No;3;Intersection-Related;3;T-Intersection;0;None;1;On Roadway;1;Daylight;98;Not Reported;0;No Additional Atmospheric Conditions;98;Not Reported;0;No;0;Not Applicable;99;Unknown;99;Unknown;99;Unknown EMS Scene Arrival Hour;99;Unknown EMS Scene Arrival Minutes;99;Unknown;99;Unknown EMS Hospital Arrival Time;0;None;0;None;0;None;2;1
51;Virginia;510749;1;1;0;0;1;1;0;153;PRINCE WILLIAM (153);0;NOT APPLICABLE;20;20;12;December;2019;6;Friday;18;6:00pm-6:59pm;48;48;0;This section IS NOT on the NHS;4;County Road;CR-1392;OLD COACH RD;2;Urban;5;Major Collector;1;State Highway Agency;4;4;38.61803056;38.61803056;-77.27373056;-77.27373056;0;No Special Jurisdiction;52;Guardrail End;0;The First Harmful Event was Not a Collision with a Motor Vehicle in Transport;0;No;3;Intersection-Related;3;T-Intersection;0;None;4;On Roadside;3;Dark - Lighted;98;Not Reported;0;No Additional Atmospheric Conditions;98;Not Reported;0;No;0;Not Applicable;99;Unknown;98;Unknown if Notified;99;Unknown EMS Scene Arrival Hour;98;Unknown if Arrived;88;Not Applicable (Not Transported);88;Not Applicable (Not Transported);0;None;0;None;0;None;1;1
51;Virginia;510770;1;1;0;1;1;1;1;735;POQUOSON (735);1946;POQUOSON;25;25;10;October;2019;6;Friday;21;9:00pm-9:59pm;43;43;0;This section IS NOT on the NHS;6;Local Street - Municipality;YORKTOWN RD;HUNTS NECK RD;2;Urban;5;Major Collector;4;City or Municipal Highway Agency;1;1;37.13888889;37.13888889;-76.39231944;-76.39231944;0;No Special Jurisdiction;8;Pedestrian;0;The First Harmful Event was Not a Collision with a Motor Vehicle in Transport;0;No;3;Intersection-Related;3;T-Intersection;0;None;1;On Roadway;6;Dark - Unknown Lighting;98;Not Reported;0;No Additional Atmospheric Conditions;98;Not Reported;0;No;0;Not Applicable;99;Unknown;99;Unknown;99;Unknown EMS Scene Arrival Hour;99;Unknown EMS Scene Arrival Minutes;99;Unknown;99;Unknown EMS Hospital Arrival Time;0;None;0;None;0;None;1;0
51;Virginia;510776;2;2;0;0;4;4;0;195;WISE (195);0;NOT APPLICABLE;17;17;5;May;2019;6;Friday;17;5:00pm-5:59pm;16;16;0;This section IS NOT on the NHS;4;County Road;CR-699;ALLEGHANY ROAD;1;Rural;7;Local;1;State Highway Agency;55;55;36.92808611;36.92808611;-82.48480833;-82.48480833;0;No Special Jurisdiction;12;Motor Vehicle In-Transport;2;Front-to-Front;0;No;2;Intersection;3;T-Intersection;0;None;1;On Roadway;1;Daylight;98;Not Reported;0;No Additional Atmospheric Conditions;98;Not Reported;0;No;0;Not Applicable;99;Unknown;99;Unknown;99;Unknown EMS Scene Arrival Hour;99;Unknown EMS Scene Arrival Minutes;99;Unknown;99;Unknown EMS Hospital Arrival Time;0;None;0;None;0;None;1;0
53;Washington;530015;1;1;0;1;1;1;1;5;BENTON (5);1020;KENNEWICK;17;17;1;January;2019;5;Thursday;6;6:00am-6:59am;44;44;0;This section IS NOT on the NHS;6;Local Street - Municipality;S OLYMPIA ST;W 14TH AVE;2;Urban;7;Local;4;City or Municipal Highway Agency;0;None;46.195875;46.195875;-119.1379028;-119.13790278;0;No Special Jurisdiction;8;Pedestrian;0;The First Harmful Event was Not a Collision with a Motor Vehicle in Transport;0;No;2;Intersection;3;T-Intersection;0;None;1;On Roadway;3;Dark - Lighted;2;Rain;0;No Additional Atmospheric Conditions;2;Rain;0;No;0;Not Applicable;99;Unknown;99;Unknown;99;Unknown EMS Scene Arrival Hour;99;Unknown EMS Scene Arrival Minutes;99;Unknown;99;Unknown EMS Hospital Arrival Time;0;None;0;None;0;None;1;0
53;Washington;530021;1;1;0;1;2;2;1;29;ISLAND (29);0;NOT APPLICABLE;14;14;1;January;2019;2;Monday;19;7:00pm-7:59pm;37;37;0;This section IS NOT on the NHS;3;State Highway;SR-525;USELESS BAY RD;1;Rural;3;Principal Arterial - Other;1;State Highway Agency;161;161;48.0066;48.0066;-122.4853944;-122.48539444;0;No Special Jurisdiction;8;Pedestrian;0;The First Harmful Event was Not a Collision with a Motor Vehicle in Transport;0;No;3;Intersection-Related;3;T-Intersection;0;None;1;On Roadway;3;Dark - Lighted;1;Clear;0;No Additional Atmospheric Conditions;1;Clear;0;No;0;Not Applicable;99;Unknown;98;Unknown if Notified;99;Unknown EMS Scene Arrival Hour;98;Unknown if Arrived;99;Unknown;98;Unknown if Transported;0;None;0;None;0;None;1;0
53;Washington;530025;1;1;0;1;1;1;1;63;SPOKANE (63);0;NOT APPLICABLE;25;25;1;January;2019;6;Friday;18;6:00pm-6:59pm;57;57;0;This section IS NOT on the NHS;4;County Road;CR-E 57TH AVE;S HAILEE LN;2;Urban;4;Minor Arterial;2;County Highway Agency;12;12;47.602175;47.602175;-117.3637139;-117.36371389;0;No Special Jurisdiction;8;Pedestrian;0;The First Harmful Event was Not a Collision with a Motor Vehicle in Transport;0;No;3;Intersection-Related;3;T-Intersection;0;None;1;On Roadway;2;Dark - Not Lighted;10;Cloudy;0;No Additional Atmospheric Conditions;10;Cloudy;0;No;0;Not Applicable;99;Unknown;99;Unknown;99;Unknown EMS Scene Arrival Hour;99;Unknown EMS Scene Arrival Minutes;99;Unknown;99;Unknown EMS Hospital Arrival Time;0;None;0;None;0;None;1;0
53;Washington;530036;2;2;0;0;5;5;0;45;MASON (45);0;NOT APPLICABLE;2;2;2;February;2019;7;Saturday;16;4:00pm-4:59pm;51;51;0;This section IS NOT on the NHS;4;County Road;CR-E PICKERING RD;STRONG RD;1;Rural;5;Major Collector;2;County Highway Agency;18;18;47.26893611;47.26893611;-122.9384;-122.9384;0;No Special Jurisdiction;12;Motor Vehicle In-Transport;7;Sideswipe - Same Direction;0;No;3;Intersection-Related;3;T-Intersection;0;None;1;On Roadway;1;Daylight;1;Clear;0;No Additional Atmospheric Conditions;1;Clear;0;No;0;Not Applicable;99;Unknown;99;Unknown;99;Unknown EMS Scene Arrival Hour;99;Unknown EMS Scene Arrival Minutes;99;Unknown;99;Unknown EMS Hospital Arrival Time;0;None;0;None;0;None;1;0
53;Washington;530075;2;2;0;0;3;3;0;61;SNOHOMISH (61);0;NOT APPLICABLE;16;16;3;March;2019;7;Saturday;2;2:00am-2:59am;45;45;0;This section IS NOT on the NHS;4;County Road;CR-67TH AVE NE;152ND ST NE;2;Urban;5;Major Collector;2;County Highway Agency;29;29;48.13361389;48.13361389;-122.1410972;-122.14109722;0;No Special Jurisdiction;12;Motor Vehicle In-Transport;1;Front-to-Rear;0;No;2;Intersection;3;T-Intersection;0;None;1;On Roadway;2;Dark - Not Lighted;1;Clear;0;No Additional Atmospheric Conditions;1;Clear;0;No;0;Not Applicable;99;Unknown;98;Unknown if Notified;99;Unknown EMS Scene Arrival Hour;98;Unknown if Arrived;99;Unknown;98;Unknown if Transported;0;None;0;None;0;None;1;1
53;Washington;530095;2;2;0;0;3;3;0;77;YAKIMA (77);0;NOT APPLICABLE;2;2;4;April;2019;3;Tuesday;19;7:00pm-7:59pm;5;5;0;This section IS NOT on the NHS;4;County Road;CR-AHTANUM RD;S 34TH AVE;2;Urban;4;Minor Arterial;2;County Highway Agency;38;38;46.55791111;46.55791111;-120.5546194;-120.55461944;0;No Special Jurisdiction;12;Motor Vehicle In-Transport;6;Angle;0;No;2;Intersection;3;T-Intersection;0;None;1;On Roadway;5;Dusk;1;Clear;0;No Additional Atmospheric Conditions;1;Clear;0;No;0;Not Applicable;99;Unknown;98;Unknown if Notified;99;Unknown EMS Scene Arrival Hour;98;Unknown if Arrived;88;Not Applicable (Not Transported);88;Not Applicable (Not Transported);0;None;0;None;0;None;1;0
53;Washington;530138;2;2;0;0;2;2;0;67;THURSTON (67);0;NOT APPLICABLE;1;1;5;May;2019;4;Wednesday;6;6:00am-6:59am;5;5;0;This section IS NOT on the NHS;2;U.S. Highway;US-12;DENMARK ST SW;1;Rural;3;Principal Arterial - Other;1;State Highway Agency;432;432;46.81566111;46.81566111;-123.0655583;-123.06555833;0;No Special Jurisdiction;12;Motor Vehicle In-Transport;6;Angle;0;No;2;Intersection;3;T-Intersection;0;None;1;On Roadway;4;Dawn;1;Clear;0;No Additional Atmospheric Conditions;1;Clear;0;No;0;Not Applicable;99;Unknown;98;Unknown if Notified;99;Unknown EMS Scene Arrival Hour;98;Unknown if Arrived;88;Not Applicable (Not Transported);88;Not Applicable (Not Transported);0;None;0;None;0;None;1;0
53;Washington;530143;1;1;0;1;1;1;1;33;KING (33);1960;SEATTLE;29;29;3;March;2019;6;Friday;21;9:00pm-9:59pm;17;17;0;This section IS NOT on the NHS;3;State Highway;SR-522;NE 127TH ST;2;Urban;3;Principal Arterial - Other;1;State Highway Agency;33;33;47.72109167;47.72109167;-122.2941417;-122.29414167;0;No Special Jurisdiction;8;Pedestrian;0;The First Harmful Event was Not a Collision with a Motor Vehicle in Transport;0;No;3;Intersection-Related;3;T-Intersection;0;None;1;On Roadway;3;Dark - Lighted;1;Clear;0;No Additional Atmospheric Conditions;1;Clear;0;No;0;Not Applicable;99;Unknown;98;Unknown if Notified;99;Unknown EMS Scene Arrival Hour;98;Unknown if Arrived;99;Unknown;98;Unknown if Transported;0;None;0;None;0;None;1;0
53;Washington;530160;1;1;0;0;1;1;0;37;KITTITAS (37);0;NOT APPLICABLE;29;29;3;March;2019;6;Friday;10;10:00am-10:59am;58;58;0;This section IS NOT on the NHS;8;Other;NFD 35;SPUR 176;1;Rural;99;Unknown;66;National Park Service;99999;Unknown;99.9999;Reported as Unknown;999.9999;Reported as Unknown;1;National Park Service;42;Tree (Standing Only);0;The First Harmful Event was Not a Collision with a Motor Vehicle in Transport;0;No;3;Intersection-Related;3;T-Intersection;0;None;4;On Roadside;1;Daylight;4;Snow;0;No Additional Atmospheric Conditions;4;Snow;0;No;0;Not Applicable;99;Unknown;98;Unknown if Notified;99;Unknown EMS Scene Arrival Hour;98;Unknown if Arrived;88;Not Applicable (Not Transported);88;Not Applicable (Not Transported);0;None;0;None;0;None;1;1
53;Washington;530166;1;1;0;1;1;1;1;67;THURSTON (67);1590;OLYMPIA;31;31;3;March;2019;1;Sunday;9;9:00am-9:59am;33;33;0;This section IS NOT on the NHS;6;Local Street - Municipality;CAPITOL WAY SE;8TH AVE;2;Urban;3;Principal Arterial - Other;4;City or Municipal Highway Agency;0;None;47.04150556;47.04150556;-122.9011472;-122.90114722;0;No Special Jurisdiction;8;Pedestrian;0;The First Harmful Event was Not a Collision with a Motor Vehicle in Transport;0;No;3;Intersection-Related;3;T-Intersection;0;None;1;On Roadway;1;Daylight;1;Clear;0;No Additional Atmospheric Conditions;1;Clear;0;No;0;Not Applicable;99;Unknown;98;Unknown if Notified;99;Unknown EMS Scene Arrival Hour;98;Unknown if Arrived;99;Unknown;98;Unknown if Transported;0;None;0;None;0;None;1;0
53;Washington;530173;2;2;0;0;2;2;0;19;FERRY (19);0;NOT APPLICABLE;4;4;6;June;2019;3;Tuesday;9;9:00am-9:59am;15;15;1;This section IS ON the NHS;2;U.S. Highway;US-395;SR-20;1;Rural;3;Principal Arterial - Other;1;State Highway Agency;2466;2466;48.62743056;48.62743056;-118.1227111;-118.12271111;0;No Special Jurisdiction;1;Rollover/Overturn;0;The First Harmful Event was Not a Collision with a Motor Vehicle in Transport;0;No;2;Intersection;3;T-Intersection;0;None;1;On Roadway;1;Daylight;1;Clear;0;No Additional Atmospheric Conditions;1;Clear;0;No;0;Not Applicable;99;Unknown;98;Unknown if Notified;99;Unknown EMS Scene Arrival Hour;98;Unknown if Arrived;99;Unknown;98;Unknown if Transported;0;None;0;None;0;None;1;0
53;Washington;530179;2;2;0;0;2;2;0;53;PIERCE (53);0;NOT APPLICABLE;9;9;6;June;2019;1;Sunday;10;10:00am-10:59am;5;5;0;This section IS NOT on the NHS;4;County Road;CR-MILITARY RD S;BRESEMANN BLVD S;2;Urban;4;Minor Arterial;2;County Highway Agency;6;6;47.12231667;47.12231667;-122.4459639;-122.44596389;0;No Special Jurisdiction;12;Motor Vehicle In-Transport;6;Angle;0;No;2;Intersection;3;T-Intersection;0;None;1;On Roadway;1;Daylight;1;Clear;0;No Additional Atmospheric Conditions;1;Clear;0;No;0;Not Applicable;99;Unknown;98;Unknown if Notified;99;Unknown EMS Scene Arrival Hour;98;Unknown if Arrived;99;Unknown;98;Unknown if Transported;0;None;0;None;0;None;1;0
53;Washington;530188;1;1;0;0;1;1;0;53;PIERCE (53);1770;PUYALLUP;12;12;6;June;2019;4;Wednesday;20;8:00pm-8:59pm;6;6;0;This section IS NOT on the NHS;6;Local Street - Municipality;5TH ST SE;7TH ST SE;2;Urban;7;Local;4;City or Municipal Highway Agency;0;None;47.16378611;47.16378611;-122.2865639;-122.28656389;0;No Special Jurisdiction;30;Utility Pole/Light Support;0;The First Harmful Event was Not a Collision with a Motor Vehicle in Transport;0;No;3;Intersection-Related;3;T-Intersection;0;None;4;On Roadside;1;Daylight;1;Clear;0;No Additional Atmospheric Conditions;1;Clear;0;No;0;Not Applicable;99;Unknown;99;Unknown;99;Unknown EMS Scene Arrival Hour;99;Unknown EMS Scene Arrival Minutes;99;Unknown;99;Unknown EMS Hospital Arrival Time;0;None;0;None;0;None;1;1
53;Washington;530211;2;2;0;0;2;2;0;33;KING (33);1030;KENT;28;28;6;June;2019;6;Friday;20;8:00pm-8:59pm;52;52;0;This section IS NOT on the NHS;6;Local Street - Municipality;SE 256TH ST;137TH AVE SE;2;Urban;7;Local;4;City or Municipal Highway Agency;0;None;47.37242778;47.37242778;-122.1583333;-122.15833333;0;No Special Jurisdiction;1;Rollover/Overturn;0;The First Harmful Event was Not a Collision with a Motor Vehicle in Transport;0;No;3;Intersection-Related;3;T-Intersection;0;None;1;On Roadway;1;Daylight;1;Clear;0;No Additional Atmospheric Conditions;1;Clear;0;No;0;Not Applicable;99;Unknown;98;Unknown if Notified;99;Unknown EMS Scene Arrival Hour;98;Unknown if Arrived;88;Not Applicable (Not Transported);88;Not Applicable (Not Transported);0;None;0;None;0;None;1;1
53;Washington;530214;1;1;0;0;2;2;0;53;PIERCE (53);0;NOT APPLICABLE;6;6;7;July;2019;7;Saturday;15;3:00pm-3:59pm;27;27;0;This section IS NOT on the NHS;4;County Road;CR-WHITEMAN ROAD KP S;33RD ST SW;1;Rural;5;Major Collector;2;County Highway Agency;21;21;47.22729444;47.22729444;-122.7907861;-122.79078611;0;No Special Jurisdiction;1;Rollover/Overturn;0;The First Harmful Event was Not a Collision with a Motor Vehicle in Transport;0;No;3;Intersection-Related;3;T-Intersection;0;None;4;On Roadside;1;Daylight;1;Clear;0;No Additional Atmospheric Conditions;1;Clear;0;No;0;Not Applicable;99;Unknown;98;Unknown if Notified;99;Unknown EMS Scene Arrival Hour;98;Unknown if Arrived;99;Unknown;98;Unknown if Transported;0;None;0;None;0;None;1;0
53;Washington;530234;2;2;0;0;3;3;0;53;PIERCE (53);0;NOT APPLICABLE;25;25;6;June;2019;3;Tuesday;14;2:00pm-2:59pm;57;57;0;This section IS NOT on the NHS;3;State Highway;SR-161;244TH CT W;2;Urban;3;Principal Arterial - Other;1;State Highway Agency;169;169;47.03495278;47.03495278;-122.2958;-122.2958;0;No Special Jurisdiction;12;Motor Vehicle In-Transport;6;Angle;0;No;2;Intersection;3;T-Intersection;0;None;1;On Roadway;1;Daylight;1;Clear;0;No Additional Atmospheric Conditions;1;Clear;0;No;0;Not Applicable;99;Unknown;98;Unknown if Notified;99;Unknown EMS Scene Arrival Hour;98;Unknown if Arrived;88;Not Applicable (Not Transported);88;Not Applicable (Not Transported);0;None;0;None;0;None;2;0
53;Washington;530252;1;1;0;0;1;1;0;5;BENTON (5);1850;RICHLAND;21;21;7;July;2019;1;Sunday;19;7:00pm-7:59pm;55;55;0;This section IS NOT on the NHS;6;Local Street - Municipality;N STEPTOE ST;TAPTEAL DR;2;Urban;7;Local;4;City or Municipal Highway Agency;0;None;46.23605833;46.23605833;-119.2437028;-119.24370278;0;No Special Jurisdiction;33;Curb;0;The First Harmful Event was Not a Collision with a Motor Vehicle in Transport;0;No;3;Intersection-Related;3;T-Intersection;0;None;4;On Roadside;1;Daylight;1;Clear;0;No Additional Atmospheric Conditions;1;Clear;0;No;0;Not Applicable;99;Unknown;99;Unknown;99;Unknown EMS Scene Arrival Hour;99;Unknown EMS Scene Arrival Minutes;99;Unknown;99;Unknown EMS Hospital Arrival Time;0;None;0;None;0;None;1;1
53;Washington;530258;3;3;0;0;4;4;0;11;CLARK (11);2370;VANCOUVER;26;26;7;July;2019;6;Friday;23;11:00pm-11:59pm;44;44;0;This section IS NOT on the NHS;6;Local Street - Municipality;NE 18TH ST;NE 187TH AVE;2;Urban;7;Local;4;City or Municipal Highway Agency;0;None;45.63583333;45.63583333;-122.4810639;-122.48106389;0;No Special Jurisdiction;12;Motor Vehicle In-Transport;6;Angle;0;No;2;Intersection;3;T-Intersection;0;None;1;On Roadway;2;Dark - Not Lighted;1;Clear;0;No Additional Atmospheric Conditions;1;Clear;0;No;0;Not Applicable;99;Unknown;98;Unknown if Notified;99;Unknown EMS Scene Arrival Hour;98;Unknown if Arrived;99;Unknown;98;Unknown if Transported;0;None;0;None;0;None;2;2
53;Washington;530263;2;2;0;0;3;3;0;61;SNOHOMISH (61);0;NOT APPLICABLE;23;23;6;June;2019;1;Sunday;0;0:00am-0:59am;14;14;0;This section IS NOT on the NHS;4;County Road;CR-236TH ST NE;32ND AVE NE;1;Rural;5;Major Collector;2;County Highway Agency;13;13;48.21002222;48.21002222;-122.1871333;-122.18713333;0;No Special Jurisdiction;12;Motor Vehicle In-Transport;2;Front-to-Front;0;No;2;Intersection;3;T-Intersection;0;None;1;On Roadway;3;Dark - Lighted;10;Cloudy;0;No Additional Atmospheric Conditions;10;Cloudy;0;No;0;Not Applicable;99;Unknown;98;Unknown if Notified;99;Unknown EMS Scene Arrival Hour;98;Unknown if Arrived;99;Unknown;98;Unknown if Transported;0;None;0;None;0;None;1;0
53;Washington;530275;1;1;0;1;1;1;1;11;CLARK (11);2370;VANCOUVER;24;24;6;June;2019;2;Monday;21;9:00pm-9:59pm;31;31;0;This section IS NOT on the NHS;6;Local Street - Municipality;W FOURTH PLAIN BLVD;ROOSEVELT AVE;2;Urban;7;Local;4;City or Municipal Highway Agency;0;None;45.640325;45.640325;-122.689225;-122.689225;0;No Special Jurisdiction;8;Pedestrian;0;The First Harmful Event was Not a Collision with a Motor Vehicle in Transport;0;No;3;Intersection-Related;3;T-Intersection;0;None;1;On Roadway;3;Dark - Lighted;1;Clear;0;No Additional Atmospheric Conditions;1;Clear;0;No;0;Not Applicable;99;Unknown;98;Unknown if Notified;99;Unknown EMS Scene Arrival Hour;98;Unknown if Arrived;99;Unknown;98;Unknown if Transported;0;None;0;None;0;None;1;1
53;Washington;530278;2;2;0;0;4;4;0;61;SNOHOMISH (61);0;NOT APPLICABLE;3;3;5;May;2019;6;Friday;8;8:00am-8:59am;8;8;0;This section IS NOT on the NHS;3;State Highway;SR-99;156TH ST SW;2;Urban;3;Principal Arterial - Other;1;State Highway Agency;434;434;47.85777778;47.85777778;-122.2879028;-122.28790278;0;No Special Jurisdiction;12;Motor Vehicle In-Transport;1;Front-to-Rear;0;No;3;Intersection-Related;3;T-Intersection;0;None;1;On Roadway;1;Daylight;10;Cloudy;0;No Additional Atmospheric Conditions;10;Cloudy;0;No;0;Not Applicable;99;Unknown;98;Unknown if Notified;99;Unknown EMS Scene Arrival Hour;98;Unknown if Arrived;99;Unknown;98;Unknown if Transported;0;None;0;None;0;None;1;0
53;Washington;530286;1;1;0;0;1;1;0;11;CLARK (11);0;NOT APPLICABLE;31;31;7;July;2019;4;Wednesday;22;10:00pm-10:59pm;32;32;0;This section IS NOT on the NHS;4;County Road;CR-NE 14TH ST;NE 249TH AVE;2;Urban;7;Local;2;County Highway Agency;99999;Unknown;45.63253889;45.63253889;-122.4175861;-122.41758611;0;No Special Jurisdiction;42;Tree (Standing Only);0;The First Harmful Event was Not a Collision with a Motor Vehicle in Transport;0;No;3;Intersection-Related;3;T-Intersection;0;None;4;On Roadside;2;Dark - Not Lighted;1;Clear;0;No Additional Atmospheric Conditions;1;Clear;0;No;0;Not Applicable;99;Unknown;98;Unknown if Notified;99;Unknown EMS Scene Arrival Hour;98;Unknown if Arrived;88;Not Applicable (Not Transported);88;Not Applicable (Not Transported);0;None;0;None;0;None;1;1
53;Washington;530287;2;2;0;0;2;2;0;35;KITSAP (35);0;NOT APPLICABLE;17;17;8;August;2019;7;Saturday;16;4:00pm-4:59pm;43;43;0;This section IS NOT on the NHS;4;County Road;CR-MILLER BAY RD NE;NE WOOD BAY LN;1;Rural;5;Major Collector;2;County Highway Agency;14;14;47.75853333;47.75853333;-122.5622028;-122.56220278;0;No Special Jurisdiction;12;Motor Vehicle In-Transport;2;Front-to-Front;0;No;2;Intersection;3;T-Intersection;0;None;1;On Roadway;1;Daylight;1;Clear;0;No Additional Atmospheric Conditions;1;Clear;0;No;0;Not Applicable;99;Unknown;99;Unknown;99;Unknown EMS Scene Arrival Hour;99;Unknown EMS Scene Arrival Minutes;99;Unknown;99;Unknown EMS Hospital Arrival Time;0;None;0;None;0;None;1;0
53;Washington;530292;1;1;0;1;2;2;1;33;KING (33);109;BELLEVUE;14;14;8;August;2019;4;Wednesday;7;7:00am-7:59am;51;51;0;This section IS NOT on the NHS;6;Local Street - Municipality;NE 8TH ST;134TH AVE NE;2;Urban;7;Local;4;City or Municipal Highway Agency;0;None;47.61723333;47.61723333;-122.1616583;-122.16165833;0;No Special Jurisdiction;9;Pedalcyclist;0;The First Harmful Event was Not a Collision with a Motor Vehicle in Transport;0;No;2;Intersection;3;T-Intersection;0;None;1;On Roadway;1;Daylight;1;Clear;0;No Additional Atmospheric Conditions;1;Clear;0;No;0;Not Applicable;99;Unknown;99;Unknown;99;Unknown EMS Scene Arrival Hour;99;Unknown EMS Scene Arrival Minutes;99;Unknown;99;Unknown EMS Hospital Arrival Time;0;None;0;None;0;None;1;0
53;Washington;530317;2;2;0;0;3;3;0;29;ISLAND (29);0;NOT APPLICABLE;17;17;8;August;2019;7;Saturday;18;6:00pm-6:59pm;40;40;0;This section IS NOT on the NHS;3;State Highway;SR-525;SMUGGLERS COVE RD;1;Rural;3;Principal Arterial - Other;1;State Highway Agency;260;260;48.10795556;48.10795556;-122.5802611;-122.58026111;0;No Special Jurisdiction;12;Motor Vehicle In-Transport;2;Front-to-Front;0;No;2;Intersection;3;T-Intersection;0;None;1;On Roadway;1;Daylight;1;Clear;0;No Additional Atmospheric Conditions;1;Clear;0;No;0;Not Applicable;99;Unknown;98;Unknown if Notified;99;Unknown EMS Scene Arrival Hour;98;Unknown if Arrived;99;Unknown;98;Unknown if Transported;0;None;0;None;0;None;1;0
53;Washington;530318;1;1;0;0;1;1;0;53;PIERCE (53);586;EDGEWOOD;25;25;8;August;2019;1;Sunday;1;1:00am-1:59am;34;34;0;This section IS NOT on the NHS;6;Local Street - Municipality;48TH ST E;EDGEWOOD DR E;2;Urban;7;Local;4;City or Municipal Highway Agency;0;None;47.21384722;47.21384722;-122.2607417;-122.26074167;0;No Special Jurisdiction;1;Rollover/Overturn;0;The First Harmful Event was Not a Collision with a Motor Vehicle in Transport;0;No;3;Intersection-Related;3;T-Intersection;0;None;4;On Roadside;2;Dark - Not Lighted;1;Clear;0;No Additional Atmospheric Conditions;1;Clear;0;No;0;Not Applicable;99;Unknown;99;Unknown;99;Unknown EMS Scene Arrival Hour;99;Unknown EMS Scene Arrival Minutes;99;Unknown;99;Unknown EMS Hospital Arrival Time;0;None;0;None;0;None;1;1
53;Washington;530339;2;2;0;0;2;2;0;49;PACIFIC (49);0;NOT APPLICABLE;13;13;9;September;2019;6;Friday;13;1:00pm-1:59pm;27;27;0;This section IS NOT on the NHS;2;U.S. Highway;US-101;SR-4;1;Rural;3;Principal Arterial - Other;1;State Highway Agency;289;289;46.42936389;46.42936389;-123.8576444;-123.85764444;0;No Special Jurisdiction;12;Motor Vehicle In-Transport;6;Angle;0;No;2;Intersection;3;T-Intersection;0;None;1;On Roadway;1;Daylight;2;Rain;0;No Additional Atmospheric Conditions;2;Rain;0;No;0;Not Applicable;99;Unknown;98;Unknown if Notified;99;Unknown EMS Scene Arrival Hour;98;Unknown if Arrived;88;Not Applicable (Not Transported);88;Not Applicable (Not Transported);0;None;0;None;0;None;1;0
53;Washington;530348;2;2;0;0;2;2;0;35;KITSAP (35);0;NOT APPLICABLE;27;27;9;September;2019;6;Friday;15;3:00pm-3:59pm;55;55;0;This section IS NOT on the NHS;3;State Highway;SR-160;COTTONWOOD DR SE;1;Rural;4;Minor Arterial;1;State Highway Agency;61;61;47.504825;47.504825;-122.5194028;-122.51940278;0;No Special Jurisdiction;12;Motor Vehicle In-Transport;6;Angle;0;No;2;Intersection;3;T-Intersection;0;None;1;On Roadway;1;Daylight;1;Clear;0;No Additional Atmospheric Conditions;1;Clear;1;Yes;0;Not Applicable;99;Unknown;98;Unknown if Notified;99;Unknown EMS Scene Arrival Hour;98;Unknown if Arrived;88;Not Applicable (Not Transported);88;Not Applicable (Not Transported);0;None;0;None;0;None;1;0