STATE;STATENAME;ST_CASE;VE_TOTAL;VE_FORMS;PVH_INVL;PEDS;PERSONS;PERMVIT;PERNOTMVIT;COUNTY;COUNTYNAME;CITY;CITYNAME;DAY;DAYNAME;MONTH;MONTHNAME;YEAR;DAY_WEEK;DAY_WEEKNAME;HOUR;HOURNAME;MINUTE;MINUTENAME;NHS;NHSNAME;ROUTE;ROUTENAME;TWAY_ID;TWAY_ID2;RUR_URB;RUR_URBNAME;FUNC_SYS;FUNC_SYSNAME;RD_OWNER;RD_OWNERNAME;MILEPT;MILEPTNAME;LATITUDE;LATITUDENAME;LONGITUD;LONGITUDNAME;SP_JUR;SP_JURNAME;HARM_EV;HARM_EVNAME;MAN_COLL;MAN_COLLNAME;RELJCT1;RELJCT1NAME;RELJCT2;RELJCT2NAME;TYP_INT;TYP_INTNAME;WRK_ZONE;WRK_ZONENAME;REL_ROAD;REL_ROADNAME;LGT_COND;LGT_CONDNAME;WEATHER1;WEATHER1NAME;WEATHER2;WEATHER2NAME;WEATHER;WEATHERNAME;SCH_BUS;SCH_BUSNAME;RAIL;RAILNAME;NOT_HOUR;NOT_HOURNAME;NOT_MIN;NOT_MINNAME;ARR_HOUR;ARR_HOURNAME;ARR_MIN;ARR_MINNAME;HOSP_HR;HOSP_HRNAME;HOSP_MN;HOSP_MNNAME;CF1;CF1NAME;CF2;CF2NAME;CF3;CF3NAME;FATALS;DRUNK_DR
53;Washington;530357;2;2;0;0;3;3;0;33;KING (33);1960;SEATTLE;8;8;10;October;2019;3;Tuesday;7;7:00am-7:59am;5;5;0;This section IS NOT on the NHS;6;Local Street - Municipality;AIRPORT WAY S;S HINDS ST;2;Urban;7;Local;4;City or Municipal Highway Agency;0;None;47.57351944;47.57351944;-122.3216472;-122.32164722;0;No Special Jurisdiction;12;Motor Vehicle In-Transport;6;Angle;0;No;2;Intersection;3;T-Intersection;0;None;1;On Roadway;4;Dawn;1;Clear;0;No Additional Atmospheric Conditions;1;Clear;0;No;0;Not Applicable;99;Unknown;99;Unknown;99;Unknown EMS Scene Arrival Hour;99;Unknown EMS Scene Arrival Minutes;99;Unknown;99;Unknown EMS Hospital Arrival Time;0;None;0;None;0;None;1;0
53;Washington;530359;1;1;0;0;1;1;0;33;KING (33);0;NOT APPLICABLE;30;30;9;September;2019;2;Monday;2;2:00am-2:59am;20;20;0;This section IS NOT on the NHS;4;County Road;CR-37TH AVE S;STAR LAKE RD;1;Rural;7;Local;2;County Highway Agency;0;None;47.35254722;47.35254722;-122.2865611;-122.28656111;0;No Special Jurisdiction;3;Immersion or Partial Immersion;0;The First Harmful Event was Not a Collision with a Motor Vehicle in Transport;0;No;3;Intersection-Related;3;T-Intersection;0;None;5;Outside Trafficway;3;Dark - Lighted;1;Clear;0;No Additional Atmospheric Conditions;1;Clear;0;No;0;Not Applicable;99;Unknown;98;Unknown if Notified;99;Unknown EMS Scene Arrival Hour;98;Unknown if Arrived;88;Not Applicable (Not Transported);88;Not Applicable (Not Transported);0;None;0;None;0;None;1;1
53;Washington;530367;2;2;0;0;3;3;0;77;YAKIMA (77);2590;YAKIMA;9;9;9;September;2019;2;Monday;8;8:00am-8:59am;32;32;0;This section IS NOT on the NHS;6;Local Street - Municipality;S 16TH AVE;GRANT ST;2;Urban;7;Local;4;City or Municipal Highway Agency;0;None;46.58247222;46.58247222;-120.5303333;-120.53033333;0;No Special Jurisdiction;12;Motor Vehicle In-Transport;6;Angle;0;No;2;Intersection;3;T-Intersection;0;None;1;On Roadway;1;Daylight;10;Cloudy;0;No Additional Atmospheric Conditions;10;Cloudy;0;No;0;Not Applicable;99;Unknown;99;Unknown;99;Unknown EMS Scene Arrival Hour;99;Unknown EMS Scene Arrival Minutes;99;Unknown;99;Unknown EMS Hospital Arrival Time;0;None;0;None;0;None;1;0
53;Washington;530383;1;1;0;1;1;1;1;53;PIERCE (53);0;NOT APPLICABLE;29;29;10;October;2019;3;Tuesday;16;4:00pm-4:59pm;5;5;0;This section IS NOT on the NHS;4;County Road;CR-152ND ST E;91ST AVE E;2;Urban;7;Local;2;County Highway Agency;9;9;47.11841667;47.11841667;-122.3218;-122.3218;0;No Special Jurisdiction;8;Pedestrian;0;The First Harmful Event was Not a Collision with a Motor Vehicle in Transport;0;No;3;Intersection-Related;3;T-Intersection;0;None;1;On Roadway;1;Daylight;1;Clear;0;No Additional Atmospheric Conditions;1;Clear;0;No;0;Not Applicable;99;Unknown;98;Unknown if Notified;99;Unknown EMS Scene Arrival Hour;98;Unknown if Arrived;88;Not Applicable (Not Transported);88;Not Applicable (Not Transported);0;None;0;None;0;None;1;0
53;Washington;530387;1;1;0;1;1;1;1;33;KING (33);1960;SEATTLE;21;21;10;October;2019;2;Monday;19;7:00pm-7:59pm;24;24;0;This section IS NOT on the NHS;3;State Highway;SR-99;N 98TH ST;2;Urban;3;Principal Arterial - Other;1;State Highway Agency;317;317;47.70052222;47.70052222;-122.3447278;-122.34472778;0;No Special Jurisdiction;8;Pedestrian;0;The First Harmful Event was Not a Collision with a Motor Vehicle in Transport;0;No;3;Intersection-Related;3;T-Intersection;0;None;1;On Roadway;3;Dark - Lighted;2;Rain;0;No Additional Atmospheric Conditions;2;Rain;0;No;0;Not Applicable;99;Unknown;99;Unknown;99;Unknown EMS Scene Arrival Hour;99;Unknown EMS Scene Arrival Minutes;88;Not Applicable (Not Transported);88;Not Applicable (Not Transported);0;None;0;None;0;None;1;0
53;Washington;530401;2;2;0;0;3;3;0;35;KITSAP (35);0;NOT APPLICABLE;8;8;11;November;2019;6;Friday;11;11:00am-11:59am;39;39;0;This section IS NOT on the NHS;4;County Road;CR-CLEAR CREEK RD NW;NW CLOSSER DR;2;Urban;5;Major Collector;2;County Highway Agency;31;31;47.70833056;47.70833056;-122.691975;-122.691975;0;No Special Jurisdiction;12;Motor Vehicle In-Transport;6;Angle;0;No;2;Intersection;3;T-Intersection;0;None;1;On Roadway;1;Daylight;1;Clear;0;No Additional Atmospheric Conditions;1;Clear;0;No;0;Not Applicable;99;Unknown;99;Unknown;99;Unknown EMS Scene Arrival Hour;99;Unknown EMS Scene Arrival Minutes;99;Unknown;99;Unknown EMS Hospital Arrival Time;0;None;0;None;0;None;1;0
53;Washington;530421;3;2;1;0;3;3;0;33;KING (33);532;DES MOINES;27;27;11;November;2019;4;Wednesday;16;4:00pm-4:59pm;32;32;0;This section IS NOT on the NHS;6;Local Street - Municipality;8TH AVE S;S 196TH ST;2;Urban;7;Local;4;City or Municipal Highway Agency;0;None;47.42691111;47.42691111;-122.324875;-122.324875;0;No Special Jurisdiction;12;Motor Vehicle In-Transport;6;Angle;0;No;2;Intersection;3;T-Intersection;0;None;1;On Roadway;1;Daylight;1;Clear;0;No Additional Atmospheric Conditions;1;Clear;0;No;0;Not Applicable;99;Unknown;98;Unknown if Notified;99;Unknown EMS Scene Arrival Hour;98;Unknown if Arrived;88;Not Applicable (Not Transported);88;Not Applicable (Not Transported);0;None;0;None;0;None;1;1
53;Washington;530441;1;1;0;0;1;1;0;27;GRAYS HARBOR (27);10;ABERDEEN;12;12;12;December;2019;5;Thursday;20;8:00pm-8:59pm;45;45;0;This section IS NOT on the NHS;6;Local Street - Municipality;N B ST   ROBERT GRAY ELEMENTAR;3RD AVE;2;Urban;7;Local;4;City or Municipal Highway Agency;0;None;46.98606944;46.98606944;-123.8142444;-123.81424444;0;No Special Jurisdiction;39;Wall;0;The First Harmful Event was Not a Collision with a Motor Vehicle in Transport;0;No;3;Intersection-Related;3;T-Intersection;0;None;4;On Roadside;3;Dark - Lighted;2;Rain;0;No Additional Atmospheric Conditions;2;Rain;0;No;0;Not Applicable;99;Unknown;98;Unknown if Notified;99;Unknown EMS Scene Arrival Hour;98;Unknown if Arrived;88;Not Applicable (Not Transported);88;Not Applicable (Not Transported);0;None;0;None;0;None;1;0
53;Washington;530445;1;1;0;1;1;1;1;33;KING (33);1030;KENT;17;17;12;December;2019;3;Tuesday;18;6:00pm-6:59pm;19;19;0;This section IS NOT on the NHS;3;State Highway;SR-515;SE 235TH ST;2;Urban;4;Minor Arterial;1;State Highway Agency;13;13;47.39094167;47.39094167;-122.2021722;-122.20217222;0;No Special Jurisdiction;8;Pedestrian;0;The First Harmful Event was Not a Collision with a Motor Vehicle in Transport;0;No;3;Intersection-Related;3;T-Intersection;0;None;1;On Roadway;3;Dark - Lighted;1;Clear;0;No Additional Atmospheric Conditions;1;Clear;0;No;0;Not Applicable;99;Unknown;98;Unknown if Notified;99;Unknown EMS Scene Arrival Hour;98;Unknown if Arrived;88;Not Applicable (Not Transported);88;Not Applicable (Not Transported);0;None;0;None;0;None;1;0
53;Washington;530465;1;1;0;1;1;1;1;33;KING (33);1958;SEATAC;19;19;12;December;2019;5;Thursday;17;5:00pm-5:59pm;16;16;0;This section IS NOT on the NHS;6;Local Street - Municipality;MILITARY RD S;S 179TH ST;2;Urban;7;Local;4;City or Municipal Highway Agency;0;None;47.44284722;47.44284722;-122.2739806;-122.27398056;0;No Special Jurisdiction;8;Pedestrian;0;The First Harmful Event was Not a Collision with a Motor Vehicle in Transport;0;No;3;Intersection-Related;3;T-Intersection;0;None;1;On Roadway;3;Dark - Lighted;2;Rain;0;No Additional Atmospheric Conditions;2;Rain;0;No;0;Not Applicable;99;Unknown;98;Unknown if Notified;99;Unknown EMS Scene Arrival Hour;98;Unknown if Arrived;99;Unknown;98;Unknown if Transported;0;None;0;None;0;None;1;0
53;Washington;530485;1;1;0;1;1;1;1;33;KING (33);1960;SEATTLE;12;12;12;December;2019;5;Thursday;20;8:00pm-8:59pm;9;9;0;This section IS NOT on the NHS;6;Local Street - Municipality;7TH AVE;SENECA ST;2;Urban;7;Local;4;City or Municipal Highway Agency;0;None;47.47373333;47.47373333;-122.2260722;-122.22607222;0;No Special Jurisdiction;8;Pedestrian;0;The First Harmful Event was Not a Collision with a Motor Vehicle in Transport;0;No;2;Intersection;3;T-Intersection;0;None;1;On Roadway;3;Dark - Lighted;10;Cloudy;0;No Additional Atmospheric Conditions;10;Cloudy;0;No;0;Not Applicable;99;Unknown;99;Unknown;99;Unknown EMS Scene Arrival Hour;99;Unknown EMS Scene Arrival Minutes;88;Not Applicable (Not Transported);88;Not Applicable (Not Transported);0;None;0;None;0;None;1;0
53;Washington;530494;2;2;0;0;2;2;0;33;KING (33);229;BURIEN;27;27;12;December;2019;6;Friday;21;9:00pm-9:59pm;4;4;0;This section IS NOT on the NHS;6;Local Street - Municipality;AMBAUM BLVD SW;SW 120TH ST;2;Urban;7;Local;4;City or Municipal Highway Agency;0;None;47.49545;47.49545;-122.3503944;-122.35039444;0;No Special Jurisdiction;12;Motor Vehicle In-Transport;6;Angle;0;No;2;Intersection;3;T-Intersection;0;None;1;On Roadway;3;Dark - Lighted;10;Cloudy;0;No Additional Atmospheric Conditions;10;Cloudy;0;No;0;Not Applicable;99;Unknown;98;Unknown if Notified;99;Unknown EMS Scene Arrival Hour;98;Unknown if Arrived;99;Unknown;98;Unknown if Transported;0;None;0;None;0;None;1;0
53;Washington;530497;1;1;0;0;1;1;0;39;KLICKITAT (39);0;NOT APPLICABLE;27;27;8;August;2019;3;Tuesday;7;7:00am-7:59am;15;15;0;This section IS NOT on the NHS;3;State Highway;SR-97;SR-14;1;Rural;3;Principal Arterial - Other;1;State Highway Agency;1009;1009;45.69613889;45.69613889;-120.8241222;-120.82412222;0;No Special Jurisdiction;35;Embankment;0;The First Harmful Event was Not a Collision with a Motor Vehicle in Transport;0;No;3;Intersection-Related;3;T-Intersection;0;None;4;On Roadside;1;Daylight;1;Clear;0;No Additional Atmospheric Conditions;1;Clear;0;No;0;Not Applicable;99;Unknown;98;Unknown if Notified;99;Unknown EMS Scene Arrival Hour;98;Unknown if Arrived;99;Unknown;98;Unknown if Transported;0;None;0;None;0;None;1;0
53;Washington;530510;2;2;0;0;2;2;0;63;SPOKANE (63);2110;SPOKANE;8;8;7;July;2019;2;Monday;19;7:00pm-7:59pm;23;23;0;This section IS NOT on the NHS;6;Local Street - Municipality;MARKET;BISMARK;2;Urban;3;Principal Arterial - Other;4;City or Municipal Highway Agency;0;None;47.71213611;47.71213611;-117.3648417;-117.36484167;0;No Special Jurisdiction;12;Motor Vehicle In-Transport;1;Front-to-Rear;0;No;2;Intersection;3;T-Intersection;0;None;1;On Roadway;1;Daylight;1;Clear;0;No Additional Atmospheric Conditions;1;Clear;0;No;0;Not Applicable;99;Unknown;98;Unknown if Notified;99;Unknown EMS Scene Arrival Hour;98;Unknown if Arrived;99;Unknown;98;Unknown if Transported;0;None;0;None;0;None;1;1
53;Washington;530512;2;2;0;0;2;2;0;33;KING (33);1030;KENT;2;2;2;February;2019;7;Saturday;8;8:00am-8:59am;34;34;0;This section IS NOT on the NHS;6;Local Street - Municipality;S 212TH ST;FRAGER RD S;2;Urban;3;Principal Arterial - Other;4;City or Municipal Highway Agency;0;None;47.412375;47.412375;-122.2660333;-122.26603333;0;No Special Jurisdiction;12;Motor Vehicle In-Transport;2;Front-to-Front;0;No;2;Intersection;3;T-Intersection;0;None;1;On Roadway;1;Daylight;10;Cloudy;0;No Additional Atmospheric Conditions;10;Cloudy;0;No;0;Not Applicable;99;Unknown;98;Unknown if Notified;99;Unknown EMS Scene Arrival Hour;98;Unknown if Arrived;99;Unknown;98;Unknown if Transported;20;Police Pursuit Involved;0;None;0;None;1;0
53;Washington;530514;1;1;0;1;1;1;1;61;SNOHOMISH (61);1280;MARYSVILLE;16;16;2;February;2019;7;Saturday;19;7:00pm-7:59pm;41;41;0;This section IS NOT on the NHS;6;Local Street - Municipality;64TH ST NE;58TH DR NE;2;Urban;7;Local;4;City or Municipal Highway Agency;0;None;48.05381389;48.05381389;-122.1518194;-122.15181944;0;No Special Jurisdiction;8;Pedestrian;0;The First Harmful Event was Not a Collision with a Motor Vehicle in Transport;0;No;3;Intersection-Related;3;T-Intersection;0;None;1;On Roadway;3;Dark - Lighted;2;Rain;0;No Additional Atmospheric Conditions;2;Rain;0;No;0;Not Applicable;99;Unknown;98;Unknown if Notified;99;Unknown EMS Scene Arrival Hour;98;Unknown if Arrived;99;Unknown;98;Unknown if Transported;0;None;0;None;0;None;1;0
53;Washington;530516;2;2;0;0;2;2;0;33;KING (33);1960;SEATTLE;20;20;4;April;2019;7;Saturday;19;7:00pm-7:59pm;6;6;0;This section IS NOT on the NHS;6;Local Street - Municipality;35TH AVE;SW HUDSON ST;2;Urban;3;Principal Arterial - Other;4;City or Municipal Highway Agency;0;None;47.55740278;47.55740278;-122.3762806;-122.37628056;0;No Special Jurisdiction;12;Motor Vehicle In-Transport;6;Angle;0;No;2;Intersection;3;T-Intersection;0;None;1;On Roadway;1;Daylight;1;Clear;0;No Additional Atmospheric Conditions;1;Clear;0;No;0;Not Applicable;99;Unknown;99;Unknown;99;Unknown EMS Scene Arrival Hour;99;Unknown EMS Scene Arrival Minutes;99;Unknown;99;Unknown EMS Hospital Arrival Time;0;None;0;None;0;None;1;0
53;Washington;530526;1;1;0;2;1;1;2;33;KING (33);1960;SEATTLE;30;30;9;September;2019;2;Monday;8;8:00am-8:59am;57;57;0;This section IS NOT on the NHS;6;Local Street - Municipality;NE 125TH ST;28TH AVE NE;2;Urban;3;Principal Arterial - Other;4;City or Municipal Highway Agency;0;None;47.71929444;47.71929444;-122.2976889;-122.29768889;0;No Special Jurisdiction;8;Pedestrian;0;The First Harmful Event was Not a Collision with a Motor Vehicle in Transport;0;No;3;Intersection-Related;3;T-Intersection;0;None;1;On Roadway;1;Daylight;1;Clear;0;No Additional Atmospheric Conditions;1;Clear;0;No;0;Not Applicable;99;Unknown;98;Unknown if Notified;99;Unknown EMS Scene Arrival Hour;98;Unknown if Arrived;99;Unknown;98;Unknown if Transported;0;None;0;None;0;None;1;0
53;Washington;530527;2;2;0;0;3;3;0;67;THURSTON (67);0;NOT APPLICABLE;30;30;10;October;2019;4;Wednesday;6;6:00am-6:59am;28;28;0;This section IS NOT on the NHS;4;County Road;CR-LITTLEROCK RD SW;110TH AVE SW;1;Rural;5;Major Collector;2;County Highway Agency;99999;Unknown;46.92733611;46.92733611;-122.9922444;-122.99224444;0;No Special Jurisdiction;12;Motor Vehicle In-Transport;6;Angle;0;No;2;Intersection;3;T-Intersection;0;None;1;On Roadway;3;Dark - Lighted;1;Clear;0;No Additional Atmospheric Conditions;1;Clear;1;Yes;0;Not Applicable;99;Unknown;98;Unknown if Notified;99;Unknown EMS Scene Arrival Hour;98;Unknown if Arrived;99;Unknown;98;Unknown if Transported;0;None;0;None;0;None;1;0
54;West Virginia;540026;2;2;0;0;2;2;0;59;MINGO (59);680;DELBARTON;18;18;2;February;2019;2;Monday;15;3:00pm-3:59pm;31;31;1;This section IS ON the NHS;2;U.S. Highway;US-119;SR-65;1;Rural;3;Principal Arterial - Other;1;State Highway Agency;118;118;37.77428056;37.77428056;-82.23771944;-82.23771944;0;No Special Jurisdiction;12;Motor Vehicle In-Transport;6;Angle;0;No;2;Intersection;3;T-Intersection;0;None;1;On Roadway;1;Daylight;10;Cloudy;0;No Additional Atmospheric Conditions;10;Cloudy;0;No;0;Not Applicable;15;3:00pm-3:59pm;32;32;15;3:00pm-3:59pm;49;49;99;Unknown;99;Unknown EMS Hospital Arrival Time;0;None;0;None;0;None;1;0
54;West Virginia;540031;2;2;0;0;5;5;0;37;JEFFERSON (37);2230;RANSON;2;2;2;February;2019;7;Saturday;20;8:00pm-8:59pm;39;39;1;This section IS ON the NHS;3;State Highway;SR-9;5TH AVE;2;Urban;3;Principal Arterial - Other;1;State Highway Agency;85;85;39.30554722;39.30554722;-77.84167778;-77.84167778;0;No Special Jurisdiction;12;Motor Vehicle In-Transport;6;Angle;1;Yes;2;Intersection;3;T-Intersection;0;None;1;On Roadway;2;Dark - Not Lighted;1;Clear;0;No Additional Atmospheric Conditions;1;Clear;0;No;0;Not Applicable;99;Unknown;99;Unknown;99;Unknown EMS Scene Arrival Hour;99;Unknown EMS Scene Arrival Minutes;99;Unknown;99;Unknown EMS Hospital Arrival Time;0;None;0;None;0;None;1;1
54;West Virginia;540052;2;2;0;0;2;2;0;45;LOGAN (45);470;CHAPMANVILLE;23;23;3;March;2019;7;Saturday;8;8:00am-8:59am;49;49;1;This section IS ON the NHS;2;U.S. Highway;US-119;OLD LOGAN RD;2;Urban;3;Principal Arterial - Other;1;State Highway Agency;124;124;37.93510278;37.93510278;-82.01328333;-82.01328333;0;No Special Jurisdiction;12;Motor Vehicle In-Transport;6;Angle;0;No;2;Intersection;3;T-Intersection;0;None;1;On Roadway;1;Daylight;1;Clear;0;No Additional Atmospheric Conditions;1;Clear;0;No;0;Not Applicable;8;8:00am-8:59am;58;58;9;9:00am-9:59am;15;15;9;9:00am-9:59am;35;35;0;None;0;None;0;None;1;0
54;West Virginia;540067;2;2;0;0;3;3;0;3;BERKELEY (3);1170;HEDGESVILLE;26;26;4;April;2019;6;Friday;6;6:00am-6:59am;50;50;1;This section IS ON the NHS;3;State Highway;SR-9;LEISURE WAY;1;Rural;3;Principal Arterial - Other;1;State Highway Agency;46;46;39.55416944;39.55416944;-78.02325;-78.02325;0;No Special Jurisdiction;12;Motor Vehicle In-Transport;2;Front-to-Front;0;No;2;Intersection;3;T-Intersection;0;None;1;On Roadway;1;Daylight;10;Cloudy;0;No Additional Atmospheric Conditions;10;Cloudy;0;No;0;Not Applicable;99;Unknown;99;Unknown;99;Unknown EMS Scene Arrival Hour;99;Unknown EMS Scene Arrival Minutes;99;Unknown;99;Unknown EMS Hospital Arrival Time;21;Within Designated School Zone;0;None;0;None;1;0
54;West Virginia;540069;3;3;0;0;6;6;0;45;LOGAN (45);470;CHAPMANVILLE;2;2;5;May;2019;5;Thursday;8;8:00am-8:59am;40;40;1;This section IS ON the NHS;2;U.S. Highway;US-119;CENTRAL AVE;2;Urban;3;Principal Arterial - Other;1;State Highway Agency;147;147;37.96509722;37.96509722;-82.02332778;-82.02332778;0;No Special Jurisdiction;12;Motor Vehicle In-Transport;6;Angle;0;No;2;Intersection;3;T-Intersection;0;None;1;On Roadway;1;Daylight;2;Rain;0;No Additional Atmospheric Conditions;2;Rain;0;No;0;Not Applicable;99;Unknown;99;Unknown;99;Unknown EMS Scene Arrival Hour;99;Unknown EMS Scene Arrival Minutes;99;Unknown;99;Unknown EMS Hospital Arrival Time;14;Motor Vehicle struck by falling cargo,or something that came loose from or something that was set in motion by a vehicle;0;None;0;None;1;0
54;West Virginia;540122;2;2;0;0;2;2;0;3;BERKELEY (3);354;BUNKER HILL;16;16;7;July;2019;3;Tuesday;13;1:00pm-1:59pm;44;44;0;This section IS NOT on the NHS;3;State Highway;SR-51;MIDDLEWAY PIKE;2;Urban;6;Minor Collector;1;State Highway Agency;81;81;39.33483056;39.33483056;-78.01699444;-78.01699444;0;No Special Jurisdiction;12;Motor Vehicle In-Transport;6;Angle;0;No;2;Intersection;3;T-Intersection;0;None;1;On Roadway;1;Daylight;10;Cloudy;0;No Additional Atmospheric Conditions;10;Cloudy;0;No;0;Not Applicable;99;Unknown;99;Unknown;99;Unknown EMS Scene Arrival Hour;99;Unknown EMS Scene Arrival Minutes;88;Not Applicable (Not Transported);88;Not Applicable (Not Transported);0;None;0;None;0;None;1;1
54;West Virginia;540123;2;2;0;0;4;4;0;79;PUTNAM (79);0;NOT APPLICABLE;17;17;7;July;2019;4;Wednesday;12;12:00pm-12:59pm;50;50;0;This section IS NOT on the NHS;3;State Highway;SR-62;SCHOOL LN;2;Urban;4;Minor Arterial;1;State Highway Agency;82;82;38.53724444;38.53724444;-81.86058889;-81.86058889;0;No Special Jurisdiction;12;Motor Vehicle In-Transport;6;Angle;0;No;2;Intersection;3;T-Intersection;0;None;1;On Roadway;1;Daylight;1;Clear;0;No Additional Atmospheric Conditions;1;Clear;0;No;0;Not Applicable;99;Unknown;99;Unknown;99;Unknown EMS Scene Arrival Hour;99;Unknown EMS Scene Arrival Minutes;99;Unknown;99;Unknown EMS Hospital Arrival Time;0;None;0;None;0;None;1;0
54;West Virginia;540130;1;1;0;1;1;1;1;11;CABELL (11);130;BARBOURSVILLE;2;2;8;August;2019;6;Friday;4;4:00am-4:59am;15;15;1;This section IS ON the NHS;3;State Highway;SR-193;WENTZ HOLLOW RD;2;Urban;3;Principal Arterial - Other;1;State Highway Agency;18;18;38.45915833;38.45915833;-82.29533611;-82.29533611;0;No Special Jurisdiction;8;Pedestrian;0;The First Harmful Event was Not a Collision with a Motor Vehicle in Transport;0;No;2;Intersection;3;T-Intersection;0;None;1;On Roadway;2;Dark - Not Lighted;1;Clear;0;No Additional Atmospheric Conditions;1;Clear;0;No;0;Not Applicable;4;4:00am-4:59am;15;15;4;4:00am-4:59am;23;23;88;Not Applicable (Not Transported);88;Not Applicable (Not Transported);0;None;0;None;0;None;1;0
54;West Virginia;540134;2;2;0;0;2;2;0;81;RALEIGH (81);2470;SOPHIA;6;6;8;August;2019;3;Tuesday;17;5:00pm-5:59pm;12;12;0;This section IS NOT on the NHS;3;State Highway;SR-16;MASON LN;1;Rural;5;Major Collector;1;State Highway Agency;277;277;37.70766389;37.70766389;-81.25030833;-81.25030833;0;No Special Jurisdiction;12;Motor Vehicle In-Transport;2;Front-to-Front;0;No;3;Intersection-Related;3;T-Intersection;0;None;1;On Roadway;1;Daylight;1;Clear;0;No Additional Atmospheric Conditions;1;Clear;0;No;0;Not Applicable;99;Unknown;99;Unknown;99;Unknown EMS Scene Arrival Hour;99;Unknown EMS Scene Arrival Minutes;88;Not Applicable (Not Transported);88;Not Applicable (Not Transported);0;None;0;None;0;None;1;0
54;West Virginia;540153;2;2;0;0;2;2;0;39;KANAWHA (39);0;NOT APPLICABLE;29;29;8;August;2019;5;Thursday;13;1:00pm-1:59pm;4;4;0;This section IS NOT on the NHS;3;State Highway;SR-214;CR-16;2;Urban;5;Major Collector;1;State Highway Agency;36;36;38.29875833;38.29875833;-81.75399444;-81.75399444;0;No Special Jurisdiction;12;Motor Vehicle In-Transport;6;Angle;0;No;2;Intersection;3;T-Intersection;0;None;1;On Roadway;1;Daylight;1;Clear;0;No Additional Atmospheric Conditions;1;Clear;0;No;0;Not Applicable;99;Unknown;99;Unknown;99;Unknown EMS Scene Arrival Hour;99;Unknown EMS Scene Arrival Minutes;99;Unknown;99;Unknown EMS Hospital Arrival Time;0;None;0;None;0;None;1;0
54;West Virginia;540155;2;2;0;0;2;2;0;99;WAYNE (99);993;GENOA;26;26;5;May;2019;1;Sunday;19;7:00pm-7:59pm;45;45;0;This section IS NOT on the NHS;3;State Highway;SR-152;RADNOR HOLLOW RD;1;Rural;5;Major Collector;1;State Highway Agency;153;153;38.07961944;38.07961944;-82.45676111;-82.45676111;0;No Special Jurisdiction;12;Motor Vehicle In-Transport;6;Angle;0;No;2;Intersection;3;T-Intersection;0;None;1;On Roadway;1;Daylight;1;Clear;0;No Additional Atmospheric Conditions;1;Clear;0;No;0;Not Applicable;99;Unknown;99;Unknown;99;Unknown EMS Scene Arrival Hour;99;Unknown EMS Scene Arrival Minutes;99;Unknown;96;Terminated Transport;0;None;0;None;0;None;1;0
54;West Virginia;540176;2;2;0;0;3;3;0;99;WAYNE (99);1438;LAVALETTE;26;26;9;September;2019;5;Thursday;11;11:00am-11:59am;50;50;0;This section IS NOT on the NHS;3;State Highway;SR-152;CR-6;2;Urban;5;Major Collector;1;State Highway Agency;436;436;38.36498056;38.36498056;-82.45379722;-82.45379722;0;No Special Jurisdiction;12;Motor Vehicle In-Transport;6;Angle;0;No;2;Intersection;3;T-Intersection;0;None;1;On Roadway;1;Daylight;1;Clear;0;No Additional Atmospheric Conditions;1;Clear;0;No;0;Not Applicable;99;Unknown;99;Unknown;99;Unknown EMS Scene Arrival Hour;99;Unknown EMS Scene Arrival Minutes;99;Unknown;99;Unknown EMS Hospital Arrival Time;0;None;0;None;0;None;1;0
54;West Virginia;540189;1;1;0;0;2;2;0;107;WOOD (107);0;NOT APPLICABLE;11;11;10;October;2019;6;Friday;22;10:00pm-10:59pm;10;10;0;This section IS NOT on the NHS;3;State Highway;SR-14;9TH AVE;2;Urban;4;Minor Arterial;1;State Highway Agency;125;125;39.25082778;39.25082778;-81.5451;-81.5451;0;No Special Jurisdiction;1;Rollover/Overturn;0;The First Harmful Event was Not a Collision with a Motor Vehicle in Transport;0;No;3;Intersection-Related;3;T-Intersection;0;None;4;On Roadside;2;Dark - Not Lighted;1;Clear;0;No Additional Atmospheric Conditions;1;Clear;0;No;0;Not Applicable;99;Unknown;99;Unknown;99;Unknown EMS Scene Arrival Hour;99;Unknown EMS Scene Arrival Minutes;99;Unknown;99;Unknown EMS Hospital Arrival Time;0;None;0;None;0;None;1;1
54;West Virginia;540212;2;2;0;0;3;3;0;49;MARION (49);840;FAIRMONT;10;10;7;July;2019;4;Wednesday;13;1:00pm-1:59pm;40;40;0;This section IS NOT on the NHS;6;Local Street - Municipality;COUNTRY CLUB RD;BISON ST;6;Trafficway Not in State Inventory;96;Trafficway Not in State Inventory;96;Trafficway Not in State Inventory;0;None;39.47042222;39.47042222;-80.16665;-80.16665;0;No Special Jurisdiction;12;Motor Vehicle In-Transport;6;Angle;0;No;2;Intersection;3;T-Intersection;0;None;1;On Roadway;1;Daylight;1;Clear;0;No Additional Atmospheric Conditions;1;Clear;0;No;0;Not Applicable;13;1:00pm-1:59pm;41;41;13;1:00pm-1:59pm;42;42;88;Not Applicable (Not Transported);88;Not Applicable (Not Transported);0;None;0;None;0;None;1;0