STATE;STATENAME;ST_CASE;VE_TOTAL;VE_FORMS;PVH_INVL;PEDS;PERSONS;PERMVIT;PERNOTMVIT;COUNTY;COUNTYNAME;CITY;CITYNAME;DAY;DAYNAME;MONTH;MONTHNAME;YEAR;DAY_WEEK;DAY_WEEKNAME;HOUR;HOURNAME;MINUTE;MINUTENAME;NHS;NHSNAME;ROUTE;ROUTENAME;TWAY_ID;TWAY_ID2;RUR_URB;RUR_URBNAME;FUNC_SYS;FUNC_SYSNAME;RD_OWNER;RD_OWNERNAME;MILEPT;MILEPTNAME;LATITUDE;LATITUDENAME;LONGITUD;LONGITUDNAME;SP_JUR;SP_JURNAME;HARM_EV;HARM_EVNAME;MAN_COLL;MAN_COLLNAME;RELJCT1;RELJCT1NAME;RELJCT2;RELJCT2NAME;TYP_INT;TYP_INTNAME;WRK_ZONE;WRK_ZONENAME;REL_ROAD;REL_ROADNAME;LGT_COND;LGT_CONDNAME;WEATHER1;WEATHER1NAME;WEATHER2;WEATHER2NAME;WEATHER;WEATHERNAME;SCH_BUS;SCH_BUSNAME;RAIL;RAILNAME;NOT_HOUR;NOT_HOURNAME;NOT_MIN;NOT_MINNAME;ARR_HOUR;ARR_HOURNAME;ARR_MIN;ARR_MINNAME;HOSP_HR;HOSP_HRNAME;HOSP_MN;HOSP_MNNAME;CF1;CF1NAME;CF2;CF2NAME;CF3;CF3NAME;FATALS;DRUNK_DR
55;Wisconsin;550006;1;1;0;1;1;1;1;73;MARATHON (73);5110;WAUSAU;12;12;1;January;2019;7;Saturday;17;5:00pm-5:59pm;13;13;1;This section IS ON the NHS;3;State Highway;SR-51 GRAND AVE;HENRIETTA ST;2;Urban;3;Principal Arterial - Other;1;State Highway Agency;99998;Not Reported;44.95241944;44.95241944;-89.62308611;-89.62308611;0;No Special Jurisdiction;8;Pedestrian;0;The First Harmful Event was Not a Collision with a Motor Vehicle in Transport;0;No;3;Intersection-Related;3;T-Intersection;0;None;1;On Roadway;3;Dark - Lighted;10;Cloudy;0;No Additional Atmospheric Conditions;10;Cloudy;0;No;0;Not Applicable;99;Unknown;99;Unknown;99;Unknown EMS Scene Arrival Hour;99;Unknown EMS Scene Arrival Minutes;99;Unknown;99;Unknown EMS Hospital Arrival Time;0;None;0;None;0;None;1;0
55;Wisconsin;550048;2;2;0;0;2;2;0;9;BROWN (9);2000;GREEN BAY;23;23;3;March;2019;7;Saturday;15;3:00pm-3:59pm;16;16;0;This section IS NOT on the NHS;6;Local Street - Municipality;EAST SHORE DR (2);WILD LIFE SANCTUARY ACCESS RD;2;Urban;6;Minor Collector;4;City or Municipal Highway Agency;0;None;44.52955833;44.52955833;-87.97693333;-87.97693333;0;No Special Jurisdiction;12;Motor Vehicle In-Transport;6;Angle;0;No;2;Intersection;3;T-Intersection;0;None;1;On Roadway;1;Daylight;1;Clear;0;No Additional Atmospheric Conditions;1;Clear;0;No;0;Not Applicable;15;3:00pm-3:59pm;16;16;15;3:00pm-3:59pm;21;21;99;Unknown;99;Unknown EMS Hospital Arrival Time;0;None;0;None;0;None;1;0
55;Wisconsin;550055;1;1;0;0;2;2;0;27;DODGE (27);380;BEAVER DAM;2;2;4;April;2019;3;Tuesday;1;1:00am-1:59am;52;52;0;This section IS NOT on the NHS;6;Local Street - Municipality;MADISON ST;RYAN CANTAFIO'S WAY;2;Urban;4;Minor Arterial;4;City or Municipal Highway Agency;0;None;43.45536111;43.45536111;-88.84086111;-88.84086111;0;No Special Jurisdiction;43;Other Fixed Object;0;The First Harmful Event was Not a Collision with a Motor Vehicle in Transport;0;No;3;Intersection-Related;3;T-Intersection;0;None;4;On Roadside;3;Dark - Lighted;2;Rain;10;Cloudy;2;Rain;0;No;0;Not Applicable;1;1:00am-1:59am;57;57;2;2:00am-2:59am;16;16;2;2:00am-2:59am;34;34;0;None;0;None;0;None;1;1
55;Wisconsin;550059;1;1;0;0;1;1;0;75;MARINETTE (75);0;NOT APPLICABLE;13;13;4;April;2019;7;Saturday;99;Unknown Hours;99;Unknown Minutes;0;This section IS NOT on the NHS;2;U.S. Highway;US-8;US-141;1;Rural;4;Minor Arterial;1;State Highway Agency;99998;Not Reported;45.74725833;45.74725833;-87.95741667;-87.95741667;0;No Special Jurisdiction;34;Ditch;0;The First Harmful Event was Not a Collision with a Motor Vehicle in Transport;0;No;3;Intersection-Related;3;T-Intersection;0;None;4;On Roadside;3;Dark - Lighted;10;Cloudy;0;No Additional Atmospheric Conditions;10;Cloudy;0;No;0;Not Applicable;0;0:00am-0:59am;23;23;0;0:00am-0:59am;42;42;1;1:00am-1:59am;25;25;0;None;0;None;0;None;1;1
55;Wisconsin;550062;1;1;0;0;1;1;0;109;ST. CROIX (109);0;NOT APPLICABLE;2;2;2;February;2019;7;Saturday;0;0:00am-0:59am;20;20;0;This section IS NOT on the NHS;2;U.S. Highway;US-12 OLD HIGHWAY 12;BRIDGE RD;1;Rural;5;Major Collector;1;State Highway Agency;99998;Not Reported;44.96225556;44.96225556;-92.33463333;-92.33463333;0;No Special Jurisdiction;59;Traffic Sign Support;0;The First Harmful Event was Not a Collision with a Motor Vehicle in Transport;0;No;3;Intersection-Related;3;T-Intersection;0;None;4;On Roadside;2;Dark - Not Lighted;10;Cloudy;0;No Additional Atmospheric Conditions;10;Cloudy;0;No;0;Not Applicable;0;0:00am-0:59am;20;20;0;0:00am-0:59am;29;29;88;Not Applicable (Not Transported);88;Not Applicable (Not Transported);0;None;0;None;0;None;1;1
55;Wisconsin;550082;3;3;0;0;5;5;0;95;POLK (95);120;AMERY;30;30;4;April;2019;3;Tuesday;14;2:00pm-2:59pm;27;27;0;This section IS NOT on the NHS;3;State Highway;SR-46;RIVER PLACE DR;2;Urban;4;Minor Arterial;1;State Highway Agency;99998;Not Reported;45.29386111;45.29386111;-92.36743056;-92.36743056;0;No Special Jurisdiction;12;Motor Vehicle In-Transport;2;Front-to-Front;0;No;2;Intersection;3;T-Intersection;0;None;1;On Roadway;1;Daylight;2;Rain;10;Cloudy;2;Rain;0;No;0;Not Applicable;99;Unknown;99;Unknown;99;Unknown EMS Scene Arrival Hour;99;Unknown EMS Scene Arrival Minutes;99;Unknown;99;Unknown EMS Hospital Arrival Time;0;None;0;None;0;None;1;0
55;Wisconsin;550141;2;2;0;0;4;4;0;79;MILWAUKEE (79);3100;MILWAUKEE;20;20;4;April;2019;7;Saturday;2;2:00am-2:59am;23;23;1;This section IS ON the NHS;6;Local Street - Municipality;51ST BLVD N;SILVER SPRING DR W;2;Urban;3;Principal Arterial - Other;4;City or Municipal Highway Agency;0;None;43.11928333;43.11928333;-87.97620556;-87.97620556;0;No Special Jurisdiction;12;Motor Vehicle In-Transport;6;Angle;0;No;2;Intersection;3;T-Intersection;0;None;1;On Roadway;3;Dark - Lighted;1;Clear;0;No Additional Atmospheric Conditions;1;Clear;0;No;0;Not Applicable;2;2:00am-2:59am;33;33;2;2:00am-2:59am;36;36;3;3:00am-3:59am;22;22;0;None;0;None;0;None;1;2
55;Wisconsin;550152;2;2;0;0;2;2;0;43;GRANT (43);0;NOT APPLICABLE;4;4;5;May;2019;7;Saturday;10;10:00am-10:59am;3;3;1;This section IS ON the NHS;2;U.S. Highway;US-61;STAGE RD;1;Rural;4;Minor Arterial;1;State Highway Agency;99998;Not Reported;42.83038611;42.83038611;-90.70288333;-90.70288333;0;No Special Jurisdiction;12;Motor Vehicle In-Transport;1;Front-to-Rear;0;No;3;Intersection-Related;3;T-Intersection;0;None;1;On Roadway;1;Daylight;1;Clear;0;No Additional Atmospheric Conditions;1;Clear;0;No;0;Not Applicable;10;10:00am-10:59am;6;6;10;10:00am-10:59am;11;11;10;10:00am-10:59am;29;29;0;None;0;None;0;None;1;0
55;Wisconsin;550180;1;1;0;0;1;1;0;133;WAUKESHA (133);2080;HARTLAND;9;9;6;June;2019;1;Sunday;21;9:00pm-9:59pm;35;35;0;This section IS NOT on the NHS;4;County Road;CR-E;HARTRIDGE DR;2;Urban;4;Minor Arterial;2;County Highway Agency;0;None;43.09081111;43.09081111;-88.34313889;-88.34313889;0;No Special Jurisdiction;1;Rollover/Overturn;0;The First Harmful Event was Not a Collision with a Motor Vehicle in Transport;0;No;2;Intersection;3;T-Intersection;0;None;1;On Roadway;3;Dark - Lighted;1;Clear;0;No Additional Atmospheric Conditions;1;Clear;0;No;0;Not Applicable;21;9:00pm-9:59pm;35;35;21;9:00pm-9:59pm;39;39;22;10:00pm-10:59pm;2;2;19;Recent/Previous Crash scene Nearby;23;Indication of a Stalled/Disabled Vehicle;0;None;1;1
55;Wisconsin;550182;2;2;0;0;4;4;0;107;RUSK (107);0;NOT APPLICABLE;23;23;5;May;2019;5;Thursday;16;4:00pm-4:59pm;34;34;1;This section IS ON the NHS;2;U.S. Highway;US-8;BEEBE RD;1;Rural;3;Principal Arterial - Other;1;State Highway Agency;99998;Not Reported;45.46374444;45.46374444;-91.23651111;-91.23651111;0;No Special Jurisdiction;12;Motor Vehicle In-Transport;1;Front-to-Rear;0;No;2;Intersection;3;T-Intersection;0;None;1;On Roadway;1;Daylight;10;Cloudy;0;No Additional Atmospheric Conditions;10;Cloudy;0;No;0;Not Applicable;16;4:00pm-4:59pm;99;Unknown;99;Unknown EMS Scene Arrival Hour;99;Unknown EMS Scene Arrival Minutes;99;Unknown;99;Unknown EMS Hospital Arrival Time;0;None;0;None;0;None;1;0
55;Wisconsin;550191;2;2;0;0;3;3;0;15;CALUMET (15);9997;Other;10;10;5;May;2019;6;Friday;17;5:00pm-5:59pm;0;0;0;This section IS NOT on the NHS;4;County Road;CR-KK;HIGHLINE RD;2;Urban;4;Minor Arterial;2;County Highway Agency;0;None;44.24318889;44.24318889;-88.288875;-88.288875;0;No Special Jurisdiction;12;Motor Vehicle In-Transport;1;Front-to-Rear;0;No;2;Intersection;3;T-Intersection;0;None;1;On Roadway;1;Daylight;1;Clear;0;No Additional Atmospheric Conditions;1;Clear;0;No;0;Not Applicable;16;4:00pm-4:59pm;59;59;17;5:00pm-5:59pm;5;5;17;5:00pm-5:59pm;42;42;0;None;0;None;0;None;1;0
55;Wisconsin;550232;2;2;0;0;2;2;0;71;MANITOWOC (71);3405;NEWTON;26;26;7;July;2019;6;Friday;9;9:00am-9:59am;52;52;0;This section IS NOT on the NHS;4;County Road;CR-CR;CLOVER VIEW RD;1;Rural;5;Major Collector;2;County Highway Agency;0;None;44.04474167;44.04474167;-87.70166667;-87.70166667;0;No Special Jurisdiction;12;Motor Vehicle In-Transport;6;Angle;0;No;3;Intersection-Related;3;T-Intersection;0;None;1;On Roadway;1;Daylight;10;Cloudy;0;No Additional Atmospheric Conditions;10;Cloudy;0;No;0;Not Applicable;9;9:00am-9:59am;54;54;9;9:00am-9:59am;58;58;10;10:00am-10:59am;23;23;0;None;0;None;0;None;1;0
55;Wisconsin;550236;2;2;0;0;2;2;0;77;MARQUETTE (77);0;NOT APPLICABLE;14;14;7;July;2019;1;Sunday;13;1:00pm-1:59pm;20;20;0;This section IS NOT on the NHS;3;State Highway;SR-22;CR-XX;1;Rural;4;Minor Arterial;1;State Highway Agency;99998;Not Reported;43.76756944;43.76756944;-89.30911111;-89.30911111;0;No Special Jurisdiction;12;Motor Vehicle In-Transport;1;Front-to-Rear;0;No;3;Intersection-Related;3;T-Intersection;0;None;1;On Roadway;1;Daylight;1;Clear;0;No Additional Atmospheric Conditions;1;Clear;0;No;0;Not Applicable;13;1:00pm-1:59pm;30;30;13;1:00pm-1:59pm;47;47;88;Not Applicable (Not Transported);88;Not Applicable (Not Transported);0;None;0;None;0;None;1;0
55;Wisconsin;550276;1;1;0;0;1;1;0;51;IRON (51);0;NOT APPLICABLE;16;16;8;August;2019;6;Friday;99;Unknown Hours;99;Unknown Minutes;0;This section IS NOT on the NHS;3;State Highway;SR-182;SR-47;1;Rural;4;Minor Arterial;1;State Highway Agency;99998;Not Reported;46.08567222;46.08567222;-89.98121667;-89.98121667;0;No Special Jurisdiction;59;Traffic Sign Support;0;The First Harmful Event was Not a Collision with a Motor Vehicle in Transport;0;No;3;Intersection-Related;3;T-Intersection;0;None;4;On Roadside;2;Dark - Not Lighted;1;Clear;0;No Additional Atmospheric Conditions;1;Clear;0;No;0;Not Applicable;23;11:00pm-11:59pm;13;13;23;11:00pm-11:59pm;99;Unknown EMS Scene Arrival Minutes;88;Not Applicable (Not Transported);88;Not Applicable (Not Transported);0;None;0;None;0;None;1;1
55;Wisconsin;550305;2;2;0;0;2;2;0;59;KENOSHA (59);9997;Other;19;19;8;August;2019;2;Monday;11;11:00am-11:59am;50;50;0;This section IS NOT on the NHS;4;County Road;CR-C;98TH ST;2;Urban;5;Major Collector;2;County Highway Agency;0;None;42.53205556;42.53205556;-88.07269722;-88.07269722;0;No Special Jurisdiction;12;Motor Vehicle In-Transport;6;Angle;0;No;2;Intersection;3;T-Intersection;0;None;1;On Roadway;1;Daylight;1;Clear;0;No Additional Atmospheric Conditions;1;Clear;0;No;0;Not Applicable;11;11:00am-11:59am;50;50;11;11:00am-11:59am;55;55;99;Unknown;99;Unknown EMS Hospital Arrival Time;0;None;0;None;0;None;1;0
55;Wisconsin;550318;2;2;0;0;2;2;0;25;DANE (25);1724;FITCHBURG;28;28;8;August;2019;4;Wednesday;16;4:00pm-4:59pm;41;41;0;This section IS NOT on the NHS;4;County Road;CR-MM;MCCOY RD;2;Urban;4;Minor Arterial;2;County Highway Agency;0;None;43.02396389;43.02396389;-89.38026111;-89.38026111;0;No Special Jurisdiction;12;Motor Vehicle In-Transport;6;Angle;0;No;2;Intersection;3;T-Intersection;0;None;1;On Roadway;1;Daylight;1;Clear;0;No Additional Atmospheric Conditions;1;Clear;0;No;0;Not Applicable;99;Unknown;99;Unknown;99;Unknown EMS Scene Arrival Hour;99;Unknown EMS Scene Arrival Minutes;17;5:00pm-5:59pm;0;0;0;None;0;None;0;None;1;0
55;Wisconsin;550320;1;1;0;1;1;1;1;139;WINNEBAGO (139);3620;OSHKOSH;20;20;8;August;2019;3;Tuesday;17;5:00pm-5:59pm;52;52;0;This section IS NOT on the NHS;6;Local Street - Municipality;WITZEL AVE;MASON ST;2;Urban;4;Minor Arterial;4;City or Municipal Highway Agency;0;None;44.01790278;44.01790278;-88.56854722;-88.56854722;0;No Special Jurisdiction;8;Pedestrian;0;The First Harmful Event was Not a Collision with a Motor Vehicle in Transport;1;Yes;3;Intersection-Related;3;T-Intersection;0;None;1;On Roadway;1;Daylight;1;Clear;0;No Additional Atmospheric Conditions;1;Clear;0;No;0;Not Applicable;99;Unknown;99;Unknown;99;Unknown EMS Scene Arrival Hour;99;Unknown EMS Scene Arrival Minutes;99;Unknown;99;Unknown EMS Hospital Arrival Time;0;None;0;None;0;None;1;0
55;Wisconsin;550370;2;2;0;0;2;2;0;105;ROCK (105);0;NOT APPLICABLE;25;25;9;September;2019;4;Wednesday;8;8:00am-8:59am;5;5;1;This section IS ON the NHS;3;State Highway;SR-11;I-39 RAMP;1;Rural;3;Principal Arterial - Other;1;State Highway Agency;0;None;42.63505556;42.63505556;-88.98525278;-88.98525278;0;No Special Jurisdiction;12;Motor Vehicle In-Transport;6;Angle;1;Yes;3;Intersection-Related;3;T-Intersection;0;None;1;On Roadway;1;Daylight;10;Cloudy;0;No Additional Atmospheric Conditions;10;Cloudy;0;No;0;Not Applicable;8;8:00am-8:59am;8;8;8;8:00am-8:59am;16;16;88;Not Applicable (Not Transported);88;Not Applicable (Not Transported);0;None;0;None;0;None;1;0
55;Wisconsin;550375;1;1;0;0;1;1;0;141;WOOD (141);0;NOT APPLICABLE;7;7;9;September;2019;7;Saturday;99;Unknown Hours;99;Unknown Minutes;0;This section IS NOT on the NHS;5;Local Street - Township;ELM RD;NORTH RD;1;Rural;7;Local;3;Town or Township Highway Agency;0;None;44.41623611;44.41623611;-89.92574722;-89.92574722;0;No Special Jurisdiction;42;Tree (Standing Only);0;The First Harmful Event was Not a Collision with a Motor Vehicle in Transport;0;No;3;Intersection-Related;3;T-Intersection;0;None;4;On Roadside;9;Reported as Unknown;99;Reported as Unknown;0;No Additional Atmospheric Conditions;99;Reported as Unknown;0;No;0;Not Applicable;6;6:00am-6:59am;58;58;7;7:00am-7:59am;18;18;88;Not Applicable (Not Transported);88;Not Applicable (Not Transported);0;None;0;None;0;None;1;1
55;Wisconsin;550383;1;1;0;0;1;1;0;79;MILWAUKEE (79);3100;MILWAUKEE;19;19;9;September;2019;5;Thursday;21;9:00pm-9:59pm;52;52;1;This section IS ON the NHS;6;Local Street - Municipality;LAYTON AVE W;26TH ST S;2;Urban;3;Principal Arterial - Other;4;City or Municipal Highway Agency;0;None;42.9594;42.9594;-87.94736111;-87.94736111;0;No Special Jurisdiction;42;Tree (Standing Only);0;The First Harmful Event was Not a Collision with a Motor Vehicle in Transport;0;No;3;Intersection-Related;3;T-Intersection;0;None;3;On Median;3;Dark - Lighted;1;Clear;0;No Additional Atmospheric Conditions;1;Clear;0;No;0;Not Applicable;22;10:00pm-10:59pm;9;9;22;10:00pm-10:59pm;20;20;22;10:00pm-10:59pm;46;46;0;None;0;None;0;None;1;1
55;Wisconsin;550396;3;3;0;0;3;3;0;131;WASHINGTON (131);0;NOT APPLICABLE;24;24;4;April;2019;4;Wednesday;13;1:00pm-1:59pm;16;16;1;This section IS ON the NHS;3;State Highway;SR-33;NABOB DR;1;Rural;3;Principal Arterial - Other;1;State Highway Agency;99998;Not Reported;43.42751389;43.42751389;-88.27125556;-88.27125556;0;No Special Jurisdiction;12;Motor Vehicle In-Transport;2;Front-to-Front;0;No;2;Intersection;3;T-Intersection;0;None;1;On Roadway;1;Daylight;1;Clear;0;No Additional Atmospheric Conditions;1;Clear;0;No;0;Not Applicable;13;1:00pm-1:59pm;20;20;13;1:00pm-1:59pm;30;30;13;1:00pm-1:59pm;56;56;14;Motor Vehicle struck by falling cargo,or something that came loose from or something that was set in motion by a vehicle;0;None;0;None;1;0
55;Wisconsin;550408;2;2;0;0;2;2;0;113;SAWYER (113);0;NOT APPLICABLE;8;8;10;October;2019;3;Tuesday;16;4:00pm-4:59pm;55;55;0;This section IS NOT on the NHS;4;County Road;CR-B;CR-A;1;Rural;5;Major Collector;2;County Highway Agency;0;None;45.98216111;45.98216111;-91.20715556;-91.20715556;0;No Special Jurisdiction;12;Motor Vehicle In-Transport;6;Angle;0;No;2;Intersection;3;T-Intersection;0;None;1;On Roadway;1;Daylight;1;Clear;0;No Additional Atmospheric Conditions;1;Clear;0;No;0;Not Applicable;16;4:00pm-4:59pm;59;59;17;5:00pm-5:59pm;0;0;99;Unknown;99;Unknown EMS Hospital Arrival Time;0;None;0;None;0;None;1;0
55;Wisconsin;550444;3;3;0;0;3;3;0;39;FOND DU LAC (39);0;NOT APPLICABLE;14;14;10;October;2019;2;Monday;15;3:00pm-3:59pm;44;44;0;This section IS NOT on the NHS;4;County Road;CR-OOO;ESTERBROOK RD;1;Rural;6;Minor Collector;2;County Highway Agency;0;None;43.792225;43.792225;-88.50281944;-88.50281944;0;No Special Jurisdiction;12;Motor Vehicle In-Transport;6;Angle;0;No;2;Intersection;3;T-Intersection;0;None;1;On Roadway;1;Daylight;1;Clear;0;No Additional Atmospheric Conditions;1;Clear;0;No;0;Not Applicable;15;3:00pm-3:59pm;48;48;15;3:00pm-3:59pm;54;54;16;4:00pm-4:59pm;21;21;0;None;0;None;0;None;1;0
55;Wisconsin;550447;2;2;0;0;2;2;0;59;KENOSHA (59);0;NOT APPLICABLE;17;17;10;October;2019;5;Thursday;16;4:00pm-4:59pm;8;8;0;This section IS NOT on the NHS;4;County Road;CR-KR  1ST ST;144TH AVE;1;Rural;5;Major Collector;2;County Highway Agency;0;None;42.66954444;42.66954444;-87.98275833;-87.98275833;0;No Special Jurisdiction;12;Motor Vehicle In-Transport;6;Angle;0;No;2;Intersection;3;T-Intersection;0;None;1;On Roadway;1;Daylight;10;Cloudy;0;No Additional Atmospheric Conditions;10;Cloudy;0;No;0;Not Applicable;16;4:00pm-4:59pm;9;9;99;Unknown EMS Scene Arrival Hour;99;Unknown EMS Scene Arrival Minutes;99;Unknown;99;Unknown EMS Hospital Arrival Time;0;None;0;None;0;None;1;0
55;Wisconsin;550458;2;2;0;0;2;2;0;87;OUTAGAMIE (87);2028;GREENVILLE;28;28;10;October;2019;2;Monday;17;5:00pm-5:59pm;30;30;1;This section IS ON the NHS;3;State Highway;SR-15;CR-JJ;1;Rural;3;Principal Arterial - Other;1;State Highway Agency;99998;Not Reported;44.33050833;44.33050833;-88.60254444;-88.60254444;0;No Special Jurisdiction;12;Motor Vehicle In-Transport;6;Angle;0;No;2;Intersection;3;T-Intersection;0;None;1;On Roadway;1;Daylight;10;Cloudy;0;No Additional Atmospheric Conditions;10;Cloudy;0;No;0;Not Applicable;17;5:00pm-5:59pm;38;38;17;5:00pm-5:59pm;46;46;18;6:00pm-6:59pm;33;33;0;None;0;None;0;None;1;0
55;Wisconsin;550468;2;2;0;0;3;3;0;135;WAUPACA (135);0;NOT APPLICABLE;21;21;11;November;2019;5;Thursday;21;9:00pm-9:59pm;15;15;1;This section IS ON the NHS;2;U.S. Highway;US-10;OLD HIGHWAY 49;1;Rural;3;Principal Arterial - Other;1;State Highway Agency;99998;Not Reported;44.26838056;44.26838056;-88.9284;-88.9284;0;No Special Jurisdiction;12;Motor Vehicle In-Transport;6;Angle;0;No;2;Intersection;3;T-Intersection;0;None;1;On Roadway;2;Dark - Not Lighted;1;Clear;0;No Additional Atmospheric Conditions;1;Clear;0;No;0;Not Applicable;21;9:00pm-9:59pm;18;18;21;9:00pm-9:59pm;24;24;88;Not Applicable (Not Transported);88;Not Applicable (Not Transported);0;None;0;None;0;None;1;0
55;Wisconsin;550486;1;1;0;1;1;1;1;117;SHEBOYGAN (117);4330;SHEBOYGAN;12;12;12;December;2019;5;Thursday;20;8:00pm-8:59pm;59;59;0;This section IS NOT on the NHS;6;Local Street - Municipality;N 6TH ST;NEW YORK AVE;2;Urban;7;Local;4;City or Municipal Highway Agency;0;None;43.75168889;43.75168889;-87.70962778;-87.70962778;0;No Special Jurisdiction;8;Pedestrian;0;The First Harmful Event was Not a Collision with a Motor Vehicle in Transport;0;No;2;Intersection;3;T-Intersection;0;None;1;On Roadway;3;Dark - Lighted;10;Cloudy;0;No Additional Atmospheric Conditions;10;Cloudy;0;No;0;Not Applicable;21;9:00pm-9:59pm;2;2;21;9:00pm-9:59pm;4;4;21;9:00pm-9:59pm;21;21;0;None;0;None;0;None;1;0
55;Wisconsin;550488;1;1;0;0;1;1;0;79;MILWAUKEE (79);3100;MILWAUKEE;6;6;12;December;2019;6;Friday;1;1:00am-1:59am;29;29;0;This section IS NOT on the NHS;6;Local Street - Municipality;WATER ST N;CHERRY ST W;2;Urban;3;Principal Arterial - Other;4;City or Municipal Highway Agency;0;None;43.04795;43.04795;-87.91088333;-87.91088333;0;No Special Jurisdiction;42;Tree (Standing Only);0;The First Harmful Event was Not a Collision with a Motor Vehicle in Transport;0;No;3;Intersection-Related;3;T-Intersection;0;None;3;On Median;3;Dark - Lighted;1;Clear;0;No Additional Atmospheric Conditions;1;Clear;0;No;0;Not Applicable;1;1:00am-1:59am;29;29;99;Unknown EMS Scene Arrival Hour;99;Unknown EMS Scene Arrival Minutes;88;Not Applicable (Not Transported);88;Not Applicable (Not Transported);0;None;0;None;0;None;1;1
55;Wisconsin;550516;2;2;0;0;2;2;0;111;SAUK (111);0;NOT APPLICABLE;6;6;12;December;2019;6;Friday;13;1:00pm-1:59pm;16;16;0;This section IS NOT on the NHS;3;State Highway;SR-136;SR-23;1;Rural;5;Major Collector;1;State Highway Agency;99998;Not Reported;43.53245;43.53245;-89.95455833;-89.95455833;0;No Special Jurisdiction;12;Motor Vehicle In-Transport;6;Angle;0;No;2;Intersection;3;T-Intersection;0;None;1;On Roadway;1;Daylight;1;Clear;0;No Additional Atmospheric Conditions;1;Clear;0;No;0;Not Applicable;13;1:00pm-1:59pm;16;16;13;1:00pm-1:59pm;18;18;99;Unknown;99;Unknown EMS Hospital Arrival Time;0;None;0;None;0;None;1;0
56;Wyoming;560040;2;2;0;0;2;2;0;23;LINCOLN (23);0;NOT APPLICABLE;5;5;5;May;2019;1;Sunday;18;6:00pm-6:59pm;25;25;1;This section IS ON the NHS;2;U.S. Highway;US-26 ALPINE SPUR;ELKHORN DR;1;Rural;3;Principal Arterial - Other;1;State Highway Agency;11;11;43.18630278;43.18630278;-111.0306833;-111.03068333;0;No Special Jurisdiction;1;Rollover/Overturn;0;The First Harmful Event was Not a Collision with a Motor Vehicle in Transport;0;No;2;Intersection;3;T-Intersection;0;None;1;On Roadway;1;Daylight;1;Clear;0;No Additional Atmospheric Conditions;1;Clear;0;No;0;Not Applicable;18;6:00pm-6:59pm;25;25;18;6:00pm-6:59pm;34;34;88;Not Applicable (Not Transported);88;Not Applicable (Not Transported);0;None;0;None;0;None;1;0
56;Wyoming;560057;2;2;0;0;4;4;0;29;PARK (29);0;NOT APPLICABLE;29;29;6;June;2019;7;Saturday;11;11:00am-11:59am;2;2;1;This section IS ON the NHS;3;State Highway;SR-120;CR-3LE GREYBULL RIVER RD;1;Rural;3;Principal Arterial - Other;1;State Highway Agency;581;581;44.23736389;44.23736389;-108.8295333;-108.82953333;0;No Special Jurisdiction;12;Motor Vehicle In-Transport;6;Angle;0;No;2;Intersection;3;T-Intersection;0;None;1;On Roadway;1;Daylight;1;Clear;0;No Additional Atmospheric Conditions;1;Clear;0;No;0;Not Applicable;11;11:00am-11:59am;5;5;11;11:00am-11:59am;26;26;12;12:00pm-12:59pm;2;2;0;None;0;None;0;None;1;0
56;Wyoming;560081;1;1;0;0;3;3;0;25;NATRONA (25);0;NOT APPLICABLE;11;11;8;August;2019;1;Sunday;23;11:00pm-11:59pm;0;0;0;This section IS NOT on the NHS;3;State Highway;SR- WY 487;SR- WY 220;1;Rural;4;Minor Arterial;1;State Highway Agency;727;727;42.67524167;42.67524167;-106.5884139;-106.58841389;0;No Special Jurisdiction;1;Rollover/Overturn;0;The First Harmful Event was Not a Collision with a Motor Vehicle in Transport;0;No;3;Intersection-Related;3;T-Intersection;0;None;5;Outside Trafficway;2;Dark - Not Lighted;1;Clear;0;No Additional Atmospheric Conditions;1;Clear;0;No;0;Not Applicable;23;11:00pm-11:59pm;4;4;23;11:00pm-11:59pm;22;22;0;0:00am-0:59am;0;0;0;None;0;None;0;None;1;0
56;Wyoming;560093;2;2;0;0;10;10;0;13;FREMONT (13);0;NOT APPLICABLE;10;10;9;September;2019;3;Tuesday;20;8:00pm-8:59pm;42;42;1;This section IS ON the NHS;3;State Highway;SR-789;SR-137;1;Rural;3;Principal Arterial - Other;1;State Highway Agency;1034;1034;43.00166944;43.00166944;-108.3808667;-108.38086667;3;Indian Reservation;12;Motor Vehicle In-Transport;1;Front-to-Rear;0;No;3;Intersection-Related;3;T-Intersection;0;None;1;On Roadway;9;Reported as Unknown;2;Rain;0;No Additional Atmospheric Conditions;2;Rain;1;Yes;0;Not Applicable;99;Unknown;99;Unknown;99;Unknown EMS Scene Arrival Hour;99;Unknown EMS Scene Arrival Minutes;99;Unknown;99;Unknown EMS Hospital Arrival Time;0;None;0;None;0;None;1;1
56;Wyoming;560118;5;5;0;0;6;6;0;1;ALBANY (1);0;NOT APPLICABLE;30;30;9;September;2019;2;Monday;13;1:00pm-1:59pm;3;3;0;This section IS NOT on the NHS;3;State Highway;SR-230;TUMBLEWEED TRL;1;Rural;4;Minor Arterial;1;State Highway Agency;190;190;41.16713611;41.16713611;-105.8877056;-105.88770556;0;No Special Jurisdiction;12;Motor Vehicle In-Transport;1;Front-to-Rear;0;No;3;Intersection-Related;3;T-Intersection;0;None;1;On Roadway;1;Daylight;1;Clear;0;No Additional Atmospheric Conditions;1;Clear;0;No;0;Not Applicable;13;1:00pm-1:59pm;5;5;13;1:00pm-1:59pm;24;24;14;2:00pm-2:59pm;0;0;0;None;0;None;0;None;1;0