STATE;STATENAME;ST_CASE;VE_TOTAL;VE_FORMS;PVH_INVL;PEDS;PERSONS;PERMVIT;PERNOTMVIT;COUNTY;COUNTYNAME;CITY;CITYNAME;DAY;DAYNAME;MONTH;MONTHNAME;YEAR;DAY_WEEK;DAY_WEEKNAME;HOUR;HOURNAME;MINUTE;MINUTENAME;NHS;NHSNAME;ROUTE;ROUTENAME;TWAY_ID;TWAY_ID2;RUR_URB;RUR_URBNAME;FUNC_SYS;FUNC_SYSNAME;RD_OWNER;RD_OWNERNAME;MILEPT;MILEPTNAME;LATITUDE;LATITUDENAME;LONGITUD;LONGITUDNAME;SP_JUR;SP_JURNAME;HARM_EV;HARM_EVNAME;MAN_COLL;MAN_COLLNAME;RELJCT1;RELJCT1NAME;RELJCT2;RELJCT2NAME;TYP_INT;TYP_INTNAME;WRK_ZONE;WRK_ZONENAME;REL_ROAD;REL_ROADNAME;LGT_COND;LGT_CONDNAME;WEATHER1;WEATHER1NAME;WEATHER2;WEATHER2NAME;WEATHER;WEATHERNAME;SCH_BUS;SCH_BUSNAME;RAIL;RAILNAME;NOT_HOUR;NOT_HOURNAME;NOT_MIN;NOT_MINNAME;ARR_HOUR;ARR_HOURNAME;ARR_MIN;ARR_MINNAME;HOSP_HR;HOSP_HRNAME;HOSP_MN;HOSP_MNNAME;CF1;CF1NAME;CF2;CF2NAME;CF3;CF3NAME;FATALS;DRUNK_DR
4;Arizona;40150;2;2;0;0;6;6;0;27;YUMA (27);0;NOT APPLICABLE;21;21;3;March;2019;5;Thursday;15;3:00pm-3:59pm;16;16;1;This section IS ON the NHS;2;U.S. Highway;US-95;AVENUE 12E;1;Rural;3;Principal Arterial - Other;1;State Highway Agency;348;348;32.71371667;32.71371667;-114.4268861;-114.42688611;0;No Special Jurisdiction;12;Motor Vehicle In-Transport;6;Angle;0;No;2;Intersection;3;T-Intersection;0;None;1;On Roadway;1;Daylight;1;Clear;0;No Additional Atmospheric Conditions;1;Clear;0;No;0;Not Applicable;99;Unknown;99;Unknown;99;Unknown EMS Scene Arrival Hour;99;Unknown EMS Scene Arrival Minutes;99;Unknown;99;Unknown EMS Hospital Arrival Time;0;None;0;None;0;None;1;0
4;Arizona;40157;2;2;0;0;4;4;0;27;YUMA (27);0;NOT APPLICABLE;27;27;3;March;2019;4;Wednesday;9;9:00am-9:59am;58;58;1;This section IS ON the NHS;2;U.S. Highway;US-95;ADAIR PARK RD;1;Rural;3;Principal Arterial - Other;1;State Highway Agency;388;388;32.76830278;32.76830278;-114.4004639;-114.40046389;0;No Special Jurisdiction;12;Motor Vehicle In-Transport;1;Front-to-Rear;0;No;3;Intersection-Related;3;T-Intersection;0;None;1;On Roadway;1;Daylight;1;Clear;0;No Additional Atmospheric Conditions;1;Clear;0;No;0;Not Applicable;9;9:00am-9:59am;58;58;10;10:00am-10:59am;17;17;10;10:00am-10:59am;52;52;0;None;0;None;0;None;1;0
4;Arizona;40194;1;1;0;0;1;1;0;12;LA PAZ (12);0;NOT APPLICABLE;8;8;1;January;2019;3;Tuesday;6;6:00am-6:59am;17;17;1;This section IS ON the NHS;2;U.S. Highway;US-95;LA PAZ VALLEY RD;1;Rural;3;Principal Arterial - Other;1;State Highway Agency;947;947;33.57421111;33.57421111;-114.2170944;-114.21709444;0;No Special Jurisdiction;35;Embankment;0;The First Harmful Event was Not a Collision with a Motor Vehicle in Transport;0;No;3;Intersection-Related;3;T-Intersection;0;None;4;On Roadside;2;Dark - Not Lighted;1;Clear;0;No Additional Atmospheric Conditions;1;Clear;0;No;0;Not Applicable;99;Unknown;99;Unknown;99;Unknown EMS Scene Arrival Hour;99;Unknown EMS Scene Arrival Minutes;99;Unknown;99;Unknown EMS Hospital Arrival Time;0;None;0;None;0;None;1;0
4;Arizona;40274;1;1;0;1;1;1;1;15;MOHAVE (15);217;GOLDEN VALLEY;23;23;4;April;2019;3;Tuesday;22;10:00pm-10:59pm;57;57;0;This section IS NOT on the NHS;6;Local Street - Municipality;COLORADO RD;BROOK DR;1;Rural;7;Local;4;City or Municipal Highway Agency;0;None;35.21751667;35.21751667;-114.2361111;-114.23611111;0;No Special Jurisdiction;8;Pedestrian;0;The First Harmful Event was Not a Collision with a Motor Vehicle in Transport;0;No;3;Intersection-Related;3;T-Intersection;0;None;1;On Roadway;2;Dark - Not Lighted;1;Clear;0;No Additional Atmospheric Conditions;1;Clear;0;No;0;Not Applicable;22;10:00pm-10:59pm;55;55;22;10:00pm-10:59pm;58;58;88;Not Applicable (Not Transported);88;Not Applicable (Not Transported);0;None;0;None;0;None;1;0
4;Arizona;40379;2;2;0;0;10;10;0;15;MOHAVE (15);135;DOLAN SPRINGS;26;26;6;June;2019;4;Wednesday;10;10:00am-10:59am;46;46;1;This section IS ON the NHS;2;U.S. Highway;US-93;PIERCE FERRY RD;1;Rural;3;Principal Arterial - Other;1;State Highway Agency;421;421;35.53426389;35.53426389;-114.3553806;-114.35538056;0;No Special Jurisdiction;12;Motor Vehicle In-Transport;6;Angle;0;No;2;Intersection;3;T-Intersection;0;None;1;On Roadway;1;Daylight;1;Clear;0;No Additional Atmospheric Conditions;1;Clear;0;No;0;Not Applicable;10;10:00am-10:59am;47;47;11;11:00am-11:59am;3;3;12;12:00pm-12:59pm;10;10;0;None;0;None;0;None;1;0
4;Arizona;40433;1;1;0;0;2;2;0;15;MOHAVE (15);527;TOPOCK;16;16;2;February;2019;7;Saturday;20;8:00pm-8:59pm;45;45;0;This section IS NOT on the NHS;9;Unknown;WATERREED WAY;BAYSIDE DR;1;Rural;7;Local;98;Not Reported;99999;Unknown;34.76899722;34.76899722;-114.4914222;-114.49142222;9;Unknown;18;Other Object (not fixed);0;The First Harmful Event was Not a Collision with a Motor Vehicle in Transport;0;No;3;Intersection-Related;3;T-Intersection;0;None;4;On Roadside;2;Dark - Not Lighted;1;Clear;0;No Additional Atmospheric Conditions;1;Clear;0;No;0;Not Applicable;21;9:00pm-9:59pm;2;2;21;9:00pm-9:59pm;23;23;99;Unknown;99;Unknown EMS Hospital Arrival Time;0;None;0;None;0;None;1;1
4;Arizona;40497;1;1;0;0;1;1;0;15;MOHAVE (15);260;KINGMAN;19;19;7;July;2019;6;Friday;23;11:00pm-11:59pm;7;7;0;This section IS NOT on the NHS;9;Unknown;GORDON DR;GORDON BAY DR;2;Urban;99;Unknown;99;Unknown;0;None;35.23698611;35.23698611;-114.0457944;-114.04579444;0;No Special Jurisdiction;39;Wall;0;The First Harmful Event was Not a Collision with a Motor Vehicle in Transport;0;No;3;Intersection-Related;3;T-Intersection;0;None;4;On Roadside;3;Dark - Lighted;1;Clear;0;No Additional Atmospheric Conditions;1;Clear;0;No;0;Not Applicable;99;Unknown;99;Unknown;99;Unknown EMS Scene Arrival Hour;99;Unknown EMS Scene Arrival Minutes;99;Unknown;99;Unknown EMS Hospital Arrival Time;0;None;0;None;0;None;1;1
4;Arizona;40584;1;1;0;0;1;1;0;27;YUMA (27);0;NOT APPLICABLE;30;30;8;August;2019;6;Friday;3;3:00am-3:59am;19;19;0;This section IS NOT on the NHS;4;County Road;CR- 8 1/2 ST;AVENUE E;2;Urban;99;Unknown;2;County Highway Agency;0;None;32.70564444;32.70564444;-114.7018222;-114.70182222;0;No Special Jurisdiction;43;Other Fixed Object;0;The First Harmful Event was Not a Collision with a Motor Vehicle in Transport;0;No;3;Intersection-Related;3;T-Intersection;0;None;4;On Roadside;2;Dark - Not Lighted;1;Clear;0;No Additional Atmospheric Conditions;1;Clear;0;No;0;Not Applicable;3;3:00am-3:59am;19;19;3;3:00am-3:59am;36;36;88;Not Applicable (Not Transported);88;Not Applicable (Not Transported);0;None;0;None;0;None;1;0
4;Arizona;40638;1;1;0;0;4;4;0;27;YUMA (27);0;NOT APPLICABLE;17;17;8;August;2019;7;Saturday;23;11:00pm-11:59pm;56;56;0;This section IS NOT on the NHS;4;County Road;CR-IMPERIAL DAM RD;LAGUNA DAM RD;1;Rural;4;Minor Arterial;2;County Highway Agency;0;None;32.87473611;32.87473611;-114.4611944;-114.46119444;0;No Special Jurisdiction;5;Fell/Jumped from Vehicle;0;The First Harmful Event was Not a Collision with a Motor Vehicle in Transport;0;No;3;Intersection-Related;3;T-Intersection;0;None;1;On Roadway;2;Dark - Not Lighted;1;Clear;0;No Additional Atmospheric Conditions;1;Clear;0;No;0;Not Applicable;23;11:00pm-11:59pm;59;59;0;0:00am-0:59am;26;26;1;1:00am-1:59am;7;7;0;None;0;None;0;None;1;0
4;Arizona;40773;2;2;0;0;2;2;0;15;MOHAVE (15);59;BULLHEAD CITY;6;6;11;November;2019;4;Wednesday;6;6:00am-6:59am;36;36;1;This section IS ON the NHS;3;State Highway;SR-95;WOLF CT;2;Urban;3;Principal Arterial - Other;1;State Highway Agency;1288;1288;35.04174167;35.04174167;-114.5914611;-114.59146111;0;No Special Jurisdiction;12;Motor Vehicle In-Transport;6;Angle;0;No;2;Intersection;3;T-Intersection;0;None;1;On Roadway;3;Dark - Lighted;1;Clear;0;No Additional Atmospheric Conditions;1;Clear;1;Yes;0;Not Applicable;6;6:00am-6:59am;39;39;6;6:00am-6:59am;46;46;7;7:00am-7:59am;0;0;0;None;0;None;0;None;1;0
4;Arizona;40867;2;2;0;0;2;2;0;15;MOHAVE (15);268;LAKE HAVASU CITY;16;16;12;December;2019;2;Monday;10;10:00am-10:59am;56;56;0;This section IS NOT on the NHS;9;Unknown;COLLEGE DR;LAMPKIN DR;2;Urban;98;Not Reported;98;Not Reported;99999;Unknown;34.50934444;34.50934444;-114.3396528;-114.33965278;0;No Special Jurisdiction;12;Motor Vehicle In-Transport;6;Angle;0;No;2;Intersection;3;T-Intersection;0;None;1;On Roadway;1;Daylight;1;Clear;0;No Additional Atmospheric Conditions;1;Clear;0;No;0;Not Applicable;10;10:00am-10:59am;56;56;99;Unknown EMS Scene Arrival Hour;99;Unknown EMS Scene Arrival Minutes;88;Not Applicable (Not Transported);88;Not Applicable (Not Transported);0;None;0;None;0;None;1;0
6;California;60077;1;1;0;1;5;5;1;115;YUBA (115);0;NOT APPLICABLE;21;21;2;February;2019;5;Thursday;7;7:00am-7:59am;35;35;0;This section IS NOT on the NHS;9;Unknown;HAMMONTON SMARTVILLE RD;LOWE AVE;2;Urban;5;Major Collector;98;Not Reported;0;None;39.124875;39.124875;-121.559975;-121.559975;0;No Special Jurisdiction;8;Pedestrian;0;The First Harmful Event was Not a Collision with a Motor Vehicle in Transport;0;No;2;Intersection;3;T-Intersection;0;None;1;On Roadway;1;Daylight;1;Clear;0;No Additional Atmospheric Conditions;1;Clear;0;No;0;Not Applicable;99;Unknown;99;Unknown;99;Unknown EMS Scene Arrival Hour;99;Unknown EMS Scene Arrival Minutes;99;Unknown;99;Unknown EMS Hospital Arrival Time;0;None;0;None;0;None;1;0
6;California;60079;1;1;0;0;1;1;0;17;EL DORADO (17);0;NOT APPLICABLE;14;14;1;January;2019;2;Monday;7;7:00am-7:59am;30;30;0;This section IS NOT on the NHS;3;State Highway;SR-49;STREAMBED LN;1;Rural;2;Principal Arterial - Other Freeways and Expressways;1;State Highway Agency;128;128;38.70839444;38.70839444;-120.8119861;-120.81198611;0;No Special Jurisdiction;35;Embankment;0;The First Harmful Event was Not a Collision with a Motor Vehicle in Transport;0;No;3;Intersection-Related;3;T-Intersection;0;None;4;On Roadside;4;Dawn;10;Cloudy;0;No Additional Atmospheric Conditions;10;Cloudy;0;No;0;Not Applicable;99;Unknown;99;Unknown;99;Unknown EMS Scene Arrival Hour;99;Unknown EMS Scene Arrival Minutes;88;Not Applicable (Not Transported);88;Not Applicable (Not Transported);0;None;0;None;0;None;1;0
6;California;60081;2;2;0;0;2;2;0;13;CONTRA COSTA (13);0;NOT APPLICABLE;13;13;2;February;2019;4;Wednesday;18;6:00pm-6:59pm;15;15;0;This section IS NOT on the NHS;9;Unknown;PACHECO BLVD;WYGAL DR;2;Urban;4;Minor Arterial;98;Not Reported;0;None;38.01215;38.01215;-122.10555;-122.10555;0;No Special Jurisdiction;12;Motor Vehicle In-Transport;6;Angle;0;No;2;Intersection;3;T-Intersection;0;None;1;On Roadway;3;Dark - Lighted;2;Rain;0;No Additional Atmospheric Conditions;2;Rain;0;No;0;Not Applicable;99;Unknown;99;Unknown;99;Unknown EMS Scene Arrival Hour;99;Unknown EMS Scene Arrival Minutes;99;Unknown;99;Unknown EMS Hospital Arrival Time;0;None;0;None;0;None;1;0
6;California;60088;1;1;0;0;1;1;0;17;EL DORADO (17);0;NOT APPLICABLE;28;28;1;January;2019;2;Monday;21;9:00pm-9:59pm;20;20;0;This section IS NOT on the NHS;9;Unknown;PLEASANT VALLEY RD;HOLM RD;1;Rural;4;Minor Arterial;98;Not Reported;0;None;38.69099722;38.69099722;-120.7227972;-120.72279722;0;No Special Jurisdiction;35;Embankment;0;The First Harmful Event was Not a Collision with a Motor Vehicle in Transport;0;No;3;Intersection-Related;3;T-Intersection;0;None;4;On Roadside;2;Dark - Not Lighted;1;Clear;0;No Additional Atmospheric Conditions;1;Clear;0;No;0;Not Applicable;99;Unknown;99;Unknown;99;Unknown EMS Scene Arrival Hour;99;Unknown EMS Scene Arrival Minutes;99;Unknown;99;Unknown EMS Hospital Arrival Time;0;None;0;None;0;None;1;1
6;California;60092;2;2;0;0;3;3;0;71;SAN BERNARDINO (71);0;NOT APPLICABLE;1;1;3;March;2019;6;Friday;16;4:00pm-4:59pm;28;28;0;This section IS NOT on the NHS;3;State Highway;SR-247;VISALIA AVE;1;Rural;4;Minor Arterial;1;State Highway Agency;411;411;34.44390556;34.44390556;-116.88445;-116.88445;0;No Special Jurisdiction;12;Motor Vehicle In-Transport;6;Angle;0;No;2;Intersection;3;T-Intersection;0;None;1;On Roadway;1;Daylight;1;Clear;0;No Additional Atmospheric Conditions;1;Clear;0;No;0;Not Applicable;99;Unknown;99;Unknown;99;Unknown EMS Scene Arrival Hour;99;Unknown EMS Scene Arrival Minutes;99;Unknown;99;Unknown EMS Hospital Arrival Time;0;None;0;None;0;None;1;1
6;California;60102;1;1;0;1;1;1;1;71;SAN BERNARDINO (71);0;NOT APPLICABLE;9;9;1;January;2019;4;Wednesday;23;11:00pm-11:59pm;5;5;0;This section IS NOT on the NHS;9;Unknown;VALLEY BLVD;CYPRESS AVE;2;Urban;4;Minor Arterial;98;Not Reported;216;216;34.06889167;34.06889167;-117.342025;-117.342025;0;No Special Jurisdiction;8;Pedestrian;0;The First Harmful Event was Not a Collision with a Motor Vehicle in Transport;0;No;2;Intersection;3;T-Intersection;0;None;1;On Roadway;3;Dark - Lighted;1;Clear;0;No Additional Atmospheric Conditions;1;Clear;0;No;0;Not Applicable;99;Unknown;99;Unknown;99;Unknown EMS Scene Arrival Hour;99;Unknown EMS Scene Arrival Minutes;99;Unknown;99;Unknown EMS Hospital Arrival Time;0;None;0;None;0;None;1;0
6;California;60106;1;1;0;1;2;2;1;41;MARIN (41);0;NOT APPLICABLE;16;16;1;January;2019;4;Wednesday;20;8:00pm-8:59pm;15;15;0;This section IS NOT on the NHS;9;Unknown;LAVERNE AVE;N FERNDALE AVE;1;Rural;7;Local;98;Not Reported;0;None;37.89550556;37.89550556;-122.5443111;-122.54431111;0;No Special Jurisdiction;8;Pedestrian;0;The First Harmful Event was Not a Collision with a Motor Vehicle in Transport;0;No;3;Intersection-Related;3;T-Intersection;0;None;1;On Roadway;2;Dark - Not Lighted;2;Rain;6;Severe Crosswinds;2;Rain;0;No;0;Not Applicable;99;Unknown;99;Unknown;99;Unknown EMS Scene Arrival Hour;99;Unknown EMS Scene Arrival Minutes;99;Unknown;99;Unknown EMS Hospital Arrival Time;0;None;0;None;0;None;1;0
6;California;60138;1;1;0;0;4;4;0;79;SAN LUIS OBISPO (79);0;NOT APPLICABLE;13;13;3;March;2019;4;Wednesday;11;11:00am-11:59am;2;2;0;This section IS NOT on the NHS;6;Local Street - Municipality;MONTE RD;AVILA BEACH DR;1;Rural;6;Minor Collector;98;Not Reported;0;None;35.18264722;35.18264722;-120.7008444;-120.70084444;0;No Special Jurisdiction;33;Curb;0;The First Harmful Event was Not a Collision with a Motor Vehicle in Transport;0;No;3;Intersection-Related;3;T-Intersection;0;None;4;On Roadside;1;Daylight;1;Clear;0;No Additional Atmospheric Conditions;1;Clear;0;No;0;Not Applicable;99;Unknown;99;Unknown;99;Unknown EMS Scene Arrival Hour;99;Unknown EMS Scene Arrival Minutes;99;Unknown;99;Unknown EMS Hospital Arrival Time;0;None;0;None;0;None;1;0
6;California;60195;1;1;0;1;5;5;1;81;SAN MATEO (81);3220;SAN BRUNO;9;9;1;January;2019;4;Wednesday;6;6:00am-6:59am;6;6;0;This section IS NOT on the NHS;9;Unknown;EL CAMINO REAL;SANTA LUCIA AV;2;Urban;3;Principal Arterial - Other;98;Not Reported;0;None;37.61539444;37.61539444;-122.4065778;-122.40657778;0;No Special Jurisdiction;15;Non-Motorist on Personal Conveyance;0;The First Harmful Event was Not a Collision with a Motor Vehicle in Transport;0;No;3;Intersection-Related;3;T-Intersection;0;None;1;On Roadway;3;Dark - Lighted;2;Rain;0;No Additional Atmospheric Conditions;2;Rain;0;No;0;Not Applicable;99;Unknown;99;Unknown;99;Unknown EMS Scene Arrival Hour;99;Unknown EMS Scene Arrival Minutes;99;Unknown;99;Unknown EMS Hospital Arrival Time;0;None;0;None;0;None;1;0
6;California;60199;1;1;0;1;1;1;1;99;STANISLAUS (99);2200;MODESTO;7;7;1;January;2019;2;Monday;17;5:00pm-5:59pm;48;48;1;This section IS ON the NHS;3;State Highway;SR-132 YOSEMITE BL;N CONENO AV;2;Urban;3;Principal Arterial - Other;1;State Highway Agency;166;166;37.63818611;37.63818611;-120.9662778;-120.96627778;0;No Special Jurisdiction;8;Pedestrian;0;The First Harmful Event was Not a Collision with a Motor Vehicle in Transport;0;No;3;Intersection-Related;3;T-Intersection;0;None;1;On Roadway;3;Dark - Lighted;1;Clear;0;No Additional Atmospheric Conditions;1;Clear;0;No;0;Not Applicable;99;Unknown;99;Unknown;99;Unknown EMS Scene Arrival Hour;99;Unknown EMS Scene Arrival Minutes;99;Unknown;99;Unknown EMS Hospital Arrival Time;0;None;0;None;0;None;1;0
6;California;60209;1;1;0;1;1;1;1;67;SACRAMENTO (67);1300;FOLSOM;10;10;1;January;2019;5;Thursday;5;5:00am-5:59am;59;59;0;This section IS NOT on the NHS;6;Local Street - Municipality;BLUE RAVINE RD;BIG VALLEY RD;2;Urban;7;Local;98;Not Reported;0;None;38.68356389;38.68356389;-121.1240917;-121.12409167;0;No Special Jurisdiction;8;Pedestrian;0;The First Harmful Event was Not a Collision with a Motor Vehicle in Transport;0;No;3;Intersection-Related;3;T-Intersection;0;None;1;On Roadway;3;Dark - Lighted;10;Cloudy;0;No Additional Atmospheric Conditions;10;Cloudy;0;No;0;Not Applicable;99;Unknown;99;Unknown;99;Unknown EMS Scene Arrival Hour;99;Unknown EMS Scene Arrival Minutes;88;Not Applicable (Not Transported);88;Not Applicable (Not Transported);0;None;0;None;0;None;1;0
6;California;60222;1;1;0;0;1;1;0;73;SAN DIEGO (73);0;NOT APPLICABLE;25;25;3;March;2019;2;Monday;18;6:00pm-6:59pm;15;15;0;This section IS NOT on the NHS;9;Unknown;WEST LILAC RD;LANCASTER MOUNTAIN RD;1;Rural;5;Major Collector;98;Not Reported;0;None;33.29985278;33.29985278;-117.1365528;-117.13655278;0;No Special Jurisdiction;35;Embankment;0;The First Harmful Event was Not a Collision with a Motor Vehicle in Transport;0;No;3;Intersection-Related;3;T-Intersection;0;None;4;On Roadside;1;Daylight;1;Clear;0;No Additional Atmospheric Conditions;1;Clear;0;No;0;Not Applicable;99;Unknown;99;Unknown;99;Unknown EMS Scene Arrival Hour;99;Unknown EMS Scene Arrival Minutes;88;Not Applicable (Not Transported);88;Not Applicable (Not Transported);0;None;0;None;0;None;1;1
6;California;60230;1;1;0;1;1;1;1;67;SACRAMENTO (67);3150;SACRAMENTO;22;22;1;January;2019;3;Tuesday;23;11:00pm-11:59pm;51;51;0;This section IS NOT on the NHS;9;Unknown;EL CAMINO AVE;EMPRESS ST;2;Urban;3;Principal Arterial - Other;98;Not Reported;0;None;38.61111944;38.61111944;-121.4473028;-121.44730278;0;No Special Jurisdiction;8;Pedestrian;0;The First Harmful Event was Not a Collision with a Motor Vehicle in Transport;0;No;3;Intersection-Related;3;T-Intersection;0;None;1;On Roadway;3;Dark - Lighted;1;Clear;0;No Additional Atmospheric Conditions;1;Clear;0;No;0;Not Applicable;99;Unknown;99;Unknown;99;Unknown EMS Scene Arrival Hour;99;Unknown EMS Scene Arrival Minutes;88;Not Applicable (Not Transported);88;Not Applicable (Not Transported);0;None;0;None;0;None;1;0
6;California;60234;1;1;0;1;4;4;1;73;SAN DIEGO (73);3260;SAN DIEGO;22;22;1;January;2019;3;Tuesday;16;4:00pm-4:59pm;55;55;0;This section IS NOT on the NHS;6;Local Street - Municipality;OLIVE DR;EAST SAN YSIDRO BLVD;2;Urban;6;Minor Collector;98;Not Reported;0;None;32.552125;32.552125;-117.0429556;-117.04295556;0;No Special Jurisdiction;8;Pedestrian;0;The First Harmful Event was Not a Collision with a Motor Vehicle in Transport;0;No;3;Intersection-Related;3;T-Intersection;0;None;1;On Roadway;1;Daylight;1;Clear;0;No Additional Atmospheric Conditions;1;Clear;0;No;0;Not Applicable;99;Unknown;99;Unknown;99;Unknown EMS Scene Arrival Hour;99;Unknown EMS Scene Arrival Minutes;99;Unknown;99;Unknown EMS Hospital Arrival Time;0;None;0;None;0;None;1;0
6;California;60247;1;1;0;1;1;1;1;37;LOS ANGELES (37);1980;LOS ANGELES;23;23;1;January;2019;4;Wednesday;20;8:00pm-8:59pm;2;2;0;This section IS NOT on the NHS;6;Local Street - Municipality;W 6TH ST;GRAND VIEW ST;2;Urban;6;Minor Collector;98;Not Reported;0;None;34.06048611;34.06048611;-118.2769778;-118.27697778;0;No Special Jurisdiction;8;Pedestrian;0;The First Harmful Event was Not a Collision with a Motor Vehicle in Transport;0;No;3;Intersection-Related;3;T-Intersection;0;None;1;On Roadway;3;Dark - Lighted;1;Clear;0;No Additional Atmospheric Conditions;1;Clear;0;No;0;Not Applicable;99;Unknown;99;Unknown;99;Unknown EMS Scene Arrival Hour;99;Unknown EMS Scene Arrival Minutes;88;Not Applicable (Not Transported);88;Not Applicable (Not Transported);0;None;0;None;0;None;1;0
6;California;60248;2;2;0;0;3;3;0;37;LOS ANGELES (37);1980;LOS ANGELES;3;3;1;January;2019;5;Thursday;16;4:00pm-4:59pm;50;50;0;This section IS NOT on the NHS;9;Unknown;6TH ST;LAFAYETTE PARK PL;1;Rural;7;Local;98;Not Reported;0;None;34.06284167;34.06284167;-118.2822917;-118.28229167;0;No Special Jurisdiction;12;Motor Vehicle In-Transport;6;Angle;0;No;2;Intersection;3;T-Intersection;0;None;1;On Roadway;1;Daylight;1;Clear;0;No Additional Atmospheric Conditions;1;Clear;0;No;0;Not Applicable;99;Unknown;99;Unknown;99;Unknown EMS Scene Arrival Hour;99;Unknown EMS Scene Arrival Minutes;99;Unknown;99;Unknown EMS Hospital Arrival Time;0;None;0;None;0;None;1;0
6;California;60253;1;1;0;1;1;1;1;87;SANTA CRUZ (87);0;NOT APPLICABLE;12;12;2;February;2019;3;Tuesday;14;2:00pm-2:59pm;25;25;0;This section IS NOT on the NHS;9;Unknown;LARKSPUR ST;SR-9;2;Urban;4;Minor Arterial;98;Not Reported;0;None;37.10628333;37.10628333;-122.1060889;-122.10608889;0;No Special Jurisdiction;8;Pedestrian;0;The First Harmful Event was Not a Collision with a Motor Vehicle in Transport;0;No;3;Intersection-Related;3;T-Intersection;0;None;1;On Roadway;1;Daylight;10;Cloudy;0;No Additional Atmospheric Conditions;10;Cloudy;0;No;0;Not Applicable;99;Unknown;99;Unknown;99;Unknown EMS Scene Arrival Hour;99;Unknown EMS Scene Arrival Minutes;88;Not Applicable (Not Transported);88;Not Applicable (Not Transported);0;None;0;None;0;None;1;0
6;California;60283;2;2;0;0;2;2;0;65;RIVERSIDE (65);250;BANNING;20;20;1;January;2019;1;Sunday;19;7:00pm-7:59pm;22;22;0;This section IS NOT on the NHS;6;Local Street - Municipality;WEST RAMSEY ST;12TH ST;2;Urban;6;Minor Collector;98;Not Reported;0;None;33.92543611;33.92543611;-116.8897167;-116.88971667;0;No Special Jurisdiction;12;Motor Vehicle In-Transport;6;Angle;0;No;3;Intersection-Related;3;T-Intersection;0;None;1;On Roadway;3;Dark - Lighted;1;Clear;0;No Additional Atmospheric Conditions;1;Clear;0;No;0;Not Applicable;99;Unknown;99;Unknown;99;Unknown EMS Scene Arrival Hour;99;Unknown EMS Scene Arrival Minutes;99;Unknown;99;Unknown EMS Hospital Arrival Time;0;None;0;None;0;None;1;0
6;California;60284;2;2;0;0;4;4;0;65;RIVERSIDE (65);2278;MORENO VALLEY;23;23;1;January;2019;4;Wednesday;22;10:00pm-10:59pm;37;37;0;This section IS NOT on the NHS;6;Local Street - Municipality;COTTONWOOD AVE;LASSELLE ST;2;Urban;6;Minor Collector;98;Not Reported;0;None;33.92458889;33.92458889;-117.2088917;-117.20889167;0;No Special Jurisdiction;12;Motor Vehicle In-Transport;6;Angle;0;No;2;Intersection;3;T-Intersection;0;None;1;On Roadway;3;Dark - Lighted;1;Clear;0;No Additional Atmospheric Conditions;1;Clear;0;No;0;Not Applicable;99;Unknown;99;Unknown;99;Unknown EMS Scene Arrival Hour;99;Unknown EMS Scene Arrival Minutes;99;Unknown;99;Unknown EMS Hospital Arrival Time;0;None;0;None;0;None;1;0
6;California;60296;1;1;0;0;2;2;0;67;SACRAMENTO (67);3150;SACRAMENTO;28;28;1;January;2019;2;Monday;1;1:00am-1:59am;54;54;0;This section IS NOT on the NHS;9;Unknown;X ST;ALHAMBRA BL;2;Urban;4;Minor Arterial;98;Not Reported;0;None;38.55738611;38.55738611;-121.4719278;-121.47192778;0;No Special Jurisdiction;33;Curb;0;The First Harmful Event was Not a Collision with a Motor Vehicle in Transport;0;No;3;Intersection-Related;3;T-Intersection;0;None;4;On Roadside;3;Dark - Lighted;1;Clear;0;No Additional Atmospheric Conditions;1;Clear;0;No;0;Not Applicable;99;Unknown;99;Unknown;99;Unknown EMS Scene Arrival Hour;99;Unknown EMS Scene Arrival Minutes;99;Unknown;99;Unknown EMS Hospital Arrival Time;0;None;0;None;0;None;1;1