STATE;STATENAME;ST_CASE;VE_TOTAL;VE_FORMS;PVH_INVL;PEDS;PERSONS;PERMVIT;PERNOTMVIT;COUNTY;COUNTYNAME;CITY;CITYNAME;DAY;DAYNAME;MONTH;MONTHNAME;YEAR;DAY_WEEK;DAY_WEEKNAME;HOUR;HOURNAME;MINUTE;MINUTENAME;NHS;NHSNAME;ROUTE;ROUTENAME;TWAY_ID;TWAY_ID2;RUR_URB;RUR_URBNAME;FUNC_SYS;FUNC_SYSNAME;RD_OWNER;RD_OWNERNAME;MILEPT;MILEPTNAME;LATITUDE;LATITUDENAME;LONGITUD;LONGITUDNAME;SP_JUR;SP_JURNAME;HARM_EV;HARM_EVNAME;MAN_COLL;MAN_COLLNAME;RELJCT1;RELJCT1NAME;RELJCT2;RELJCT2NAME;TYP_INT;TYP_INTNAME;WRK_ZONE;WRK_ZONENAME;REL_ROAD;REL_ROADNAME;LGT_COND;LGT_CONDNAME;WEATHER1;WEATHER1NAME;WEATHER2;WEATHER2NAME;WEATHER;WEATHERNAME;SCH_BUS;SCH_BUSNAME;RAIL;RAILNAME;NOT_HOUR;NOT_HOURNAME;NOT_MIN;NOT_MINNAME;ARR_HOUR;ARR_HOURNAME;ARR_MIN;ARR_MINNAME;HOSP_HR;HOSP_HRNAME;HOSP_MN;HOSP_MNNAME;CF1;CF1NAME;CF2;CF2NAME;CF3;CF3NAME;FATALS;DRUNK_DR
6;California;60307;1;1;0;0;1;1;0;75;SAN FRANCISCO (75);3290;SAN FRANCISCO;9;9;2;February;2019;7;Saturday;7;7:00am-7:59am;21;21;1;This section IS ON the NHS;6;Local Street - Municipality;BAYSHORE BLVD;BLANKEN ST;2;Urban;3;Principal Arterial - Other;98;Not Reported;0;None;37.71252222;37.71252222;-122.4016778;-122.40167778;0;No Special Jurisdiction;46;Traffic Signal Support;0;The First Harmful Event was Not a Collision with a Motor Vehicle in Transport;0;No;3;Intersection-Related;3;T-Intersection;0;None;4;On Roadside;1;Daylight;10;Cloudy;0;No Additional Atmospheric Conditions;10;Cloudy;0;No;0;Not Applicable;99;Unknown;99;Unknown;99;Unknown EMS Scene Arrival Hour;99;Unknown EMS Scene Arrival Minutes;99;Unknown;99;Unknown EMS Hospital Arrival Time;0;None;0;None;0;None;1;0
6;California;60319;2;2;0;0;2;2;0;19;FRESNO (19);0;NOT APPLICABLE;28;28;1;January;2019;2;Monday;7;7:00am-7:59am;43;43;1;This section IS ON the NHS;9;Unknown;CLOVIS AVE;DONNER AVE;2;Urban;3;Principal Arterial - Other;98;Not Reported;0;None;36.79967778;36.79967778;-119.7004389;-119.70043889;0;No Special Jurisdiction;12;Motor Vehicle In-Transport;6;Angle;0;No;2;Intersection;3;T-Intersection;0;None;1;On Roadway;1;Daylight;1;Clear;0;No Additional Atmospheric Conditions;1;Clear;0;No;0;Not Applicable;99;Unknown;99;Unknown;99;Unknown EMS Scene Arrival Hour;99;Unknown EMS Scene Arrival Minutes;99;Unknown;99;Unknown EMS Hospital Arrival Time;0;None;0;None;0;None;1;0
6;California;60321;2;2;0;0;2;2;0;37;LOS ANGELES (37);1980;LOS ANGELES;13;13;2;February;2019;4;Wednesday;10;10:00am-10:59am;45;45;1;This section IS ON the NHS;9;Unknown;BEVERLY BL;HUDSON AVE;2;Urban;3;Principal Arterial - Other;98;Not Reported;0;None;34.07612778;34.07612778;-118.3333889;-118.33338889;0;No Special Jurisdiction;12;Motor Vehicle In-Transport;6;Angle;0;No;2;Intersection;3;T-Intersection;0;None;1;On Roadway;1;Daylight;10;Cloudy;0;No Additional Atmospheric Conditions;10;Cloudy;0;No;0;Not Applicable;99;Unknown;99;Unknown;99;Unknown EMS Scene Arrival Hour;99;Unknown EMS Scene Arrival Minutes;99;Unknown;99;Unknown EMS Hospital Arrival Time;0;None;0;None;0;None;1;0
6;California;60347;1;1;0;1;1;1;1;37;LOS ANGELES (37);1670;HUNTINGTON PARK;1;1;1;January;2019;3;Tuesday;20;8:00pm-8:59pm;35;35;1;This section IS ON the NHS;9;Unknown;FLORENCE AVE;RUGBY AVE;2;Urban;3;Principal Arterial - Other;98;Not Reported;0;None;33.97433611;33.97433611;-118.2263389;-118.22633889;0;No Special Jurisdiction;8;Pedestrian;0;The First Harmful Event was Not a Collision with a Motor Vehicle in Transport;0;No;3;Intersection-Related;3;T-Intersection;0;None;1;On Roadway;3;Dark - Lighted;1;Clear;0;No Additional Atmospheric Conditions;1;Clear;0;No;0;Not Applicable;99;Unknown;99;Unknown;99;Unknown EMS Scene Arrival Hour;99;Unknown EMS Scene Arrival Minutes;88;Not Applicable (Not Transported);88;Not Applicable (Not Transported);0;None;0;None;0;None;1;0
6;California;60373;1;1;0;1;1;1;1;37;LOS ANGELES (37);1980;LOS ANGELES;4;4;2;February;2019;2;Monday;22;10:00pm-10:59pm;10;10;0;This section IS NOT on the NHS;9;Unknown;W JEFFERSON BL;COCHRAN AV;2;Urban;4;Minor Arterial;98;Not Reported;0;None;34.02555833;34.02555833;-118.3612083;-118.36120833;0;No Special Jurisdiction;30;Utility Pole/Light Support;0;The First Harmful Event was Not a Collision with a Motor Vehicle in Transport;0;No;3;Intersection-Related;3;T-Intersection;0;None;4;On Roadside;3;Dark - Lighted;2;Rain;0;No Additional Atmospheric Conditions;2;Rain;0;No;0;Not Applicable;99;Unknown;99;Unknown;99;Unknown EMS Scene Arrival Hour;99;Unknown EMS Scene Arrival Minutes;88;Not Applicable (Not Transported);88;Not Applicable (Not Transported);0;None;0;None;0;None;1;1
6;California;60392;2;2;0;0;2;2;0;37;LOS ANGELES (37);1840;LANCASTER;9;9;3;March;2019;7;Saturday;20;8:00pm-8:59pm;7;7;0;This section IS NOT on the NHS;6;Local Street - Municipality;W AVENUE L;80TH STREET WEST;1;Rural;6;Minor Collector;98;Not Reported;0;None;34.76193333;34.76193333;-118.2723139;-118.27231389;0;No Special Jurisdiction;12;Motor Vehicle In-Transport;6;Angle;0;No;2;Intersection;3;T-Intersection;0;None;1;On Roadway;2;Dark - Not Lighted;1;Clear;0;No Additional Atmospheric Conditions;1;Clear;0;No;0;Not Applicable;99;Unknown;99;Unknown;99;Unknown EMS Scene Arrival Hour;99;Unknown EMS Scene Arrival Minutes;88;Not Applicable (Not Transported);88;Not Applicable (Not Transported);0;None;0;None;0;None;1;1
6;California;60414;1;1;0;0;1;1;0;37;LOS ANGELES (37);1980;LOS ANGELES;19;19;2;February;2019;3;Tuesday;13;1:00pm-1:59pm;5;5;1;This section IS ON the NHS;9;Unknown;FOOTHILL BLVD;NEWHOME AVE;2;Urban;3;Principal Arterial - Other;98;Not Reported;0;None;34.25974167;34.25974167;-118.3223806;-118.32238056;0;No Special Jurisdiction;33;Curb;0;The First Harmful Event was Not a Collision with a Motor Vehicle in Transport;0;No;3;Intersection-Related;3;T-Intersection;0;None;4;On Roadside;1;Daylight;1;Clear;0;No Additional Atmospheric Conditions;1;Clear;0;No;0;Not Applicable;99;Unknown;99;Unknown;99;Unknown EMS Scene Arrival Hour;99;Unknown EMS Scene Arrival Minutes;88;Not Applicable (Not Transported);88;Not Applicable (Not Transported);0;None;0;None;0;None;1;0
6;California;60416;2;2;0;0;4;4;0;73;SAN DIEGO (73);3260;SAN DIEGO;19;19;2;February;2019;3;Tuesday;18;6:00pm-6:59pm;13;13;0;This section IS NOT on the NHS;9;Unknown;OTAY MESA RD;SANYO AVE;2;Urban;4;Minor Arterial;98;Not Reported;0;None;32.56751389;32.56751389;-116.940725;-116.940725;0;No Special Jurisdiction;12;Motor Vehicle In-Transport;6;Angle;0;No;2;Intersection;3;T-Intersection;0;None;1;On Roadway;3;Dark - Lighted;1;Clear;0;No Additional Atmospheric Conditions;1;Clear;0;No;0;Not Applicable;99;Unknown;99;Unknown;99;Unknown EMS Scene Arrival Hour;99;Unknown EMS Scene Arrival Minutes;99;Unknown;99;Unknown EMS Hospital Arrival Time;20;Police Pursuit Involved;0;None;0;None;2;0
6;California;60424;1;1;0;1;1;1;1;37;LOS ANGELES (37);810;COMPTON;12;12;3;March;2019;3;Tuesday;15;3:00pm-3:59pm;20;20;1;This section IS ON the NHS;6;Local Street - Municipality;ROSCRANS AVE;WILLOW AVE;2;Urban;3;Principal Arterial - Other;98;Not Reported;0;None;33.90328611;33.90328611;-118.2174417;-118.21744167;0;No Special Jurisdiction;9;Pedalcyclist;0;The First Harmful Event was Not a Collision with a Motor Vehicle in Transport;0;No;3;Intersection-Related;3;T-Intersection;0;None;1;On Roadway;1;Daylight;1;Clear;0;No Additional Atmospheric Conditions;1;Clear;0;No;0;Not Applicable;99;Unknown;99;Unknown;99;Unknown EMS Scene Arrival Hour;99;Unknown EMS Scene Arrival Minutes;99;Unknown;99;Unknown EMS Hospital Arrival Time;0;None;0;None;0;None;1;0
6;California;60425;3;3;0;0;3;3;0;39;MADERA (39);2050;MADERA;3;3;1;January;2019;5;Thursday;16;4:00pm-4:59pm;9;9;0;This section IS NOT on the NHS;9;Unknown;STEPHANIE LN;CLEVELAND AV W;2;Urban;4;Minor Arterial;98;Not Reported;0;None;36.97454167;36.97454167;-120.0870278;-120.08702778;0;No Special Jurisdiction;12;Motor Vehicle In-Transport;6;Angle;0;No;2;Intersection;3;T-Intersection;0;None;1;On Roadway;1;Daylight;1;Clear;0;No Additional Atmospheric Conditions;1;Clear;0;No;0;Not Applicable;99;Unknown;99;Unknown;99;Unknown EMS Scene Arrival Hour;99;Unknown EMS Scene Arrival Minutes;99;Unknown;99;Unknown EMS Hospital Arrival Time;0;None;0;None;0;None;1;0
6;California;60453;1;1;0;1;1;1;1;13;CONTRA COSTA (13);820;CONCORD;2;2;2;February;2019;7;Saturday;18;6:00pm-6:59pm;19;19;1;This section IS ON the NHS;9;Unknown;PORT CHICAGO HWY;ARNOLD INDUSTRIAL WY;2;Urban;5;Major Collector;98;Not Reported;0;None;38.01175;38.01175;-122.0233972;-122.02339722;0;No Special Jurisdiction;8;Pedestrian;0;The First Harmful Event was Not a Collision with a Motor Vehicle in Transport;0;No;3;Intersection-Related;3;T-Intersection;0;None;1;On Roadway;3;Dark - Lighted;10;Cloudy;0;No Additional Atmospheric Conditions;10;Cloudy;0;No;0;Not Applicable;99;Unknown;99;Unknown;99;Unknown EMS Scene Arrival Hour;99;Unknown EMS Scene Arrival Minutes;88;Not Applicable (Not Transported);88;Not Applicable (Not Transported);0;None;0;None;0;None;1;0
6;California;60478;1;1;0;0;2;2;0;19;FRESNO (19);3310;SANGER;23;23;2;February;2019;7;Saturday;21;9:00pm-9:59pm;20;20;0;This section IS NOT on the NHS;9;Unknown;ACADEMY AVE;CHURCH AVE;2;Urban;4;Minor Arterial;98;Not Reported;0;None;36.713075;36.713075;-119.5572056;-119.55720556;0;No Special Jurisdiction;33;Curb;0;The First Harmful Event was Not a Collision with a Motor Vehicle in Transport;0;No;3;Intersection-Related;3;T-Intersection;0;None;4;On Roadside;3;Dark - Lighted;1;Clear;0;No Additional Atmospheric Conditions;1;Clear;0;No;0;Not Applicable;99;Unknown;99;Unknown;99;Unknown EMS Scene Arrival Hour;99;Unknown EMS Scene Arrival Minutes;99;Unknown;99;Unknown EMS Hospital Arrival Time;0;None;0;None;0;None;1;1
6;California;60482;1;1;0;1;1;1;1;85;SANTA CLARA (85);2182;MILPITAS;21;21;2;February;2019;5;Thursday;8;8:00am-8:59am;8;8;1;This section IS ON the NHS;1;Interstate;I-880 RAMP;CALIFORNIA CIR;2;Urban;1;Interstate;1;State Highway Agency;103;103;37.45271667;37.45271667;-121.9207;-121.9207;0;No Special Jurisdiction;8;Pedestrian;0;The First Harmful Event was Not a Collision with a Motor Vehicle in Transport;1;Yes;3;Intersection-Related;3;T-Intersection;0;None;1;On Roadway;1;Daylight;1;Clear;0;No Additional Atmospheric Conditions;1;Clear;0;No;0;Not Applicable;99;Unknown;99;Unknown;99;Unknown EMS Scene Arrival Hour;99;Unknown EMS Scene Arrival Minutes;99;Unknown;99;Unknown EMS Hospital Arrival Time;0;None;0;None;0;None;1;0
6;California;60483;1;1;0;1;1;1;1;37;LOS ANGELES (37);1980;LOS ANGELES;21;21;3;March;2019;5;Thursday;5;5:00am-5:59am;25;25;1;This section IS ON the NHS;9;Unknown;BEVERLY BLVD;SPAULDING AVE;2;Urban;3;Principal Arterial - Other;98;Not Reported;0;None;34.07615;34.07615;-118.3575222;-118.35752222;0;No Special Jurisdiction;8;Pedestrian;0;The First Harmful Event was Not a Collision with a Motor Vehicle in Transport;0;No;3;Intersection-Related;3;T-Intersection;0;None;1;On Roadway;3;Dark - Lighted;1;Clear;0;No Additional Atmospheric Conditions;1;Clear;0;No;0;Not Applicable;99;Unknown;99;Unknown;99;Unknown EMS Scene Arrival Hour;99;Unknown EMS Scene Arrival Minutes;99;Unknown;99;Unknown EMS Hospital Arrival Time;0;None;0;None;0;None;1;0
6;California;60492;1;1;0;1;3;3;1;37;LOS ANGELES (37);1980;LOS ANGELES;27;27;2;February;2019;4;Wednesday;21;9:00pm-9:59pm;25;25;1;This section IS ON the NHS;9;Unknown;NEWELL ST;RIVERSIDE DR;2;Urban;3;Principal Arterial - Other;98;Not Reported;0;None;34.09843333;34.09843333;-118.2482528;-118.24825278;0;No Special Jurisdiction;8;Pedestrian;0;The First Harmful Event was Not a Collision with a Motor Vehicle in Transport;0;No;3;Intersection-Related;3;T-Intersection;0;None;1;On Roadway;3;Dark - Lighted;2;Rain;0;No Additional Atmospheric Conditions;2;Rain;0;No;0;Not Applicable;99;Unknown;99;Unknown;99;Unknown EMS Scene Arrival Hour;99;Unknown EMS Scene Arrival Minutes;99;Unknown;99;Unknown EMS Hospital Arrival Time;0;None;0;None;0;None;1;0
6;California;60498;2;2;0;0;2;2;0;37;LOS ANGELES (37);1980;LOS ANGELES;3;3;4;April;2019;4;Wednesday;17;5:00pm-5:59pm;10;10;0;This section IS NOT on the NHS;6;Local Street - Municipality;SATCOY ST;NOBLE AVE;2;Urban;6;Minor Collector;98;Not Reported;0;None;34.20846111;34.20846111;-118.4618167;-118.46181667;0;No Special Jurisdiction;12;Motor Vehicle In-Transport;6;Angle;0;No;2;Intersection;3;T-Intersection;0;None;1;On Roadway;1;Daylight;10;Cloudy;0;No Additional Atmospheric Conditions;10;Cloudy;0;No;0;Not Applicable;99;Unknown;99;Unknown;99;Unknown EMS Scene Arrival Hour;99;Unknown EMS Scene Arrival Minutes;99;Unknown;99;Unknown EMS Hospital Arrival Time;0;None;0;None;0;None;1;0
6;California;60499;3;1;2;1;1;1;1;37;LOS ANGELES (37);1980;LOS ANGELES;14;14;3;March;2019;5;Thursday;21;9:00pm-9:59pm;35;35;0;This section IS NOT on the NHS;9;Unknown;ELMER AV;VANOWEN ST;2;Urban;4;Minor Arterial;98;Not Reported;0;None;34.19395;34.19395;-118.3768778;-118.37687778;0;No Special Jurisdiction;8;Pedestrian;0;The First Harmful Event was Not a Collision with a Motor Vehicle in Transport;0;No;3;Intersection-Related;3;T-Intersection;0;None;1;On Roadway;3;Dark - Lighted;1;Clear;0;No Additional Atmospheric Conditions;1;Clear;0;No;0;Not Applicable;99;Unknown;99;Unknown;99;Unknown EMS Scene Arrival Hour;99;Unknown EMS Scene Arrival Minutes;88;Not Applicable (Not Transported);88;Not Applicable (Not Transported);14;Motor Vehicle struck by falling cargo,or something that came loose from or something that was set in motion by a vehicle;0;None;0;None;1;0
6;California;60516;2;2;0;0;3;3;0;1;ALAMEDA (1);1364;FREMONT;17;17;3;March;2019;1;Sunday;18;6:00pm-6:59pm;17;17;0;This section IS NOT on the NHS;9;Unknown;CENTRAL AV;CENTRAL COVE CT;2;Urban;4;Minor Arterial;98;Not Reported;0;None;37.54485556;37.54485556;-122.0132222;-122.01322222;0;No Special Jurisdiction;33;Curb;0;The First Harmful Event was Not a Collision with a Motor Vehicle in Transport;0;No;3;Intersection-Related;3;T-Intersection;0;None;4;On Roadside;1;Daylight;1;Clear;0;No Additional Atmospheric Conditions;1;Clear;0;No;0;Not Applicable;99;Unknown;99;Unknown;99;Unknown EMS Scene Arrival Hour;99;Unknown EMS Scene Arrival Minutes;99;Unknown;99;Unknown EMS Hospital Arrival Time;0;None;0;None;0;None;1;1
6;California;60517;1;1;0;1;1;1;1;37;LOS ANGELES (37);2870;POMONA;29;29;3;March;2019;6;Friday;20;8:00pm-8:59pm;33;33;1;This section IS ON the NHS;9;Unknown;HOLT AVE;CASWELL AVE;2;Urban;3;Principal Arterial - Other;98;Not Reported;0;None;34.062675;34.062675;-117.7388667;-117.73886667;0;No Special Jurisdiction;8;Pedestrian;0;The First Harmful Event was Not a Collision with a Motor Vehicle in Transport;0;No;3;Intersection-Related;3;T-Intersection;0;None;1;On Roadway;3;Dark - Lighted;1;Clear;0;No Additional Atmospheric Conditions;1;Clear;0;No;0;Not Applicable;99;Unknown;99;Unknown;99;Unknown EMS Scene Arrival Hour;99;Unknown EMS Scene Arrival Minutes;88;Not Applicable (Not Transported);88;Not Applicable (Not Transported);0;None;0;None;0;None;1;0
6;California;60537;1;1;0;1;1;1;1;73;SAN DIEGO (73);3260;SAN DIEGO;29;29;3;March;2019;6;Friday;10;10:00am-10:59am;36;36;1;This section IS ON the NHS;1;Interstate;I-15 RAMP;MAIN ST;2;Urban;1;Interstate;1;State Highway Agency;5;5;32.69071389;32.69071389;-117.1229139;-117.12291389;0;No Special Jurisdiction;9;Pedalcyclist;0;The First Harmful Event was Not a Collision with a Motor Vehicle in Transport;1;Yes;3;Intersection-Related;3;T-Intersection;0;None;1;On Roadway;1;Daylight;1;Clear;0;No Additional Atmospheric Conditions;1;Clear;0;No;0;Not Applicable;99;Unknown;99;Unknown;99;Unknown EMS Scene Arrival Hour;99;Unknown EMS Scene Arrival Minutes;99;Unknown;99;Unknown EMS Hospital Arrival Time;0;None;0;None;0;None;1;0
6;California;60538;2;2;0;0;3;3;0;81;SAN MATEO (81);2140;MENLO PARK;4;4;1;January;2019;6;Friday;15;3:00pm-3:59pm;36;36;1;This section IS ON the NHS;9;Unknown;EL CAMINO REAL;MIDDLE AVE;2;Urban;3;Principal Arterial - Other;1;State Highway Agency;4;4;37.45040556;37.45040556;-122.1771917;-122.17719167;0;No Special Jurisdiction;12;Motor Vehicle In-Transport;6;Angle;0;No;2;Intersection;3;T-Intersection;0;None;1;On Roadway;1;Daylight;1;Clear;0;No Additional Atmospheric Conditions;1;Clear;0;No;0;Not Applicable;99;Unknown;99;Unknown;99;Unknown EMS Scene Arrival Hour;99;Unknown EMS Scene Arrival Minutes;99;Unknown;99;Unknown EMS Hospital Arrival Time;0;None;0;None;0;None;1;0
6;California;60547;2;2;0;0;5;5;0;37;LOS ANGELES (37);1980;LOS ANGELES;12;12;4;April;2019;6;Friday;19;7:00pm-7:59pm;10;10;1;This section IS ON the NHS;6;Local Street - Municipality;LANKERSHIM BLVD;SAN FERNANDO RD;2;Urban;3;Principal Arterial - Other;98;Not Reported;0;None;34.23365278;34.23365278;-118.3877917;-118.38779167;0;No Special Jurisdiction;12;Motor Vehicle In-Transport;2;Front-to-Front;0;No;3;Intersection-Related;3;T-Intersection;0;None;1;On Roadway;1;Daylight;1;Clear;0;No Additional Atmospheric Conditions;1;Clear;0;No;0;Not Applicable;99;Unknown;99;Unknown;99;Unknown EMS Scene Arrival Hour;99;Unknown EMS Scene Arrival Minutes;99;Unknown;99;Unknown EMS Hospital Arrival Time;0;None;0;None;0;None;2;1
6;California;60551;1;1;0;1;1;1;1;37;LOS ANGELES (37);1980;LOS ANGELES;18;18;4;April;2019;5;Thursday;1;1:00am-1:59am;30;30;1;This section IS ON the NHS;6;Local Street - Municipality;SUNSET BLVD;FORMOSA AVE;2;Urban;3;Principal Arterial - Other;98;Not Reported;0;None;34.09797778;34.09797778;-118.3462194;-118.34621944;0;No Special Jurisdiction;8;Pedestrian;0;The First Harmful Event was Not a Collision with a Motor Vehicle in Transport;0;No;3;Intersection-Related;3;T-Intersection;0;None;1;On Roadway;3;Dark - Lighted;1;Clear;0;No Additional Atmospheric Conditions;1;Clear;0;No;0;Not Applicable;99;Unknown;99;Unknown;99;Unknown EMS Scene Arrival Hour;99;Unknown EMS Scene Arrival Minutes;88;Not Applicable (Not Transported);88;Not Applicable (Not Transported);0;None;0;None;0;None;1;0
6;California;60554;2;2;0;1;4;4;1;37;LOS ANGELES (37);1980;LOS ANGELES;17;17;4;April;2019;4;Wednesday;22;10:00pm-10:59pm;29;29;1;This section IS ON the NHS;6;Local Street - Municipality;ADAMS BLVD;KENWOOD AVE;2;Urban;3;Principal Arterial - Other;98;Not Reported;0;None;34.03275833;34.03275833;-118.2991278;-118.29912778;0;No Special Jurisdiction;15;Non-Motorist on Personal Conveyance;0;The First Harmful Event was Not a Collision with a Motor Vehicle in Transport;0;No;3;Intersection-Related;3;T-Intersection;0;None;1;On Roadway;3;Dark - Lighted;1;Clear;0;No Additional Atmospheric Conditions;1;Clear;0;No;0;Not Applicable;99;Unknown;99;Unknown;99;Unknown EMS Scene Arrival Hour;99;Unknown EMS Scene Arrival Minutes;88;Not Applicable (Not Transported);88;Not Applicable (Not Transported);0;None;0;None;0;None;1;0
6;California;60569;1;1;0;0;1;1;0;73;SAN DIEGO (73);3260;SAN DIEGO;3;3;4;April;2019;4;Wednesday;23;11:00pm-11:59pm;52;52;0;This section IS NOT on the NHS;9;Unknown;CAMINO DEL RIO NORTH;WARD RD;2;Urban;4;Minor Arterial;98;Not Reported;0;None;32.77996667;32.77996667;-117.1104583;-117.11045833;0;No Special Jurisdiction;38;Fence;0;The First Harmful Event was Not a Collision with a Motor Vehicle in Transport;0;No;3;Intersection-Related;3;T-Intersection;0;None;4;On Roadside;2;Dark - Not Lighted;1;Clear;0;No Additional Atmospheric Conditions;1;Clear;0;No;0;Not Applicable;99;Unknown;99;Unknown;99;Unknown EMS Scene Arrival Hour;99;Unknown EMS Scene Arrival Minutes;88;Not Applicable (Not Transported);88;Not Applicable (Not Transported);0;None;0;None;0;None;1;0
6;California;60578;2;2;0;0;2;2;0;37;LOS ANGELES (37);1980;LOS ANGELES;1;1;5;May;2019;4;Wednesday;8;8:00am-8:59am;10;10;1;This section IS ON the NHS;6;Local Street - Municipality;SAN FERNANDO RD;DELIA AVE;2;Urban;3;Principal Arterial - Other;98;Not Reported;0;None;34.20719167;34.20719167;-118.3507083;-118.35070833;0;No Special Jurisdiction;12;Motor Vehicle In-Transport;6;Angle;0;No;3;Intersection-Related;3;T-Intersection;0;None;1;On Roadway;1;Daylight;1;Clear;0;No Additional Atmospheric Conditions;1;Clear;0;No;0;Not Applicable;99;Unknown;99;Unknown;99;Unknown EMS Scene Arrival Hour;99;Unknown EMS Scene Arrival Minutes;99;Unknown;99;Unknown EMS Hospital Arrival Time;0;None;0;None;0;None;1;0
6;California;60582;2;2;0;0;4;4;0;71;SAN BERNARDINO (71);4040;VICTORVILLE;6;6;4;April;2019;7;Saturday;15;3:00pm-3:59pm;54;54;0;This section IS NOT on the NHS;9;Unknown;SEVENTH AVE;SILICA DR;2;Urban;4;Minor Arterial;98;Not Reported;0;None;34.47801111;34.47801111;-117.3123361;-117.31233611;0;No Special Jurisdiction;12;Motor Vehicle In-Transport;2;Front-to-Front;0;No;2;Intersection;3;T-Intersection;0;None;1;On Roadway;1;Daylight;1;Clear;0;No Additional Atmospheric Conditions;1;Clear;0;No;0;Not Applicable;99;Unknown;99;Unknown;99;Unknown EMS Scene Arrival Hour;99;Unknown EMS Scene Arrival Minutes;99;Unknown;99;Unknown EMS Hospital Arrival Time;0;None;0;None;0;None;1;0
6;California;60583;1;1;0;1;1;1;1;37;LOS ANGELES (37);1840;LANCASTER;9;9;4;April;2019;3;Tuesday;19;7:00pm-7:59pm;11;11;1;This section IS ON the NHS;9;Unknown;SIERRA HWY;AVE L;2;Urban;3;Principal Arterial - Other;98;Not Reported;0;None;34.66061944;34.66061944;-118.1305861;-118.13058611;0;No Special Jurisdiction;8;Pedestrian;0;The First Harmful Event was Not a Collision with a Motor Vehicle in Transport;0;No;3;Intersection-Related;3;T-Intersection;0;None;1;On Roadway;5;Dusk;1;Clear;0;No Additional Atmospheric Conditions;1;Clear;0;No;0;Not Applicable;99;Unknown;99;Unknown;99;Unknown EMS Scene Arrival Hour;99;Unknown EMS Scene Arrival Minutes;88;Not Applicable (Not Transported);88;Not Applicable (Not Transported);0;None;0;None;0;None;1;0
6;California;60595;1;1;0;0;1;1;0;37;LOS ANGELES (37);1840;LANCASTER;20;20;4;April;2019;7;Saturday;19;7:00pm-7:59pm;36;36;0;This section IS NOT on the NHS;9;Unknown;WEST AVENUE M-8;42ND ST WEST;2;Urban;7;Local;98;Not Reported;0;None;34.63828889;34.63828889;-118.2057972;-118.20579722;0;No Special Jurisdiction;31;Post, Pole or Other Supports;0;The First Harmful Event was Not a Collision with a Motor Vehicle in Transport;0;No;3;Intersection-Related;3;T-Intersection;0;None;4;On Roadside;3;Dark - Lighted;1;Clear;0;No Additional Atmospheric Conditions;1;Clear;0;No;0;Not Applicable;99;Unknown;99;Unknown;99;Unknown EMS Scene Arrival Hour;99;Unknown EMS Scene Arrival Minutes;99;Unknown;99;Unknown EMS Hospital Arrival Time;0;None;0;None;0;None;1;0