STATE;STATENAME;ST_CASE;VE_TOTAL;VE_FORMS;PVH_INVL;PEDS;PERSONS;PERMVIT;PERNOTMVIT;COUNTY;COUNTYNAME;CITY;CITYNAME;DAY;DAYNAME;MONTH;MONTHNAME;YEAR;DAY_WEEK;DAY_WEEKNAME;HOUR;HOURNAME;MINUTE;MINUTENAME;NHS;NHSNAME;ROUTE;ROUTENAME;TWAY_ID;TWAY_ID2;RUR_URB;RUR_URBNAME;FUNC_SYS;FUNC_SYSNAME;RD_OWNER;RD_OWNERNAME;MILEPT;MILEPTNAME;LATITUDE;LATITUDENAME;LONGITUD;LONGITUDNAME;SP_JUR;SP_JURNAME;HARM_EV;HARM_EVNAME;MAN_COLL;MAN_COLLNAME;RELJCT1;RELJCT1NAME;RELJCT2;RELJCT2NAME;TYP_INT;TYP_INTNAME;WRK_ZONE;WRK_ZONENAME;REL_ROAD;REL_ROADNAME;LGT_COND;LGT_CONDNAME;WEATHER1;WEATHER1NAME;WEATHER2;WEATHER2NAME;WEATHER;WEATHERNAME;SCH_BUS;SCH_BUSNAME;RAIL;RAILNAME;NOT_HOUR;NOT_HOURNAME;NOT_MIN;NOT_MINNAME;ARR_HOUR;ARR_HOURNAME;ARR_MIN;ARR_MINNAME;HOSP_HR;HOSP_HRNAME;HOSP_MN;HOSP_MNNAME;CF1;CF1NAME;CF2;CF2NAME;CF3;CF3NAME;FATALS;DRUNK_DR
6;California;60596;3;3;0;0;4;4;0;37;LOS ANGELES (37);1980;LOS ANGELES;15;15;5;May;2019;4;Wednesday;19;7:00pm-7:59pm;15;15;1;This section IS ON the NHS;9;Unknown;BURBANK BLVD;HJELTE SPORT CNTR;2;Urban;3;Principal Arterial - Other;98;Not Reported;0;None;34.16843333;34.16843333;-118.4862667;-118.48626667;0;No Special Jurisdiction;12;Motor Vehicle In-Transport;6;Angle;0;No;2;Intersection;3;T-Intersection;0;None;1;On Roadway;1;Daylight;1;Clear;0;No Additional Atmospheric Conditions;1;Clear;0;No;0;Not Applicable;99;Unknown;99;Unknown;99;Unknown EMS Scene Arrival Hour;99;Unknown EMS Scene Arrival Minutes;88;Not Applicable (Not Transported);88;Not Applicable (Not Transported);14;Motor Vehicle struck by falling cargo,or something that came loose from or something that was set in motion by a vehicle;0;None;0;None;2;0
6;California;60598;1;1;0;1;1;1;1;37;LOS ANGELES (37);1980;LOS ANGELES;21;21;4;April;2019;1;Sunday;4;4:00am-4:59am;50;50;1;This section IS ON the NHS;9;Unknown;SLAUSON AVE;3RD AVE;2;Urban;3;Principal Arterial - Other;98;Not Reported;0;None;33.98910833;33.98910833;-118.3202778;-118.32027778;0;No Special Jurisdiction;8;Pedestrian;0;The First Harmful Event was Not a Collision with a Motor Vehicle in Transport;0;No;3;Intersection-Related;3;T-Intersection;0;None;1;On Roadway;3;Dark - Lighted;1;Clear;0;No Additional Atmospheric Conditions;1;Clear;0;No;0;Not Applicable;99;Unknown;99;Unknown;99;Unknown EMS Scene Arrival Hour;99;Unknown EMS Scene Arrival Minutes;88;Not Applicable (Not Transported);88;Not Applicable (Not Transported);0;None;0;None;0;None;1;0
6;California;60601;1;1;0;1;1;1;1;113;YOLO (113);4163;WEST SACRAMENTO;3;3;5;May;2019;6;Friday;21;9:00pm-9:59pm;36;36;1;This section IS ON the NHS;6;Local Street - Municipality;WEST CAPITOL AVE;WALNUT AVE;2;Urban;3;Principal Arterial - Other;98;Not Reported;0;None;38.57971111;38.57971111;-121.5407028;-121.54070278;0;No Special Jurisdiction;8;Pedestrian;0;The First Harmful Event was Not a Collision with a Motor Vehicle in Transport;0;No;3;Intersection-Related;3;T-Intersection;0;None;1;On Roadway;3;Dark - Lighted;1;Clear;0;No Additional Atmospheric Conditions;1;Clear;0;No;0;Not Applicable;99;Unknown;99;Unknown;99;Unknown EMS Scene Arrival Hour;99;Unknown EMS Scene Arrival Minutes;99;Unknown;99;Unknown EMS Hospital Arrival Time;0;None;0;None;0;None;1;0
6;California;60623;2;2;0;1;2;2;1;65;RIVERSIDE (65);3851;TEMECULA;3;3;1;January;2019;5;Thursday;21;9:00pm-9:59pm;49;49;0;This section IS NOT on the NHS;9;Unknown;JEFFERSON AVE;LA HACIENDA ST;2;Urban;4;Minor Arterial;98;Not Reported;0;None;33.50973611;33.50973611;-117.1562139;-117.15621389;0;No Special Jurisdiction;12;Motor Vehicle In-Transport;7;Sideswipe - Same Direction;0;No;2;Intersection;3;T-Intersection;1;Construction;1;On Roadway;2;Dark - Not Lighted;1;Clear;0;No Additional Atmospheric Conditions;1;Clear;0;No;0;Not Applicable;99;Unknown;99;Unknown;99;Unknown EMS Scene Arrival Hour;99;Unknown EMS Scene Arrival Minutes;99;Unknown;99;Unknown EMS Hospital Arrival Time;0;None;0;None;0;None;1;0
6;California;60624;3;3;0;1;3;3;1;29;KERN (29);240;BAKERSFIELD;13;13;2;February;2019;4;Wednesday;20;8:00pm-8:59pm;14;14;0;This section IS NOT on the NHS;6;Local Street - Municipality;P ST;BANK ST;2;Urban;6;Minor Collector;98;Not Reported;0;None;35.35789722;35.35789722;-119.0118806;-119.01188056;0;No Special Jurisdiction;8;Pedestrian;0;The First Harmful Event was Not a Collision with a Motor Vehicle in Transport;0;No;3;Intersection-Related;3;T-Intersection;0;None;1;On Roadway;3;Dark - Lighted;1;Clear;0;No Additional Atmospheric Conditions;1;Clear;0;No;0;Not Applicable;99;Unknown;99;Unknown;99;Unknown EMS Scene Arrival Hour;99;Unknown EMS Scene Arrival Minutes;99;Unknown;99;Unknown EMS Hospital Arrival Time;0;None;0;None;0;None;1;0
6;California;60641;1;1;0;1;1;1;1;59;ORANGE (59);1380;FULLERTON;6;6;2;February;2019;4;Wednesday;8;8:00am-8:59am;7;7;0;This section IS NOT on the NHS;9;Unknown;LADERA VISTA DR;WILSHIRE AVE;2;Urban;7;Local;98;Not Reported;0;None;33.872325;33.872325;-117.8935056;-117.89350556;0;No Special Jurisdiction;8;Pedestrian;0;The First Harmful Event was Not a Collision with a Motor Vehicle in Transport;0;No;3;Intersection-Related;3;T-Intersection;0;None;1;On Roadway;1;Daylight;1;Clear;0;No Additional Atmospheric Conditions;1;Clear;0;No;0;Not Applicable;99;Unknown;99;Unknown;99;Unknown EMS Scene Arrival Hour;99;Unknown EMS Scene Arrival Minutes;99;Unknown;99;Unknown EMS Hospital Arrival Time;0;None;0;None;0;None;1;0
6;California;60646;1;1;0;1;2;2;1;19;FRESNO (19);1370;FRESNO;21;21;2;February;2019;5;Thursday;18;6:00pm-6:59pm;24;24;0;This section IS NOT on the NHS;9;Unknown;FRIANT RD;COPPER RIVER DR;2;Urban;5;Major Collector;98;Not Reported;0;None;36.90206389;36.90206389;-119.7593111;-119.75931111;0;No Special Jurisdiction;8;Pedestrian;0;The First Harmful Event was Not a Collision with a Motor Vehicle in Transport;0;No;3;Intersection-Related;3;T-Intersection;0;None;1;On Roadway;3;Dark - Lighted;1;Clear;0;No Additional Atmospheric Conditions;1;Clear;0;No;0;Not Applicable;99;Unknown;99;Unknown;99;Unknown EMS Scene Arrival Hour;99;Unknown EMS Scene Arrival Minutes;88;Not Applicable (Not Transported);88;Not Applicable (Not Transported);0;None;0;None;0;None;1;1
6;California;60651;1;1;0;1;1;1;1;97;SONOMA (97);3490;SANTA ROSA;20;20;3;March;2019;4;Wednesday;7;7:00am-7:59am;6;6;0;This section IS NOT on the NHS;9;Unknown;STONY POINT RD;BARNDANCE LN;2;Urban;5;Major Collector;98;Not Reported;0;None;38.40921667;38.40921667;-122.7414583;-122.74145833;0;No Special Jurisdiction;8;Pedestrian;0;The First Harmful Event was Not a Collision with a Motor Vehicle in Transport;0;No;3;Intersection-Related;3;T-Intersection;0;None;1;On Roadway;1;Daylight;2;Rain;0;No Additional Atmospheric Conditions;2;Rain;0;No;0;Not Applicable;99;Unknown;99;Unknown;99;Unknown EMS Scene Arrival Hour;99;Unknown EMS Scene Arrival Minutes;88;Not Applicable (Not Transported);88;Not Applicable (Not Transported);0;None;0;None;0;None;1;0
6;California;60652;1;1;0;2;1;1;2;37;LOS ANGELES (37);1980;LOS ANGELES;17;17;5;May;2019;6;Friday;13;1:00pm-1:59pm;55;55;0;This section IS NOT on the NHS;9;Unknown;1ST ST;BIMINI PL;2;Urban;5;Major Collector;98;Not Reported;0;None;34.07305556;34.07305556;-118.2906556;-118.29065556;0;No Special Jurisdiction;8;Pedestrian;0;The First Harmful Event was Not a Collision with a Motor Vehicle in Transport;0;No;3;Intersection-Related;3;T-Intersection;0;None;1;On Roadway;1;Daylight;1;Clear;0;No Additional Atmospheric Conditions;1;Clear;0;No;0;Not Applicable;99;Unknown;99;Unknown;99;Unknown EMS Scene Arrival Hour;99;Unknown EMS Scene Arrival Minutes;99;Unknown;99;Unknown EMS Hospital Arrival Time;0;None;0;None;0;None;1;0
6;California;60654;1;1;0;1;1;1;1;19;FRESNO (19);2990;REEDLEY;24;24;2;February;2019;1;Sunday;15;3:00pm-3:59pm;30;30;0;This section IS NOT on the NHS;9;Unknown;I ST;15TH ST;2;Urban;4;Minor Arterial;98;Not Reported;0;None;36.59076111;36.59076111;-119.4488472;-119.44884722;0;No Special Jurisdiction;8;Pedestrian;0;The First Harmful Event was Not a Collision with a Motor Vehicle in Transport;0;No;2;Intersection;3;T-Intersection;0;None;1;On Roadway;1;Daylight;1;Clear;0;No Additional Atmospheric Conditions;1;Clear;0;No;0;Not Applicable;99;Unknown;99;Unknown;99;Unknown EMS Scene Arrival Hour;99;Unknown EMS Scene Arrival Minutes;99;Unknown;99;Unknown EMS Hospital Arrival Time;0;None;0;None;0;None;1;0
6;California;60655;3;3;0;0;3;3;0;67;SACRAMENTO (67);3150;SACRAMENTO;17;17;5;May;2019;6;Friday;12;12:00pm-12:59pm;40;40;1;This section IS ON the NHS;9;Unknown;EL CAMINO AV;PRINCETON ST;2;Urban;3;Principal Arterial - Other;98;Not Reported;0;None;38.6111;38.6111;-121.4299889;-121.42998889;0;No Special Jurisdiction;12;Motor Vehicle In-Transport;6;Angle;0;No;2;Intersection;3;T-Intersection;0;None;1;On Roadway;1;Daylight;1;Clear;0;No Additional Atmospheric Conditions;1;Clear;0;No;0;Not Applicable;99;Unknown;99;Unknown;99;Unknown EMS Scene Arrival Hour;99;Unknown EMS Scene Arrival Minutes;99;Unknown;99;Unknown EMS Hospital Arrival Time;0;None;0;None;0;None;1;0
6;California;60664;2;2;0;0;2;2;0;37;LOS ANGELES (37);2645;PALMDALE;18;18;4;April;2019;5;Thursday;16;4:00pm-4:59pm;30;30;0;This section IS NOT on the NHS;9;Unknown;AVE S;28TH ST;2;Urban;4;Minor Arterial;98;Not Reported;0;None;34.55788056;34.55788056;-118.0795083;-118.07950833;0;No Special Jurisdiction;12;Motor Vehicle In-Transport;6;Angle;0;No;2;Intersection;3;T-Intersection;0;None;1;On Roadway;1;Daylight;1;Clear;0;No Additional Atmospheric Conditions;1;Clear;0;No;0;Not Applicable;99;Unknown;99;Unknown;99;Unknown EMS Scene Arrival Hour;99;Unknown EMS Scene Arrival Minutes;99;Unknown;99;Unknown EMS Hospital Arrival Time;0;None;0;None;0;None;1;0
6;California;60665;2;2;0;0;4;4;0;67;SACRAMENTO (67);3150;SACRAMENTO;7;7;3;March;2019;5;Thursday;18;6:00pm-6:59pm;33;33;1;This section IS ON the NHS;9;Unknown;24TH ST;WAH AVE;2;Urban;3;Principal Arterial - Other;98;Not Reported;0;None;38.50122778;38.50122778;-121.4827889;-121.48278889;0;No Special Jurisdiction;12;Motor Vehicle In-Transport;2;Front-to-Front;0;No;2;Intersection;3;T-Intersection;0;None;1;On Roadway;3;Dark - Lighted;2;Rain;0;No Additional Atmospheric Conditions;2;Rain;0;No;0;Not Applicable;99;Unknown;99;Unknown;99;Unknown EMS Scene Arrival Hour;99;Unknown EMS Scene Arrival Minutes;99;Unknown;99;Unknown EMS Hospital Arrival Time;0;None;0;None;0;None;1;1
6;California;60669;1;1;0;1;3;3;1;41;MARIN (41);3200;SAN ANSELMO;27;27;4;April;2019;7;Saturday;22;10:00pm-10:59pm;8;8;0;This section IS NOT on the NHS;9;Unknown;BUTTERFIELD RD;CALETA AVE;2;Urban;4;Minor Arterial;98;Not Reported;0;None;37.99826667;37.99826667;-122.5762222;-122.57622222;0;No Special Jurisdiction;8;Pedestrian;0;The First Harmful Event was Not a Collision with a Motor Vehicle in Transport;0;No;3;Intersection-Related;3;T-Intersection;0;None;1;On Roadway;3;Dark - Lighted;1;Clear;0;No Additional Atmospheric Conditions;1;Clear;0;No;0;Not Applicable;99;Unknown;99;Unknown;99;Unknown EMS Scene Arrival Hour;99;Unknown EMS Scene Arrival Minutes;99;Unknown;99;Unknown EMS Hospital Arrival Time;0;None;0;None;0;None;1;1
6;California;60673;1;1;0;1;1;1;1;67;SACRAMENTO (67);0;NOT APPLICABLE;31;31;5;May;2019;6;Friday;21;9:00pm-9:59pm;52;52;1;This section IS ON the NHS;9;Unknown;MARCONI AVE;JULIESSE AVE;2;Urban;3;Principal Arterial - Other;98;Not Reported;0;None;38.61810556;38.61810556;-121.412525;-121.412525;0;No Special Jurisdiction;8;Pedestrian;0;The First Harmful Event was Not a Collision with a Motor Vehicle in Transport;0;No;3;Intersection-Related;3;T-Intersection;0;None;1;On Roadway;2;Dark - Not Lighted;1;Clear;0;No Additional Atmospheric Conditions;1;Clear;0;No;0;Not Applicable;99;Unknown;99;Unknown;99;Unknown EMS Scene Arrival Hour;99;Unknown EMS Scene Arrival Minutes;88;Not Applicable (Not Transported);88;Not Applicable (Not Transported);0;None;0;None;0;None;1;0
6;California;60676;2;2;0;0;2;2;0;71;SAN BERNARDINO (71);0;NOT APPLICABLE;16;16;5;May;2019;5;Thursday;16;4:00pm-4:59pm;40;40;0;This section IS NOT on the NHS;3;State Highway;SR-247 OLD WOMAN SPRINGS RD;OLVINE RD;1;Rural;2;Principal Arterial - Other Freeways and Expressways;1;State Highway Agency;192;192;34.35973056;34.35973056;-116.5324111;-116.53241111;0;No Special Jurisdiction;12;Motor Vehicle In-Transport;2;Front-to-Front;0;No;3;Intersection-Related;3;T-Intersection;0;None;2;On Shoulder;1;Daylight;1;Clear;0;No Additional Atmospheric Conditions;1;Clear;0;No;0;Not Applicable;99;Unknown;99;Unknown;99;Unknown EMS Scene Arrival Hour;99;Unknown EMS Scene Arrival Minutes;99;Unknown;99;Unknown EMS Hospital Arrival Time;0;None;0;None;0;None;1;0
6;California;60684;1;1;0;1;1;1;1;59;ORANGE (59);80;ANAHEIM;2;2;4;April;2019;3;Tuesday;5;5:00am-5:59am;41;41;0;This section IS NOT on the NHS;9;Unknown;N EAST ST;W WILHELMINA ST;2;Urban;4;Minor Arterial;98;Not Reported;0;None;33.84460833;33.84460833;-117.9047889;-117.90478889;0;No Special Jurisdiction;8;Pedestrian;0;The First Harmful Event was Not a Collision with a Motor Vehicle in Transport;0;No;3;Intersection-Related;3;T-Intersection;0;None;1;On Roadway;3;Dark - Lighted;1;Clear;0;No Additional Atmospheric Conditions;1;Clear;0;No;0;Not Applicable;99;Unknown;99;Unknown;99;Unknown EMS Scene Arrival Hour;99;Unknown EMS Scene Arrival Minutes;99;Unknown;99;Unknown EMS Hospital Arrival Time;0;None;0;None;0;None;1;0
6;California;60689;2;1;1;0;4;4;0;37;LOS ANGELES (37);2458;NORWALK;13;13;5;May;2019;2;Monday;14;2:00pm-2:59pm;16;16;1;This section IS ON the NHS;9;Unknown;ROSECRANE AVE;DEVLIN AVE;2;Urban;3;Principal Arterial - Other;98;Not Reported;0;None;33.90219444;33.90219444;-118.0789111;-118.07891111;0;No Special Jurisdiction;33;Curb;0;The First Harmful Event was Not a Collision with a Motor Vehicle in Transport;0;No;3;Intersection-Related;3;T-Intersection;0;None;3;On Median;1;Daylight;1;Clear;0;No Additional Atmospheric Conditions;1;Clear;0;No;0;Not Applicable;99;Unknown;99;Unknown;99;Unknown EMS Scene Arrival Hour;99;Unknown EMS Scene Arrival Minutes;99;Unknown;99;Unknown EMS Hospital Arrival Time;0;None;0;None;0;None;1;0
6;California;60743;1;1;0;1;1;1;1;85;SANTA CLARA (85);3340;SAN JOSE;7;7;1;January;2019;2;Monday;18;6:00pm-6:59pm;14;14;1;This section IS ON the NHS;6;Local Street - Municipality;MCKEE RD;EL RANCHO VERDE DR;2;Urban;3;Principal Arterial - Other;98;Not Reported;0;None;37.36162222;37.36162222;-121.8553639;-121.85536389;0;No Special Jurisdiction;8;Pedestrian;0;The First Harmful Event was Not a Collision with a Motor Vehicle in Transport;0;No;3;Intersection-Related;3;T-Intersection;0;None;1;On Roadway;3;Dark - Lighted;1;Clear;0;No Additional Atmospheric Conditions;1;Clear;0;No;0;Not Applicable;99;Unknown;99;Unknown;99;Unknown EMS Scene Arrival Hour;99;Unknown EMS Scene Arrival Minutes;99;Unknown;99;Unknown EMS Hospital Arrival Time;0;None;0;None;0;None;1;0
6;California;60758;2;2;0;1;3;3;1;37;LOS ANGELES (37);1980;LOS ANGELES;11;11;5;May;2019;7;Saturday;22;10:00pm-10:59pm;35;35;1;This section IS ON the NHS;6;Local Street - Municipality;S VERMONT AVE;W 69TH ST;2;Urban;3;Principal Arterial - Other;98;Not Reported;0;None;33.97708333;33.97708333;-118.291575;-118.291575;0;No Special Jurisdiction;8;Pedestrian;0;The First Harmful Event was Not a Collision with a Motor Vehicle in Transport;0;No;3;Intersection-Related;3;T-Intersection;0;None;1;On Roadway;3;Dark - Lighted;1;Clear;0;No Additional Atmospheric Conditions;1;Clear;0;No;0;Not Applicable;99;Unknown;99;Unknown;99;Unknown EMS Scene Arrival Hour;99;Unknown EMS Scene Arrival Minutes;88;Not Applicable (Not Transported);88;Not Applicable (Not Transported);0;None;0;None;0;None;1;0
6;California;60768;2;2;0;0;2;2;0;1;ALAMEDA (1);2480;OAKLAND;22;22;2;February;2019;6;Friday;14;2:00pm-2:59pm;33;33;0;This section IS NOT on the NHS;9;Unknown;ALISO AV;39TH AV;2;Urban;5;Major Collector;98;Not Reported;0;None;37.79775278;37.79775278;-122.1850917;-122.18509167;0;No Special Jurisdiction;33;Curb;0;The First Harmful Event was Not a Collision with a Motor Vehicle in Transport;0;No;3;Intersection-Related;3;T-Intersection;0;None;4;On Roadside;1;Daylight;1;Clear;0;No Additional Atmospheric Conditions;1;Clear;0;No;0;Not Applicable;99;Unknown;99;Unknown;99;Unknown EMS Scene Arrival Hour;99;Unknown EMS Scene Arrival Minutes;88;Not Applicable (Not Transported);88;Not Applicable (Not Transported);14;Motor Vehicle struck by falling cargo,or something that came loose from or something that was set in motion by a vehicle;0;None;0;None;1;0
6;California;60771;1;1;0;0;1;1;0;71;SAN BERNARDINO (71);3210;SAN BERNARDINO;14;14;3;March;2019;5;Thursday;23;11:00pm-11:59pm;4;4;1;This section IS ON the NHS;9;Unknown;W 5TH ST;N FLORES ST;2;Urban;3;Principal Arterial - Other;98;Not Reported;0;None;34.10836111;34.10836111;-117.3271806;-117.32718056;0;No Special Jurisdiction;30;Utility Pole/Light Support;0;The First Harmful Event was Not a Collision with a Motor Vehicle in Transport;0;No;3;Intersection-Related;3;T-Intersection;0;None;4;On Roadside;3;Dark - Lighted;1;Clear;0;No Additional Atmospheric Conditions;1;Clear;0;No;0;Not Applicable;99;Unknown;99;Unknown;99;Unknown EMS Scene Arrival Hour;99;Unknown EMS Scene Arrival Minutes;88;Not Applicable (Not Transported);88;Not Applicable (Not Transported);0;None;0;None;0;None;1;0
6;California;60774;2;2;0;0;2;2;0;37;LOS ANGELES (37);1980;LOS ANGELES;7;7;6;June;2019;6;Friday;15;3:00pm-3:59pm;20;20;1;This section IS ON the NHS;6;Local Street - Municipality;MAGNOLIA BLVD;DENNY AVE;2;Urban;3;Principal Arterial - Other;98;Not Reported;0;None;34.16491389;34.16491389;-118.3641583;-118.36415833;0;No Special Jurisdiction;12;Motor Vehicle In-Transport;6;Angle;0;No;3;Intersection-Related;3;T-Intersection;0;None;1;On Roadway;1;Daylight;1;Clear;0;No Additional Atmospheric Conditions;1;Clear;0;No;0;Not Applicable;99;Unknown;99;Unknown;99;Unknown EMS Scene Arrival Hour;99;Unknown EMS Scene Arrival Minutes;88;Not Applicable (Not Transported);88;Not Applicable (Not Transported);0;None;0;None;0;None;1;0
6;California;60778;2;2;0;0;3;3;0;75;SAN FRANCISCO (75);3290;SAN FRANCISCO;31;31;3;March;2019;1;Sunday;3;3:00am-3:59am;4;4;1;This section IS ON the NHS;9;Unknown;BAY SHORE BL;CESAR CHAVEZ ST;2;Urban;3;Principal Arterial - Other;98;Not Reported;0;None;37.74924167;37.74924167;-122.4051833;-122.40518333;0;No Special Jurisdiction;33;Curb;0;The First Harmful Event was Not a Collision with a Motor Vehicle in Transport;0;No;3;Intersection-Related;3;T-Intersection;0;None;4;On Roadside;3;Dark - Lighted;1;Clear;0;No Additional Atmospheric Conditions;1;Clear;0;No;0;Not Applicable;99;Unknown;99;Unknown;99;Unknown EMS Scene Arrival Hour;99;Unknown EMS Scene Arrival Minutes;99;Unknown;99;Unknown EMS Hospital Arrival Time;0;None;0;None;0;None;1;0
6;California;60797;1;1;0;1;3;3;1;77;SAN JOAQUIN (77);3770;STOCKTON;27;27;2;February;2019;4;Wednesday;20;8:00pm-8:59pm;12;12;1;This section IS ON the NHS;6;Local Street - Municipality;AIRPORT WAY;9TH ST;2;Urban;3;Principal Arterial - Other;98;Not Reported;0;None;37.93046111;37.93046111;-121.2666806;-121.26668056;0;No Special Jurisdiction;8;Pedestrian;0;The First Harmful Event was Not a Collision with a Motor Vehicle in Transport;0;No;3;Intersection-Related;3;T-Intersection;0;None;1;On Roadway;3;Dark - Lighted;10;Cloudy;0;No Additional Atmospheric Conditions;10;Cloudy;0;No;0;Not Applicable;99;Unknown;99;Unknown;99;Unknown EMS Scene Arrival Hour;99;Unknown EMS Scene Arrival Minutes;99;Unknown;99;Unknown EMS Hospital Arrival Time;0;None;0;None;0;None;1;0
6;California;60807;1;1;0;1;1;1;1;19;FRESNO (19);1370;FRESNO;1;1;4;April;2019;2;Monday;5;5:00am-5:59am;24;24;1;This section IS ON the NHS;9;Unknown;CEDAR AVE;FOUNTAIN WY;2;Urban;3;Principal Arterial - Other;98;Not Reported;0;None;36.78136389;36.78136389;-119.7544722;-119.75447222;0;No Special Jurisdiction;15;Non-Motorist on Personal Conveyance;0;The First Harmful Event was Not a Collision with a Motor Vehicle in Transport;0;No;3;Intersection-Related;3;T-Intersection;0;None;1;On Roadway;3;Dark - Lighted;10;Cloudy;0;No Additional Atmospheric Conditions;10;Cloudy;0;No;0;Not Applicable;99;Unknown;99;Unknown;99;Unknown EMS Scene Arrival Hour;99;Unknown EMS Scene Arrival Minutes;99;Unknown;99;Unknown EMS Hospital Arrival Time;0;None;0;None;0;None;1;0
6;California;60808;2;2;0;0;3;3;0;89;SHASTA (89);2950;REDDING;14;14;1;January;2019;2;Monday;12;12:00pm-12:59pm;16;16;0;This section IS NOT on the NHS;9;Unknown;OLD OREGON TRL;BEAR MOUNTAIN RD;1;Rural;4;Minor Arterial;98;Not Reported;0;None;40.67101944;40.67101944;-122.3259806;-122.32598056;0;No Special Jurisdiction;12;Motor Vehicle In-Transport;7;Sideswipe - Same Direction;0;No;3;Intersection-Related;3;T-Intersection;0;None;1;On Roadway;1;Daylight;10;Cloudy;0;No Additional Atmospheric Conditions;10;Cloudy;0;No;0;Not Applicable;99;Unknown;99;Unknown;99;Unknown EMS Scene Arrival Hour;99;Unknown EMS Scene Arrival Minutes;99;Unknown;99;Unknown EMS Hospital Arrival Time;0;None;0;None;0;None;1;1
6;California;60824;1;1;0;1;2;2;1;1;ALAMEDA (1);1560;HAYWARD;28;28;3;March;2019;5;Thursday;21;9:00pm-9:59pm;9;9;1;This section IS ON the NHS;9;Unknown;W TENNYSON RD;BALDWIN ST;2;Urban;3;Principal Arterial - Other;98;Not Reported;0;None;37.63264167;37.63264167;-122.0671389;-122.06713889;0;No Special Jurisdiction;8;Pedestrian;0;The First Harmful Event was Not a Collision with a Motor Vehicle in Transport;0;No;3;Intersection-Related;3;T-Intersection;0;None;1;On Roadway;3;Dark - Lighted;1;Clear;0;No Additional Atmospheric Conditions;1;Clear;0;No;0;Not Applicable;99;Unknown;99;Unknown;99;Unknown EMS Scene Arrival Hour;99;Unknown EMS Scene Arrival Minutes;99;Unknown;99;Unknown EMS Hospital Arrival Time;0;None;0;None;0;None;1;0
6;California;60828;1;1;0;1;1;1;1;77;SAN JOAQUIN (77);3770;STOCKTON;3;3;5;May;2019;6;Friday;8;8:00am-8:59am;19;19;1;This section IS ON the NHS;9;Unknown;WEST LN;BOURSON ST;2;Urban;3;Principal Arterial - Other;98;Not Reported;0;None;37.98793056;37.98793056;-121.2853667;-121.28536667;0;No Special Jurisdiction;8;Pedestrian;0;The First Harmful Event was Not a Collision with a Motor Vehicle in Transport;0;No;3;Intersection-Related;3;T-Intersection;0;None;1;On Roadway;1;Daylight;1;Clear;0;No Additional Atmospheric Conditions;1;Clear;0;No;0;Not Applicable;99;Unknown;99;Unknown;99;Unknown EMS Scene Arrival Hour;99;Unknown EMS Scene Arrival Minutes;99;Unknown;99;Unknown EMS Hospital Arrival Time;0;None;0;None;0;None;1;0
6;California;60849;2;2;0;0;3;3;0;65;RIVERSIDE (65);3070;RIVERSIDE;5;5;4;April;2019;6;Friday;10;10:00am-10:59am;27;27;0;This section IS NOT on the NHS;9;Unknown;CALIFORNIA AVE;SHERMAN DR;2;Urban;4;Minor Arterial;98;Not Reported;0;None;33.93246389;33.93246389;-117.4413139;-117.44131389;0;No Special Jurisdiction;12;Motor Vehicle In-Transport;6;Angle;0;No;2;Intersection;3;T-Intersection;0;None;1;On Roadway;1;Daylight;1;Clear;0;No Additional Atmospheric Conditions;1;Clear;0;No;0;Not Applicable;99;Unknown;99;Unknown;99;Unknown EMS Scene Arrival Hour;99;Unknown EMS Scene Arrival Minutes;99;Unknown;99;Unknown EMS Hospital Arrival Time;0;None;0;None;0;None;1;0