STATE;STATENAME;ST_CASE;VE_TOTAL;VE_FORMS;PVH_INVL;PEDS;PERSONS;PERMVIT;PERNOTMVIT;COUNTY;COUNTYNAME;CITY;CITYNAME;DAY;DAYNAME;MONTH;MONTHNAME;YEAR;DAY_WEEK;DAY_WEEKNAME;HOUR;HOURNAME;MINUTE;MINUTENAME;NHS;NHSNAME;ROUTE;ROUTENAME;TWAY_ID;TWAY_ID2;RUR_URB;RUR_URBNAME;FUNC_SYS;FUNC_SYSNAME;RD_OWNER;RD_OWNERNAME;MILEPT;MILEPTNAME;LATITUDE;LATITUDENAME;LONGITUD;LONGITUDNAME;SP_JUR;SP_JURNAME;HARM_EV;HARM_EVNAME;MAN_COLL;MAN_COLLNAME;RELJCT1;RELJCT1NAME;RELJCT2;RELJCT2NAME;TYP_INT;TYP_INTNAME;WRK_ZONE;WRK_ZONENAME;REL_ROAD;REL_ROADNAME;LGT_COND;LGT_CONDNAME;WEATHER1;WEATHER1NAME;WEATHER2;WEATHER2NAME;WEATHER;WEATHERNAME;SCH_BUS;SCH_BUSNAME;RAIL;RAILNAME;NOT_HOUR;NOT_HOURNAME;NOT_MIN;NOT_MINNAME;ARR_HOUR;ARR_HOURNAME;ARR_MIN;ARR_MINNAME;HOSP_HR;HOSP_HRNAME;HOSP_MN;HOSP_MNNAME;CF1;CF1NAME;CF2;CF2NAME;CF3;CF3NAME;FATALS;DRUNK_DR
6;California;60860;1;1;0;1;1;1;1;81;SAN MATEO (81);310;BELMONT;3;3;5;May;2019;6;Friday;6;6:00am-6:59am;55;55;1;This section IS ON the NHS;9;Unknown;EL CAMINO REAL;5TH AV;2;Urban;3;Principal Arterial - Other;98;Not Reported;0;None;37.51396389;37.51396389;-122.2685167;-122.26851667;0;No Special Jurisdiction;8;Pedestrian;0;The First Harmful Event was Not a Collision with a Motor Vehicle in Transport;0;No;2;Intersection;3;T-Intersection;0;None;1;On Roadway;4;Dawn;1;Clear;0;No Additional Atmospheric Conditions;1;Clear;0;No;0;Not Applicable;99;Unknown;99;Unknown;99;Unknown EMS Scene Arrival Hour;99;Unknown EMS Scene Arrival Minutes;99;Unknown;99;Unknown EMS Hospital Arrival Time;0;None;0;None;0;None;1;0
6;California;60876;2;2;0;0;2;2;0;37;LOS ANGELES (37);1840;LANCASTER;12;12;6;June;2019;4;Wednesday;19;7:00pm-7:59pm;0;0;0;This section IS NOT on the NHS;9;Unknown;AVENUE J-10;FERN AVE;2;Urban;7;Local;98;Not Reported;0;None;34.68062778;34.68062778;-118.1426611;-118.14266111;0;No Special Jurisdiction;12;Motor Vehicle In-Transport;6;Angle;0;No;2;Intersection;3;T-Intersection;0;None;1;On Roadway;1;Daylight;1;Clear;0;No Additional Atmospheric Conditions;1;Clear;0;No;0;Not Applicable;99;Unknown;99;Unknown;99;Unknown EMS Scene Arrival Hour;99;Unknown EMS Scene Arrival Minutes;99;Unknown;99;Unknown EMS Hospital Arrival Time;0;None;0;None;0;None;1;0
6;California;60890;1;1;0;1;1;1;1;67;SACRAMENTO (67);0;NOT APPLICABLE;22;22;5;May;2019;4;Wednesday;23;11:00pm-11:59pm;45;45;1;This section IS ON the NHS;4;County Road;CR-ARDEN WAY;CR-WAYLAND AVE;2;Urban;3;Principal Arterial - Other;2;County Highway Agency;0;None;38.59605278;38.59605278;-121.4078083;-121.40780833;0;No Special Jurisdiction;8;Pedestrian;0;The First Harmful Event was Not a Collision with a Motor Vehicle in Transport;0;No;3;Intersection-Related;3;T-Intersection;0;None;1;On Roadway;3;Dark - Lighted;1;Clear;0;No Additional Atmospheric Conditions;1;Clear;0;No;0;Not Applicable;99;Unknown;99;Unknown;99;Unknown EMS Scene Arrival Hour;99;Unknown EMS Scene Arrival Minutes;88;Not Applicable (Not Transported);88;Not Applicable (Not Transported);0;None;0;None;0;None;1;1
6;California;60900;2;2;0;0;2;2;0;97;SONOMA (97);0;NOT APPLICABLE;10;10;5;May;2019;6;Friday;4;4:00am-4:59am;40;40;0;This section IS NOT on the NHS;9;Unknown;RIVER RD;US-101;1;Rural;5;Major Collector;98;Not Reported;0;None;38.4963;38.4963;-122.7592472;-122.75924722;0;No Special Jurisdiction;12;Motor Vehicle In-Transport;2;Front-to-Front;1;Yes;2;Intersection;3;T-Intersection;0;None;1;On Roadway;3;Dark - Lighted;10;Cloudy;0;No Additional Atmospheric Conditions;10;Cloudy;0;No;0;Not Applicable;99;Unknown;99;Unknown;99;Unknown EMS Scene Arrival Hour;99;Unknown EMS Scene Arrival Minutes;88;Not Applicable (Not Transported);88;Not Applicable (Not Transported);0;None;0;None;0;None;1;1
6;California;60911;2;2;0;0;3;3;0;65;RIVERSIDE (65);750;COACHELLA;17;17;5;May;2019;6;Friday;18;6:00pm-6:59pm;54;54;1;This section IS ON the NHS;9;Unknown;GRAPEFRUIT BLVD;MITCHELL DR;2;Urban;3;Principal Arterial - Other;98;Not Reported;0;None;33.69643333;33.69643333;-116.1883944;-116.18839444;0;No Special Jurisdiction;12;Motor Vehicle In-Transport;6;Angle;0;No;2;Intersection;3;T-Intersection;0;None;1;On Roadway;1;Daylight;1;Clear;0;No Additional Atmospheric Conditions;1;Clear;0;No;0;Not Applicable;99;Unknown;99;Unknown;99;Unknown EMS Scene Arrival Hour;99;Unknown EMS Scene Arrival Minutes;99;Unknown;99;Unknown EMS Hospital Arrival Time;0;None;0;None;0;None;2;0
6;California;60922;1;1;0;1;4;4;1;67;SACRAMENTO (67);0;NOT APPLICABLE;1;1;6;June;2019;7;Saturday;20;8:00pm-8:59pm;29;29;1;This section IS ON the NHS;9;Unknown;EL CAMINO AVE;LANDWOOD WAY;2;Urban;3;Principal Arterial - Other;98;Not Reported;0;None;38.61010833;38.61010833;-121.3521528;-121.35215278;0;No Special Jurisdiction;9;Pedalcyclist;0;The First Harmful Event was Not a Collision with a Motor Vehicle in Transport;0;No;2;Intersection;3;T-Intersection;0;None;1;On Roadway;5;Dusk;10;Cloudy;0;No Additional Atmospheric Conditions;10;Cloudy;0;No;0;Not Applicable;99;Unknown;99;Unknown;99;Unknown EMS Scene Arrival Hour;99;Unknown EMS Scene Arrival Minutes;88;Not Applicable (Not Transported);88;Not Applicable (Not Transported);0;None;0;None;0;None;1;0
6;California;60938;2;2;0;0;3;3;0;67;SACRAMENTO (67);1300;FOLSOM;7;7;6;June;2019;6;Friday;10;10:00am-10:59am;46;46;1;This section IS ON the NHS;9;Unknown;FOLSOM AUBURN RD;HILLSWOOD DR;1;Rural;3;Principal Arterial - Other;98;Not Reported;0;None;38.6854;38.6854;-121.1785333;-121.17853333;0;No Special Jurisdiction;12;Motor Vehicle In-Transport;6;Angle;0;No;2;Intersection;3;T-Intersection;0;None;1;On Roadway;1;Daylight;1;Clear;0;No Additional Atmospheric Conditions;1;Clear;0;No;0;Not Applicable;99;Unknown;99;Unknown;99;Unknown EMS Scene Arrival Hour;99;Unknown EMS Scene Arrival Minutes;99;Unknown;99;Unknown EMS Hospital Arrival Time;0;None;0;None;0;None;1;0
6;California;60969;2;2;0;0;2;2;0;71;SAN BERNARDINO (71);3210;SAN BERNARDINO;21;21;3;March;2019;5;Thursday;9;9:00am-9:59am;50;50;0;This section IS NOT on the NHS;9;Unknown;N TIPPECANOE AV;GARDEN ST;2;Urban;4;Minor Arterial;98;Not Reported;0;None;34.121325;34.121325;-117.2603611;-117.26036111;0;No Special Jurisdiction;12;Motor Vehicle In-Transport;6;Angle;0;No;3;Intersection-Related;3;T-Intersection;0;None;1;On Roadway;1;Daylight;10;Cloudy;0;No Additional Atmospheric Conditions;10;Cloudy;0;No;0;Not Applicable;99;Unknown;99;Unknown;99;Unknown EMS Scene Arrival Hour;99;Unknown EMS Scene Arrival Minutes;99;Unknown;99;Unknown EMS Hospital Arrival Time;0;None;0;None;0;None;1;0
6;California;60980;2;2;0;0;2;2;0;37;LOS ANGELES (37);350;BEVERLY HILLS;10;10;3;March;2019;1;Sunday;14;2:00pm-2:59pm;8;8;1;This section IS ON the NHS;6;Local Street - Municipality;N SANTA MONICA BLVD;N HILLCREST RD;2;Urban;3;Principal Arterial - Other;1;State Highway Agency;0;None;34.07794722;34.07794722;-118.3945306;-118.39453056;0;No Special Jurisdiction;12;Motor Vehicle In-Transport;6;Angle;0;No;3;Intersection-Related;3;T-Intersection;0;None;1;On Roadway;1;Daylight;1;Clear;0;No Additional Atmospheric Conditions;1;Clear;0;No;0;Not Applicable;99;Unknown;99;Unknown;99;Unknown EMS Scene Arrival Hour;99;Unknown EMS Scene Arrival Minutes;88;Not Applicable (Not Transported);88;Not Applicable (Not Transported);0;None;0;None;0;None;1;0
6;California;60982;2;2;0;0;3;3;0;95;SOLANO (95);3040;RIO VISTA;15;15;5;May;2019;4;Wednesday;13;1:00pm-1:59pm;0;0;0;This section IS NOT on the NHS;6;Local Street - Municipality;CHURCH RD;MARKS RD;1;Rural;7;Local;98;Not Reported;0;None;38.17238333;38.17238333;-121.7066556;-121.70665556;0;No Special Jurisdiction;12;Motor Vehicle In-Transport;6;Angle;0;No;2;Intersection;3;T-Intersection;0;None;1;On Roadway;1;Daylight;2;Rain;0;No Additional Atmospheric Conditions;2;Rain;0;No;0;Not Applicable;99;Unknown;99;Unknown;99;Unknown EMS Scene Arrival Hour;99;Unknown EMS Scene Arrival Minutes;88;Not Applicable (Not Transported);88;Not Applicable (Not Transported);0;None;0;None;0;None;1;0
6;California;60985;2;2;0;0;2;2;0;99;STANISLAUS (99);0;NOT APPLICABLE;1;1;7;July;2019;2;Monday;19;7:00pm-7:59pm;10;10;0;This section IS NOT on the NHS;4;County Road;CR-J9 OAKDALE WATERFORD HWY;RICE RD;1;Rural;5;Major Collector;98;Not Reported;99998;Not Reported;37.69663333;37.69663333;-120.8135722;-120.81357222;0;No Special Jurisdiction;12;Motor Vehicle In-Transport;6;Angle;0;No;2;Intersection;3;T-Intersection;0;None;1;On Roadway;5;Dusk;1;Clear;0;No Additional Atmospheric Conditions;1;Clear;0;No;0;Not Applicable;99;Unknown;99;Unknown;99;Unknown EMS Scene Arrival Hour;99;Unknown EMS Scene Arrival Minutes;99;Unknown;99;Unknown EMS Hospital Arrival Time;0;None;0;None;0;None;1;0
6;California;60992;1;1;0;2;3;3;2;73;SAN DIEGO (73);0;NOT APPLICABLE;24;24;4;April;2019;4;Wednesday;23;11:00pm-11:59pm;25;25;0;This section IS NOT on the NHS;9;Unknown;JAMACHA BL;FELICITA AVE;2;Urban;4;Minor Arterial;98;Not Reported;0;None;32.70793889;32.70793889;-117.0008694;-117.00086944;0;No Special Jurisdiction;8;Pedestrian;0;The First Harmful Event was Not a Collision with a Motor Vehicle in Transport;0;No;3;Intersection-Related;3;T-Intersection;0;None;1;On Roadway;3;Dark - Lighted;10;Cloudy;0;No Additional Atmospheric Conditions;10;Cloudy;0;No;0;Not Applicable;99;Unknown;99;Unknown;99;Unknown EMS Scene Arrival Hour;99;Unknown EMS Scene Arrival Minutes;99;Unknown;99;Unknown EMS Hospital Arrival Time;0;None;0;None;0;None;1;0
6;California;60996;1;1;0;1;1;1;1;111;VENTURA (111);2530;OJAI;21;21;4;April;2019;1;Sunday;17;5:00pm-5:59pm;53;53;1;This section IS ON the NHS;3;State Highway;SR-33 MARICOPA HWY;VALLERIO AVE;2;Urban;3;Principal Arterial - Other;1;State Highway Agency;114;114;34.44219722;34.44219722;-119.2641694;-119.26416944;0;No Special Jurisdiction;8;Pedestrian;0;The First Harmful Event was Not a Collision with a Motor Vehicle in Transport;0;No;3;Intersection-Related;3;T-Intersection;0;None;1;On Roadway;5;Dusk;1;Clear;0;No Additional Atmospheric Conditions;1;Clear;0;No;0;Not Applicable;99;Unknown;99;Unknown;99;Unknown EMS Scene Arrival Hour;99;Unknown EMS Scene Arrival Minutes;99;Unknown;99;Unknown EMS Hospital Arrival Time;0;None;0;None;0;None;1;0
6;California;60998;2;2;0;0;2;2;0;13;CONTRA COSTA (13);4070;WALNUT CREEK;22;22;6;June;2019;7;Saturday;9;9:00am-9:59am;30;30;1;This section IS ON the NHS;6;Local Street - Municipality;BANCROFT RD;BENTLEY ST;2;Urban;3;Principal Arterial - Other;4;City or Municipal Highway Agency;0;None;37.93461667;37.93461667;-122.0473639;-122.04736389;0;No Special Jurisdiction;12;Motor Vehicle In-Transport;6;Angle;0;No;2;Intersection;3;T-Intersection;0;None;1;On Roadway;1;Daylight;1;Clear;0;No Additional Atmospheric Conditions;1;Clear;0;No;0;Not Applicable;99;Unknown;99;Unknown;99;Unknown EMS Scene Arrival Hour;99;Unknown EMS Scene Arrival Minutes;99;Unknown;99;Unknown EMS Hospital Arrival Time;0;None;0;None;0;None;1;0
6;California;61019;2;2;0;0;2;2;0;107;TULARE (107);0;NOT APPLICABLE;30;30;5;May;2019;5;Thursday;7;7:00am-7:59am;15;15;0;This section IS NOT on the NHS;3;State Highway;SR-216;AVENUE 309;1;Rural;4;Minor Arterial;1;State Highway Agency;45;45;36.34999722;36.34999722;-119.2169861;-119.21698611;0;No Special Jurisdiction;12;Motor Vehicle In-Transport;2;Front-to-Front;0;No;2;Intersection;3;T-Intersection;0;None;1;On Roadway;1;Daylight;1;Clear;0;No Additional Atmospheric Conditions;1;Clear;0;No;0;Not Applicable;99;Unknown;99;Unknown;99;Unknown EMS Scene Arrival Hour;99;Unknown EMS Scene Arrival Minutes;99;Unknown;99;Unknown EMS Hospital Arrival Time;0;None;0;None;0;None;1;0
6;California;61027;2;2;0;0;3;3;0;67;SACRAMENTO (67);0;NOT APPLICABLE;19;19;5;May;2019;1;Sunday;21;9:00pm-9:59pm;2;2;0;This section IS NOT on the NHS;9;Unknown;WATT AV;LERWICK RD;2;Urban;3;Principal Arterial - Other;98;Not Reported;0;None;38.63513333;38.63513333;-121.3830111;-121.38301111;0;No Special Jurisdiction;12;Motor Vehicle In-Transport;6;Angle;0;No;2;Intersection;3;T-Intersection;0;None;1;On Roadway;3;Dark - Lighted;10;Cloudy;0;No Additional Atmospheric Conditions;10;Cloudy;0;No;0;Not Applicable;99;Unknown;99;Unknown;99;Unknown EMS Scene Arrival Hour;99;Unknown EMS Scene Arrival Minutes;99;Unknown;99;Unknown EMS Hospital Arrival Time;0;None;0;None;0;None;1;0
6;California;61033;2;2;0;0;2;2;0;37;LOS ANGELES (37);1980;LOS ANGELES;24;24;5;May;2019;6;Friday;12;12:00pm-12:59pm;20;20;1;This section IS ON the NHS;6;Local Street - Municipality;W 37TH PL;S BROADWAY;2;Urban;3;Principal Arterial - Other;98;Not Reported;0;None;34.01495278;34.01495278;-118.2764528;-118.27645278;0;No Special Jurisdiction;12;Motor Vehicle In-Transport;6;Angle;0;No;2;Intersection;3;T-Intersection;0;None;1;On Roadway;1;Daylight;1;Clear;0;No Additional Atmospheric Conditions;1;Clear;0;No;0;Not Applicable;99;Unknown;99;Unknown;99;Unknown EMS Scene Arrival Hour;99;Unknown EMS Scene Arrival Minutes;99;Unknown;99;Unknown EMS Hospital Arrival Time;0;None;0;None;0;None;1;0
6;California;61035;1;1;0;1;1;1;1;37;LOS ANGELES (37);1980;LOS ANGELES;9;9;5;May;2019;5;Thursday;20;8:00pm-8:59pm;35;35;1;This section IS ON the NHS;6;Local Street - Municipality;S ALAMEDA ST;E 25TH ST;2;Urban;3;Principal Arterial - Other;98;Not Reported;0;None;34.01483611;34.01483611;-118.2396333;-118.23963333;0;No Special Jurisdiction;9;Pedalcyclist;0;The First Harmful Event was Not a Collision with a Motor Vehicle in Transport;0;No;3;Intersection-Related;3;T-Intersection;0;None;1;On Roadway;3;Dark - Lighted;10;Cloudy;0;No Additional Atmospheric Conditions;10;Cloudy;0;No;0;Not Applicable;99;Unknown;99;Unknown;99;Unknown EMS Scene Arrival Hour;99;Unknown EMS Scene Arrival Minutes;99;Unknown;99;Unknown EMS Hospital Arrival Time;0;None;0;None;0;None;1;0
6;California;61040;3;2;1;0;5;5;0;37;LOS ANGELES (37);1550;HAWTHORNE;7;7;2;February;2019;5;Thursday;20;8:00pm-8:59pm;15;15;0;This section IS NOT on the NHS;9;Unknown;INGLEWOOD AVE;137TH ST;2;Urban;4;Minor Arterial;98;Not Reported;0;None;33.90787222;33.90787222;-118.3612806;-118.36128056;0;No Special Jurisdiction;12;Motor Vehicle In-Transport;6;Angle;0;No;2;Intersection;3;T-Intersection;0;None;1;On Roadway;3;Dark - Lighted;1;Clear;0;No Additional Atmospheric Conditions;1;Clear;0;No;0;Not Applicable;99;Unknown;99;Unknown;99;Unknown EMS Scene Arrival Hour;99;Unknown EMS Scene Arrival Minutes;99;Unknown;99;Unknown EMS Hospital Arrival Time;0;None;0;None;0;None;1;0
6;California;61057;1;1;0;1;1;1;1;37;LOS ANGELES (37);1980;LOS ANGELES;10;10;6;June;2019;2;Monday;21;9:00pm-9:59pm;30;30;1;This section IS ON the NHS;3;State Highway;SR-42 W MANCHESTER;CIMMARON ST;2;Urban;3;Principal Arterial - Other;1;State Highway Agency;53;53;33.95996389;33.95996389;-118.3161083;-118.31610833;0;No Special Jurisdiction;8;Pedestrian;0;The First Harmful Event was Not a Collision with a Motor Vehicle in Transport;0;No;3;Intersection-Related;3;T-Intersection;0;None;1;On Roadway;3;Dark - Lighted;1;Clear;0;No Additional Atmospheric Conditions;1;Clear;0;No;0;Not Applicable;99;Unknown;99;Unknown;99;Unknown EMS Scene Arrival Hour;99;Unknown EMS Scene Arrival Minutes;99;Unknown;99;Unknown EMS Hospital Arrival Time;0;None;0;None;0;None;1;0
6;California;61063;1;1;0;1;1;1;1;59;ORANGE (59);1660;HUNTINGTON BEACH;18;18;4;April;2019;5;Thursday;23;11:00pm-11:59pm;55;55;0;This section IS NOT on the NHS;9;Unknown;ATLANTA AVE;SURFWOOD LN;2;Urban;4;Minor Arterial;98;Not Reported;0;None;33.65765;33.65765;-117.9850972;-117.98509722;0;No Special Jurisdiction;8;Pedestrian;0;The First Harmful Event was Not a Collision with a Motor Vehicle in Transport;0;No;3;Intersection-Related;3;T-Intersection;0;None;1;On Roadway;3;Dark - Lighted;10;Cloudy;0;No Additional Atmospheric Conditions;10;Cloudy;0;No;0;Not Applicable;99;Unknown;99;Unknown;99;Unknown EMS Scene Arrival Hour;99;Unknown EMS Scene Arrival Minutes;88;Not Applicable (Not Transported);88;Not Applicable (Not Transported);0;None;0;None;0;None;1;0
6;California;61082;2;2;0;0;2;2;0;73;SAN DIEGO (73);3260;SAN DIEGO;18;18;2;February;2019;2;Monday;11;11:00am-11:59am;40;40;0;This section IS NOT on the NHS;6;Local Street - Municipality;IMPERIAL AVE;MARKET PLACE AVE;2;Urban;6;Minor Collector;98;Not Reported;0;None;32.70411944;32.70411944;-117.0994028;-117.09940278;0;No Special Jurisdiction;12;Motor Vehicle In-Transport;6;Angle;0;No;2;Intersection;3;T-Intersection;0;None;1;On Roadway;1;Daylight;1;Clear;0;No Additional Atmospheric Conditions;1;Clear;0;No;0;Not Applicable;99;Unknown;99;Unknown;99;Unknown EMS Scene Arrival Hour;99;Unknown EMS Scene Arrival Minutes;99;Unknown;99;Unknown EMS Hospital Arrival Time;0;None;0;None;0;None;1;0
6;California;61085;2;1;1;0;1;1;0;37;LOS ANGELES (37);810;COMPTON;18;18;7;July;2019;5;Thursday;6;6:00am-6:59am;22;22;1;This section IS ON the NHS;6;Local Street - Municipality;CENTRAL AVE;139TH ST;2;Urban;3;Principal Arterial - Other;98;Not Reported;0;None;33.90587222;33.90587222;-118.2543583;-118.25435833;0;No Special Jurisdiction;33;Curb;0;The First Harmful Event was Not a Collision with a Motor Vehicle in Transport;0;No;3;Intersection-Related;3;T-Intersection;0;None;4;On Roadside;1;Daylight;10;Cloudy;0;No Additional Atmospheric Conditions;10;Cloudy;0;No;0;Not Applicable;99;Unknown;99;Unknown;99;Unknown EMS Scene Arrival Hour;99;Unknown EMS Scene Arrival Minutes;88;Not Applicable (Not Transported);88;Not Applicable (Not Transported);0;None;0;None;0;None;1;0
6;California;61109;1;1;0;3;1;1;3;73;SAN DIEGO (73);3260;SAN DIEGO;4;4;7;July;2019;5;Thursday;11;11:00am-11:59am;8;8;0;This section IS NOT on the NHS;6;Local Street - Municipality;MURRAY CANYON RD;MISSION RD;2;Urban;7;Local;98;Not Reported;0;None;32.77601389;32.77601389;-117.1578611;-117.15786111;0;No Special Jurisdiction;33;Curb;0;The First Harmful Event was Not a Collision with a Motor Vehicle in Transport;0;No;3;Intersection-Related;3;T-Intersection;0;None;4;On Roadside;1;Daylight;1;Clear;0;No Additional Atmospheric Conditions;1;Clear;0;No;0;Not Applicable;99;Unknown;99;Unknown;99;Unknown EMS Scene Arrival Hour;99;Unknown EMS Scene Arrival Minutes;99;Unknown;99;Unknown EMS Hospital Arrival Time;0;None;0;None;0;None;2;0
6;California;61114;2;2;0;0;2;2;0;37;LOS ANGELES (37);602;CARSON;16;16;7;July;2019;3;Tuesday;13;1:00pm-1:59pm;55;55;0;This section IS NOT on the NHS;9;Unknown;WATSON CENTER RD;LUCERNE ST;2;Urban;5;Major Collector;98;Not Reported;0;None;33.82028333;33.82028333;-118.2506194;-118.25061944;0;No Special Jurisdiction;54;Motor Vehicle In-Transport Strikes or is Struck by Cargo, Persons or Objects Set-in-Motion from/by Another Motor Vehicle In Transport;11;Other;0;No;2;Intersection;3;T-Intersection;0;None;1;On Roadway;1;Daylight;1;Clear;0;No Additional Atmospheric Conditions;1;Clear;0;No;0;Not Applicable;99;Unknown;99;Unknown;99;Unknown EMS Scene Arrival Hour;99;Unknown EMS Scene Arrival Minutes;88;Not Applicable (Not Transported);88;Not Applicable (Not Transported);14;Motor Vehicle struck by falling cargo,or something that came loose from or something that was set in motion by a vehicle;0;None;0;None;1;0
6;California;61127;2;2;0;0;2;2;0;77;SAN JOAQUIN (77);0;NOT APPLICABLE;11;11;6;June;2019;3;Tuesday;17;5:00pm-5:59pm;0;0;1;This section IS ON the NHS;3;State Highway;SR-4;ROBERTS RD;1;Rural;3;Principal Arterial - Other;1;State Highway Agency;141;141;37.92749444;37.92749444;-121.3324;-121.3324;0;No Special Jurisdiction;1;Rollover/Overturn;0;The First Harmful Event was Not a Collision with a Motor Vehicle in Transport;0;No;3;Intersection-Related;3;T-Intersection;0;None;2;On Shoulder;1;Daylight;1;Clear;0;No Additional Atmospheric Conditions;1;Clear;0;No;0;Not Applicable;99;Unknown;99;Unknown;99;Unknown EMS Scene Arrival Hour;99;Unknown EMS Scene Arrival Minutes;99;Unknown;99;Unknown EMS Hospital Arrival Time;14;Motor Vehicle struck by falling cargo,or something that came loose from or something that was set in motion by a vehicle;0;None;0;None;1;0
6;California;61147;1;1;0;1;2;2;1;85;SANTA CLARA (85);1975;LOS ALTOS;9;9;3;March;2019;7;Saturday;9;9:00am-9:59am;26;26;0;This section IS NOT on the NHS;9;Unknown;GRANT RD;OAK AVE;2;Urban;5;Major Collector;98;Not Reported;0;None;37.35676944;37.35676944;-122.0777889;-122.07778889;0;No Special Jurisdiction;9;Pedalcyclist;0;The First Harmful Event was Not a Collision with a Motor Vehicle in Transport;0;No;2;Intersection;3;T-Intersection;0;None;1;On Roadway;1;Daylight;10;Cloudy;0;No Additional Atmospheric Conditions;10;Cloudy;0;No;0;Not Applicable;99;Unknown;99;Unknown;99;Unknown EMS Scene Arrival Hour;99;Unknown EMS Scene Arrival Minutes;99;Unknown;99;Unknown EMS Hospital Arrival Time;16;Non-occupant struck vehicle;0;None;0;None;1;0
6;California;61163;2;2;0;0;2;2;0;71;SAN BERNARDINO (71);790;COLTON;16;16;5;May;2019;5;Thursday;21;9:00pm-9:59pm;58;58;0;This section IS NOT on the NHS;9;Unknown;VALLEY BL;ACACIA AV;2;Urban;4;Minor Arterial;98;Not Reported;0;None;34.07054722;34.07054722;-117.3615528;-117.36155278;0;No Special Jurisdiction;12;Motor Vehicle In-Transport;6;Angle;0;No;2;Intersection;3;T-Intersection;0;None;1;On Roadway;3;Dark - Lighted;1;Clear;0;No Additional Atmospheric Conditions;1;Clear;0;No;0;Not Applicable;99;Unknown;99;Unknown;99;Unknown EMS Scene Arrival Hour;99;Unknown EMS Scene Arrival Minutes;88;Not Applicable (Not Transported);88;Not Applicable (Not Transported);0;None;0;None;0;None;1;0
6;California;61168;1;1;0;0;1;1;0;37;LOS ANGELES (37);1980;LOS ANGELES;12;12;7;July;2019;6;Friday;22;10:00pm-10:59pm;30;30;0;This section IS NOT on the NHS;9;Unknown;CENTINELA AVE;VIRGINIA AVE;2;Urban;4;Minor Arterial;98;Not Reported;0;None;34.02903056;34.02903056;-118.4552083;-118.45520833;0;No Special Jurisdiction;1;Rollover/Overturn;0;The First Harmful Event was Not a Collision with a Motor Vehicle in Transport;0;No;2;Intersection;3;T-Intersection;0;None;1;On Roadway;3;Dark - Lighted;1;Clear;0;No Additional Atmospheric Conditions;1;Clear;0;No;0;Not Applicable;99;Unknown;99;Unknown;99;Unknown EMS Scene Arrival Hour;99;Unknown EMS Scene Arrival Minutes;99;Unknown;99;Unknown EMS Hospital Arrival Time;0;None;0;None;0;None;1;0
6;California;61169;4;2;2;0;3;3;0;71;SAN BERNARDINO (71);2238;MONTCLAIR;24;24;5;May;2019;6;Friday;20;8:00pm-8:59pm;13;13;0;This section IS NOT on the NHS;9;Unknown;KINGSLEY ST;HELENA AV;2;Urban;5;Major Collector;98;Not Reported;0;None;34.06675833;34.06675833;-117.7028028;-117.70280278;0;No Special Jurisdiction;12;Motor Vehicle In-Transport;7;Sideswipe - Same Direction;0;No;3;Intersection-Related;3;T-Intersection;0;None;1;On Roadway;3;Dark - Lighted;1;Clear;0;No Additional Atmospheric Conditions;1;Clear;0;No;0;Not Applicable;99;Unknown;99;Unknown;99;Unknown EMS Scene Arrival Hour;99;Unknown EMS Scene Arrival Minutes;88;Not Applicable (Not Transported);88;Not Applicable (Not Transported);14;Motor Vehicle struck by falling cargo,or something that came loose from or something that was set in motion by a vehicle;0;None;0;None;1;1