STATE;STATENAME;ST_CASE;VE_TOTAL;VE_FORMS;PVH_INVL;PEDS;PERSONS;PERMVIT;PERNOTMVIT;COUNTY;COUNTYNAME;CITY;CITYNAME;DAY;DAYNAME;MONTH;MONTHNAME;YEAR;DAY_WEEK;DAY_WEEKNAME;HOUR;HOURNAME;MINUTE;MINUTENAME;NHS;NHSNAME;ROUTE;ROUTENAME;TWAY_ID;TWAY_ID2;RUR_URB;RUR_URBNAME;FUNC_SYS;FUNC_SYSNAME;RD_OWNER;RD_OWNERNAME;MILEPT;MILEPTNAME;LATITUDE;LATITUDENAME;LONGITUD;LONGITUDNAME;SP_JUR;SP_JURNAME;HARM_EV;HARM_EVNAME;MAN_COLL;MAN_COLLNAME;RELJCT1;RELJCT1NAME;RELJCT2;RELJCT2NAME;TYP_INT;TYP_INTNAME;WRK_ZONE;WRK_ZONENAME;REL_ROAD;REL_ROADNAME;LGT_COND;LGT_CONDNAME;WEATHER1;WEATHER1NAME;WEATHER2;WEATHER2NAME;WEATHER;WEATHERNAME;SCH_BUS;SCH_BUSNAME;RAIL;RAILNAME;NOT_HOUR;NOT_HOURNAME;NOT_MIN;NOT_MINNAME;ARR_HOUR;ARR_HOURNAME;ARR_MIN;ARR_MINNAME;HOSP_HR;HOSP_HRNAME;HOSP_MN;HOSP_MNNAME;CF1;CF1NAME;CF2;CF2NAME;CF3;CF3NAME;FATALS;DRUNK_DR
6;California;61174;1;1;0;1;5;5;1;99;STANISLAUS (99);3950;TURLOCK;26;26;6;June;2019;4;Wednesday;19;7:00pm-7:59pm;22;22;1;This section IS ON the NHS;9;Unknown;W CHRISTOFFERSON PW;PANORAMA AV;2;Urban;3;Principal Arterial - Other;98;Not Reported;0;None;37.52928889;37.52928889;-120.8715139;-120.87151389;0;No Special Jurisdiction;15;Non-Motorist on Personal Conveyance;0;The First Harmful Event was Not a Collision with a Motor Vehicle in Transport;0;No;3;Intersection-Related;3;T-Intersection;0;None;1;On Roadway;5;Dusk;1;Clear;0;No Additional Atmospheric Conditions;1;Clear;0;No;0;Not Applicable;99;Unknown;99;Unknown;99;Unknown EMS Scene Arrival Hour;99;Unknown EMS Scene Arrival Minutes;99;Unknown;99;Unknown EMS Hospital Arrival Time;0;None;0;None;0;None;1;0
6;California;61223;2;2;0;0;3;3;0;37;LOS ANGELES (37);2645;PALMDALE;14;14;7;July;2019;1;Sunday;21;9:00pm-9:59pm;38;38;0;This section IS NOT on the NHS;9;Unknown;AVENUE O;110TH ST E;2;Urban;5;Major Collector;98;Not Reported;0;None;34.61668889;34.61668889;-117.9340583;-117.93405833;0;No Special Jurisdiction;12;Motor Vehicle In-Transport;6;Angle;0;No;2;Intersection;3;T-Intersection;0;None;1;On Roadway;3;Dark - Lighted;1;Clear;0;No Additional Atmospheric Conditions;1;Clear;0;No;0;Not Applicable;99;Unknown;99;Unknown;99;Unknown EMS Scene Arrival Hour;99;Unknown EMS Scene Arrival Minutes;99;Unknown;99;Unknown EMS Hospital Arrival Time;0;None;0;None;0;None;1;1
6;California;61227;2;2;0;0;3;3;0;45;MENDOCINO (45);0;NOT APPLICABLE;25;25;5;May;2019;7;Saturday;9;9:00am-9:59am;7;7;0;This section IS NOT on the NHS;3;State Highway;SR-1;500D RD;1;Rural;4;Minor Arterial;1;State Highway Agency;511;511;39.3206;39.3206;-123.8005639;-123.80056389;0;No Special Jurisdiction;12;Motor Vehicle In-Transport;2;Front-to-Front;0;No;2;Intersection;3;T-Intersection;0;None;1;On Roadway;1;Daylight;1;Clear;0;No Additional Atmospheric Conditions;1;Clear;0;No;0;Not Applicable;99;Unknown;99;Unknown;99;Unknown EMS Scene Arrival Hour;99;Unknown EMS Scene Arrival Minutes;99;Unknown;99;Unknown EMS Hospital Arrival Time;0;None;0;None;0;None;1;0
6;California;61229;2;2;0;0;3;3;0;73;SAN DIEGO (73);0;NOT APPLICABLE;1;1;5;May;2019;4;Wednesday;12;12:00pm-12:59pm;48;48;0;This section IS NOT on the NHS;9;Unknown;SAN VICENTE RD;VISTA VICENTE DR;2;Urban;5;Major Collector;98;Not Reported;0;None;33.00551389;33.00551389;-116.8192;-116.8192;0;No Special Jurisdiction;12;Motor Vehicle In-Transport;6;Angle;0;No;2;Intersection;3;T-Intersection;0;None;1;On Roadway;1;Daylight;1;Clear;0;No Additional Atmospheric Conditions;1;Clear;0;No;0;Not Applicable;99;Unknown;99;Unknown;99;Unknown EMS Scene Arrival Hour;99;Unknown EMS Scene Arrival Minutes;88;Not Applicable (Not Transported);88;Not Applicable (Not Transported);0;None;0;None;0;None;1;0
6;California;61249;1;1;0;1;2;2;1;37;LOS ANGELES (37);1980;LOS ANGELES;3;3;7;July;2019;4;Wednesday;5;5:00am-5:59am;0;0;0;This section IS NOT on the NHS;9;Unknown;S MAIN ST;E 87TH PL;2;Urban;4;Minor Arterial;98;Not Reported;0;None;33.95800556;33.95800556;-118.2738778;-118.27387778;0;No Special Jurisdiction;42;Tree (Standing Only);0;The First Harmful Event was Not a Collision with a Motor Vehicle in Transport;0;No;3;Intersection-Related;3;T-Intersection;0;None;4;On Roadside;3;Dark - Lighted;1;Clear;0;No Additional Atmospheric Conditions;1;Clear;0;No;0;Not Applicable;99;Unknown;99;Unknown;99;Unknown EMS Scene Arrival Hour;99;Unknown EMS Scene Arrival Minutes;99;Unknown;99;Unknown EMS Hospital Arrival Time;15;Non-occupant struck by falling cargo, or something that came loose from, or something that was set in motion by a vehicle;0;None;0;None;1;1
6;California;61258;1;1;0;4;1;1;4;99;STANISLAUS (99);0;NOT APPLICABLE;9;9;6;June;2019;1;Sunday;1;1:00am-1:59am;32;32;0;This section IS NOT on the NHS;9;Unknown;HOLM AVE;HERNDON RD;2;Urban;5;Major Collector;98;Not Reported;0;None;37.61394167;37.61394167;-120.9754056;-120.97540556;0;No Special Jurisdiction;38;Fence;0;The First Harmful Event was Not a Collision with a Motor Vehicle in Transport;0;No;3;Intersection-Related;3;T-Intersection;0;None;4;On Roadside;3;Dark - Lighted;1;Clear;0;No Additional Atmospheric Conditions;1;Clear;0;No;0;Not Applicable;99;Unknown;99;Unknown;99;Unknown EMS Scene Arrival Hour;99;Unknown EMS Scene Arrival Minutes;99;Unknown;99;Unknown EMS Hospital Arrival Time;0;None;0;None;0;None;4;1
6;California;61261;5;5;0;1;5;5;1;85;SANTA CLARA (85);3340;SAN JOSE;28;28;1;January;2019;2;Monday;6;6:00am-6:59am;20;20;1;This section IS ON the NHS;9;Unknown;ALMADEN EXPY;CLOVERHILL DR;2;Urban;3;Principal Arterial - Other;98;Not Reported;0;None;37.22570278;37.22570278;-121.8673972;-121.86739722;0;No Special Jurisdiction;8;Pedestrian;0;The First Harmful Event was Not a Collision with a Motor Vehicle in Transport;0;No;3;Intersection-Related;3;T-Intersection;0;None;1;On Roadway;3;Dark - Lighted;1;Clear;0;No Additional Atmospheric Conditions;1;Clear;0;No;0;Not Applicable;99;Unknown;99;Unknown;99;Unknown EMS Scene Arrival Hour;99;Unknown EMS Scene Arrival Minutes;88;Not Applicable (Not Transported);88;Not Applicable (Not Transported);0;None;0;None;0;None;1;0
6;California;61269;2;2;0;0;9;9;0;79;SAN LUIS OBISPO (79);0;NOT APPLICABLE;7;7;8;August;2019;4;Wednesday;22;10:00pm-10:59pm;3;3;1;This section IS ON the NHS;3;State Highway;SR-46;SR-41;1;Rural;3;Principal Arterial - Other;1;State Highway Agency;439;439;35.73455;35.73455;-120.2843611;-120.28436111;0;No Special Jurisdiction;12;Motor Vehicle In-Transport;2;Front-to-Front;0;No;3;Intersection-Related;3;T-Intersection;0;None;1;On Roadway;3;Dark - Lighted;1;Clear;0;No Additional Atmospheric Conditions;1;Clear;0;No;0;Not Applicable;99;Unknown;99;Unknown;99;Unknown EMS Scene Arrival Hour;99;Unknown EMS Scene Arrival Minutes;99;Unknown;99;Unknown EMS Hospital Arrival Time;0;None;0;None;0;None;1;0
6;California;61284;2;2;0;0;2;2;0;71;SAN BERNARDINO (71);1305;FONTANA;24;24;6;June;2019;2;Monday;18;6:00pm-6:59pm;17;17;0;This section IS NOT on the NHS;9;Unknown;SLOVER AV;COMMERCE WY;2;Urban;4;Minor Arterial;98;Not Reported;0;None;34.06273889;34.06273889;-117.5133806;-117.51338056;0;No Special Jurisdiction;12;Motor Vehicle In-Transport;1;Front-to-Rear;0;No;3;Intersection-Related;3;T-Intersection;0;None;1;On Roadway;1;Daylight;1;Clear;0;No Additional Atmospheric Conditions;1;Clear;0;No;0;Not Applicable;99;Unknown;99;Unknown;99;Unknown EMS Scene Arrival Hour;99;Unknown EMS Scene Arrival Minutes;88;Not Applicable (Not Transported);88;Not Applicable (Not Transported);0;None;0;None;0;None;1;0
6;California;61317;2;2;0;0;2;2;0;99;STANISLAUS (99);0;NOT APPLICABLE;30;30;7;July;2019;3;Tuesday;16;4:00pm-4:59pm;15;15;0;This section IS NOT on the NHS;9;Unknown;WALNUT AVE;BRADBURY RD;1;Rural;5;Major Collector;98;Not Reported;0;None;37.44896111;37.44896111;-120.8671528;-120.86715278;0;No Special Jurisdiction;12;Motor Vehicle In-Transport;6;Angle;0;No;2;Intersection;3;T-Intersection;0;None;1;On Roadway;1;Daylight;1;Clear;0;No Additional Atmospheric Conditions;1;Clear;0;No;0;Not Applicable;99;Unknown;99;Unknown;99;Unknown EMS Scene Arrival Hour;99;Unknown EMS Scene Arrival Minutes;99;Unknown;99;Unknown EMS Hospital Arrival Time;0;None;0;None;0;None;1;1
6;California;61340;2;2;0;0;4;4;0;73;SAN DIEGO (73);0;NOT APPLICABLE;7;7;7;July;2019;1;Sunday;16;4:00pm-4:59pm;11;11;0;This section IS NOT on the NHS;9;Unknown;VALLEY CENTER RD;MIRAR DE VALLE RD;1;Rural;4;Minor Arterial;98;Not Reported;0;None;33.209975;33.209975;-117.0335861;-117.03358611;0;No Special Jurisdiction;5;Fell/Jumped from Vehicle;0;The First Harmful Event was Not a Collision with a Motor Vehicle in Transport;0;No;2;Intersection;3;T-Intersection;0;None;1;On Roadway;1;Daylight;1;Clear;0;No Additional Atmospheric Conditions;1;Clear;0;No;0;Not Applicable;99;Unknown;99;Unknown;99;Unknown EMS Scene Arrival Hour;99;Unknown EMS Scene Arrival Minutes;99;Unknown;99;Unknown EMS Hospital Arrival Time;14;Motor Vehicle struck by falling cargo,or something that came loose from or something that was set in motion by a vehicle;0;None;0;None;1;0
6;California;61351;1;1;0;1;1;1;1;37;LOS ANGELES (37);1980;LOS ANGELES;22;22;2;February;2019;6;Friday;19;7:00pm-7:59pm;12;12;0;This section IS NOT on the NHS;9;Unknown;COMPTON AVE;46TH ST;2;Urban;4;Minor Arterial;98;Not Reported;0;None;34.00209444;34.00209444;-118.2478222;-118.24782222;0;No Special Jurisdiction;8;Pedestrian;0;The First Harmful Event was Not a Collision with a Motor Vehicle in Transport;0;No;3;Intersection-Related;3;T-Intersection;0;None;1;On Roadway;3;Dark - Lighted;1;Clear;0;No Additional Atmospheric Conditions;1;Clear;0;No;0;Not Applicable;99;Unknown;99;Unknown;99;Unknown EMS Scene Arrival Hour;99;Unknown EMS Scene Arrival Minutes;99;Unknown;99;Unknown EMS Hospital Arrival Time;0;None;0;None;0;None;1;0
6;California;61361;1;1;0;1;1;1;1;37;LOS ANGELES (37);1980;LOS ANGELES;21;21;3;March;2019;5;Thursday;21;9:00pm-9:59pm;55;55;1;This section IS ON the NHS;9;Unknown;LANKERSHIM BLVD;RIVERSIDE DR;2;Urban;3;Principal Arterial - Other;98;Not Reported;0;None;34.15232778;34.15232778;-118.3670333;-118.36703333;0;No Special Jurisdiction;8;Pedestrian;0;The First Harmful Event was Not a Collision with a Motor Vehicle in Transport;0;No;3;Intersection-Related;3;T-Intersection;0;None;1;On Roadway;3;Dark - Lighted;1;Clear;0;No Additional Atmospheric Conditions;1;Clear;0;No;0;Not Applicable;99;Unknown;99;Unknown;99;Unknown EMS Scene Arrival Hour;99;Unknown EMS Scene Arrival Minutes;99;Unknown;99;Unknown EMS Hospital Arrival Time;0;None;0;None;0;None;1;0
6;California;61381;2;2;0;0;3;3;0;7;BUTTE (7);0;NOT APPLICABLE;31;31;5;May;2019;6;Friday;20;8:00pm-8:59pm;48;48;0;This section IS NOT on the NHS;9;Unknown;GRUBBS RD;LAGRONE WAY;1;Rural;7;Local;98;Not Reported;0;None;39.43575;39.43575;-121.4904778;-121.49047778;0;No Special Jurisdiction;12;Motor Vehicle In-Transport;2;Front-to-Front;0;No;2;Intersection;3;T-Intersection;0;None;1;On Roadway;2;Dark - Not Lighted;10;Cloudy;0;No Additional Atmospheric Conditions;10;Cloudy;0;No;0;Not Applicable;99;Unknown;99;Unknown;99;Unknown EMS Scene Arrival Hour;99;Unknown EMS Scene Arrival Minutes;99;Unknown;99;Unknown EMS Hospital Arrival Time;0;None;0;None;0;None;1;0
6;California;61385;2;2;0;0;6;6;0;101;SUTTER (101);0;NOT APPLICABLE;28;28;8;August;2019;4;Wednesday;14;2:00pm-2:59pm;11;11;0;This section IS NOT on the NHS;9;Unknown;BROADWAY RD;NUESTRO RD;1;Rural;4;Minor Arterial;98;Not Reported;0;None;39.18520556;39.18520556;-121.6786694;-121.67866944;0;No Special Jurisdiction;12;Motor Vehicle In-Transport;6;Angle;0;No;2;Intersection;3;T-Intersection;0;None;1;On Roadway;1;Daylight;1;Clear;0;No Additional Atmospheric Conditions;1;Clear;0;No;0;Not Applicable;99;Unknown;99;Unknown;99;Unknown EMS Scene Arrival Hour;99;Unknown EMS Scene Arrival Minutes;99;Unknown;99;Unknown EMS Hospital Arrival Time;0;None;0;None;0;None;1;0
6;California;61387;1;1;0;0;1;1;0;37;LOS ANGELES (37);3445;SANTA CLARITA;9;9;8;August;2019;6;Friday;16;4:00pm-4:59pm;35;35;1;This section IS ON the NHS;6;Local Street - Municipality;BOUQUET CANYON RD;WELLSTON DR;2;Urban;3;Principal Arterial - Other;98;Not Reported;0;None;34.44773611;34.44773611;-118.5020528;-118.50205278;0;No Special Jurisdiction;30;Utility Pole/Light Support;0;The First Harmful Event was Not a Collision with a Motor Vehicle in Transport;0;No;3;Intersection-Related;3;T-Intersection;0;None;4;On Roadside;1;Daylight;1;Clear;0;No Additional Atmospheric Conditions;1;Clear;0;No;0;Not Applicable;99;Unknown;99;Unknown;99;Unknown EMS Scene Arrival Hour;99;Unknown EMS Scene Arrival Minutes;99;Unknown;99;Unknown EMS Hospital Arrival Time;0;None;0;None;0;None;1;0
6;California;61390;1;1;0;1;1;1;1;37;LOS ANGELES (37);2684;PARAMOUNT;13;13;8;August;2019;3;Tuesday;20;8:00pm-8:59pm;2;2;0;This section IS NOT on the NHS;6;Local Street - Municipality;ORANGE AVE;MYRRH ST;2;Urban;7;Local;98;Not Reported;0;None;33.89275278;33.89275278;-118.1774944;-118.17749444;0;No Special Jurisdiction;8;Pedestrian;0;The First Harmful Event was Not a Collision with a Motor Vehicle in Transport;0;No;3;Intersection-Related;3;T-Intersection;0;None;1;On Roadway;3;Dark - Lighted;1;Clear;0;No Additional Atmospheric Conditions;1;Clear;0;No;0;Not Applicable;99;Unknown;99;Unknown;99;Unknown EMS Scene Arrival Hour;99;Unknown EMS Scene Arrival Minutes;88;Not Applicable (Not Transported);88;Not Applicable (Not Transported);0;None;0;None;0;None;1;0
6;California;61392;2;2;0;0;2;2;0;107;TULARE (107);2880;PORTERVILLE;15;15;8;August;2019;5;Thursday;19;7:00pm-7:59pm;49;49;0;This section IS NOT on the NHS;9;Unknown;NEWCOMB ST;GRAND AVE;2;Urban;4;Minor Arterial;98;Not Reported;0;None;36.07683611;36.07683611;-119.0528194;-119.05281944;0;No Special Jurisdiction;12;Motor Vehicle In-Transport;1;Front-to-Rear;0;No;3;Intersection-Related;3;T-Intersection;0;None;1;On Roadway;3;Dark - Lighted;1;Clear;0;No Additional Atmospheric Conditions;1;Clear;0;No;0;Not Applicable;99;Unknown;99;Unknown;99;Unknown EMS Scene Arrival Hour;99;Unknown EMS Scene Arrival Minutes;99;Unknown;99;Unknown EMS Hospital Arrival Time;0;None;0;None;0;None;1;0
6;California;61403;1;1;0;0;1;1;0;67;SACRAMENTO (67);0;NOT APPLICABLE;20;20;6;June;2019;5;Thursday;21;9:00pm-9:59pm;40;40;0;This section IS NOT on the NHS;9;Unknown;EL CAMINO AVE;PARKWOOD DR;2;Urban;3;Principal Arterial - Other;98;Not Reported;0;None;38.61066389;38.61066389;-121.3986778;-121.39867778;0;No Special Jurisdiction;30;Utility Pole/Light Support;0;The First Harmful Event was Not a Collision with a Motor Vehicle in Transport;0;No;3;Intersection-Related;3;T-Intersection;0;None;4;On Roadside;3;Dark - Lighted;1;Clear;0;No Additional Atmospheric Conditions;1;Clear;0;No;0;Not Applicable;99;Unknown;99;Unknown;99;Unknown EMS Scene Arrival Hour;99;Unknown EMS Scene Arrival Minutes;99;Unknown;99;Unknown EMS Hospital Arrival Time;0;None;0;None;0;None;1;1
6;California;61418;2;2;0;0;2;2;0;67;SACRAMENTO (67);0;NOT APPLICABLE;9;9;7;July;2019;3;Tuesday;14;2:00pm-2:59pm;39;39;1;This section IS ON the NHS;9;Unknown;ELKHORN BLVD;28TH ST;2;Urban;3;Principal Arterial - Other;98;Not Reported;0;None;38.69055833;38.69055833;-121.4013528;-121.40135278;0;No Special Jurisdiction;12;Motor Vehicle In-Transport;6;Angle;0;No;2;Intersection;3;T-Intersection;0;None;1;On Roadway;1;Daylight;1;Clear;0;No Additional Atmospheric Conditions;1;Clear;0;No;0;Not Applicable;99;Unknown;99;Unknown;99;Unknown EMS Scene Arrival Hour;99;Unknown EMS Scene Arrival Minutes;99;Unknown;99;Unknown EMS Hospital Arrival Time;14;Motor Vehicle struck by falling cargo,or something that came loose from or something that was set in motion by a vehicle;0;None;0;None;1;1
6;California;61430;2;2;0;0;2;2;0;65;RIVERSIDE (65);1801;LAKE ELSINORE;8;8;3;March;2019;6;Friday;3;3:00am-3:59am;37;37;1;This section IS ON the NHS;3;State Highway;SR-74;MERMACK RD;2;Urban;3;Principal Arterial - Other;1;State Highway Agency;323;323;33.70757222;33.70757222;-117.3220444;-117.32204444;0;No Special Jurisdiction;12;Motor Vehicle In-Transport;1;Front-to-Rear;0;No;2;Intersection;3;T-Intersection;0;None;1;On Roadway;2;Dark - Not Lighted;1;Clear;0;No Additional Atmospheric Conditions;1;Clear;0;No;0;Not Applicable;99;Unknown;99;Unknown;99;Unknown EMS Scene Arrival Hour;99;Unknown EMS Scene Arrival Minutes;88;Not Applicable (Not Transported);88;Not Applicable (Not Transported);0;None;0;None;0;None;1;1
6;California;61449;3;3;0;0;3;3;0;37;LOS ANGELES (37);810;COMPTON;8;8;8;August;2019;5;Thursday;5;5:00am-5:59am;20;20;1;This section IS ON the NHS;6;Local Street - Municipality;WILLOWBROOK AVE;DOUGLAS ST;2;Urban;3;Principal Arterial - Other;98;Not Reported;0;None;33.90545556;33.90545556;-118.2260333;-118.22603333;0;No Special Jurisdiction;12;Motor Vehicle In-Transport;8;Sideswipe - Opposite Direction;0;No;3;Intersection-Related;3;T-Intersection;0;None;1;On Roadway;3;Dark - Lighted;1;Clear;0;No Additional Atmospheric Conditions;1;Clear;0;No;0;Not Applicable;99;Unknown;99;Unknown;99;Unknown EMS Scene Arrival Hour;99;Unknown EMS Scene Arrival Minutes;99;Unknown;99;Unknown EMS Hospital Arrival Time;0;None;0;None;0;None;1;0
6;California;61463;1;1;0;0;1;1;0;5;AMADOR (5);0;NOT APPLICABLE;6;6;8;August;2019;3;Tuesday;9;9:00am-9:59am;30;30;1;This section IS ON the NHS;3;State Highway;SR-88;SALT SPRINGS RD;1;Rural;4;Minor Arterial;1;State Highway Agency;351;351;38.48151111;38.48151111;-120.5202194;-120.52021944;0;No Special Jurisdiction;42;Tree (Standing Only);0;The First Harmful Event was Not a Collision with a Motor Vehicle in Transport;0;No;3;Intersection-Related;3;T-Intersection;0;None;4;On Roadside;1;Daylight;1;Clear;0;No Additional Atmospheric Conditions;1;Clear;0;No;0;Not Applicable;99;Unknown;99;Unknown;99;Unknown EMS Scene Arrival Hour;99;Unknown EMS Scene Arrival Minutes;88;Not Applicable (Not Transported);88;Not Applicable (Not Transported);0;None;0;None;0;None;1;1
6;California;61471;1;1;0;2;2;2;2;37;LOS ANGELES (37);1045;DOWNEY;28;28;8;August;2019;4;Wednesday;20;8:00pm-8:59pm;7;7;1;This section IS ON the NHS;6;Local Street - Municipality;IMPERIAL HWY;BARLIN AVE;2;Urban;3;Principal Arterial - Other;98;Not Reported;0;None;33.91824722;33.91824722;-118.1409444;-118.14094444;0;No Special Jurisdiction;8;Pedestrian;0;The First Harmful Event was Not a Collision with a Motor Vehicle in Transport;0;No;3;Intersection-Related;3;T-Intersection;0;None;1;On Roadway;3;Dark - Lighted;1;Clear;0;No Additional Atmospheric Conditions;1;Clear;0;No;0;Not Applicable;99;Unknown;99;Unknown;99;Unknown EMS Scene Arrival Hour;99;Unknown EMS Scene Arrival Minutes;99;Unknown;99;Unknown EMS Hospital Arrival Time;0;None;0;None;0;None;1;0
6;California;61494;2;2;0;0;2;2;0;115;YUBA (115);0;NOT APPLICABLE;9;9;9;September;2019;2;Monday;9;9:00am-9:59am;0;0;0;This section IS NOT on the NHS;9;Unknown;HAMMONTON SMARTSVILLE RD;DANTONI RD;1;Rural;5;Major Collector;98;Not Reported;0;None;39.13542222;39.13542222;-121.5331222;-121.53312222;0;No Special Jurisdiction;12;Motor Vehicle In-Transport;6;Angle;0;No;2;Intersection;3;T-Intersection;0;None;1;On Roadway;1;Daylight;1;Clear;0;No Additional Atmospheric Conditions;1;Clear;0;No;0;Not Applicable;99;Unknown;99;Unknown;99;Unknown EMS Scene Arrival Hour;99;Unknown EMS Scene Arrival Minutes;88;Not Applicable (Not Transported);88;Not Applicable (Not Transported);0;None;0;None;0;None;1;0
6;California;61503;1;1;0;0;2;2;0;7;BUTTE (7);0;NOT APPLICABLE;21;21;8;August;2019;4;Wednesday;22;10:00pm-10:59pm;20;20;0;This section IS NOT on the NHS;4;County Road;CR-RIVER RD;CHICO RIVER RD;1;Rural;7;Local;2;County Highway Agency;0;None;39.69592778;39.69592778;-121.9237639;-121.92376389;0;No Special Jurisdiction;42;Tree (Standing Only);0;The First Harmful Event was Not a Collision with a Motor Vehicle in Transport;0;No;3;Intersection-Related;3;T-Intersection;0;None;4;On Roadside;2;Dark - Not Lighted;1;Clear;0;No Additional Atmospheric Conditions;1;Clear;0;No;0;Not Applicable;99;Unknown;99;Unknown;99;Unknown EMS Scene Arrival Hour;99;Unknown EMS Scene Arrival Minutes;99;Unknown;99;Unknown EMS Hospital Arrival Time;0;None;0;None;0;None;1;1
6;California;61518;1;1;0;0;1;1;0;37;LOS ANGELES (37);4190;WHITTIER;19;19;8;August;2019;2;Monday;2;2:00am-2:59am;12;12;1;This section IS ON the NHS;9;Unknown;WHITTIER BL;BOYAR AV;2;Urban;3;Principal Arterial - Other;98;Not Reported;0;None;33.95783333;33.95783333;-118.0233139;-118.02331389;0;No Special Jurisdiction;33;Curb;0;The First Harmful Event was Not a Collision with a Motor Vehicle in Transport;0;No;3;Intersection-Related;3;T-Intersection;0;None;4;On Roadside;3;Dark - Lighted;10;Cloudy;0;No Additional Atmospheric Conditions;10;Cloudy;0;No;0;Not Applicable;99;Unknown;99;Unknown;99;Unknown EMS Scene Arrival Hour;99;Unknown EMS Scene Arrival Minutes;88;Not Applicable (Not Transported);88;Not Applicable (Not Transported);0;None;0;None;0;None;1;0
6;California;61520;2;2;0;0;2;2;0;77;SAN JOAQUIN (77);0;NOT APPLICABLE;21;21;8;August;2019;4;Wednesday;19;7:00pm-7:59pm;0;0;0;This section IS NOT on the NHS;9;Unknown;GRANT LINE RD;GREAT VALLEY PKWY;1;Rural;5;Major Collector;98;Not Reported;0;None;37.75613889;37.75613889;-121.5570611;-121.55706111;0;No Special Jurisdiction;12;Motor Vehicle In-Transport;6;Angle;0;No;2;Intersection;3;T-Intersection;0;None;1;On Roadway;1;Daylight;1;Clear;0;No Additional Atmospheric Conditions;1;Clear;0;No;0;Not Applicable;99;Unknown;99;Unknown;99;Unknown EMS Scene Arrival Hour;99;Unknown EMS Scene Arrival Minutes;88;Not Applicable (Not Transported);88;Not Applicable (Not Transported);0;None;0;None;0;None;1;1
6;California;61531;2;2;0;0;2;2;0;1;ALAMEDA (1);1364;FREMONT;19;19;6;June;2019;4;Wednesday;5;5:00am-5:59am;25;25;1;This section IS ON the NHS;3;State Highway;SR-262 MISSION BL;BROWN RD;2;Urban;3;Principal Arterial - Other;1;State Highway Agency;10;10;37.49359167;37.49359167;-121.9255083;-121.92550833;0;No Special Jurisdiction;12;Motor Vehicle In-Transport;6;Angle;0;No;3;Intersection-Related;3;T-Intersection;0;None;1;On Roadway;4;Dawn;1;Clear;0;No Additional Atmospheric Conditions;1;Clear;0;No;0;Not Applicable;99;Unknown;99;Unknown;99;Unknown EMS Scene Arrival Hour;99;Unknown EMS Scene Arrival Minutes;99;Unknown;99;Unknown EMS Hospital Arrival Time;0;None;0;None;0;None;1;0
6;California;61536;2;2;0;0;2;2;0;17;EL DORADO (17);0;NOT APPLICABLE;7;7;9;September;2019;7;Saturday;11;11:00am-11:59am;45;45;1;This section IS ON the NHS;2;U.S. Highway;US-50;ELKS CLUB DR;1;Rural;2;Principal Arterial - Other Freeways and Expressways;1;State Highway Agency;726;726;38.8744;38.8744;-120.0056;-120.0056;0;No Special Jurisdiction;12;Motor Vehicle In-Transport;6;Angle;0;No;2;Intersection;3;T-Intersection;0;None;1;On Roadway;1;Daylight;1;Clear;0;No Additional Atmospheric Conditions;1;Clear;0;No;0;Not Applicable;99;Unknown;99;Unknown;99;Unknown EMS Scene Arrival Hour;99;Unknown EMS Scene Arrival Minutes;99;Unknown;99;Unknown EMS Hospital Arrival Time;0;None;0;None;0;None;1;0