STATE;STATENAME;ST_CASE;VE_TOTAL;VE_FORMS;PVH_INVL;PEDS;PERSONS;PERMVIT;PERNOTMVIT;COUNTY;COUNTYNAME;CITY;CITYNAME;DAY;DAYNAME;MONTH;MONTHNAME;YEAR;DAY_WEEK;DAY_WEEKNAME;HOUR;HOURNAME;MINUTE;MINUTENAME;NHS;NHSNAME;ROUTE;ROUTENAME;TWAY_ID;TWAY_ID2;RUR_URB;RUR_URBNAME;FUNC_SYS;FUNC_SYSNAME;RD_OWNER;RD_OWNERNAME;MILEPT;MILEPTNAME;LATITUDE;LATITUDENAME;LONGITUD;LONGITUDNAME;SP_JUR;SP_JURNAME;HARM_EV;HARM_EVNAME;MAN_COLL;MAN_COLLNAME;RELJCT1;RELJCT1NAME;RELJCT2;RELJCT2NAME;TYP_INT;TYP_INTNAME;WRK_ZONE;WRK_ZONENAME;REL_ROAD;REL_ROADNAME;LGT_COND;LGT_CONDNAME;WEATHER1;WEATHER1NAME;WEATHER2;WEATHER2NAME;WEATHER;WEATHERNAME;SCH_BUS;SCH_BUSNAME;RAIL;RAILNAME;NOT_HOUR;NOT_HOURNAME;NOT_MIN;NOT_MINNAME;ARR_HOUR;ARR_HOURNAME;ARR_MIN;ARR_MINNAME;HOSP_HR;HOSP_HRNAME;HOSP_MN;HOSP_MNNAME;CF1;CF1NAME;CF2;CF2NAME;CF3;CF3NAME;FATALS;DRUNK_DR
6;California;61545;1;1;0;1;1;1;1;65;RIVERSIDE (65);0;NOT APPLICABLE;8;8;8;August;2019;5;Thursday;20;8:00pm-8:59pm;20;20;1;This section IS ON the NHS;3;State Highway;SR-74;AGNEW AVE;2;Urban;3;Principal Arterial - Other;1;State Highway Agency;325;325;33.74335278;33.74335278;-117.107575;-117.107575;0;No Special Jurisdiction;8;Pedestrian;0;The First Harmful Event was Not a Collision with a Motor Vehicle in Transport;0;No;3;Intersection-Related;3;T-Intersection;0;None;1;On Roadway;3;Dark - Lighted;1;Clear;0;No Additional Atmospheric Conditions;1;Clear;0;No;0;Not Applicable;99;Unknown;99;Unknown;99;Unknown EMS Scene Arrival Hour;99;Unknown EMS Scene Arrival Minutes;88;Not Applicable (Not Transported);88;Not Applicable (Not Transported);0;None;0;None;0;None;1;0
6;California;61547;1;1;0;0;1;1;0;71;SAN BERNARDINO (71);115;APPLE VALLEY;28;28;8;August;2019;4;Wednesday;99;Unknown Hours;99;Unknown Minutes;0;This section IS NOT on the NHS;9;Unknown;QUARRY ROAD;CENTRAL ROAD;2;Urban;5;Major Collector;98;Not Reported;0;None;34.61574722;34.61574722;-117.1716056;-117.17160556;0;No Special Jurisdiction;35;Embankment;0;The First Harmful Event was Not a Collision with a Motor Vehicle in Transport;0;No;3;Intersection-Related;3;T-Intersection;0;None;4;On Roadside;2;Dark - Not Lighted;1;Clear;0;No Additional Atmospheric Conditions;1;Clear;0;No;0;Not Applicable;99;Unknown;99;Unknown;99;Unknown EMS Scene Arrival Hour;99;Unknown EMS Scene Arrival Minutes;88;Not Applicable (Not Transported);88;Not Applicable (Not Transported);0;None;0;None;0;None;1;1
6;California;61548;1;1;0;0;3;3;0;97;SONOMA (97);3490;SANTA ROSA;1;1;7;July;2019;2;Monday;0;0:00am-0:59am;28;28;0;This section IS NOT on the NHS;9;Unknown;THOMAS LAKE HARRIS DR;SKYFARM DR;2;Urban;7;Local;98;Not Reported;0;None;38.49111389;38.49111389;-122.7205639;-122.72056389;0;No Special Jurisdiction;33;Curb;0;The First Harmful Event was Not a Collision with a Motor Vehicle in Transport;0;No;3;Intersection-Related;3;T-Intersection;0;None;4;On Roadside;3;Dark - Lighted;1;Clear;0;No Additional Atmospheric Conditions;1;Clear;0;No;0;Not Applicable;99;Unknown;99;Unknown;99;Unknown EMS Scene Arrival Hour;99;Unknown EMS Scene Arrival Minutes;99;Unknown;99;Unknown EMS Hospital Arrival Time;0;None;0;None;0;None;1;0
6;California;61554;2;2;0;0;4;4;0;13;CONTRA COSTA (13);2790;PITTSBURG;5;5;7;July;2019;6;Friday;6;6:00am-6:59am;5;5;1;This section IS ON the NHS;9;Unknown;W LELAND RD;SOUTHWOOD DR;1;Rural;3;Principal Arterial - Other;98;Not Reported;0;None;38.01578333;38.01578333;-121.9483972;-121.94839722;0;No Special Jurisdiction;12;Motor Vehicle In-Transport;6;Angle;0;No;2;Intersection;3;T-Intersection;0;None;1;On Roadway;1;Daylight;1;Clear;0;No Additional Atmospheric Conditions;1;Clear;0;No;0;Not Applicable;99;Unknown;99;Unknown;99;Unknown EMS Scene Arrival Hour;99;Unknown EMS Scene Arrival Minutes;88;Not Applicable (Not Transported);88;Not Applicable (Not Transported);0;None;0;None;0;None;1;1
6;California;61557;1;1;0;1;2;2;1;37;LOS ANGELES (37);1980;LOS ANGELES;13;13;6;June;2019;5;Thursday;23;11:00pm-11:59pm;20;20;0;This section IS NOT on the NHS;9;Unknown;E VERNON AVE;CROCKER ST;2;Urban;4;Minor Arterial;98;Not Reported;0;None;34.00386944;34.00386944;-118.2687722;-118.26877222;0;No Special Jurisdiction;8;Pedestrian;0;The First Harmful Event was Not a Collision with a Motor Vehicle in Transport;0;No;3;Intersection-Related;3;T-Intersection;0;None;1;On Roadway;3;Dark - Lighted;1;Clear;0;No Additional Atmospheric Conditions;1;Clear;0;No;0;Not Applicable;99;Unknown;99;Unknown;99;Unknown EMS Scene Arrival Hour;99;Unknown EMS Scene Arrival Minutes;99;Unknown;99;Unknown EMS Hospital Arrival Time;0;None;0;None;0;None;1;0
6;California;61571;2;2;0;0;2;2;0;55;NAPA (55);0;NOT APPLICABLE;11;11;9;September;2019;4;Wednesday;20;8:00pm-8:59pm;32;32;0;This section IS NOT on the NHS;3;State Highway;SR-128;TUBBS LANE;1;Rural;4;Minor Arterial;1;State Highway Agency;27;27;38.58876111;38.58876111;-122.6071;-122.6071;0;No Special Jurisdiction;12;Motor Vehicle In-Transport;6;Angle;0;No;2;Intersection;3;T-Intersection;0;None;1;On Roadway;2;Dark - Not Lighted;1;Clear;0;No Additional Atmospheric Conditions;1;Clear;0;No;0;Not Applicable;99;Unknown;99;Unknown;99;Unknown EMS Scene Arrival Hour;99;Unknown EMS Scene Arrival Minutes;99;Unknown;99;Unknown EMS Hospital Arrival Time;0;None;0;None;0;None;1;0
6;California;61575;1;1;0;1;1;1;1;37;LOS ANGELES (37);1980;LOS ANGELES;2;2;8;August;2019;6;Friday;20;8:00pm-8:59pm;50;50;0;This section IS NOT on the NHS;9;Unknown;AVALON BL;LANZIT AVE;2;Urban;3;Principal Arterial - Other;98;Not Reported;0;None;33.93243889;33.93243889;-118.265225;-118.265225;0;No Special Jurisdiction;8;Pedestrian;0;The First Harmful Event was Not a Collision with a Motor Vehicle in Transport;0;No;3;Intersection-Related;3;T-Intersection;0;None;1;On Roadway;3;Dark - Lighted;1;Clear;0;No Additional Atmospheric Conditions;1;Clear;0;No;0;Not Applicable;99;Unknown;99;Unknown;99;Unknown EMS Scene Arrival Hour;99;Unknown EMS Scene Arrival Minutes;99;Unknown;99;Unknown EMS Hospital Arrival Time;0;None;0;None;0;None;1;0
6;California;61596;2;2;0;0;4;4;0;37;LOS ANGELES (37);11;AGOURA HILLS;1;1;9;September;2019;1;Sunday;17;5:00pm-5:59pm;32;32;0;This section IS NOT on the NHS;9;Unknown;KANAN RD;EAGLETON ST;2;Urban;4;Minor Arterial;98;Not Reported;0;None;34.16214167;34.16214167;-118.75715;-118.75715;0;No Special Jurisdiction;12;Motor Vehicle In-Transport;6;Angle;0;No;2;Intersection;3;T-Intersection;0;None;1;On Roadway;1;Daylight;1;Clear;0;No Additional Atmospheric Conditions;1;Clear;0;No;0;Not Applicable;99;Unknown;99;Unknown;99;Unknown EMS Scene Arrival Hour;99;Unknown EMS Scene Arrival Minutes;88;Not Applicable (Not Transported);88;Not Applicable (Not Transported);0;None;0;None;0;None;1;0
6;California;61610;2;2;0;0;2;2;0;71;SAN BERNARDINO (71);0;NOT APPLICABLE;28;28;7;July;2019;1;Sunday;10;10:00am-10:59am;49;49;0;This section IS NOT on the NHS;3;State Highway;SR-138;CENTOLA RD;2;Urban;4;Minor Arterial;1;State Highway Agency;776;776;34.37067778;34.37067778;-117.544025;-117.544025;0;No Special Jurisdiction;12;Motor Vehicle In-Transport;6;Angle;0;No;2;Intersection;3;T-Intersection;0;None;1;On Roadway;1;Daylight;1;Clear;0;No Additional Atmospheric Conditions;1;Clear;0;No;0;Not Applicable;99;Unknown;99;Unknown;99;Unknown EMS Scene Arrival Hour;99;Unknown EMS Scene Arrival Minutes;99;Unknown;99;Unknown EMS Hospital Arrival Time;0;None;0;None;0;None;1;0
6;California;61642;2;2;0;0;3;3;0;55;NAPA (55);0;NOT APPLICABLE;18;18;9;September;2019;4;Wednesday;18;6:00pm-6:59pm;5;5;0;This section IS NOT on the NHS;9;Unknown;BERRYESSA KNOXVILLE RD;BERRYESSA DR;1;Rural;5;Major Collector;98;Not Reported;0;None;38.60555;38.60555;-122.2802472;-122.28024722;0;No Special Jurisdiction;12;Motor Vehicle In-Transport;6;Angle;0;No;2;Intersection;3;T-Intersection;0;None;1;On Roadway;1;Daylight;1;Clear;0;No Additional Atmospheric Conditions;1;Clear;0;No;0;Not Applicable;99;Unknown;99;Unknown;99;Unknown EMS Scene Arrival Hour;99;Unknown EMS Scene Arrival Minutes;88;Not Applicable (Not Transported);88;Not Applicable (Not Transported);0;None;0;None;0;None;1;0
6;California;61645;1;1;0;1;1;1;1;59;ORANGE (59);1660;HUNTINGTON BEACH;19;19;7;July;2019;6;Friday;22;10:00pm-10:59pm;49;49;1;This section IS ON the NHS;3;State Highway;SR-39;CYPRESS;2;Urban;3;Principal Arterial - Other;1;State Highway Agency;10;10;33.713375;33.713375;-117.9891722;-117.98917222;0;No Special Jurisdiction;8;Pedestrian;0;The First Harmful Event was Not a Collision with a Motor Vehicle in Transport;0;No;3;Intersection-Related;3;T-Intersection;0;None;1;On Roadway;3;Dark - Lighted;1;Clear;0;No Additional Atmospheric Conditions;1;Clear;0;No;0;Not Applicable;99;Unknown;99;Unknown;99;Unknown EMS Scene Arrival Hour;99;Unknown EMS Scene Arrival Minutes;99;Unknown;99;Unknown EMS Hospital Arrival Time;0;None;0;None;0;None;1;0
6;California;61647;2;2;0;0;2;2;0;73;SAN DIEGO (73);710;CHULA VISTA;12;12;4;April;2019;6;Friday;15;3:00pm-3:59pm;5;5;0;This section IS NOT on the NHS;9;Unknown;3RD AV;EMERSON ST;2;Urban;5;Major Collector;98;Not Reported;0;None;32.61191667;32.61191667;-117.0683806;-117.06838056;0;No Special Jurisdiction;12;Motor Vehicle In-Transport;6;Angle;0;No;3;Intersection-Related;3;T-Intersection;0;None;1;On Roadway;1;Daylight;1;Clear;0;No Additional Atmospheric Conditions;1;Clear;0;No;0;Not Applicable;99;Unknown;99;Unknown;99;Unknown EMS Scene Arrival Hour;99;Unknown EMS Scene Arrival Minutes;99;Unknown;99;Unknown EMS Hospital Arrival Time;0;None;0;None;0;None;1;0
6;California;61665;2;2;0;0;2;2;0;37;LOS ANGELES (37);1980;LOS ANGELES;22;22;8;August;2019;5;Thursday;17;5:00pm-5:59pm;10;10;0;This section IS NOT on the NHS;9;Unknown;LINCOLN BLVD;SAN MIGUEL AVE;2;Urban;3;Principal Arterial - Other;98;Not Reported;0;None;33.99852222;33.99852222;-118.4620306;-118.46203056;0;No Special Jurisdiction;12;Motor Vehicle In-Transport;7;Sideswipe - Same Direction;0;No;2;Intersection;3;T-Intersection;0;None;1;On Roadway;1;Daylight;1;Clear;0;No Additional Atmospheric Conditions;1;Clear;0;No;0;Not Applicable;99;Unknown;99;Unknown;99;Unknown EMS Scene Arrival Hour;99;Unknown EMS Scene Arrival Minutes;99;Unknown;99;Unknown EMS Hospital Arrival Time;0;None;0;None;0;None;1;0
6;California;61673;2;2;0;0;2;2;0;37;LOS ANGELES (37);1980;LOS ANGELES;15;15;5;May;2019;4;Wednesday;18;6:00pm-6:59pm;15;15;1;This section IS ON the NHS;9;Unknown;OBAMA BLVD;CLOVERDALE AVE;2;Urban;3;Principal Arterial - Other;98;Not Reported;0;None;34.02153611;34.02153611;-118.3608222;-118.36082222;0;No Special Jurisdiction;12;Motor Vehicle In-Transport;6;Angle;0;No;2;Intersection;3;T-Intersection;0;None;1;On Roadway;1;Daylight;1;Clear;0;No Additional Atmospheric Conditions;1;Clear;0;No;0;Not Applicable;99;Unknown;99;Unknown;99;Unknown EMS Scene Arrival Hour;99;Unknown EMS Scene Arrival Minutes;99;Unknown;99;Unknown EMS Hospital Arrival Time;0;None;0;None;0;None;1;0
6;California;61680;1;1;0;1;1;1;1;37;LOS ANGELES (37);0;NOT APPLICABLE;22;22;8;August;2019;5;Thursday;10;10:00am-10:59am;58;58;1;This section IS ON the NHS;1;Interstate;I-605 RAMP;SLAUSON AVE;2;Urban;1;Interstate;1;State Highway Agency;116;116;33.96728056;33.96728056;-118.0839278;-118.08392778;0;No Special Jurisdiction;8;Pedestrian;0;The First Harmful Event was Not a Collision with a Motor Vehicle in Transport;1;Yes;3;Intersection-Related;3;T-Intersection;0;None;1;On Roadway;1;Daylight;1;Clear;0;No Additional Atmospheric Conditions;1;Clear;0;No;0;Not Applicable;99;Unknown;99;Unknown;99;Unknown EMS Scene Arrival Hour;99;Unknown EMS Scene Arrival Minutes;88;Not Applicable (Not Transported);88;Not Applicable (Not Transported);0;None;0;None;0;None;1;0
6;California;61682;2;2;0;0;4;4;0;53;MONTEREY (53);0;NOT APPLICABLE;19;19;6;June;2019;4;Wednesday;9;9:00am-9:59am;35;35;1;This section IS ON the NHS;2;U.S. Highway;US-101;POTTER RD;1;Rural;2;Principal Arterial - Other Freeways and Expressways;1;State Highway Agency;803;803;36.60587222;36.60587222;-121.5573361;-121.55733611;0;No Special Jurisdiction;12;Motor Vehicle In-Transport;6;Angle;0;No;2;Intersection;3;T-Intersection;0;None;1;On Roadway;1;Daylight;10;Cloudy;0;No Additional Atmospheric Conditions;10;Cloudy;0;No;0;Not Applicable;99;Unknown;99;Unknown;99;Unknown EMS Scene Arrival Hour;99;Unknown EMS Scene Arrival Minutes;99;Unknown;99;Unknown EMS Hospital Arrival Time;0;None;0;None;0;None;1;0
6;California;61716;1;1;0;1;1;1;1;65;RIVERSIDE (65);1690;INDIO;23;23;8;August;2019;6;Friday;21;9:00pm-9:59pm;35;35;1;This section IS ON the NHS;9;Unknown;INDIO BLVD;HWY 111;2;Urban;3;Principal Arterial - Other;98;Not Reported;0;None;33.71516111;33.71516111;-116.2070306;-116.20703056;0;No Special Jurisdiction;8;Pedestrian;0;The First Harmful Event was Not a Collision with a Motor Vehicle in Transport;0;No;3;Intersection-Related;3;T-Intersection;0;None;1;On Roadway;3;Dark - Lighted;1;Clear;0;No Additional Atmospheric Conditions;1;Clear;0;No;0;Not Applicable;99;Unknown;99;Unknown;99;Unknown EMS Scene Arrival Hour;99;Unknown EMS Scene Arrival Minutes;99;Unknown;99;Unknown EMS Hospital Arrival Time;0;None;0;None;0;None;1;0
6;California;61718;2;2;0;0;2;2;0;37;LOS ANGELES (37);1980;LOS ANGELES;2;2;10;October;2019;4;Wednesday;20;8:00pm-8:59pm;15;15;0;This section IS NOT on the NHS;9;Unknown;TUJUNGA CANYON BL;SAINT ESTABAN ST;2;Urban;3;Principal Arterial - Other;98;Not Reported;0;None;34.24521944;34.24521944;-118.2763528;-118.27635278;0;No Special Jurisdiction;12;Motor Vehicle In-Transport;6;Angle;0;No;2;Intersection;3;T-Intersection;0;None;1;On Roadway;3;Dark - Lighted;1;Clear;0;No Additional Atmospheric Conditions;1;Clear;0;No;0;Not Applicable;99;Unknown;99;Unknown;99;Unknown EMS Scene Arrival Hour;99;Unknown EMS Scene Arrival Minutes;99;Unknown;99;Unknown EMS Hospital Arrival Time;0;None;0;None;0;None;1;0
6;California;61720;1;1;0;1;1;1;1;73;SAN DIEGO (73);0;NOT APPLICABLE;31;31;7;July;2019;4;Wednesday;2;2:00am-2:59am;0;0;0;This section IS NOT on the NHS;4;County Road;CR-JAMACHA BLVD;WHITESTONE RD;2;Urban;4;Minor Arterial;2;County Highway Agency;0;None;32.71589167;32.71589167;-116.976675;-116.976675;0;No Special Jurisdiction;8;Pedestrian;0;The First Harmful Event was Not a Collision with a Motor Vehicle in Transport;0;No;3;Intersection-Related;3;T-Intersection;0;None;1;On Roadway;3;Dark - Lighted;1;Clear;0;No Additional Atmospheric Conditions;1;Clear;0;No;0;Not Applicable;99;Unknown;99;Unknown;99;Unknown EMS Scene Arrival Hour;99;Unknown EMS Scene Arrival Minutes;88;Not Applicable (Not Transported);88;Not Applicable (Not Transported);0;None;0;None;0;None;1;0
6;California;61738;1;1;0;0;1;1;0;107;TULARE (107);0;NOT APPLICABLE;10;10;9;September;2019;3;Tuesday;5;5:00am-5:59am;8;8;0;This section IS NOT on the NHS;3;State Highway;SR-245;AVENUE 312;1;Rural;4;Minor Arterial;1;State Highway Agency;20;20;36.35483056;36.35483056;-119.1163;-119.1163;0;No Special Jurisdiction;38;Fence;0;The First Harmful Event was Not a Collision with a Motor Vehicle in Transport;0;No;3;Intersection-Related;3;T-Intersection;0;None;5;Outside Trafficway;2;Dark - Not Lighted;1;Clear;0;No Additional Atmospheric Conditions;1;Clear;0;No;0;Not Applicable;99;Unknown;99;Unknown;99;Unknown EMS Scene Arrival Hour;99;Unknown EMS Scene Arrival Minutes;88;Not Applicable (Not Transported);88;Not Applicable (Not Transported);0;None;0;None;0;None;1;1
6;California;61748;1;1;0;1;1;1;1;37;LOS ANGELES (37);1980;LOS ANGELES;2;2;9;September;2019;2;Monday;23;11:00pm-11:59pm;45;45;0;This section IS NOT on the NHS;9;Unknown;92ND ST;GRAPE ST;2;Urban;4;Minor Arterial;98;Not Reported;0;None;33.95326944;33.95326944;-118.2363111;-118.23631111;0;No Special Jurisdiction;8;Pedestrian;0;The First Harmful Event was Not a Collision with a Motor Vehicle in Transport;0;No;3;Intersection-Related;3;T-Intersection;0;None;1;On Roadway;6;Dark - Unknown Lighting;1;Clear;0;No Additional Atmospheric Conditions;1;Clear;0;No;0;Not Applicable;99;Unknown;99;Unknown;99;Unknown EMS Scene Arrival Hour;99;Unknown EMS Scene Arrival Minutes;88;Not Applicable (Not Transported);88;Not Applicable (Not Transported);0;None;0;None;0;None;1;0
6;California;61758;2;2;0;0;2;2;0;37;LOS ANGELES (37);2645;PALMDALE;19;19;9;September;2019;5;Thursday;11;11:00am-11:59am;54;54;1;This section IS ON the NHS;9;Unknown;COLUMBIA WY AVENUE M;SITE 2 RD;2;Urban;3;Principal Arterial - Other;98;Not Reported;0;None;34.64594722;34.64594722;-118.0933528;-118.09335278;0;No Special Jurisdiction;12;Motor Vehicle In-Transport;6;Angle;0;No;2;Intersection;3;T-Intersection;0;None;1;On Roadway;1;Daylight;1;Clear;0;No Additional Atmospheric Conditions;1;Clear;0;No;0;Not Applicable;99;Unknown;99;Unknown;99;Unknown EMS Scene Arrival Hour;99;Unknown EMS Scene Arrival Minutes;99;Unknown;99;Unknown EMS Hospital Arrival Time;0;None;0;None;0;None;1;0
6;California;61770;2;2;0;0;2;2;0;37;LOS ANGELES (37);3870;TORRANCE;27;27;4;April;2019;7;Saturday;9;9:00am-9:59am;35;35;1;This section IS ON the NHS;9;Unknown;SEPULVEDA BLVD;NONE;2;Urban;3;Principal Arterial - Other;98;Not Reported;0;None;33.82590833;33.82590833;-118.3555056;-118.35550556;0;No Special Jurisdiction;12;Motor Vehicle In-Transport;6;Angle;0;No;2;Intersection;3;T-Intersection;0;None;1;On Roadway;1;Daylight;1;Clear;0;No Additional Atmospheric Conditions;1;Clear;0;No;0;Not Applicable;99;Unknown;99;Unknown;99;Unknown EMS Scene Arrival Hour;99;Unknown EMS Scene Arrival Minutes;99;Unknown;99;Unknown EMS Hospital Arrival Time;0;None;0;None;0;None;1;0
6;California;61781;1;1;0;1;1;1;1;71;SAN BERNARDINO (71);0;NOT APPLICABLE;22;22;8;August;2019;5;Thursday;23;11:00pm-11:59pm;25;25;0;This section IS NOT on the NHS;9;Unknown;GLANSGOW AVE;INDEPENDENT PL;2;Urban;7;Local;98;Not Reported;0;None;34.12286944;34.12286944;-117.2545444;-117.25454444;0;No Special Jurisdiction;8;Pedestrian;0;The First Harmful Event was Not a Collision with a Motor Vehicle in Transport;0;No;3;Intersection-Related;3;T-Intersection;0;None;1;On Roadway;3;Dark - Lighted;1;Clear;0;No Additional Atmospheric Conditions;1;Clear;0;No;0;Not Applicable;99;Unknown;99;Unknown;99;Unknown EMS Scene Arrival Hour;99;Unknown EMS Scene Arrival Minutes;88;Not Applicable (Not Transported);88;Not Applicable (Not Transported);0;None;0;None;0;None;1;0
6;California;61786;2;2;0;0;3;3;0;71;SAN BERNARDINO (71);1305;FONTANA;5;5;4;April;2019;6;Friday;4;4:00am-4:59am;53;53;0;This section IS NOT on the NHS;9;Unknown;JURUPA AV;REDWOOD AV;2;Urban;4;Minor Arterial;98;Not Reported;0;None;34.04813889;34.04813889;-117.4844917;-117.48449167;0;No Special Jurisdiction;12;Motor Vehicle In-Transport;6;Angle;0;No;2;Intersection;3;T-Intersection;0;None;1;On Roadway;3;Dark - Lighted;1;Clear;0;No Additional Atmospheric Conditions;1;Clear;0;No;0;Not Applicable;99;Unknown;99;Unknown;99;Unknown EMS Scene Arrival Hour;99;Unknown EMS Scene Arrival Minutes;99;Unknown;99;Unknown EMS Hospital Arrival Time;0;None;0;None;0;None;1;0
6;California;61793;2;2;0;0;2;2;0;73;SAN DIEGO (73);0;NOT APPLICABLE;13;13;9;September;2019;6;Friday;7;7:00am-7:59am;20;20;0;This section IS NOT on the NHS;9;Unknown;PEPPER DR;PEERLESS DR;1;Rural;5;Major Collector;98;Not Reported;0;None;32.82081667;32.82081667;-116.9302694;-116.93026944;0;No Special Jurisdiction;12;Motor Vehicle In-Transport;6;Angle;0;No;3;Intersection-Related;3;T-Intersection;0;None;1;On Roadway;1;Daylight;1;Clear;0;No Additional Atmospheric Conditions;1;Clear;0;No;0;Not Applicable;99;Unknown;99;Unknown;99;Unknown EMS Scene Arrival Hour;99;Unknown EMS Scene Arrival Minutes;99;Unknown;99;Unknown EMS Hospital Arrival Time;0;None;0;None;0;None;1;1
6;California;61796;1;1;0;1;2;2;1;23;HUMBOLDT (23);0;NOT APPLICABLE;7;7;9;September;2019;7;Saturday;0;0:00am-0:59am;26;26;0;This section IS NOT on the NHS;3;State Highway;SR-96;MILL RD;1;Rural;4;Minor Arterial;1;State Highway Agency;142;142;41.08570556;41.08570556;-123.6978944;-123.69789444;0;No Special Jurisdiction;8;Pedestrian;0;The First Harmful Event was Not a Collision with a Motor Vehicle in Transport;0;No;3;Intersection-Related;3;T-Intersection;0;None;1;On Roadway;2;Dark - Not Lighted;1;Clear;0;No Additional Atmospheric Conditions;1;Clear;0;No;0;Not Applicable;99;Unknown;99;Unknown;99;Unknown EMS Scene Arrival Hour;99;Unknown EMS Scene Arrival Minutes;88;Not Applicable (Not Transported);88;Not Applicable (Not Transported);0;None;0;None;0;None;1;0
6;California;61808;1;1;0;0;4;4;0;37;LOS ANGELES (37);2700;PASADENA;2;2;9;September;2019;2;Monday;22;10:00pm-10:59pm;53;53;0;This section IS NOT on the NHS;9;Unknown;ORANGE GROVE BLVD;PROSPECT BLVD;2;Urban;4;Minor Arterial;98;Not Reported;0;None;34.15294444;34.15294444;-118.1587944;-118.15879444;0;No Special Jurisdiction;58;Ground;0;The First Harmful Event was Not a Collision with a Motor Vehicle in Transport;0;No;3;Intersection-Related;3;T-Intersection;0;None;1;On Roadway;3;Dark - Lighted;1;Clear;0;No Additional Atmospheric Conditions;1;Clear;0;No;0;Not Applicable;99;Unknown;99;Unknown;99;Unknown EMS Scene Arrival Hour;99;Unknown EMS Scene Arrival Minutes;99;Unknown;99;Unknown EMS Hospital Arrival Time;0;None;0;None;0;None;2;1
6;California;61810;2;2;0;0;5;5;0;115;YUBA (115);0;NOT APPLICABLE;23;23;10;October;2019;4;Wednesday;15;3:00pm-3:59pm;13;13;1;This section IS ON the NHS;3;State Highway;SR-65;OAKLEY LN;1;Rural;3;Principal Arterial - Other;1;State Highway Agency;35;35;39.03445556;39.03445556;-121.4626111;-121.46261111;0;No Special Jurisdiction;12;Motor Vehicle In-Transport;6;Angle;0;No;2;Intersection;3;T-Intersection;0;None;1;On Roadway;1;Daylight;1;Clear;0;No Additional Atmospheric Conditions;1;Clear;0;No;0;Not Applicable;99;Unknown;99;Unknown;99;Unknown EMS Scene Arrival Hour;99;Unknown EMS Scene Arrival Minutes;99;Unknown;99;Unknown EMS Hospital Arrival Time;0;None;0;None;0;None;1;0
6;California;61817;2;2;0;0;2;2;0;87;SANTA CRUZ (87);0;NOT APPLICABLE;25;25;8;August;2019;1;Sunday;6;6:00am-6:59am;2;2;0;This section IS NOT on the NHS;3;State Highway;SR-9;HIGHLAND COUNTY PARK;1;Rural;4;Minor Arterial;1;State Highway Agency;86;86;37.07947778;37.07947778;-122.0835028;-122.08350278;0;No Special Jurisdiction;12;Motor Vehicle In-Transport;2;Front-to-Front;0;No;3;Intersection-Related;3;T-Intersection;0;None;1;On Roadway;2;Dark - Not Lighted;1;Clear;0;No Additional Atmospheric Conditions;1;Clear;0;No;0;Not Applicable;99;Unknown;99;Unknown;99;Unknown EMS Scene Arrival Hour;99;Unknown EMS Scene Arrival Minutes;99;Unknown;99;Unknown EMS Hospital Arrival Time;0;None;0;None;0;None;1;0
6;California;61819;3;1;2;0;1;1;0;73;SAN DIEGO (73);3260;SAN DIEGO;26;26;8;August;2019;2;Monday;2;2:00am-2:59am;21;21;0;This section IS NOT on the NHS;9;Unknown;IMPERIAL AVE;WOODMAN ST;2;Urban;4;Minor Arterial;98;Not Reported;0;None;32.71095278;32.71095278;-117.0549028;-117.05490278;0;No Special Jurisdiction;33;Curb;0;The First Harmful Event was Not a Collision with a Motor Vehicle in Transport;0;No;3;Intersection-Related;3;T-Intersection;0;None;4;On Roadside;3;Dark - Lighted;1;Clear;0;No Additional Atmospheric Conditions;1;Clear;0;No;0;Not Applicable;99;Unknown;99;Unknown;99;Unknown EMS Scene Arrival Hour;99;Unknown EMS Scene Arrival Minutes;88;Not Applicable (Not Transported);88;Not Applicable (Not Transported);14;Motor Vehicle struck by falling cargo,or something that came loose from or something that was set in motion by a vehicle;0;None;0;None;1;1