STATE;STATENAME;ST_CASE;VE_TOTAL;VE_FORMS;PVH_INVL;PEDS;PERSONS;PERMVIT;PERNOTMVIT;COUNTY;COUNTYNAME;CITY;CITYNAME;DAY;DAYNAME;MONTH;MONTHNAME;YEAR;DAY_WEEK;DAY_WEEKNAME;HOUR;HOURNAME;MINUTE;MINUTENAME;NHS;NHSNAME;ROUTE;ROUTENAME;TWAY_ID;TWAY_ID2;RUR_URB;RUR_URBNAME;FUNC_SYS;FUNC_SYSNAME;RD_OWNER;RD_OWNERNAME;MILEPT;MILEPTNAME;LATITUDE;LATITUDENAME;LONGITUD;LONGITUDNAME;SP_JUR;SP_JURNAME;HARM_EV;HARM_EVNAME;MAN_COLL;MAN_COLLNAME;RELJCT1;RELJCT1NAME;RELJCT2;RELJCT2NAME;TYP_INT;TYP_INTNAME;WRK_ZONE;WRK_ZONENAME;REL_ROAD;REL_ROADNAME;LGT_COND;LGT_CONDNAME;WEATHER1;WEATHER1NAME;WEATHER2;WEATHER2NAME;WEATHER;WEATHERNAME;SCH_BUS;SCH_BUSNAME;RAIL;RAILNAME;NOT_HOUR;NOT_HOURNAME;NOT_MIN;NOT_MINNAME;ARR_HOUR;ARR_HOURNAME;ARR_MIN;ARR_MINNAME;HOSP_HR;HOSP_HRNAME;HOSP_MN;HOSP_MNNAME;CF1;CF1NAME;CF2;CF2NAME;CF3;CF3NAME;FATALS;DRUNK_DR
6;California;61827;1;1;0;1;1;1;1;37;LOS ANGELES (37);1980;LOS ANGELES;10;10;6;June;2019;2;Monday;14;2:00pm-2:59pm;29;29;0;This section IS NOT on the NHS;6;Local Street - Municipality;9TH ST;CROCKER ST;2;Urban;7;Local;98;Not Reported;0;None;34.03557778;34.03557778;-118.2498528;-118.24985278;0;No Special Jurisdiction;8;Pedestrian;0;The First Harmful Event was Not a Collision with a Motor Vehicle in Transport;0;No;3;Intersection-Related;3;T-Intersection;0;None;1;On Roadway;1;Daylight;1;Clear;0;No Additional Atmospheric Conditions;1;Clear;0;No;0;Not Applicable;99;Unknown;99;Unknown;99;Unknown EMS Scene Arrival Hour;99;Unknown EMS Scene Arrival Minutes;99;Unknown;99;Unknown EMS Hospital Arrival Time;0;None;0;None;0;None;1;0
6;California;61834;1;1;0;1;2;2;1;77;SAN JOAQUIN (77);0;NOT APPLICABLE;6;6;9;September;2019;6;Friday;23;11:00pm-11:59pm;5;5;1;This section IS ON the NHS;3;State Highway;SR-88;FAIRCHILD RD;1;Rural;3;Principal Arterial - Other;1;State Highway Agency;22;22;38.00539722;38.00539722;-121.2193139;-121.21931389;0;No Special Jurisdiction;9;Pedalcyclist;0;The First Harmful Event was Not a Collision with a Motor Vehicle in Transport;0;No;2;Intersection;3;T-Intersection;0;None;1;On Roadway;2;Dark - Not Lighted;1;Clear;0;No Additional Atmospheric Conditions;1;Clear;0;No;0;Not Applicable;99;Unknown;99;Unknown;99;Unknown EMS Scene Arrival Hour;99;Unknown EMS Scene Arrival Minutes;99;Unknown;99;Unknown EMS Hospital Arrival Time;0;None;0;None;0;None;1;0
6;California;61837;2;2;0;0;2;2;0;71;SAN BERNARDINO (71);4040;VICTORVILLE;23;23;3;March;2019;7;Saturday;19;7:00pm-7:59pm;7;7;0;This section IS NOT on the NHS;9;Unknown;BEAR VALLEY RD;STONEGATE DR;2;Urban;4;Minor Arterial;98;Not Reported;0;None;34.47038056;34.47038056;-117.3673444;-117.36734444;0;No Special Jurisdiction;12;Motor Vehicle In-Transport;1;Front-to-Rear;0;No;2;Intersection;3;T-Intersection;0;None;1;On Roadway;5;Dusk;1;Clear;0;No Additional Atmospheric Conditions;1;Clear;0;No;0;Not Applicable;99;Unknown;99;Unknown;99;Unknown EMS Scene Arrival Hour;99;Unknown EMS Scene Arrival Minutes;99;Unknown;99;Unknown EMS Hospital Arrival Time;0;None;0;None;0;None;1;1
6;California;61838;3;2;1;0;5;5;0;37;LOS ANGELES (37);1980;LOS ANGELES;6;6;10;October;2019;1;Sunday;0;0:00am-0:59am;10;10;0;This section IS NOT on the NHS;9;Unknown;PARTHENIA ST;INTERNATIONAL AVE;2;Urban;4;Minor Arterial;98;Not Reported;0;None;34.22818056;34.22818056;-118.5994278;-118.59942778;0;No Special Jurisdiction;12;Motor Vehicle In-Transport;6;Angle;0;No;2;Intersection;3;T-Intersection;0;None;1;On Roadway;3;Dark - Lighted;1;Clear;0;No Additional Atmospheric Conditions;1;Clear;0;No;0;Not Applicable;99;Unknown;99;Unknown;99;Unknown EMS Scene Arrival Hour;99;Unknown EMS Scene Arrival Minutes;99;Unknown;99;Unknown EMS Hospital Arrival Time;0;None;0;None;0;None;1;1
6;California;61852;2;2;0;0;2;2;0;89;SHASTA (89);2950;REDDING;13;13;6;June;2019;5;Thursday;22;10:00pm-10:59pm;5;5;1;This section IS ON the NHS;3;State Highway;SR-273;KENYON RD;2;Urban;3;Principal Arterial - Other;1;State Highway Agency;0;None;40.54397222;40.54397222;-122.3862778;-122.38627778;0;No Special Jurisdiction;12;Motor Vehicle In-Transport;1;Front-to-Rear;0;No;2;Intersection;3;T-Intersection;0;None;1;On Roadway;3;Dark - Lighted;1;Clear;0;No Additional Atmospheric Conditions;1;Clear;0;No;0;Not Applicable;99;Unknown;99;Unknown;99;Unknown EMS Scene Arrival Hour;99;Unknown EMS Scene Arrival Minutes;88;Not Applicable (Not Transported);88;Not Applicable (Not Transported);0;None;0;None;0;None;1;1
6;California;61853;3;1;2;0;1;1;0;37;LOS ANGELES (37);1980;LOS ANGELES;4;4;8;August;2019;1;Sunday;1;1:00am-1:59am;35;35;1;This section IS ON the NHS;6;Local Street - Municipality;MISSION RD;SUPREME CT;2;Urban;3;Principal Arterial - Other;98;Not Reported;0;None;34.07649722;34.07649722;-118.1948083;-118.19480833;0;No Special Jurisdiction;14;Parked Motor Vehicle;0;The First Harmful Event was Not a Collision with a Motor Vehicle in Transport;0;No;3;Intersection-Related;3;T-Intersection;0;None;4;On Roadside;3;Dark - Lighted;1;Clear;0;No Additional Atmospheric Conditions;1;Clear;0;No;0;Not Applicable;99;Unknown;99;Unknown;99;Unknown EMS Scene Arrival Hour;99;Unknown EMS Scene Arrival Minutes;99;Unknown;99;Unknown EMS Hospital Arrival Time;0;None;0;None;0;None;1;1
6;California;61854;1;1;0;1;1;1;1;71;SAN BERNARDINO (71);680;CHINO;15;15;2;February;2019;6;Friday;10;10:00am-10:59am;33;33;1;This section IS ON the NHS;6;Local Street - Municipality;RIVERSIDE DR;RESERVOIR AVE;2;Urban;3;Principal Arterial - Other;98;Not Reported;0;None;34.01884722;34.01884722;-117.7316972;-117.73169722;0;No Special Jurisdiction;9;Pedalcyclist;0;The First Harmful Event was Not a Collision with a Motor Vehicle in Transport;0;No;2;Intersection;3;T-Intersection;0;None;1;On Roadway;1;Daylight;1;Clear;0;No Additional Atmospheric Conditions;1;Clear;0;No;0;Not Applicable;99;Unknown;99;Unknown;99;Unknown EMS Scene Arrival Hour;99;Unknown EMS Scene Arrival Minutes;99;Unknown;99;Unknown EMS Hospital Arrival Time;0;None;0;None;0;None;1;0
6;California;61862;1;1;0;1;1;1;1;71;SAN BERNARDINO (71);2550;ONTARIO;23;23;2;February;2019;7;Saturday;21;9:00pm-9:59pm;41;41;1;This section IS ON the NHS;9;Unknown;HOLT BL;CUCAMONGA AVE;2;Urban;3;Principal Arterial - Other;98;Not Reported;0;None;34.0634;34.0634;-117.6319444;-117.63194444;0;No Special Jurisdiction;8;Pedestrian;0;The First Harmful Event was Not a Collision with a Motor Vehicle in Transport;0;No;2;Intersection;3;T-Intersection;0;None;1;On Roadway;3;Dark - Lighted;1;Clear;0;No Additional Atmospheric Conditions;1;Clear;0;No;0;Not Applicable;99;Unknown;99;Unknown;99;Unknown EMS Scene Arrival Hour;99;Unknown EMS Scene Arrival Minutes;99;Unknown;99;Unknown EMS Hospital Arrival Time;0;None;0;None;0;None;1;0
6;California;61865;2;2;0;0;3;3;0;71;SAN BERNARDINO (71);2922;RANCHO CUCAMONGA;13;13;5;May;2019;2;Monday;18;6:00pm-6:59pm;9;9;0;This section IS NOT on the NHS;9;Unknown;CARNELIAN ST;SOMERSET DR;2;Urban;4;Minor Arterial;98;Not Reported;0;None;34.137775;34.137775;-117.6162806;-117.61628056;0;No Special Jurisdiction;12;Motor Vehicle In-Transport;6;Angle;0;No;2;Intersection;3;T-Intersection;0;None;1;On Roadway;1;Daylight;1;Clear;0;No Additional Atmospheric Conditions;1;Clear;0;No;0;Not Applicable;99;Unknown;99;Unknown;99;Unknown EMS Scene Arrival Hour;99;Unknown EMS Scene Arrival Minutes;99;Unknown;99;Unknown EMS Hospital Arrival Time;0;None;0;None;0;None;1;0
6;California;61869;2;2;0;0;4;4;0;35;LASSEN (35);0;NOT APPLICABLE;24;24;8;August;2019;7;Saturday;14;2:00pm-2:59pm;54;54;0;This section IS NOT on the NHS;9;Unknown;CENTER RD;RICE CANYON RD;1;Rural;5;Major Collector;98;Not Reported;0;None;40.2046;40.2046;-120.3023972;-120.30239722;0;No Special Jurisdiction;12;Motor Vehicle In-Transport;6;Angle;0;No;2;Intersection;3;T-Intersection;0;None;1;On Roadway;1;Daylight;1;Clear;0;No Additional Atmospheric Conditions;1;Clear;0;No;0;Not Applicable;99;Unknown;99;Unknown;99;Unknown EMS Scene Arrival Hour;99;Unknown EMS Scene Arrival Minutes;99;Unknown;99;Unknown EMS Hospital Arrival Time;0;None;0;None;0;None;1;0
6;California;61872;2;2;0;0;5;5;0;73;SAN DIEGO (73);0;NOT APPLICABLE;28;28;6;June;2019;6;Friday;18;6:00pm-6:59pm;55;55;0;This section IS NOT on the NHS;3;State Highway;SR-94;SHERIDAN RD;1;Rural;4;Minor Arterial;1;State Highway Agency;0;None;32.63020556;32.63020556;-116.4578639;-116.45786389;0;No Special Jurisdiction;12;Motor Vehicle In-Transport;6;Angle;0;No;2;Intersection;3;T-Intersection;0;None;1;On Roadway;1;Daylight;1;Clear;0;No Additional Atmospheric Conditions;1;Clear;0;No;0;Not Applicable;99;Unknown;99;Unknown;99;Unknown EMS Scene Arrival Hour;99;Unknown EMS Scene Arrival Minutes;99;Unknown;99;Unknown EMS Hospital Arrival Time;0;None;0;None;0;None;1;1
6;California;61885;3;3;0;0;5;5;0;65;RIVERSIDE (65);2116;MENIFEE;10;10;9;September;2019;3;Tuesday;5;5:00am-5:59am;24;24;0;This section IS NOT on the NHS;9;Unknown;ANTELOPE RD;ALBION LN;2;Urban;7;Local;98;Not Reported;0;None;33.67220556;33.67220556;-117.1703472;-117.17034722;0;No Special Jurisdiction;12;Motor Vehicle In-Transport;6;Angle;0;No;2;Intersection;3;T-Intersection;0;None;1;On Roadway;3;Dark - Lighted;10;Cloudy;5;Fog, Smog, Smoke;5;Fog, Smog, Smoke;0;No;0;Not Applicable;99;Unknown;99;Unknown;99;Unknown EMS Scene Arrival Hour;99;Unknown EMS Scene Arrival Minutes;99;Unknown;99;Unknown EMS Hospital Arrival Time;0;None;0;None;0;None;1;0
6;California;61893;2;1;1;0;1;1;0;37;LOS ANGELES (37);1980;LOS ANGELES;10;10;10;October;2019;5;Thursday;15;3:00pm-3:59pm;50;50;1;This section IS ON the NHS;6;Local Street - Municipality;HUNTINGTON DR;TOURMALINE ST;2;Urban;3;Principal Arterial - Other;98;Not Reported;0;None;34.080025;34.080025;-118.1919139;-118.19191389;0;No Special Jurisdiction;33;Curb;0;The First Harmful Event was Not a Collision with a Motor Vehicle in Transport;0;No;3;Intersection-Related;3;T-Intersection;0;None;4;On Roadside;1;Daylight;1;Clear;0;No Additional Atmospheric Conditions;1;Clear;0;No;0;Not Applicable;99;Unknown;99;Unknown;99;Unknown EMS Scene Arrival Hour;99;Unknown EMS Scene Arrival Minutes;88;Not Applicable (Not Transported);88;Not Applicable (Not Transported);0;None;0;None;0;None;1;0
6;California;61902;1;1;0;1;1;1;1;37;LOS ANGELES (37);1980;LOS ANGELES;12;12;10;October;2019;7;Saturday;18;6:00pm-6:59pm;20;20;1;This section IS ON the NHS;9;Unknown;W SUNSET BLVD;CUSTER AVE;2;Urban;3;Principal Arterial - Other;98;Not Reported;0;None;34.06445833;34.06445833;-118.2484583;-118.24845833;0;No Special Jurisdiction;8;Pedestrian;0;The First Harmful Event was Not a Collision with a Motor Vehicle in Transport;0;No;3;Intersection-Related;3;T-Intersection;0;None;1;On Roadway;5;Dusk;1;Clear;0;No Additional Atmospheric Conditions;1;Clear;0;No;0;Not Applicable;99;Unknown;99;Unknown;99;Unknown EMS Scene Arrival Hour;99;Unknown EMS Scene Arrival Minutes;99;Unknown;99;Unknown EMS Hospital Arrival Time;0;None;0;None;0;None;1;0
6;California;61903;2;2;0;0;2;2;0;71;SAN BERNARDINO (71);2922;RANCHO CUCAMONGA;15;15;5;May;2019;4;Wednesday;15;3:00pm-3:59pm;25;25;0;This section IS NOT on the NHS;9;Unknown;ARROW RTE;MADRONE AV;2;Urban;4;Minor Arterial;98;Not Reported;0;None;34.09937778;34.09937778;-117.6175778;-117.61757778;0;No Special Jurisdiction;12;Motor Vehicle In-Transport;6;Angle;0;No;2;Intersection;3;T-Intersection;0;None;1;On Roadway;1;Daylight;1;Clear;0;No Additional Atmospheric Conditions;1;Clear;0;No;0;Not Applicable;99;Unknown;99;Unknown;99;Unknown EMS Scene Arrival Hour;99;Unknown EMS Scene Arrival Minutes;99;Unknown;99;Unknown EMS Hospital Arrival Time;0;None;0;None;0;None;1;0
6;California;61906;1;1;0;1;1;1;1;65;RIVERSIDE (65);2650;GARNET;25;25;9;September;2019;4;Wednesday;8;8:00am-8:59am;57;57;0;This section IS NOT on the NHS;9;Unknown;PALM CANYON DR;CALLE ROLPH;2;Urban;4;Minor Arterial;98;Not Reported;0;None;33.80140833;33.80140833;-116.5300028;-116.53000278;0;No Special Jurisdiction;8;Pedestrian;0;The First Harmful Event was Not a Collision with a Motor Vehicle in Transport;0;No;2;Intersection;3;T-Intersection;0;None;1;On Roadway;1;Daylight;1;Clear;0;No Additional Atmospheric Conditions;1;Clear;0;No;0;Not Applicable;99;Unknown;99;Unknown;99;Unknown EMS Scene Arrival Hour;99;Unknown EMS Scene Arrival Minutes;99;Unknown;99;Unknown EMS Hospital Arrival Time;0;None;0;None;0;None;1;0
6;California;61926;2;2;0;0;2;2;0;37;LOS ANGELES (37);1700;INGLEWOOD;25;25;5;May;2019;7;Saturday;18;6:00pm-6:59pm;14;14;1;This section IS ON the NHS;9;Unknown;CENTINELA AVE;CEDAR ST;2;Urban;3;Principal Arterial - Other;98;Not Reported;0;None;33.97686111;33.97686111;-118.3650444;-118.36504444;0;No Special Jurisdiction;1;Rollover/Overturn;0;The First Harmful Event was Not a Collision with a Motor Vehicle in Transport;0;No;2;Intersection;3;T-Intersection;0;None;1;On Roadway;1;Daylight;1;Clear;0;No Additional Atmospheric Conditions;1;Clear;0;No;0;Not Applicable;99;Unknown;99;Unknown;99;Unknown EMS Scene Arrival Hour;99;Unknown EMS Scene Arrival Minutes;99;Unknown;99;Unknown EMS Hospital Arrival Time;0;None;0;None;0;None;1;0
6;California;61935;1;1;0;0;1;1;0;77;SAN JOAQUIN (77);0;NOT APPLICABLE;12;12;10;October;2019;7;Saturday;19;7:00pm-7:59pm;25;25;0;This section IS NOT on the NHS;9;Unknown;CARTER RD;ESCALON BELLOTA RD;1;Rural;5;Major Collector;98;Not Reported;0;None;37.88644722;37.88644722;-120.999725;-120.999725;0;No Special Jurisdiction;59;Traffic Sign Support;0;The First Harmful Event was Not a Collision with a Motor Vehicle in Transport;0;No;3;Intersection-Related;3;T-Intersection;0;None;4;On Roadside;3;Dark - Lighted;1;Clear;0;No Additional Atmospheric Conditions;1;Clear;0;No;0;Not Applicable;99;Unknown;99;Unknown;99;Unknown EMS Scene Arrival Hour;99;Unknown EMS Scene Arrival Minutes;88;Not Applicable (Not Transported);88;Not Applicable (Not Transported);0;None;0;None;0;None;1;1
6;California;61947;1;1;0;0;1;1;0;29;KERN (29);0;NOT APPLICABLE;6;6;7;July;2019;7;Saturday;23;11:00pm-11:59pm;15;15;0;This section IS NOT on the NHS;9;Unknown;DAWN RD;SIERRA HIGHWAY;1;Rural;7;Local;98;Not Reported;0;None;34.90831389;34.90831389;-118.15285;-118.15285;0;No Special Jurisdiction;5;Fell/Jumped from Vehicle;0;The First Harmful Event was Not a Collision with a Motor Vehicle in Transport;0;No;2;Intersection;3;T-Intersection;0;None;1;On Roadway;2;Dark - Not Lighted;1;Clear;0;No Additional Atmospheric Conditions;1;Clear;0;No;0;Not Applicable;99;Unknown;99;Unknown;99;Unknown EMS Scene Arrival Hour;99;Unknown EMS Scene Arrival Minutes;88;Not Applicable (Not Transported);88;Not Applicable (Not Transported);4;No or Obscured Pavement Marking;0;None;0;None;1;1
6;California;61952;3;3;0;0;5;5;0;11;COLUSA (11);0;NOT APPLICABLE;10;10;10;October;2019;5;Thursday;14;2:00pm-2:59pm;20;20;1;This section IS ON the NHS;3;State Highway;SR-20;SR-16;1;Rural;3;Principal Arterial - Other;1;State Highway Agency;0;None;39.01304722;39.01304722;-122.3588583;-122.35885833;0;No Special Jurisdiction;12;Motor Vehicle In-Transport;6;Angle;0;No;2;Intersection;3;T-Intersection;0;None;1;On Roadway;1;Daylight;1;Clear;0;No Additional Atmospheric Conditions;1;Clear;0;No;0;Not Applicable;99;Unknown;99;Unknown;99;Unknown EMS Scene Arrival Hour;99;Unknown EMS Scene Arrival Minutes;99;Unknown;99;Unknown EMS Hospital Arrival Time;0;None;0;None;0;None;2;0
6;California;61958;6;1;5;1;1;1;1;65;RIVERSIDE (65);290;BEAUMONT;19;19;7;July;2019;6;Friday;10;10:00am-10:59am;23;23;1;This section IS ON the NHS;1;Interstate;I-10 RAMP;BEAUMONT AVE;2;Urban;1;Interstate;1;State Highway Agency;76;76;33.92754444;33.92754444;-116.977225;-116.977225;0;No Special Jurisdiction;33;Curb;0;The First Harmful Event was Not a Collision with a Motor Vehicle in Transport;1;Yes;3;Intersection-Related;3;T-Intersection;0;None;4;On Roadside;1;Daylight;1;Clear;0;No Additional Atmospheric Conditions;1;Clear;0;No;0;Not Applicable;99;Unknown;99;Unknown;99;Unknown EMS Scene Arrival Hour;99;Unknown EMS Scene Arrival Minutes;99;Unknown;99;Unknown EMS Hospital Arrival Time;0;None;0;None;0;None;1;0
6;California;61961;1;1;0;1;1;1;1;37;LOS ANGELES (37);810;COMPTON;31;31;7;July;2019;4;Wednesday;23;11:00pm-11:59pm;30;30;1;This section IS ON the NHS;9;Unknown;LONG BEACH BLVD;SCHINER ST;2;Urban;3;Principal Arterial - Other;98;Not Reported;0;None;33.88379722;33.88379722;-118.2055972;-118.20559722;0;No Special Jurisdiction;8;Pedestrian;0;The First Harmful Event was Not a Collision with a Motor Vehicle in Transport;0;No;3;Intersection-Related;3;T-Intersection;0;None;1;On Roadway;3;Dark - Lighted;1;Clear;0;No Additional Atmospheric Conditions;1;Clear;0;No;0;Not Applicable;99;Unknown;99;Unknown;99;Unknown EMS Scene Arrival Hour;99;Unknown EMS Scene Arrival Minutes;88;Not Applicable (Not Transported);88;Not Applicable (Not Transported);0;None;0;None;0;None;1;0
6;California;61966;2;2;0;0;4;4;0;73;SAN DIEGO (73);0;NOT APPLICABLE;19;19;10;October;2019;7;Saturday;18;6:00pm-6:59pm;15;15;0;This section IS NOT on the NHS;3;State Highway;SR-76;SWEETGRASS LN;1;Rural;4;Minor Arterial;1;State Highway Agency;130;130;33.29973889;33.29973889;-117.2180444;-117.21804444;0;No Special Jurisdiction;1;Rollover/Overturn;0;The First Harmful Event was Not a Collision with a Motor Vehicle in Transport;0;No;2;Intersection;3;T-Intersection;0;None;1;On Roadway;5;Dusk;1;Clear;0;No Additional Atmospheric Conditions;1;Clear;0;No;0;Not Applicable;99;Unknown;99;Unknown;99;Unknown EMS Scene Arrival Hour;99;Unknown EMS Scene Arrival Minutes;99;Unknown;99;Unknown EMS Hospital Arrival Time;0;None;0;None;0;None;1;1
6;California;61973;1;1;0;1;1;1;1;73;SAN DIEGO (73);1685;IMPERIAL BEACH;11;11;8;August;2019;1;Sunday;20;8:00pm-8:59pm;10;10;0;This section IS NOT on the NHS;9;Unknown;IMPERIAL BEACH BLVD;12TH ST;2;Urban;4;Minor Arterial;98;Not Reported;0;None;32.57653611;32.57653611;-117.1078361;-117.10783611;0;No Special Jurisdiction;8;Pedestrian;0;The First Harmful Event was Not a Collision with a Motor Vehicle in Transport;0;No;2;Intersection;3;T-Intersection;0;None;1;On Roadway;3;Dark - Lighted;1;Clear;0;No Additional Atmospheric Conditions;1;Clear;0;No;0;Not Applicable;99;Unknown;99;Unknown;99;Unknown EMS Scene Arrival Hour;99;Unknown EMS Scene Arrival Minutes;99;Unknown;99;Unknown EMS Hospital Arrival Time;0;None;0;None;0;None;1;0
6;California;61985;3;3;0;0;5;5;0;93;SISKIYOU (93);0;NOT APPLICABLE;20;20;6;June;2019;5;Thursday;10;10:00am-10:59am;38;38;1;This section IS ON the NHS;2;U.S. Highway;US-97;SOLUS DR;1;Rural;2;Principal Arterial - Other Freeways and Expressways;1;State Highway Agency;40;40;41.46593611;41.46593611;-122.3540972;-122.35409722;0;No Special Jurisdiction;12;Motor Vehicle In-Transport;1;Front-to-Rear;0;No;3;Intersection-Related;3;T-Intersection;0;None;1;On Roadway;1;Daylight;1;Clear;0;No Additional Atmospheric Conditions;1;Clear;0;No;0;Not Applicable;99;Unknown;99;Unknown;99;Unknown EMS Scene Arrival Hour;99;Unknown EMS Scene Arrival Minutes;88;Not Applicable (Not Transported);88;Not Applicable (Not Transported);14;Motor Vehicle struck by falling cargo,or something that came loose from or something that was set in motion by a vehicle;0;None;0;None;2;0
6;California;61989;2;2;0;0;2;2;0;37;LOS ANGELES (37);3455;SANTA FE SPRINGS;4;4;10;October;2019;6;Friday;12;12:00pm-12:59pm;3;3;1;This section IS ON the NHS;9;Unknown;CARMENITA RD;CAMBRIDGE ST;2;Urban;3;Principal Arterial - Other;98;Not Reported;0;None;33.90652778;33.90652778;-118.046675;-118.046675;0;No Special Jurisdiction;12;Motor Vehicle In-Transport;6;Angle;0;No;2;Intersection;3;T-Intersection;0;None;1;On Roadway;1;Daylight;1;Clear;0;No Additional Atmospheric Conditions;1;Clear;0;No;0;Not Applicable;99;Unknown;99;Unknown;99;Unknown EMS Scene Arrival Hour;99;Unknown EMS Scene Arrival Minutes;88;Not Applicable (Not Transported);88;Not Applicable (Not Transported);0;None;0;None;0;None;1;0
6;California;62018;1;1;0;1;1;1;1;67;SACRAMENTO (67);0;NOT APPLICABLE;8;8;7;July;2019;2;Monday;21;9:00pm-9:59pm;26;26;1;This section IS ON the NHS;4;County Road;CR-POWER INN RD;JUDETTE AVE;2;Urban;3;Principal Arterial - Other;2;County Highway Agency;0;None;38.48952222;38.48952222;-121.4088417;-121.40884167;0;No Special Jurisdiction;8;Pedestrian;0;The First Harmful Event was Not a Collision with a Motor Vehicle in Transport;0;No;3;Intersection-Related;3;T-Intersection;0;None;1;On Roadway;3;Dark - Lighted;1;Clear;0;No Additional Atmospheric Conditions;1;Clear;0;No;0;Not Applicable;99;Unknown;99;Unknown;99;Unknown EMS Scene Arrival Hour;99;Unknown EMS Scene Arrival Minutes;88;Not Applicable (Not Transported);88;Not Applicable (Not Transported);0;None;0;None;0;None;1;0
6;California;62023;2;2;0;0;2;2;0;47;MERCED (47);0;NOT APPLICABLE;1;1;8;August;2019;5;Thursday;5;5:00am-5:59am;49;49;0;This section IS NOT on the NHS;9;Unknown;VINCENT RD;LINWOOD AVE;1;Rural;7;Local;98;Not Reported;0;None;37.47775;37.47775;-120.7759944;-120.77599444;0;No Special Jurisdiction;12;Motor Vehicle In-Transport;1;Front-to-Rear;0;No;3;Intersection-Related;3;T-Intersection;0;None;1;On Roadway;1;Daylight;1;Clear;0;No Additional Atmospheric Conditions;1;Clear;0;No;0;Not Applicable;99;Unknown;99;Unknown;99;Unknown EMS Scene Arrival Hour;99;Unknown EMS Scene Arrival Minutes;99;Unknown;99;Unknown EMS Hospital Arrival Time;0;None;0;None;0;None;1;0
6;California;62030;2;2;0;0;2;2;0;61;PLACER (61);0;NOT APPLICABLE;15;15;8;August;2019;5;Thursday;20;8:00pm-8:59pm;10;10;0;This section IS NOT on the NHS;9;Unknown;PLACER HILLS RD;CROTHER RD;1;Rural;5;Major Collector;98;Not Reported;0;None;39.01517778;39.01517778;-121.0040194;-121.00401944;0;No Special Jurisdiction;12;Motor Vehicle In-Transport;8;Sideswipe - Opposite Direction;0;No;2;Intersection;3;T-Intersection;0;None;1;On Roadway;2;Dark - Not Lighted;1;Clear;0;No Additional Atmospheric Conditions;1;Clear;0;No;0;Not Applicable;99;Unknown;99;Unknown;99;Unknown EMS Scene Arrival Hour;99;Unknown EMS Scene Arrival Minutes;88;Not Applicable (Not Transported);88;Not Applicable (Not Transported);0;None;0;None;0;None;1;1
6;California;62056;2;1;1;0;1;1;0;73;SAN DIEGO (73);0;NOT APPLICABLE;2;2;9;September;2019;2;Monday;6;6:00am-6:59am;55;55;1;This section IS ON the NHS;9;Unknown;WINTER GARDENS BLVD;WINTER GARDENS DR;2;Urban;3;Principal Arterial - Other;1;State Highway Agency;189;189;32.82806389;32.82806389;-116.93345;-116.93345;0;No Special Jurisdiction;17;Boulder;0;The First Harmful Event was Not a Collision with a Motor Vehicle in Transport;0;No;3;Intersection-Related;3;T-Intersection;0;None;4;On Roadside;1;Daylight;1;Clear;0;No Additional Atmospheric Conditions;1;Clear;0;No;0;Not Applicable;99;Unknown;99;Unknown;99;Unknown EMS Scene Arrival Hour;99;Unknown EMS Scene Arrival Minutes;99;Unknown;99;Unknown EMS Hospital Arrival Time;14;Motor Vehicle struck by falling cargo,or something that came loose from or something that was set in motion by a vehicle;0;None;0;None;1;0