STATE;STATENAME;ST_CASE;VE_TOTAL;VE_FORMS;PVH_INVL;PEDS;PERSONS;PERMVIT;PERNOTMVIT;COUNTY;COUNTYNAME;CITY;CITYNAME;DAY;DAYNAME;MONTH;MONTHNAME;YEAR;DAY_WEEK;DAY_WEEKNAME;HOUR;HOURNAME;MINUTE;MINUTENAME;NHS;NHSNAME;ROUTE;ROUTENAME;TWAY_ID;TWAY_ID2;RUR_URB;RUR_URBNAME;FUNC_SYS;FUNC_SYSNAME;RD_OWNER;RD_OWNERNAME;MILEPT;MILEPTNAME;LATITUDE;LATITUDENAME;LONGITUD;LONGITUDNAME;SP_JUR;SP_JURNAME;HARM_EV;HARM_EVNAME;MAN_COLL;MAN_COLLNAME;RELJCT1;RELJCT1NAME;RELJCT2;RELJCT2NAME;TYP_INT;TYP_INTNAME;WRK_ZONE;WRK_ZONENAME;REL_ROAD;REL_ROADNAME;LGT_COND;LGT_CONDNAME;WEATHER1;WEATHER1NAME;WEATHER2;WEATHER2NAME;WEATHER;WEATHERNAME;SCH_BUS;SCH_BUSNAME;RAIL;RAILNAME;NOT_HOUR;NOT_HOURNAME;NOT_MIN;NOT_MINNAME;ARR_HOUR;ARR_HOURNAME;ARR_MIN;ARR_MINNAME;HOSP_HR;HOSP_HRNAME;HOSP_MN;HOSP_MNNAME;CF1;CF1NAME;CF2;CF2NAME;CF3;CF3NAME;FATALS;DRUNK_DR
6;California;62062;1;1;0;1;1;1;1;73;SAN DIEGO (73);3260;SAN DIEGO;11;11;10;October;2019;6;Friday;4;4:00am-4:59am;55;55;1;This section IS ON the NHS;9;Unknown;EL CAJON BL;60TH ST;2;Urban;3;Principal Arterial - Other;98;Not Reported;0;None;32.76083056;32.76083056;-117.0681167;-117.06811667;0;No Special Jurisdiction;8;Pedestrian;0;The First Harmful Event was Not a Collision with a Motor Vehicle in Transport;0;No;3;Intersection-Related;3;T-Intersection;0;None;1;On Roadway;1;Daylight;1;Clear;0;No Additional Atmospheric Conditions;1;Clear;0;No;0;Not Applicable;99;Unknown;99;Unknown;99;Unknown EMS Scene Arrival Hour;99;Unknown EMS Scene Arrival Minutes;99;Unknown;99;Unknown EMS Hospital Arrival Time;0;None;0;None;0;None;1;0
6;California;62079;1;1;0;1;2;2;1;67;SACRAMENTO (67);3150;SACRAMENTO;23;23;10;October;2019;4;Wednesday;6;6:00am-6:59am;50;50;0;This section IS NOT on the NHS;9;Unknown;14TH AVE;DON MERLINO CT;2;Urban;4;Minor Arterial;98;Not Reported;0;None;38.53962778;38.53962778;-121.4200806;-121.42008056;0;No Special Jurisdiction;8;Pedestrian;0;The First Harmful Event was Not a Collision with a Motor Vehicle in Transport;0;No;2;Intersection;3;T-Intersection;0;None;1;On Roadway;3;Dark - Lighted;1;Clear;0;No Additional Atmospheric Conditions;1;Clear;0;No;0;Not Applicable;99;Unknown;99;Unknown;99;Unknown EMS Scene Arrival Hour;99;Unknown EMS Scene Arrival Minutes;99;Unknown;99;Unknown EMS Hospital Arrival Time;0;None;0;None;0;None;1;0
6;California;62080;1;1;0;1;1;1;1;71;SAN BERNARDINO (71);4040;VICTORVILLE;19;19;7;July;2019;6;Friday;23;11:00pm-11:59pm;44;44;0;This section IS NOT on the NHS;9;Unknown;AMARGOSA RD;LUNA RD;2;Urban;4;Minor Arterial;98;Not Reported;394;394;34.49220278;34.49220278;-117.3315083;-117.33150833;0;No Special Jurisdiction;8;Pedestrian;0;The First Harmful Event was Not a Collision with a Motor Vehicle in Transport;0;No;3;Intersection-Related;3;T-Intersection;0;None;1;On Roadway;3;Dark - Lighted;1;Clear;0;No Additional Atmospheric Conditions;1;Clear;0;No;0;Not Applicable;99;Unknown;99;Unknown;99;Unknown EMS Scene Arrival Hour;99;Unknown EMS Scene Arrival Minutes;88;Not Applicable (Not Transported);88;Not Applicable (Not Transported);0;None;0;None;0;None;1;0
6;California;62082;1;1;0;0;1;1;0;71;SAN BERNARDINO (71);1305;FONTANA;19;19;7;July;2019;6;Friday;3;3:00am-3:59am;2;2;1;This section IS ON the NHS;9;Unknown;SIERRA AV;REED ST;2;Urban;3;Principal Arterial - Other;98;Not Reported;0;None;34.10941667;34.10941667;-117.4358194;-117.43581944;0;No Special Jurisdiction;33;Curb;0;The First Harmful Event was Not a Collision with a Motor Vehicle in Transport;0;No;3;Intersection-Related;3;T-Intersection;0;None;4;On Roadside;3;Dark - Lighted;1;Clear;0;No Additional Atmospheric Conditions;1;Clear;0;No;0;Not Applicable;99;Unknown;99;Unknown;99;Unknown EMS Scene Arrival Hour;99;Unknown EMS Scene Arrival Minutes;88;Not Applicable (Not Transported);88;Not Applicable (Not Transported);0;None;0;None;0;None;1;1
6;California;62093;2;2;0;0;3;3;0;37;LOS ANGELES (37);2645;PALMDALE;21;21;6;June;2019;6;Friday;10;10:00am-10:59am;30;30;0;This section IS NOT on the NHS;9;Unknown;10TH ST W;AVENUE M-14;2;Urban;4;Minor Arterial;98;Not Reported;0;None;34.63302222;34.63302222;-118.1477056;-118.14770556;0;No Special Jurisdiction;12;Motor Vehicle In-Transport;6;Angle;0;No;2;Intersection;3;T-Intersection;0;None;1;On Roadway;1;Daylight;1;Clear;0;No Additional Atmospheric Conditions;1;Clear;0;No;0;Not Applicable;99;Unknown;99;Unknown;99;Unknown EMS Scene Arrival Hour;99;Unknown EMS Scene Arrival Minutes;99;Unknown;99;Unknown EMS Hospital Arrival Time;0;None;0;None;0;None;1;0
6;California;62098;2;2;0;0;2;2;0;33;LAKE (33);0;NOT APPLICABLE;9;9;11;November;2019;7;Saturday;17;5:00pm-5:59pm;44;44;1;This section IS ON the NHS;3;State Highway;SR-29;MAIN ST;1;Rural;3;Principal Arterial - Other;1;State Highway Agency;346;346;38.97110556;38.97110556;-122.8303639;-122.83036389;0;No Special Jurisdiction;12;Motor Vehicle In-Transport;6;Angle;0;No;2;Intersection;3;T-Intersection;0;None;1;On Roadway;2;Dark - Not Lighted;1;Clear;0;No Additional Atmospheric Conditions;1;Clear;0;No;0;Not Applicable;99;Unknown;99;Unknown;99;Unknown EMS Scene Arrival Hour;99;Unknown EMS Scene Arrival Minutes;88;Not Applicable (Not Transported);88;Not Applicable (Not Transported);0;None;0;None;0;None;1;0
6;California;62100;1;1;0;1;1;1;1;101;SUTTER (101);4280;YUBA CITY;7;7;10;October;2019;2;Monday;8;8:00am-8:59am;9;9;0;This section IS NOT on the NHS;9;Unknown;FRANKLIN RD;LYNDSEY LANE;2;Urban;4;Minor Arterial;98;Not Reported;0;None;39.12706944;39.12706944;-121.6795333;-121.67953333;0;No Special Jurisdiction;8;Pedestrian;0;The First Harmful Event was Not a Collision with a Motor Vehicle in Transport;0;No;2;Intersection;3;T-Intersection;0;None;1;On Roadway;1;Daylight;1;Clear;0;No Additional Atmospheric Conditions;1;Clear;0;No;0;Not Applicable;99;Unknown;99;Unknown;99;Unknown EMS Scene Arrival Hour;99;Unknown EMS Scene Arrival Minutes;99;Unknown;99;Unknown EMS Hospital Arrival Time;0;None;0;None;0;None;1;1
6;California;62105;2;2;0;0;2;2;0;85;SANTA CLARA (85);3340;SAN JOSE;12;12;6;June;2019;4;Wednesday;14;2:00pm-2:59pm;6;6;0;This section IS NOT on the NHS;9;Unknown;YERBA BUENA RD;SILVER CREEK RD;2;Urban;4;Minor Arterial;98;Not Reported;0;None;37.29981111;37.29981111;-121.8027861;-121.80278611;0;No Special Jurisdiction;33;Curb;0;The First Harmful Event was Not a Collision with a Motor Vehicle in Transport;0;No;3;Intersection-Related;3;T-Intersection;0;None;4;On Roadside;1;Daylight;1;Clear;0;No Additional Atmospheric Conditions;1;Clear;0;No;0;Not Applicable;99;Unknown;99;Unknown;99;Unknown EMS Scene Arrival Hour;99;Unknown EMS Scene Arrival Minutes;99;Unknown;99;Unknown EMS Hospital Arrival Time;0;None;0;None;0;None;1;1
6;California;62125;1;1;0;1;1;1;1;37;LOS ANGELES (37);0;NOT APPLICABLE;16;16;4;April;2019;3;Tuesday;22;10:00pm-10:59pm;0;0;1;This section IS ON the NHS;9;Unknown;WHITTIER BL;FRASER AVE;2;Urban;3;Principal Arterial - Other;98;Not Reported;0;None;34.02124444;34.02124444;-118.1611889;-118.16118889;0;No Special Jurisdiction;8;Pedestrian;0;The First Harmful Event was Not a Collision with a Motor Vehicle in Transport;0;No;3;Intersection-Related;3;T-Intersection;0;None;1;On Roadway;3;Dark - Lighted;1;Clear;0;No Additional Atmospheric Conditions;1;Clear;0;No;0;Not Applicable;99;Unknown;99;Unknown;99;Unknown EMS Scene Arrival Hour;99;Unknown EMS Scene Arrival Minutes;99;Unknown;99;Unknown EMS Hospital Arrival Time;0;None;0;None;0;None;1;0
6;California;62130;1;1;0;0;1;1;0;13;CONTRA COSTA (13);0;NOT APPLICABLE;26;26;9;September;2019;5;Thursday;6;6:00am-6:59am;0;0;0;This section IS NOT on the NHS;9;Unknown;KIRKER PASS;HESS RD;1;Rural;3;Principal Arterial - Other;98;Not Reported;0;None;37.96218056;37.96218056;-121.9297667;-121.92976667;0;No Special Jurisdiction;25;Concrete Traffic Barrier;0;The First Harmful Event was Not a Collision with a Motor Vehicle in Transport;0;No;3;Intersection-Related;3;T-Intersection;1;Construction;4;On Roadside;2;Dark - Not Lighted;1;Clear;0;No Additional Atmospheric Conditions;1;Clear;0;No;0;Not Applicable;99;Unknown;99;Unknown;99;Unknown EMS Scene Arrival Hour;99;Unknown EMS Scene Arrival Minutes;99;Unknown;99;Unknown EMS Hospital Arrival Time;0;None;0;None;0;None;1;0
6;California;62153;1;1;0;0;1;1;0;89;SHASTA (89);3605;SHASTA;12;12;9;September;2019;5;Thursday;19;7:00pm-7:59pm;8;8;0;This section IS NOT on the NHS;9;Unknown;HARTNELL AVE;SHOTWICK TRAIL;2;Urban;4;Minor Arterial;98;Not Reported;0;None;40.56445;40.56445;-122.3675833;-122.36758333;0;No Special Jurisdiction;31;Post, Pole or Other Supports;0;The First Harmful Event was Not a Collision with a Motor Vehicle in Transport;0;No;3;Intersection-Related;3;T-Intersection;0;None;4;On Roadside;1;Daylight;1;Clear;0;No Additional Atmospheric Conditions;1;Clear;0;No;0;Not Applicable;99;Unknown;99;Unknown;99;Unknown EMS Scene Arrival Hour;99;Unknown EMS Scene Arrival Minutes;99;Unknown;99;Unknown EMS Hospital Arrival Time;0;None;0;None;0;None;1;1
6;California;62163;1;1;0;0;2;2;0;13;CONTRA COSTA (13);2790;PITTSBURG;30;30;8;August;2019;6;Friday;23;11:00pm-11:59pm;45;45;1;This section IS ON the NHS;9;Unknown;W LELAND RD;WOODHILL DR;2;Urban;3;Principal Arterial - Other;98;Not Reported;0;None;38.01656944;38.01656944;-121.9520194;-121.95201944;0;No Special Jurisdiction;33;Curb;0;The First Harmful Event was Not a Collision with a Motor Vehicle in Transport;0;No;3;Intersection-Related;3;T-Intersection;0;None;3;On Median;3;Dark - Lighted;1;Clear;0;No Additional Atmospheric Conditions;1;Clear;0;No;0;Not Applicable;99;Unknown;99;Unknown;99;Unknown EMS Scene Arrival Hour;99;Unknown EMS Scene Arrival Minutes;88;Not Applicable (Not Transported);88;Not Applicable (Not Transported);0;None;0;None;0;None;1;1
6;California;62177;2;2;0;0;2;2;0;77;SAN JOAQUIN (77);0;NOT APPLICABLE;21;21;9;September;2019;7;Saturday;19;7:00pm-7:59pm;50;50;0;This section IS NOT on the NHS;9;Unknown;SANGUINETTI LN;JERSEY ST;1;Rural;5;Major Collector;98;Not Reported;0;None;37.98031389;37.98031389;-121.2701139;-121.27011389;0;No Special Jurisdiction;12;Motor Vehicle In-Transport;1;Front-to-Rear;0;No;3;Intersection-Related;3;T-Intersection;0;None;1;On Roadway;3;Dark - Lighted;1;Clear;0;No Additional Atmospheric Conditions;1;Clear;0;No;0;Not Applicable;99;Unknown;99;Unknown;99;Unknown EMS Scene Arrival Hour;99;Unknown EMS Scene Arrival Minutes;99;Unknown;99;Unknown EMS Hospital Arrival Time;14;Motor Vehicle struck by falling cargo,or something that came loose from or something that was set in motion by a vehicle;0;None;0;None;1;1
6;California;62200;1;1;0;1;1;1;1;71;SAN BERNARDINO (71);0;NOT APPLICABLE;9;9;11;November;2019;7;Saturday;18;6:00pm-6:59pm;50;50;1;This section IS ON the NHS;3;State Highway;SR-62;LANNING LN;1;Rural;3;Principal Arterial - Other;1;State Highway Agency;42;42;34.07628611;34.07628611;-116.5415194;-116.54151944;0;No Special Jurisdiction;8;Pedestrian;0;The First Harmful Event was Not a Collision with a Motor Vehicle in Transport;0;No;2;Intersection;3;T-Intersection;0;None;1;On Roadway;3;Dark - Lighted;1;Clear;0;No Additional Atmospheric Conditions;1;Clear;0;No;0;Not Applicable;99;Unknown;99;Unknown;99;Unknown EMS Scene Arrival Hour;99;Unknown EMS Scene Arrival Minutes;99;Unknown;99;Unknown EMS Hospital Arrival Time;0;None;0;None;0;None;1;0
6;California;62201;2;2;0;0;3;3;0;45;MENDOCINO (45);0;NOT APPLICABLE;17;17;9;September;2019;3;Tuesday;19;7:00pm-7:59pm;37;37;0;This section IS NOT on the NHS;9;Unknown;FOOTHILL BL;CRAWFORD RD;1;Rural;7;Local;98;Not Reported;0;None;39.795075;39.795075;-123.2725306;-123.27253056;0;No Special Jurisdiction;12;Motor Vehicle In-Transport;2;Front-to-Front;0;No;3;Intersection-Related;3;T-Intersection;0;None;1;On Roadway;5;Dusk;10;Cloudy;0;No Additional Atmospheric Conditions;10;Cloudy;0;No;0;Not Applicable;99;Unknown;99;Unknown;99;Unknown EMS Scene Arrival Hour;99;Unknown EMS Scene Arrival Minutes;88;Not Applicable (Not Transported);88;Not Applicable (Not Transported);0;None;0;None;0;None;1;1
6;California;62213;2;2;0;0;2;2;0;13;CONTRA COSTA (13);460;BRENTWOOD;5;5;9;September;2019;5;Thursday;12;12:00pm-12:59pm;9;9;1;This section IS ON the NHS;3;State Highway;SR-4 RAMP CA DELTA HWY;BALFOUR RD;2;Urban;2;Principal Arterial - Other Freeways and Expressways;1;State Highway Agency;356;356;37.92535278;37.92535278;-121.7333222;-121.73332222;0;No Special Jurisdiction;12;Motor Vehicle In-Transport;6;Angle;1;Yes;2;Intersection;3;T-Intersection;0;None;1;On Roadway;1;Daylight;1;Clear;0;No Additional Atmospheric Conditions;1;Clear;0;No;0;Not Applicable;99;Unknown;99;Unknown;99;Unknown EMS Scene Arrival Hour;99;Unknown EMS Scene Arrival Minutes;99;Unknown;99;Unknown EMS Hospital Arrival Time;0;None;0;None;0;None;1;0
6;California;62218;2;2;0;0;4;4;0;37;LOS ANGELES (37);3445;SANTA CLARITA;31;31;10;October;2019;5;Thursday;22;10:00pm-10:59pm;30;30;0;This section IS NOT on the NHS;9;Unknown;WHITES CANYON RD;ASHBORO DR;2;Urban;4;Minor Arterial;98;Not Reported;0;None;34.43696111;34.43696111;-118.477625;-118.477625;0;No Special Jurisdiction;12;Motor Vehicle In-Transport;6;Angle;0;No;2;Intersection;3;T-Intersection;0;None;1;On Roadway;3;Dark - Lighted;1;Clear;0;No Additional Atmospheric Conditions;1;Clear;0;No;0;Not Applicable;99;Unknown;99;Unknown;99;Unknown EMS Scene Arrival Hour;99;Unknown EMS Scene Arrival Minutes;99;Unknown;99;Unknown EMS Hospital Arrival Time;0;None;0;None;0;None;1;1
6;California;62230;2;2;0;0;3;3;0;37;LOS ANGELES (37);1840;LANCASTER;14;14;11;November;2019;5;Thursday;12;12:00pm-12:59pm;26;26;0;This section IS NOT on the NHS;9;Unknown;60TH ST WEST;AVENUE F;1;Rural;4;Minor Arterial;98;Not Reported;0;None;34.74757222;34.74757222;-118.2371611;-118.23716111;0;No Special Jurisdiction;12;Motor Vehicle In-Transport;6;Angle;0;No;2;Intersection;3;T-Intersection;0;None;1;On Roadway;1;Daylight;10;Cloudy;0;No Additional Atmospheric Conditions;10;Cloudy;0;No;0;Not Applicable;99;Unknown;99;Unknown;99;Unknown EMS Scene Arrival Hour;99;Unknown EMS Scene Arrival Minutes;99;Unknown;99;Unknown EMS Hospital Arrival Time;0;None;0;None;0;None;1;0
6;California;62235;1;1;0;0;1;1;0;71;SAN BERNARDINO (71);0;NOT APPLICABLE;8;8;12;December;2019;1;Sunday;13;1:00pm-1:59pm;36;36;0;This section IS NOT on the NHS;9;Unknown;SHEEP CREEK RD;SR-138;1;Rural;5;Major Collector;1;State Highway Agency;57;57;34.40283333;34.40283333;-117.5788417;-117.57884167;0;No Special Jurisdiction;58;Ground;0;The First Harmful Event was Not a Collision with a Motor Vehicle in Transport;0;No;3;Intersection-Related;3;T-Intersection;0;None;4;On Roadside;1;Daylight;2;Rain;0;No Additional Atmospheric Conditions;2;Rain;0;No;0;Not Applicable;99;Unknown;99;Unknown;99;Unknown EMS Scene Arrival Hour;99;Unknown EMS Scene Arrival Minutes;88;Not Applicable (Not Transported);88;Not Applicable (Not Transported);0;None;0;None;0;None;1;0
6;California;62247;1;1;0;1;1;1;1;1;ALAMEDA (1);1560;HAYWARD;1;1;7;July;2019;2;Monday;22;10:00pm-10:59pm;1;1;0;This section IS NOT on the NHS;9;Unknown;HARDER RD;FRANKLIN RD;2;Urban;4;Minor Arterial;98;Not Reported;0;None;37.64958889;37.64958889;-122.0752472;-122.07524722;0;No Special Jurisdiction;8;Pedestrian;0;The First Harmful Event was Not a Collision with a Motor Vehicle in Transport;0;No;3;Intersection-Related;3;T-Intersection;0;None;1;On Roadway;3;Dark - Lighted;1;Clear;0;No Additional Atmospheric Conditions;1;Clear;0;No;0;Not Applicable;99;Unknown;99;Unknown;99;Unknown EMS Scene Arrival Hour;99;Unknown EMS Scene Arrival Minutes;99;Unknown;99;Unknown EMS Hospital Arrival Time;0;None;0;None;0;None;1;0
6;California;62249;1;1;0;1;2;2;1;67;SACRAMENTO (67);0;NOT APPLICABLE;30;30;9;September;2019;2;Monday;0;0:00am-0:59am;15;15;1;This section IS ON the NHS;9;Unknown;CALVINE RD;HARDESTER DR;2;Urban;3;Principal Arterial - Other;98;Not Reported;0;None;38.45266111;38.45266111;-121.3840444;-121.38404444;0;No Special Jurisdiction;8;Pedestrian;0;The First Harmful Event was Not a Collision with a Motor Vehicle in Transport;0;No;2;Intersection;3;T-Intersection;0;None;1;On Roadway;3;Dark - Lighted;1;Clear;0;No Additional Atmospheric Conditions;1;Clear;0;No;0;Not Applicable;99;Unknown;99;Unknown;99;Unknown EMS Scene Arrival Hour;99;Unknown EMS Scene Arrival Minutes;99;Unknown;99;Unknown EMS Hospital Arrival Time;0;None;0;None;0;None;1;0
6;California;62257;1;1;0;1;1;1;1;67;SACRAMENTO (67);0;NOT APPLICABLE;9;9;12;December;2019;2;Monday;4;4:00am-4:59am;58;58;1;This section IS ON the NHS;9;Unknown;FLORIN RD;SOUTHGATE DR;2;Urban;3;Principal Arterial - Other;98;Not Reported;0;None;38.49610278;38.49610278;-121.4367833;-121.43678333;0;No Special Jurisdiction;8;Pedestrian;0;The First Harmful Event was Not a Collision with a Motor Vehicle in Transport;0;No;2;Intersection;3;T-Intersection;0;None;1;On Roadway;3;Dark - Lighted;5;Fog, Smog, Smoke;0;No Additional Atmospheric Conditions;5;Fog, Smog, Smoke;0;No;0;Not Applicable;99;Unknown;99;Unknown;99;Unknown EMS Scene Arrival Hour;99;Unknown EMS Scene Arrival Minutes;88;Not Applicable (Not Transported);88;Not Applicable (Not Transported);0;None;0;None;0;None;1;0
6;California;62282;1;1;0;1;7;7;1;73;SAN DIEGO (73);0;NOT APPLICABLE;26;26;11;November;2019;3;Tuesday;18;6:00pm-6:59pm;37;37;0;This section IS NOT on the NHS;9;Unknown;SOUTH MISSION RD;PEPPERTREE LN;1;Rural;4;Minor Arterial;98;Not Reported;0;None;33.31272222;33.31272222;-117.2299611;-117.22996111;0;No Special Jurisdiction;8;Pedestrian;0;The First Harmful Event was Not a Collision with a Motor Vehicle in Transport;0;No;2;Intersection;3;T-Intersection;0;None;1;On Roadway;2;Dark - Not Lighted;10;Cloudy;0;No Additional Atmospheric Conditions;10;Cloudy;0;No;0;Not Applicable;99;Unknown;99;Unknown;99;Unknown EMS Scene Arrival Hour;99;Unknown EMS Scene Arrival Minutes;99;Unknown;99;Unknown EMS Hospital Arrival Time;0;None;0;None;0;None;1;0
6;California;62292;1;1;0;2;2;2;2;37;LOS ANGELES (37);1980;LOS ANGELES;16;16;9;September;2019;2;Monday;7;7:00am-7:59am;20;20;0;This section IS NOT on the NHS;6;Local Street - Municipality;VANOWEN ST;SUNNYSLOPE AVE;2;Urban;6;Minor Collector;98;Not Reported;0;None;34.19393611;34.19393611;-118.4268861;-118.42688611;0;No Special Jurisdiction;8;Pedestrian;0;The First Harmful Event was Not a Collision with a Motor Vehicle in Transport;0;No;2;Intersection;3;T-Intersection;0;None;1;On Roadway;1;Daylight;1;Clear;0;No Additional Atmospheric Conditions;1;Clear;0;No;0;Not Applicable;99;Unknown;99;Unknown;99;Unknown EMS Scene Arrival Hour;99;Unknown EMS Scene Arrival Minutes;99;Unknown;99;Unknown EMS Hospital Arrival Time;0;None;0;None;0;None;1;0
6;California;62304;1;1;0;0;5;5;0;37;LOS ANGELES (37);1700;INGLEWOOD;29;29;9;September;2019;1;Sunday;2;2:00am-2:59am;29;29;0;This section IS NOT on the NHS;9;Unknown;FLORENCE AVE;MARKET ST;2;Urban;3;Principal Arterial - Other;98;Not Reported;0;None;33.96604444;33.96604444;-118.3520806;-118.35208056;0;No Special Jurisdiction;33;Curb;0;The First Harmful Event was Not a Collision with a Motor Vehicle in Transport;0;No;3;Intersection-Related;3;T-Intersection;0;None;4;On Roadside;3;Dark - Lighted;1;Clear;0;No Additional Atmospheric Conditions;1;Clear;0;No;0;Not Applicable;99;Unknown;99;Unknown;99;Unknown EMS Scene Arrival Hour;99;Unknown EMS Scene Arrival Minutes;99;Unknown;99;Unknown EMS Hospital Arrival Time;0;None;0;None;0;None;1;1
6;California;62309;1;1;0;1;4;4;1;111;VENTURA (111);2620;OXNARD;18;18;6;June;2019;3;Tuesday;5;5:00am-5:59am;30;30;0;This section IS NOT on the NHS;9;Unknown;HEMLOCK ST;SEASIDE DR;2;Urban;4;Minor Arterial;98;Not Reported;0;None;34.18126944;34.18126944;-119.2146083;-119.21460833;0;No Special Jurisdiction;9;Pedalcyclist;0;The First Harmful Event was Not a Collision with a Motor Vehicle in Transport;0;No;3;Intersection-Related;3;T-Intersection;0;None;1;On Roadway;4;Dawn;10;Cloudy;0;No Additional Atmospheric Conditions;10;Cloudy;0;No;0;Not Applicable;99;Unknown;99;Unknown;99;Unknown EMS Scene Arrival Hour;99;Unknown EMS Scene Arrival Minutes;99;Unknown;99;Unknown EMS Hospital Arrival Time;0;None;0;None;0;None;1;0
6;California;62311;1;1;0;1;1;1;1;13;CONTRA COSTA (13);1590;HERCULES;12;12;8;August;2019;2;Monday;7;7:00am-7:59am;29;29;0;This section IS NOT on the NHS;9;Unknown;SYCAMORE AV;LIGHT POST 1;2;Urban;4;Minor Arterial;98;Not Reported;0;None;38.00940278;38.00940278;-122.2667583;-122.26675833;0;No Special Jurisdiction;8;Pedestrian;0;The First Harmful Event was Not a Collision with a Motor Vehicle in Transport;0;No;3;Intersection-Related;3;T-Intersection;0;None;1;On Roadway;1;Daylight;1;Clear;0;No Additional Atmospheric Conditions;1;Clear;0;No;0;Not Applicable;99;Unknown;99;Unknown;99;Unknown EMS Scene Arrival Hour;99;Unknown EMS Scene Arrival Minutes;99;Unknown;99;Unknown EMS Hospital Arrival Time;0;None;0;None;0;None;1;0
6;California;62312;1;1;0;1;1;1;1;71;SAN BERNARDINO (71);4040;VICTORVILLE;3;3;9;September;2019;3;Tuesday;21;9:00pm-9:59pm;28;28;0;This section IS NOT on the NHS;9;Unknown;7TH ST;LACY ST;2;Urban;4;Minor Arterial;98;Not Reported;0;None;34.52615556;34.52615556;-117.3023;-117.3023;0;No Special Jurisdiction;8;Pedestrian;0;The First Harmful Event was Not a Collision with a Motor Vehicle in Transport;0;No;2;Intersection;3;T-Intersection;0;None;1;On Roadway;3;Dark - Lighted;1;Clear;0;No Additional Atmospheric Conditions;1;Clear;0;No;0;Not Applicable;99;Unknown;99;Unknown;99;Unknown EMS Scene Arrival Hour;99;Unknown EMS Scene Arrival Minutes;99;Unknown;99;Unknown EMS Hospital Arrival Time;0;None;0;None;0;None;1;0
6;California;62313;1;1;0;1;1;1;1;1;ALAMEDA (1);3360;SAN LEANDRO;10;10;10;October;2019;5;Thursday;23;11:00pm-11:59pm;27;27;1;This section IS ON the NHS;9;Unknown;HESPERIA  BL;DREW ST;2;Urban;3;Principal Arterial - Other;98;Not Reported;0;None;37.69404722;37.69404722;-122.1298389;-122.12983889;0;No Special Jurisdiction;8;Pedestrian;0;The First Harmful Event was Not a Collision with a Motor Vehicle in Transport;0;No;3;Intersection-Related;3;T-Intersection;0;None;1;On Roadway;3;Dark - Lighted;1;Clear;0;No Additional Atmospheric Conditions;1;Clear;0;No;0;Not Applicable;99;Unknown;99;Unknown;99;Unknown EMS Scene Arrival Hour;99;Unknown EMS Scene Arrival Minutes;99;Unknown;99;Unknown EMS Hospital Arrival Time;0;None;0;None;0;None;1;0
6;California;62322;2;2;0;0;2;2;0;37;LOS ANGELES (37);1980;LOS ANGELES;7;7;11;November;2019;5;Thursday;7;7:00am-7:59am;0;0;1;This section IS ON the NHS;9;Unknown;ROSCOE BLVD;GOTHIC AVE;2;Urban;3;Principal Arterial - Other;98;Not Reported;0;None;34.22130833;34.22130833;-118.4896028;-118.48960278;0;No Special Jurisdiction;12;Motor Vehicle In-Transport;6;Angle;0;No;2;Intersection;3;T-Intersection;0;None;1;On Roadway;1;Daylight;1;Clear;0;No Additional Atmospheric Conditions;1;Clear;0;No;0;Not Applicable;99;Unknown;99;Unknown;99;Unknown EMS Scene Arrival Hour;99;Unknown EMS Scene Arrival Minutes;99;Unknown;99;Unknown EMS Hospital Arrival Time;0;None;0;None;0;None;1;0