STATE;STATENAME;ST_CASE;VE_TOTAL;VE_FORMS;PVH_INVL;PEDS;PERSONS;PERMVIT;PERNOTMVIT;COUNTY;COUNTYNAME;CITY;CITYNAME;DAY;DAYNAME;MONTH;MONTHNAME;YEAR;DAY_WEEK;DAY_WEEKNAME;HOUR;HOURNAME;MINUTE;MINUTENAME;NHS;NHSNAME;ROUTE;ROUTENAME;TWAY_ID;TWAY_ID2;RUR_URB;RUR_URBNAME;FUNC_SYS;FUNC_SYSNAME;RD_OWNER;RD_OWNERNAME;MILEPT;MILEPTNAME;LATITUDE;LATITUDENAME;LONGITUD;LONGITUDNAME;SP_JUR;SP_JURNAME;HARM_EV;HARM_EVNAME;MAN_COLL;MAN_COLLNAME;RELJCT1;RELJCT1NAME;RELJCT2;RELJCT2NAME;TYP_INT;TYP_INTNAME;WRK_ZONE;WRK_ZONENAME;REL_ROAD;REL_ROADNAME;LGT_COND;LGT_CONDNAME;WEATHER1;WEATHER1NAME;WEATHER2;WEATHER2NAME;WEATHER;WEATHERNAME;SCH_BUS;SCH_BUSNAME;RAIL;RAILNAME;NOT_HOUR;NOT_HOURNAME;NOT_MIN;NOT_MINNAME;ARR_HOUR;ARR_HOURNAME;ARR_MIN;ARR_MINNAME;HOSP_HR;HOSP_HRNAME;HOSP_MN;HOSP_MNNAME;CF1;CF1NAME;CF2;CF2NAME;CF3;CF3NAME;FATALS;DRUNK_DR
6;California;62367;2;2;0;0;2;2;0;79;SAN LUIS OBISPO (79);2705;PASO ROBLES;18;18;11;November;2019;2;Monday;9;9:00am-9:59am;21;21;1;This section IS ON the NHS;3;State Highway;SR-46;BUENA VISTA DR;2;Urban;3;Principal Arterial - Other;1;State Highway Agency;322;322;35.64463056;35.64463056;-120.6721944;-120.67219444;0;No Special Jurisdiction;12;Motor Vehicle In-Transport;6;Angle;0;No;3;Intersection-Related;3;T-Intersection;0;None;1;On Roadway;1;Daylight;1;Clear;0;No Additional Atmospheric Conditions;1;Clear;0;No;0;Not Applicable;99;Unknown;99;Unknown;99;Unknown EMS Scene Arrival Hour;99;Unknown EMS Scene Arrival Minutes;88;Not Applicable (Not Transported);88;Not Applicable (Not Transported);0;None;0;None;0;None;1;0
6;California;62375;1;1;0;1;1;1;1;37;LOS ANGELES (37);1980;LOS ANGELES;14;14;11;November;2019;5;Thursday;14;2:00pm-2:59pm;55;55;0;This section IS NOT on the NHS;9;Unknown;SATICOY ST;CANBY AVE;2;Urban;4;Minor Arterial;98;Not Reported;0;None;34.20840556;34.20840556;-118.534;-118.534;0;No Special Jurisdiction;30;Utility Pole/Light Support;0;The First Harmful Event was Not a Collision with a Motor Vehicle in Transport;0;No;3;Intersection-Related;3;T-Intersection;0;None;4;On Roadside;1;Daylight;1;Clear;0;No Additional Atmospheric Conditions;1;Clear;0;No;0;Not Applicable;99;Unknown;99;Unknown;99;Unknown EMS Scene Arrival Hour;99;Unknown EMS Scene Arrival Minutes;99;Unknown;99;Unknown EMS Hospital Arrival Time;0;None;0;None;0;None;1;0
6;California;62378;1;1;0;1;3;3;1;71;SAN BERNARDINO (71);790;COLTON;22;22;11;November;2019;6;Friday;14;2:00pm-2:59pm;45;45;0;This section IS NOT on the NHS;9;Unknown;N MT VERNON AV;E LAUREL AV;2;Urban;4;Minor Arterial;98;Not Reported;0;None;34.08119444;34.08119444;-117.3138528;-117.31385278;0;No Special Jurisdiction;8;Pedestrian;0;The First Harmful Event was Not a Collision with a Motor Vehicle in Transport;0;No;3;Intersection-Related;3;T-Intersection;0;None;1;On Roadway;1;Daylight;1;Clear;0;No Additional Atmospheric Conditions;1;Clear;0;No;0;Not Applicable;99;Unknown;99;Unknown;99;Unknown EMS Scene Arrival Hour;99;Unknown EMS Scene Arrival Minutes;99;Unknown;99;Unknown EMS Hospital Arrival Time;0;None;0;None;0;None;1;0
6;California;62382;1;1;0;1;3;3;1;57;NEVADA (57);0;NOT APPLICABLE;10;10;11;November;2019;1;Sunday;17;5:00pm-5:59pm;40;40;0;This section IS NOT on the NHS;3;State Highway;SR-49;NEWTOWN RD;1;Rural;4;Minor Arterial;1;State Highway Agency;175;175;39.26898056;39.26898056;-121.0571389;-121.05713889;0;No Special Jurisdiction;8;Pedestrian;0;The First Harmful Event was Not a Collision with a Motor Vehicle in Transport;0;No;3;Intersection-Related;3;T-Intersection;0;None;1;On Roadway;3;Dark - Lighted;1;Clear;0;No Additional Atmospheric Conditions;1;Clear;0;No;0;Not Applicable;99;Unknown;99;Unknown;99;Unknown EMS Scene Arrival Hour;99;Unknown EMS Scene Arrival Minutes;88;Not Applicable (Not Transported);88;Not Applicable (Not Transported);0;None;0;None;0;None;1;0
6;California;62388;1;1;0;0;3;3;0;85;SANTA CLARA (85);3340;SAN JOSE;6;6;6;June;2019;5;Thursday;3;3:00am-3:59am;46;46;1;This section IS ON the NHS;6;Local Street - Municipality;MONTEREY HWY;PALM AVE;1;Rural;3;Principal Arterial - Other;98;Not Reported;0;None;37.18390278;37.18390278;-121.7057583;-121.70575833;0;No Special Jurisdiction;24;Guardrail Face;0;The First Harmful Event was Not a Collision with a Motor Vehicle in Transport;0;No;3;Intersection-Related;3;T-Intersection;0;None;4;On Roadside;2;Dark - Not Lighted;1;Clear;0;No Additional Atmospheric Conditions;1;Clear;0;No;0;Not Applicable;99;Unknown;99;Unknown;99;Unknown EMS Scene Arrival Hour;99;Unknown EMS Scene Arrival Minutes;99;Unknown;99;Unknown EMS Hospital Arrival Time;0;None;0;None;0;None;1;1
6;California;62396;2;2;0;0;2;2;0;59;ORANGE (59);1660;HUNTINGTON BEACH;25;25;9;September;2019;4;Wednesday;17;5:00pm-5:59pm;13;13;0;This section IS NOT on the NHS;9;Unknown;SLATER AV;MORGAN LN;2;Urban;4;Minor Arterial;98;Not Reported;0;None;33.70838611;33.70838611;-117.993475;-117.993475;0;No Special Jurisdiction;12;Motor Vehicle In-Transport;6;Angle;0;No;2;Intersection;3;T-Intersection;0;None;1;On Roadway;1;Daylight;1;Clear;0;No Additional Atmospheric Conditions;1;Clear;0;No;0;Not Applicable;99;Unknown;99;Unknown;99;Unknown EMS Scene Arrival Hour;99;Unknown EMS Scene Arrival Minutes;88;Not Applicable (Not Transported);88;Not Applicable (Not Transported);0;None;0;None;0;None;1;0
6;California;62413;1;1;0;1;1;1;1;107;TULARE (107);2880;PORTERVILLE;13;13;11;November;2019;4;Wednesday;19;7:00pm-7:59pm;44;44;0;This section IS NOT on the NHS;9;Unknown;LOCUST AVE;HOCKETT ST;2;Urban;7;Local;98;Not Reported;0;None;36.05989444;36.05989444;-119.0171917;-119.01719167;0;No Special Jurisdiction;8;Pedestrian;0;The First Harmful Event was Not a Collision with a Motor Vehicle in Transport;0;No;3;Intersection-Related;3;T-Intersection;0;None;1;On Roadway;3;Dark - Lighted;1;Clear;0;No Additional Atmospheric Conditions;1;Clear;0;No;0;Not Applicable;99;Unknown;99;Unknown;99;Unknown EMS Scene Arrival Hour;99;Unknown EMS Scene Arrival Minutes;88;Not Applicable (Not Transported);88;Not Applicable (Not Transported);0;None;0;None;0;None;1;0
6;California;62432;1;1;0;0;2;2;0;109;TUOLUMNE (109);0;NOT APPLICABLE;15;15;9;September;2019;1;Sunday;0;0:00am-0:59am;35;35;0;This section IS NOT on the NHS;9;Unknown;LONGEWAY DR;PHOENIX LAKE RD;1;Rural;6;Minor Collector;98;Not Reported;0;None;38.0331;38.0331;-120.2720778;-120.27207778;0;No Special Jurisdiction;1;Rollover/Overturn;0;The First Harmful Event was Not a Collision with a Motor Vehicle in Transport;0;No;2;Intersection;3;T-Intersection;0;None;1;On Roadway;2;Dark - Not Lighted;1;Clear;0;No Additional Atmospheric Conditions;1;Clear;0;No;0;Not Applicable;99;Unknown;99;Unknown;99;Unknown EMS Scene Arrival Hour;99;Unknown EMS Scene Arrival Minutes;99;Unknown;99;Unknown EMS Hospital Arrival Time;0;None;0;None;0;None;1;1
6;California;62441;2;2;0;0;2;2;0;29;KERN (29);0;NOT APPLICABLE;13;13;10;October;2019;1;Sunday;21;9:00pm-9:59pm;0;0;1;This section IS ON the NHS;3;State Highway;SR-14;CAMELOT BL;1;Rural;3;Principal Arterial - Other;1;State Highway Agency;150;150;35.03200278;35.03200278;-118.1683528;-118.16835278;0;No Special Jurisdiction;12;Motor Vehicle In-Transport;6;Angle;0;No;2;Intersection;3;T-Intersection;0;None;1;On Roadway;2;Dark - Not Lighted;1;Clear;0;No Additional Atmospheric Conditions;1;Clear;0;No;0;Not Applicable;99;Unknown;99;Unknown;99;Unknown EMS Scene Arrival Hour;99;Unknown EMS Scene Arrival Minutes;99;Unknown;99;Unknown EMS Hospital Arrival Time;0;None;0;None;0;None;1;1
6;California;62443;2;2;0;0;4;4;0;65;RIVERSIDE (65);4197;WILDOMAR;18;18;7;July;2019;5;Thursday;18;6:00pm-6:59pm;8;8;0;This section IS NOT on the NHS;9;Unknown;CORYDON ST;CEREAL ST;2;Urban;4;Minor Arterial;98;Not Reported;0;None;33.63000278;33.63000278;-117.2937472;-117.29374722;0;No Special Jurisdiction;33;Curb;0;The First Harmful Event was Not a Collision with a Motor Vehicle in Transport;0;No;3;Intersection-Related;3;T-Intersection;0;None;4;On Roadside;1;Daylight;1;Clear;0;No Additional Atmospheric Conditions;1;Clear;0;No;0;Not Applicable;99;Unknown;99;Unknown;99;Unknown EMS Scene Arrival Hour;99;Unknown EMS Scene Arrival Minutes;99;Unknown;99;Unknown EMS Hospital Arrival Time;0;None;0;None;0;None;1;1
6;California;62473;1;1;0;1;1;1;1;67;SACRAMENTO (67);0;NOT APPLICABLE;21;21;11;November;2019;5;Thursday;5;5:00am-5:59am;19;19;0;This section IS NOT on the NHS;9;Unknown;ROSEVILLE RD;TACOMIC DR;1;Rural;4;Minor Arterial;98;Not Reported;0;None;38.68566944;38.68566944;-121.35395;-121.35395;0;No Special Jurisdiction;8;Pedestrian;0;The First Harmful Event was Not a Collision with a Motor Vehicle in Transport;0;No;2;Intersection;3;T-Intersection;0;None;1;On Roadway;3;Dark - Lighted;1;Clear;0;No Additional Atmospheric Conditions;1;Clear;0;No;0;Not Applicable;99;Unknown;99;Unknown;99;Unknown EMS Scene Arrival Hour;99;Unknown EMS Scene Arrival Minutes;88;Not Applicable (Not Transported);88;Not Applicable (Not Transported);0;None;0;None;0;None;1;0
6;California;62477;2;2;0;0;6;6;0;39;MADERA (39);690;CHOWCHILLA;8;8;11;November;2019;6;Friday;20;8:00pm-8:59pm;40;40;0;This section IS NOT on the NHS;6;Local Street - Municipality;N 5TH ST;VENTURA AVE;1;Rural;6;Minor Collector;98;Not Reported;0;None;37.12506389;37.12506389;-120.2679778;-120.26797778;0;No Special Jurisdiction;12;Motor Vehicle In-Transport;6;Angle;0;No;2;Intersection;3;T-Intersection;0;None;1;On Roadway;2;Dark - Not Lighted;1;Clear;0;No Additional Atmospheric Conditions;1;Clear;0;No;0;Not Applicable;99;Unknown;99;Unknown;99;Unknown EMS Scene Arrival Hour;99;Unknown EMS Scene Arrival Minutes;99;Unknown;99;Unknown EMS Hospital Arrival Time;0;None;0;None;0;None;1;1
6;California;62483;2;2;0;0;5;5;0;19;FRESNO (19);0;NOT APPLICABLE;27;27;12;December;2019;6;Friday;15;3:00pm-3:59pm;0;0;0;This section IS NOT on the NHS;9;Unknown;MANNING AVE;SR-99 RAMP;1;Rural;5;Major Collector;1;State Highway Agency;0;None;36.60534444;36.60534444;-119.6630722;-119.66307222;0;No Special Jurisdiction;12;Motor Vehicle In-Transport;2;Front-to-Front;1;Yes;2;Intersection;3;T-Intersection;0;None;1;On Roadway;1;Daylight;1;Clear;0;No Additional Atmospheric Conditions;1;Clear;0;No;0;Not Applicable;99;Unknown;99;Unknown;99;Unknown EMS Scene Arrival Hour;99;Unknown EMS Scene Arrival Minutes;99;Unknown;99;Unknown EMS Hospital Arrival Time;0;None;0;None;0;None;1;0
6;California;62488;1;1;0;0;1;1;0;83;SANTA BARBARA (83);0;NOT APPLICABLE;20;20;12;December;2019;6;Friday;19;7:00pm-7:59pm;7;7;0;This section IS NOT on the NHS;3;State Highway;SR-154;RANCHO ALEGRE;1;Rural;4;Minor Arterial;1;State Highway Agency;153;153;34.56778611;34.56778611;-119.9516694;-119.95166944;0;No Special Jurisdiction;59;Traffic Sign Support;0;The First Harmful Event was Not a Collision with a Motor Vehicle in Transport;0;No;3;Intersection-Related;3;T-Intersection;0;None;4;On Roadside;2;Dark - Not Lighted;1;Clear;0;No Additional Atmospheric Conditions;1;Clear;0;No;0;Not Applicable;99;Unknown;99;Unknown;99;Unknown EMS Scene Arrival Hour;99;Unknown EMS Scene Arrival Minutes;88;Not Applicable (Not Transported);88;Not Applicable (Not Transported);0;None;0;None;0;None;1;0
6;California;62491;1;1;0;1;1;1;1;37;LOS ANGELES (37);1980;LOS ANGELES;9;9;12;December;2019;2;Monday;21;9:00pm-9:59pm;50;50;0;This section IS NOT on the NHS;9;Unknown;S BARRINGTON AVE;EXPOSITION BL;2;Urban;4;Minor Arterial;98;Not Reported;0;None;34.03276389;34.03276389;-118.4465806;-118.44658056;0;No Special Jurisdiction;9;Pedalcyclist;0;The First Harmful Event was Not a Collision with a Motor Vehicle in Transport;0;No;2;Intersection;3;T-Intersection;0;None;1;On Roadway;3;Dark - Lighted;1;Clear;0;No Additional Atmospheric Conditions;1;Clear;0;No;0;Not Applicable;99;Unknown;99;Unknown;99;Unknown EMS Scene Arrival Hour;99;Unknown EMS Scene Arrival Minutes;88;Not Applicable (Not Transported);88;Not Applicable (Not Transported);0;None;0;None;0;None;1;0
6;California;62506;1;1;0;1;4;4;1;113;YOLO (113);4163;WEST SACRAMENTO;29;29;11;November;2019;6;Friday;20;8:00pm-8:59pm;20;20;1;This section IS ON the NHS;9;Unknown;W CAPITOL AV;PECAN ST;2;Urban;3;Principal Arterial - Other;98;Not Reported;0;None;38.57969444;38.57969444;-121.5419972;-121.54199722;0;No Special Jurisdiction;8;Pedestrian;0;The First Harmful Event was Not a Collision with a Motor Vehicle in Transport;0;No;3;Intersection-Related;3;T-Intersection;0;None;1;On Roadway;6;Dark - Unknown Lighting;1;Clear;0;No Additional Atmospheric Conditions;1;Clear;0;No;0;Not Applicable;99;Unknown;99;Unknown;99;Unknown EMS Scene Arrival Hour;99;Unknown EMS Scene Arrival Minutes;99;Unknown;99;Unknown EMS Hospital Arrival Time;0;None;0;None;0;None;1;0
6;California;62508;2;2;0;0;3;3;0;29;KERN (29);240;BAKERSFIELD;24;24;10;October;2019;5;Thursday;17;5:00pm-5:59pm;35;35;1;This section IS ON the NHS;3;State Highway;SR-178;RANCHERIA RD;2;Urban;3;Principal Arterial - Other;1;State Highway Agency;110;110;35.41660833;35.41660833;-118.8314528;-118.83145278;0;No Special Jurisdiction;12;Motor Vehicle In-Transport;6;Angle;0;No;3;Intersection-Related;3;T-Intersection;0;None;1;On Roadway;1;Daylight;1;Clear;0;No Additional Atmospheric Conditions;1;Clear;0;No;0;Not Applicable;99;Unknown;99;Unknown;99;Unknown EMS Scene Arrival Hour;99;Unknown EMS Scene Arrival Minutes;99;Unknown;99;Unknown EMS Hospital Arrival Time;0;None;0;None;0;None;1;0
6;California;62537;1;1;0;1;1;1;1;73;SAN DIEGO (73);0;NOT APPLICABLE;11;11;12;December;2019;4;Wednesday;9;9:00am-9:59am;51;51;0;This section IS NOT on the NHS;3;State Highway;SR-76;THOROUGHBRED LN;2;Urban;4;Minor Arterial;1;State Highway Agency;122;122;33.29114722;33.29114722;-117.2250556;-117.22505556;0;No Special Jurisdiction;9;Pedalcyclist;0;The First Harmful Event was Not a Collision with a Motor Vehicle in Transport;0;No;2;Intersection;3;T-Intersection;0;None;1;On Roadway;1;Daylight;1;Clear;0;No Additional Atmospheric Conditions;1;Clear;0;No;0;Not Applicable;99;Unknown;99;Unknown;99;Unknown EMS Scene Arrival Hour;99;Unknown EMS Scene Arrival Minutes;88;Not Applicable (Not Transported);88;Not Applicable (Not Transported);0;None;0;None;0;None;1;0
6;California;62538;1;1;0;0;1;1;0;73;SAN DIEGO (73);0;NOT APPLICABLE;2;2;8;August;2019;6;Friday;5;5:00am-5:59am;25;25;1;This section IS ON the NHS;3;State Highway;SR-67;LAKESIDE AVE;2;Urban;3;Principal Arterial - Other;1;State Highway Agency;61;61;32.87196944;32.87196944;-116.92385;-116.92385;0;No Special Jurisdiction;1;Rollover/Overturn;0;The First Harmful Event was Not a Collision with a Motor Vehicle in Transport;0;No;3;Intersection-Related;3;T-Intersection;0;None;1;On Roadway;4;Dawn;1;Clear;0;No Additional Atmospheric Conditions;1;Clear;0;No;0;Not Applicable;99;Unknown;99;Unknown;99;Unknown EMS Scene Arrival Hour;99;Unknown EMS Scene Arrival Minutes;99;Unknown;98;Unknown if Transported;0;None;0;None;0;None;1;0
6;California;62544;2;2;0;0;2;2;0;7;BUTTE (7);0;NOT APPLICABLE;6;6;4;April;2019;7;Saturday;11;11:00am-11:59am;25;25;0;This section IS NOT on the NHS;9;Unknown;BIGGS EAST HWY;MEAD AVE;1;Rural;5;Major Collector;98;Not Reported;0;None;39.41508333;39.41508333;-121.6787778;-121.67877778;0;No Special Jurisdiction;12;Motor Vehicle In-Transport;1;Front-to-Rear;0;No;3;Intersection-Related;3;T-Intersection;0;None;1;On Roadway;1;Daylight;1;Clear;0;No Additional Atmospheric Conditions;1;Clear;0;No;0;Not Applicable;99;Unknown;99;Unknown;99;Unknown EMS Scene Arrival Hour;99;Unknown EMS Scene Arrival Minutes;99;Unknown;99;Unknown EMS Hospital Arrival Time;0;None;0;None;0;None;1;0
6;California;62572;2;2;0;0;2;2;0;29;KERN (29);0;NOT APPLICABLE;29;29;11;November;2019;6;Friday;11;11:00am-11:59am;46;46;1;This section IS ON the NHS;3;State Highway;SR-58;SR-223;1;Rural;2;Principal Arterial - Other Freeways and Expressways;1;State Highway Agency;756;756;35.2642;35.2642;-118.6584;-118.6584;0;No Special Jurisdiction;12;Motor Vehicle In-Transport;6;Angle;0;No;2;Intersection;3;T-Intersection;0;None;1;On Roadway;1;Daylight;10;Cloudy;0;No Additional Atmospheric Conditions;10;Cloudy;0;No;0;Not Applicable;99;Unknown;99;Unknown;99;Unknown EMS Scene Arrival Hour;99;Unknown EMS Scene Arrival Minutes;88;Not Applicable (Not Transported);88;Not Applicable (Not Transported);0;None;0;None;0;None;1;0
6;California;62590;1;1;0;1;2;2;1;73;SAN DIEGO (73);3260;SAN DIEGO;7;7;12;December;2019;7;Saturday;22;10:00pm-10:59pm;20;20;0;This section IS NOT on the NHS;9;Unknown;LINDA VISTA RD;MARKHAM ST;2;Urban;4;Minor Arterial;98;Not Reported;0;None;32.80229444;32.80229444;-117.1572694;-117.15726944;0;No Special Jurisdiction;8;Pedestrian;0;The First Harmful Event was Not a Collision with a Motor Vehicle in Transport;0;No;3;Intersection-Related;3;T-Intersection;0;None;1;On Roadway;3;Dark - Lighted;10;Cloudy;0;No Additional Atmospheric Conditions;10;Cloudy;0;No;0;Not Applicable;99;Unknown;99;Unknown;99;Unknown EMS Scene Arrival Hour;99;Unknown EMS Scene Arrival Minutes;88;Not Applicable (Not Transported);88;Not Applicable (Not Transported);0;None;0;None;0;None;1;0
6;California;62595;1;1;0;1;1;1;1;73;SAN DIEGO (73);3260;SAN DIEGO;2;2;12;December;2019;2;Monday;4;4:00am-4:59am;55;55;0;This section IS NOT on the NHS;9;Unknown;INDIA ST;W OLIVE ST;2;Urban;5;Major Collector;98;Not Reported;0;None;32.73294444;32.73294444;-117.1728806;-117.17288056;0;No Special Jurisdiction;8;Pedestrian;0;The First Harmful Event was Not a Collision with a Motor Vehicle in Transport;0;No;3;Intersection-Related;3;T-Intersection;0;None;1;On Roadway;3;Dark - Lighted;1;Clear;0;No Additional Atmospheric Conditions;1;Clear;0;No;0;Not Applicable;99;Unknown;99;Unknown;99;Unknown EMS Scene Arrival Hour;99;Unknown EMS Scene Arrival Minutes;99;Unknown;99;Unknown EMS Hospital Arrival Time;0;None;0;None;0;None;1;0
6;California;62616;1;1;0;1;1;1;1;37;LOS ANGELES (37);1970;LONG BEACH;15;15;5;May;2019;4;Wednesday;20;8:00pm-8:59pm;25;25;0;This section IS NOT on the NHS;9;Unknown;PACIFIC AV;16TH ST;2;Urban;4;Minor Arterial;98;Not Reported;0;None;33.78715;33.78715;-118.193725;-118.193725;0;No Special Jurisdiction;8;Pedestrian;0;The First Harmful Event was Not a Collision with a Motor Vehicle in Transport;0;No;3;Intersection-Related;3;T-Intersection;0;None;1;On Roadway;3;Dark - Lighted;1;Clear;0;No Additional Atmospheric Conditions;1;Clear;0;No;0;Not Applicable;99;Unknown;99;Unknown;99;Unknown EMS Scene Arrival Hour;99;Unknown EMS Scene Arrival Minutes;99;Unknown;99;Unknown EMS Hospital Arrival Time;0;None;0;None;0;None;1;0
6;California;62622;2;2;0;0;4;4;0;39;MADERA (39);0;NOT APPLICABLE;28;28;11;November;2019;5;Thursday;13;1:00pm-1:59pm;29;29;1;This section IS ON the NHS;3;State Highway;SR-41;ROAD 416;1;Rural;3;Principal Arterial - Other;1;State Highway Agency;235;235;37.20206111;37.20206111;-119.7226694;-119.72266944;0;No Special Jurisdiction;12;Motor Vehicle In-Transport;6;Angle;0;No;2;Intersection;3;T-Intersection;0;None;1;On Roadway;1;Daylight;2;Rain;0;No Additional Atmospheric Conditions;2;Rain;0;No;0;Not Applicable;99;Unknown;99;Unknown;99;Unknown EMS Scene Arrival Hour;99;Unknown EMS Scene Arrival Minutes;99;Unknown;99;Unknown EMS Hospital Arrival Time;0;None;0;None;0;None;1;0
6;California;62626;2;1;1;1;1;1;1;37;LOS ANGELES (37);1980;LOS ANGELES;23;23;11;November;2019;7;Saturday;2;2:00am-2:59am;50;50;1;This section IS ON the NHS;9;Unknown;W ADAMS BLVD;S CLOVERDALE AVE;2;Urban;3;Principal Arterial - Other;98;Not Reported;0;None;34.03250556;34.03250556;-118.3573306;-118.35733056;0;No Special Jurisdiction;9;Pedalcyclist;0;The First Harmful Event was Not a Collision with a Motor Vehicle in Transport;0;No;2;Intersection;3;T-Intersection;0;None;1;On Roadway;3;Dark - Lighted;1;Clear;0;No Additional Atmospheric Conditions;1;Clear;0;No;0;Not Applicable;99;Unknown;99;Unknown;99;Unknown EMS Scene Arrival Hour;99;Unknown EMS Scene Arrival Minutes;88;Not Applicable (Not Transported);88;Not Applicable (Not Transported);0;None;0;None;0;None;1;1
6;California;62628;3;2;1;0;2;2;0;85;SANTA CLARA (85);3340;SAN JOSE;16;16;5;May;2019;5;Thursday;17;5:00pm-5:59pm;45;45;0;This section IS NOT on the NHS;9;Unknown;CAHALAN AV;DAILEY AV;2;Urban;4;Minor Arterial;98;Not Reported;0;None;37.24733611;37.24733611;-121.8477139;-121.84771389;0;No Special Jurisdiction;12;Motor Vehicle In-Transport;6;Angle;0;No;2;Intersection;3;T-Intersection;0;None;1;On Roadway;1;Daylight;1;Clear;0;No Additional Atmospheric Conditions;1;Clear;0;No;0;Not Applicable;99;Unknown;99;Unknown;99;Unknown EMS Scene Arrival Hour;99;Unknown EMS Scene Arrival Minutes;99;Unknown;99;Unknown EMS Hospital Arrival Time;0;None;0;None;0;None;1;0
6;California;62637;1;1;0;1;1;1;1;1;ALAMEDA (1);3993;UNION CITY;5;5;7;July;2019;6;Friday;9;9:00am-9:59am;29;29;1;This section IS ON the NHS;9;Unknown;ALVARADO NILES RD;FLAGSTONE DR;2;Urban;3;Principal Arterial - Other;98;Not Reported;0;None;37.58563056;37.58563056;-122.0155583;-122.01555833;0;No Special Jurisdiction;33;Curb;0;The First Harmful Event was Not a Collision with a Motor Vehicle in Transport;0;No;3;Intersection-Related;3;T-Intersection;0;None;4;On Roadside;1;Daylight;10;Cloudy;0;No Additional Atmospheric Conditions;10;Cloudy;0;No;0;Not Applicable;99;Unknown;99;Unknown;99;Unknown EMS Scene Arrival Hour;99;Unknown EMS Scene Arrival Minutes;88;Not Applicable (Not Transported);88;Not Applicable (Not Transported);0;None;0;None;0;None;1;0
6;California;62657;1;1;0;1;1;1;1;37;LOS ANGELES (37);1980;LOS ANGELES;12;12;12;December;2019;5;Thursday;23;11:00pm-11:59pm;40;40;1;This section IS ON the NHS;9;Unknown;BEVERLY BLVD;N PARK VIEW ST;2;Urban;3;Principal Arterial - Other;98;Not Reported;0;None;34.06821389;34.06821389;-118.2739444;-118.27394444;0;No Special Jurisdiction;8;Pedestrian;0;The First Harmful Event was Not a Collision with a Motor Vehicle in Transport;0;No;2;Intersection;3;T-Intersection;0;None;1;On Roadway;3;Dark - Lighted;1;Clear;0;No Additional Atmospheric Conditions;1;Clear;0;No;0;Not Applicable;99;Unknown;99;Unknown;99;Unknown EMS Scene Arrival Hour;99;Unknown EMS Scene Arrival Minutes;88;Not Applicable (Not Transported);88;Not Applicable (Not Transported);0;None;0;None;0;None;1;0
6;California;62663;1;1;0;0;1;1;0;75;SAN FRANCISCO (75);3290;SAN FRANCISCO;21;21;12;December;2019;7;Saturday;1;1:00am-1:59am;7;7;1;This section IS ON the NHS;9;Unknown;OCEAN AVE;ASHTON AVE;2;Urban;3;Principal Arterial - Other;98;Not Reported;0;None;37.72524167;37.72524167;-122.4622139;-122.46221389;0;No Special Jurisdiction;43;Other Fixed Object;0;The First Harmful Event was Not a Collision with a Motor Vehicle in Transport;0;No;3;Intersection-Related;3;T-Intersection;0;None;4;On Roadside;3;Dark - Lighted;1;Clear;0;No Additional Atmospheric Conditions;1;Clear;0;No;0;Not Applicable;99;Unknown;99;Unknown;99;Unknown EMS Scene Arrival Hour;99;Unknown EMS Scene Arrival Minutes;88;Not Applicable (Not Transported);88;Not Applicable (Not Transported);0;None;0;None;0;None;1;0