STATE;STATENAME;ST_CASE;VE_TOTAL;VE_FORMS;PVH_INVL;PEDS;PERSONS;PERMVIT;PERNOTMVIT;COUNTY;COUNTYNAME;CITY;CITYNAME;DAY;DAYNAME;MONTH;MONTHNAME;YEAR;DAY_WEEK;DAY_WEEKNAME;HOUR;HOURNAME;MINUTE;MINUTENAME;NHS;NHSNAME;ROUTE;ROUTENAME;TWAY_ID;TWAY_ID2;RUR_URB;RUR_URBNAME;FUNC_SYS;FUNC_SYSNAME;RD_OWNER;RD_OWNERNAME;MILEPT;MILEPTNAME;LATITUDE;LATITUDENAME;LONGITUD;LONGITUDNAME;SP_JUR;SP_JURNAME;HARM_EV;HARM_EVNAME;MAN_COLL;MAN_COLLNAME;RELJCT1;RELJCT1NAME;RELJCT2;RELJCT2NAME;TYP_INT;TYP_INTNAME;WRK_ZONE;WRK_ZONENAME;REL_ROAD;REL_ROADNAME;LGT_COND;LGT_CONDNAME;WEATHER1;WEATHER1NAME;WEATHER2;WEATHER2NAME;WEATHER;WEATHERNAME;SCH_BUS;SCH_BUSNAME;RAIL;RAILNAME;NOT_HOUR;NOT_HOURNAME;NOT_MIN;NOT_MINNAME;ARR_HOUR;ARR_HOURNAME;ARR_MIN;ARR_MINNAME;HOSP_HR;HOSP_HRNAME;HOSP_MN;HOSP_MNNAME;CF1;CF1NAME;CF2;CF2NAME;CF3;CF3NAME;FATALS;DRUNK_DR
6;California;62665;3;3;0;0;3;3;0;37;LOS ANGELES (37);1400;GARDENA;31;31;10;October;2019;5;Thursday;17;5:00pm-5:59pm;55;55;0;This section IS NOT on the NHS;9;Unknown;135TH ST;NEW HAMPSHIRE AV;2;Urban;4;Minor Arterial;98;Not Reported;0;None;33.90916667;33.90916667;-118.293075;-118.293075;0;No Special Jurisdiction;12;Motor Vehicle In-Transport;6;Angle;0;No;3;Intersection-Related;3;T-Intersection;0;None;1;On Roadway;5;Dusk;1;Clear;0;No Additional Atmospheric Conditions;1;Clear;0;No;0;Not Applicable;99;Unknown;99;Unknown;99;Unknown EMS Scene Arrival Hour;99;Unknown EMS Scene Arrival Minutes;88;Not Applicable (Not Transported);88;Not Applicable (Not Transported);14;Motor Vehicle struck by falling cargo,or something that came loose from or something that was set in motion by a vehicle;0;None;0;None;1;0
6;California;62684;1;1;0;1;1;1;1;97;SONOMA (97);0;NOT APPLICABLE;5;5;11;November;2019;3;Tuesday;12;12:00pm-12:59pm;8;8;0;This section IS NOT on the NHS;9;Unknown;TODD RD;S MOORLAND AVE;1;Rural;4;Minor Arterial;98;Not Reported;0;None;38.38709444;38.38709444;-122.7178194;-122.71781944;0;No Special Jurisdiction;8;Pedestrian;0;The First Harmful Event was Not a Collision with a Motor Vehicle in Transport;0;No;3;Intersection-Related;3;T-Intersection;0;None;1;On Roadway;1;Daylight;1;Clear;0;No Additional Atmospheric Conditions;1;Clear;0;No;0;Not Applicable;99;Unknown;99;Unknown;99;Unknown EMS Scene Arrival Hour;99;Unknown EMS Scene Arrival Minutes;88;Not Applicable (Not Transported);88;Not Applicable (Not Transported);0;None;0;None;0;None;1;0
6;California;62693;2;2;0;0;2;2;0;37;LOS ANGELES (37);1840;LANCASTER;31;31;12;December;2019;3;Tuesday;11;11:00am-11:59am;0;0;0;This section IS NOT on the NHS;9;Unknown;AVENUE J;VALLEY CENTRAL WY;1;Rural;4;Minor Arterial;98;Not Reported;0;None;34.68942778;34.68942778;-118.1722111;-118.17221111;0;No Special Jurisdiction;12;Motor Vehicle In-Transport;6;Angle;0;No;2;Intersection;3;T-Intersection;0;None;1;On Roadway;1;Daylight;1;Clear;0;No Additional Atmospheric Conditions;1;Clear;0;No;0;Not Applicable;99;Unknown;99;Unknown;99;Unknown EMS Scene Arrival Hour;99;Unknown EMS Scene Arrival Minutes;99;Unknown;99;Unknown EMS Hospital Arrival Time;0;None;0;None;0;None;1;0
6;California;62724;1;1;0;0;1;1;0;65;RIVERSIDE (65);2730;PERRIS;8;8;7;July;2019;2;Monday;4;4:00am-4:59am;16;16;0;This section IS NOT on the NHS;9;Unknown;INDIAN AVE;NANCE ST;2;Urban;5;Major Collector;98;Not Reported;0;None;33.85546111;33.85546111;-117.2347806;-117.23478056;0;No Special Jurisdiction;33;Curb;0;The First Harmful Event was Not a Collision with a Motor Vehicle in Transport;0;No;3;Intersection-Related;3;T-Intersection;0;None;4;On Roadside;3;Dark - Lighted;1;Clear;0;No Additional Atmospheric Conditions;1;Clear;0;No;0;Not Applicable;99;Unknown;99;Unknown;99;Unknown EMS Scene Arrival Hour;99;Unknown EMS Scene Arrival Minutes;88;Not Applicable (Not Transported);88;Not Applicable (Not Transported);0;None;0;None;0;None;1;0
6;California;62728;1;1;0;1;1;1;1;37;LOS ANGELES (37);1980;LOS ANGELES;22;22;7;July;2019;2;Monday;2;2:00am-2:59am;15;15;0;This section IS NOT on the NHS;9;Unknown;E 7TH ST;GLADYS AVE;2;Urban;4;Minor Arterial;98;Not Reported;0;None;34.03868056;34.03868056;-118.2439139;-118.24391389;0;No Special Jurisdiction;8;Pedestrian;0;The First Harmful Event was Not a Collision with a Motor Vehicle in Transport;0;No;2;Intersection;3;T-Intersection;0;None;1;On Roadway;3;Dark - Lighted;1;Clear;0;No Additional Atmospheric Conditions;1;Clear;0;No;0;Not Applicable;99;Unknown;99;Unknown;99;Unknown EMS Scene Arrival Hour;99;Unknown EMS Scene Arrival Minutes;99;Unknown;99;Unknown EMS Hospital Arrival Time;0;None;0;None;0;None;1;0
6;California;62740;1;1;0;0;2;2;0;85;SANTA CLARA (85);3340;SAN JOSE;4;4;8;August;2019;1;Sunday;21;9:00pm-9:59pm;22;22;0;This section IS NOT on the NHS;9;Unknown;KING RD;RIGOLETTO DR;2;Urban;98;Not Reported;4;City or Municipal Highway Agency;0;None;37.31870556;37.31870556;-121.8223889;-121.82238889;0;No Special Jurisdiction;33;Curb;0;The First Harmful Event was Not a Collision with a Motor Vehicle in Transport;0;No;3;Intersection-Related;3;T-Intersection;0;None;4;On Roadside;2;Dark - Not Lighted;1;Clear;0;No Additional Atmospheric Conditions;1;Clear;0;No;0;Not Applicable;99;Unknown;99;Unknown;99;Unknown EMS Scene Arrival Hour;99;Unknown EMS Scene Arrival Minutes;99;Unknown;99;Unknown EMS Hospital Arrival Time;0;None;0;None;0;None;1;1
6;California;62741;1;1;0;1;1;1;1;71;SAN BERNARDINO (71);790;COLTON;5;5;9;September;2019;5;Thursday;21;9:00pm-9:59pm;26;26;0;This section IS NOT on the NHS;9;Unknown;FAIRWAY WY;G ST;2;Urban;5;Major Collector;98;Not Reported;0;None;34.06860556;34.06860556;-117.3115389;-117.31153889;0;No Special Jurisdiction;8;Pedestrian;0;The First Harmful Event was Not a Collision with a Motor Vehicle in Transport;0;No;3;Intersection-Related;3;T-Intersection;0;None;1;On Roadway;3;Dark - Lighted;1;Clear;0;No Additional Atmospheric Conditions;1;Clear;0;No;0;Not Applicable;99;Unknown;99;Unknown;99;Unknown EMS Scene Arrival Hour;99;Unknown EMS Scene Arrival Minutes;99;Unknown;99;Unknown EMS Hospital Arrival Time;0;None;0;None;0;None;1;0
6;California;62742;1;1;0;1;1;1;1;5;AMADOR (5);1740;JACKSON;2;2;12;December;2019;2;Monday;7;7:00am-7:59am;10;10;1;This section IS ON the NHS;3;State Highway;SR-49;HOFFMAN ST;2;Urban;3;Principal Arterial - Other;1;State Highway Agency;0;None;38.351725;38.351725;-120.7759417;-120.77594167;0;No Special Jurisdiction;8;Pedestrian;0;The First Harmful Event was Not a Collision with a Motor Vehicle in Transport;0;No;3;Intersection-Related;3;T-Intersection;0;None;1;On Roadway;4;Dawn;2;Rain;0;No Additional Atmospheric Conditions;2;Rain;0;No;0;Not Applicable;99;Unknown;99;Unknown;99;Unknown EMS Scene Arrival Hour;99;Unknown EMS Scene Arrival Minutes;88;Not Applicable (Not Transported);88;Not Applicable (Not Transported);0;None;0;None;0;None;1;0
6;California;62747;2;2;0;0;4;4;0;65;RIVERSIDE (65);2730;PERRIS;1;1;11;November;2019;6;Friday;11;11:00am-11:59am;24;24;1;This section IS ON the NHS;3;State Highway;SR-74;NAVAJO RD;2;Urban;3;Principal Arterial - Other;1;State Highway Agency;258;258;33.78110556;33.78110556;-117.2433611;-117.24336111;0;No Special Jurisdiction;12;Motor Vehicle In-Transport;2;Front-to-Front;0;No;3;Intersection-Related;3;T-Intersection;0;None;1;On Roadway;1;Daylight;1;Clear;0;No Additional Atmospheric Conditions;1;Clear;0;No;0;Not Applicable;99;Unknown;99;Unknown;99;Unknown EMS Scene Arrival Hour;99;Unknown EMS Scene Arrival Minutes;99;Unknown;99;Unknown EMS Hospital Arrival Time;0;None;0;None;0;None;1;0
6;California;62774;2;2;0;0;5;5;0;65;RIVERSIDE (65);2730;PERRIS;26;26;10;October;2019;7;Saturday;2;2:00am-2:59am;8;8;1;This section IS ON the NHS;9;Unknown;PERRIS BLVD;ADVOCADO AVE;2;Urban;3;Principal Arterial - Other;98;Not Reported;0;None;33.81021389;33.81021389;-117.2261;-117.2261;0;No Special Jurisdiction;12;Motor Vehicle In-Transport;2;Front-to-Front;0;No;2;Intersection;3;T-Intersection;0;None;1;On Roadway;3;Dark - Lighted;1;Clear;0;No Additional Atmospheric Conditions;1;Clear;0;No;0;Not Applicable;99;Unknown;99;Unknown;99;Unknown EMS Scene Arrival Hour;99;Unknown EMS Scene Arrival Minutes;99;Unknown;99;Unknown EMS Hospital Arrival Time;0;None;0;None;0;None;1;1
6;California;62780;1;1;0;1;1;1;1;71;SAN BERNARDINO (71);681;CHINO HILLS;14;14;9;September;2019;7;Saturday;20;8:00pm-8:59pm;45;45;0;This section IS NOT on the NHS;6;Local Street - Municipality;EUCALYPTUS AVE;GALLOPING HILLS RD;2;Urban;6;Minor Collector;98;Not Reported;0;None;33.98789167;33.98789167;-117.737;-117.737;0;No Special Jurisdiction;8;Pedestrian;0;The First Harmful Event was Not a Collision with a Motor Vehicle in Transport;0;No;3;Intersection-Related;3;T-Intersection;0;None;1;On Roadway;2;Dark - Not Lighted;1;Clear;0;No Additional Atmospheric Conditions;1;Clear;0;No;0;Not Applicable;99;Unknown;99;Unknown;99;Unknown EMS Scene Arrival Hour;99;Unknown EMS Scene Arrival Minutes;99;Unknown;99;Unknown EMS Hospital Arrival Time;0;None;0;None;0;None;1;0
6;California;62796;2;2;0;0;3;3;0;85;SANTA CLARA (85);3440;SANTA CLARA;8;8;5;May;2019;4;Wednesday;9;9:00am-9:59am;2;2;1;This section IS ON the NHS;9;Unknown;SCOTT BLVD;JAY ST;2;Urban;3;Principal Arterial - Other;98;Not Reported;0;None;37.37734167;37.37734167;-121.9619694;-121.96196944;0;No Special Jurisdiction;12;Motor Vehicle In-Transport;1;Front-to-Rear;0;No;3;Intersection-Related;3;T-Intersection;0;None;1;On Roadway;1;Daylight;10;Cloudy;0;No Additional Atmospheric Conditions;10;Cloudy;0;No;0;Not Applicable;99;Unknown;99;Unknown;99;Unknown EMS Scene Arrival Hour;99;Unknown EMS Scene Arrival Minutes;99;Unknown;99;Unknown EMS Hospital Arrival Time;0;None;0;None;0;None;1;0
6;California;62809;2;2;0;0;2;2;0;73;SAN DIEGO (73);3260;SAN DIEGO;11;11;12;December;2019;4;Wednesday;12;12:00pm-12:59pm;36;36;1;This section IS ON the NHS;9;Unknown;GENESEE AVE;CHATEAU DR;2;Urban;3;Principal Arterial - Other;98;Not Reported;0;None;32.82863333;32.82863333;-117.1932111;-117.19321111;0;No Special Jurisdiction;12;Motor Vehicle In-Transport;6;Angle;0;No;2;Intersection;3;T-Intersection;0;None;1;On Roadway;1;Daylight;1;Clear;0;No Additional Atmospheric Conditions;1;Clear;0;No;0;Not Applicable;99;Unknown;99;Unknown;99;Unknown EMS Scene Arrival Hour;99;Unknown EMS Scene Arrival Minutes;99;Unknown;99;Unknown EMS Hospital Arrival Time;0;None;0;None;0;None;1;0
6;California;62819;1;1;0;1;2;2;1;111;VENTURA (111);0;NOT APPLICABLE;14;14;12;December;2019;7;Saturday;17;5:00pm-5:59pm;41;41;1;This section IS ON the NHS;3;State Highway;SR-232;CENTRAL AVE;2;Urban;3;Principal Arterial - Other;1;State Highway Agency;26;26;34.25801667;34.25801667;-119.1531139;-119.15311389;0;No Special Jurisdiction;8;Pedestrian;0;The First Harmful Event was Not a Collision with a Motor Vehicle in Transport;0;No;3;Intersection-Related;3;T-Intersection;0;None;1;On Roadway;3;Dark - Lighted;1;Clear;0;No Additional Atmospheric Conditions;1;Clear;0;No;0;Not Applicable;99;Unknown;99;Unknown;99;Unknown EMS Scene Arrival Hour;99;Unknown EMS Scene Arrival Minutes;88;Not Applicable (Not Transported);88;Not Applicable (Not Transported);0;None;0;None;0;None;1;0
6;California;62821;1;1;0;1;1;1;1;29;KERN (29);0;NOT APPLICABLE;26;26;10;October;2019;7;Saturday;21;9:00pm-9:59pm;28;28;0;This section IS NOT on the NHS;9;Unknown;ROBERTS LN;HIGGINS DR;2;Urban;4;Minor Arterial;98;Not Reported;0;None;35.40869722;35.40869722;-119.0321111;-119.03211111;0;No Special Jurisdiction;8;Pedestrian;0;The First Harmful Event was Not a Collision with a Motor Vehicle in Transport;0;No;2;Intersection;3;T-Intersection;0;None;1;On Roadway;3;Dark - Lighted;1;Clear;0;No Additional Atmospheric Conditions;1;Clear;0;No;0;Not Applicable;99;Unknown;99;Unknown;99;Unknown EMS Scene Arrival Hour;99;Unknown EMS Scene Arrival Minutes;99;Unknown;99;Unknown EMS Hospital Arrival Time;0;None;0;None;0;None;1;0
6;California;62825;1;1;0;1;1;1;1;65;RIVERSIDE (65);3070;RIVERSIDE;30;30;10;October;2019;4;Wednesday;13;1:00pm-1:59pm;11;11;0;This section IS NOT on the NHS;6;Local Street - Municipality;GALLERIA;TYLER;2;Urban;7;Local;98;Not Reported;0;None;33.909925;33.909925;-117.4588083;-117.45880833;0;No Special Jurisdiction;8;Pedestrian;0;The First Harmful Event was Not a Collision with a Motor Vehicle in Transport;0;No;3;Intersection-Related;3;T-Intersection;0;None;1;On Roadway;1;Daylight;1;Clear;0;No Additional Atmospheric Conditions;1;Clear;0;No;0;Not Applicable;99;Unknown;99;Unknown;99;Unknown EMS Scene Arrival Hour;99;Unknown EMS Scene Arrival Minutes;99;Unknown;99;Unknown EMS Hospital Arrival Time;0;None;0;None;0;None;1;0
6;California;62834;2;2;0;0;2;2;0;77;SAN JOAQUIN (77);3770;STOCKTON;7;7;11;November;2019;5;Thursday;20;8:00pm-8:59pm;46;46;0;This section IS NOT on the NHS;9;Unknown;PACIFIC AV;BROOKSIDE RD;2;Urban;5;Major Collector;98;Not Reported;0;None;37.98538611;37.98538611;-121.3099417;-121.30994167;0;No Special Jurisdiction;12;Motor Vehicle In-Transport;6;Angle;0;No;2;Intersection;3;T-Intersection;0;None;1;On Roadway;3;Dark - Lighted;1;Clear;0;No Additional Atmospheric Conditions;1;Clear;0;No;0;Not Applicable;99;Unknown;99;Unknown;99;Unknown EMS Scene Arrival Hour;99;Unknown EMS Scene Arrival Minutes;99;Unknown;99;Unknown EMS Hospital Arrival Time;0;None;0;None;0;None;1;0
6;California;62842;4;4;0;0;5;5;0;59;ORANGE (59);1345;FOUNTAIN VALLEY;8;8;8;August;2019;5;Thursday;15;3:00pm-3:59pm;56;56;1;This section IS ON the NHS;9;Unknown;EUCLID ST;SOUTHPARK AVE;2;Urban;3;Principal Arterial - Other;98;Not Reported;0;None;33.70422778;33.70422778;-117.9368833;-117.93688333;0;No Special Jurisdiction;12;Motor Vehicle In-Transport;6;Angle;0;No;2;Intersection;3;T-Intersection;0;None;1;On Roadway;1;Daylight;1;Clear;0;No Additional Atmospheric Conditions;1;Clear;0;No;0;Not Applicable;99;Unknown;99;Unknown;99;Unknown EMS Scene Arrival Hour;99;Unknown EMS Scene Arrival Minutes;99;Unknown;99;Unknown EMS Hospital Arrival Time;0;None;0;None;0;None;1;0
6;California;62848;3;3;0;0;3;3;0;65;RIVERSIDE (65);2278;MORENO VALLEY;22;22;10;October;2019;3;Tuesday;6;6:00am-6:59am;27;27;0;This section IS NOT on the NHS;9;Unknown;HEACOCK ST;DELPHINIUM AVE;2;Urban;4;Minor Arterial;98;Not Reported;0;None;33.90636389;33.90636389;-117.2435694;-117.24356944;0;No Special Jurisdiction;12;Motor Vehicle In-Transport;6;Angle;0;No;2;Intersection;3;T-Intersection;0;None;1;On Roadway;3;Dark - Lighted;1;Clear;0;No Additional Atmospheric Conditions;1;Clear;0;No;0;Not Applicable;99;Unknown;99;Unknown;99;Unknown EMS Scene Arrival Hour;99;Unknown EMS Scene Arrival Minutes;99;Unknown;99;Unknown EMS Hospital Arrival Time;14;Motor Vehicle struck by falling cargo,or something that came loose from or something that was set in motion by a vehicle;0;None;0;None;1;0
6;California;62849;2;2;0;0;4;4;0;59;ORANGE (59);2560;ORANGE;5;5;6;June;2019;4;Wednesday;16;4:00pm-4:59pm;41;41;0;This section IS NOT on the NHS;9;Unknown;EAST COLLINS AVE;ROBERTO ST;2;Urban;4;Minor Arterial;98;Not Reported;0;None;33.80237778;33.80237778;-117.8164528;-117.81645278;0;No Special Jurisdiction;12;Motor Vehicle In-Transport;6;Angle;0;No;2;Intersection;3;T-Intersection;0;None;1;On Roadway;1;Daylight;1;Clear;0;No Additional Atmospheric Conditions;1;Clear;0;No;0;Not Applicable;99;Unknown;99;Unknown;99;Unknown EMS Scene Arrival Hour;99;Unknown EMS Scene Arrival Minutes;99;Unknown;99;Unknown EMS Hospital Arrival Time;0;None;0;None;0;None;1;0
6;California;62878;1;1;0;1;1;1;1;37;LOS ANGELES (37);1980;LOS ANGELES;31;31;12;December;2019;3;Tuesday;18;6:00pm-6:59pm;0;0;1;This section IS ON the NHS;9;Unknown;AVALON BL;E 37TH ST;2;Urban;3;Principal Arterial - Other;98;Not Reported;0;None;34.01280556;34.01280556;-118.2652528;-118.26525278;0;No Special Jurisdiction;8;Pedestrian;0;The First Harmful Event was Not a Collision with a Motor Vehicle in Transport;0;No;2;Intersection;3;T-Intersection;0;None;1;On Roadway;3;Dark - Lighted;1;Clear;0;No Additional Atmospheric Conditions;1;Clear;0;No;0;Not Applicable;99;Unknown;99;Unknown;99;Unknown EMS Scene Arrival Hour;99;Unknown EMS Scene Arrival Minutes;99;Unknown;99;Unknown EMS Hospital Arrival Time;0;None;0;None;0;None;1;0
6;California;62887;2;2;0;0;2;2;0;47;MERCED (47);0;NOT APPLICABLE;20;20;9;September;2019;6;Friday;14;2:00pm-2:59pm;23;23;0;This section IS NOT on the NHS;9;Unknown;SANTA FE DR;AVENUE TWO;2;Urban;4;Minor Arterial;98;Not Reported;0;None;37.34959167;37.34959167;-120.55545;-120.55545;0;No Special Jurisdiction;1;Rollover/Overturn;0;The First Harmful Event was Not a Collision with a Motor Vehicle in Transport;0;No;3;Intersection-Related;3;T-Intersection;0;None;1;On Roadway;1;Daylight;1;Clear;0;No Additional Atmospheric Conditions;1;Clear;0;No;0;Not Applicable;99;Unknown;99;Unknown;99;Unknown EMS Scene Arrival Hour;99;Unknown EMS Scene Arrival Minutes;88;Not Applicable (Not Transported);88;Not Applicable (Not Transported);14;Motor Vehicle struck by falling cargo,or something that came loose from or something that was set in motion by a vehicle;0;None;0;None;1;0
6;California;62916;2;2;0;0;3;3;0;39;MADERA (39);0;NOT APPLICABLE;22;22;10;October;2019;3;Tuesday;9;9:00am-9:59am;45;45;0;This section IS NOT on the NHS;9;Unknown;AVENUE 7;FIREBAUGH BL;1;Rural;5;Major Collector;98;Not Reported;0;None;36.85914722;36.85914722;-120.3409056;-120.34090556;0;No Special Jurisdiction;12;Motor Vehicle In-Transport;6;Angle;0;No;2;Intersection;3;T-Intersection;0;None;1;On Roadway;1;Daylight;1;Clear;0;No Additional Atmospheric Conditions;1;Clear;0;No;0;Not Applicable;99;Unknown;99;Unknown;99;Unknown EMS Scene Arrival Hour;99;Unknown EMS Scene Arrival Minutes;99;Unknown;99;Unknown EMS Hospital Arrival Time;0;None;0;None;0;None;1;0
6;California;62918;2;2;0;0;4;4;0;37;LOS ANGELES (37);2020;LYNWOOD;21;21;11;November;2019;5;Thursday;8;8:00am-8:59am;50;50;1;This section IS ON the NHS;9;Unknown;ALAMEDA ST;INDUSTRY WY;2;Urban;3;Principal Arterial - Other;98;Not Reported;0;None;33.92370833;33.92370833;-118.2247222;-118.22472222;0;No Special Jurisdiction;12;Motor Vehicle In-Transport;2;Front-to-Front;0;No;2;Intersection;3;T-Intersection;0;None;1;On Roadway;1;Daylight;1;Clear;0;No Additional Atmospheric Conditions;1;Clear;0;No;0;Not Applicable;99;Unknown;99;Unknown;99;Unknown EMS Scene Arrival Hour;99;Unknown EMS Scene Arrival Minutes;99;Unknown;99;Unknown EMS Hospital Arrival Time;0;None;0;None;0;None;1;0
6;California;62928;1;1;0;0;2;2;0;85;SANTA CLARA (85);3340;SAN JOSE;8;8;6;June;2019;7;Saturday;4;4:00am-4:59am;22;22;0;This section IS NOT on the NHS;9;Unknown;POPLAR DR;CHABOT WY;2;Urban;7;Local;98;Not Reported;0;None;37.34198889;37.34198889;-121.8291389;-121.82913889;0;No Special Jurisdiction;38;Fence;0;The First Harmful Event was Not a Collision with a Motor Vehicle in Transport;0;No;3;Intersection-Related;3;T-Intersection;0;None;5;Outside Trafficway;3;Dark - Lighted;1;Clear;0;No Additional Atmospheric Conditions;1;Clear;0;No;0;Not Applicable;99;Unknown;99;Unknown;99;Unknown EMS Scene Arrival Hour;99;Unknown EMS Scene Arrival Minutes;99;Unknown;99;Unknown EMS Hospital Arrival Time;0;None;0;None;0;None;1;0
6;California;62930;1;1;0;1;1;1;1;71;SAN BERNARDINO (71);2922;RANCHO CUCAMONGA;21;21;11;November;2019;5;Thursday;4;4:00am-4:59am;38;38;1;This section IS ON the NHS;9;Unknown;ETIWANDA AVE;WELLS ST;2;Urban;3;Principal Arterial - Other;98;Not Reported;0;None;34.08198611;34.08198611;-117.5240083;-117.52400833;0;No Special Jurisdiction;8;Pedestrian;0;The First Harmful Event was Not a Collision with a Motor Vehicle in Transport;0;No;2;Intersection;3;T-Intersection;0;None;1;On Roadway;3;Dark - Lighted;2;Rain;0;No Additional Atmospheric Conditions;2;Rain;0;No;0;Not Applicable;99;Unknown;99;Unknown;99;Unknown EMS Scene Arrival Hour;99;Unknown EMS Scene Arrival Minutes;88;Not Applicable (Not Transported);88;Not Applicable (Not Transported);0;None;0;None;0;None;1;0
6;California;62932;1;1;0;1;1;1;1;85;SANTA CLARA (85);3340;SAN JOSE;4;4;8;August;2019;1;Sunday;21;9:00pm-9:59pm;22;22;0;This section IS NOT on the NHS;9;Unknown;KING RD;RIGOLETTO DR;2;Urban;98;Not Reported;4;City or Municipal Highway Agency;0;None;37.31870556;37.31870556;-121.8223889;-121.82238889;0;No Special Jurisdiction;8;Pedestrian;0;The First Harmful Event was Not a Collision with a Motor Vehicle in Transport;0;No;2;Intersection;3;T-Intersection;0;None;1;On Roadway;2;Dark - Not Lighted;1;Clear;0;No Additional Atmospheric Conditions;1;Clear;0;No;0;Not Applicable;99;Unknown;99;Unknown;99;Unknown EMS Scene Arrival Hour;99;Unknown EMS Scene Arrival Minutes;99;Unknown;99;Unknown EMS Hospital Arrival Time;0;None;0;None;0;None;1;1
6;California;63010;1;1;0;1;1;1;1;65;RIVERSIDE (65);4197;WILDOMAR;5;5;7;July;2019;6;Friday;0;0:00am-0:59am;44;44;0;This section IS NOT on the NHS;9;Unknown;MISSION TRL;SYLVESTER RD;2;Urban;4;Minor Arterial;98;Not Reported;0;None;33.65067222;33.65067222;-117.295625;-117.295625;0;No Special Jurisdiction;8;Pedestrian;0;The First Harmful Event was Not a Collision with a Motor Vehicle in Transport;0;No;2;Intersection;3;T-Intersection;0;None;1;On Roadway;3;Dark - Lighted;1;Clear;0;No Additional Atmospheric Conditions;1;Clear;0;No;0;Not Applicable;99;Unknown;99;Unknown;99;Unknown EMS Scene Arrival Hour;99;Unknown EMS Scene Arrival Minutes;88;Not Applicable (Not Transported);88;Not Applicable (Not Transported);0;None;0;None;0;None;1;0
6;California;63015;1;1;0;1;1;1;1;113;YOLO (113);4258;WOODLAND;10;10;10;October;2019;5;Thursday;9;9:00am-9:59am;12;12;0;This section IS NOT on the NHS;9;Unknown;SIXTH ST;MAIN ST;2;Urban;4;Minor Arterial;98;Not Reported;0;None;38.677375;38.677375;-121.7671639;-121.76716389;0;No Special Jurisdiction;8;Pedestrian;0;The First Harmful Event was Not a Collision with a Motor Vehicle in Transport;0;No;3;Intersection-Related;3;T-Intersection;0;None;1;On Roadway;1;Daylight;1;Clear;0;No Additional Atmospheric Conditions;1;Clear;0;No;0;Not Applicable;99;Unknown;99;Unknown;99;Unknown EMS Scene Arrival Hour;99;Unknown EMS Scene Arrival Minutes;99;Unknown;99;Unknown EMS Hospital Arrival Time;0;None;0;None;0;None;1;0
6;California;63025;2;2;0;0;2;2;0;19;FRESNO (19);0;NOT APPLICABLE;5;5;12;December;2019;5;Thursday;16;4:00pm-4:59pm;10;10;0;This section IS NOT on the NHS;6;Local Street - Municipality;REED AVE;ADAMS AVE;1;Rural;6;Minor Collector;98;Not Reported;0;None;36.63323056;36.63323056;-119.457675;-119.457675;0;No Special Jurisdiction;12;Motor Vehicle In-Transport;6;Angle;0;No;3;Intersection-Related;3;T-Intersection;0;None;1;On Roadway;1;Daylight;1;Clear;0;No Additional Atmospheric Conditions;1;Clear;0;No;0;Not Applicable;99;Unknown;99;Unknown;99;Unknown EMS Scene Arrival Hour;99;Unknown EMS Scene Arrival Minutes;99;Unknown;99;Unknown EMS Hospital Arrival Time;0;None;0;None;0;None;1;0