STATE;STATENAME;ST_CASE;VE_TOTAL;VE_FORMS;PVH_INVL;PEDS;PERSONS;PERMVIT;PERNOTMVIT;COUNTY;COUNTYNAME;CITY;CITYNAME;DAY;DAYNAME;MONTH;MONTHNAME;YEAR;DAY_WEEK;DAY_WEEKNAME;HOUR;HOURNAME;MINUTE;MINUTENAME;NHS;NHSNAME;ROUTE;ROUTENAME;TWAY_ID;TWAY_ID2;RUR_URB;RUR_URBNAME;FUNC_SYS;FUNC_SYSNAME;RD_OWNER;RD_OWNERNAME;MILEPT;MILEPTNAME;LATITUDE;LATITUDENAME;LONGITUD;LONGITUDNAME;SP_JUR;SP_JURNAME;HARM_EV;HARM_EVNAME;MAN_COLL;MAN_COLLNAME;RELJCT1;RELJCT1NAME;RELJCT2;RELJCT2NAME;TYP_INT;TYP_INTNAME;WRK_ZONE;WRK_ZONENAME;REL_ROAD;REL_ROADNAME;LGT_COND;LGT_CONDNAME;WEATHER1;WEATHER1NAME;WEATHER2;WEATHER2NAME;WEATHER;WEATHERNAME;SCH_BUS;SCH_BUSNAME;RAIL;RAILNAME;NOT_HOUR;NOT_HOURNAME;NOT_MIN;NOT_MINNAME;ARR_HOUR;ARR_HOURNAME;ARR_MIN;ARR_MINNAME;HOSP_HR;HOSP_HRNAME;HOSP_MN;HOSP_MNNAME;CF1;CF1NAME;CF2;CF2NAME;CF3;CF3NAME;FATALS;DRUNK_DR
6;California;63032;3;2;1;0;4;4;0;37;LOS ANGELES (37);0;NOT APPLICABLE;12;12;8;August;2019;2;Monday;20;8:00pm-8:59pm;11;11;0;This section IS NOT on the NHS;9;Unknown;COMPTON AVE;82ND AVE;2;Urban;4;Minor Arterial;98;Not Reported;0;None;33.96491944;33.96491944;-118.2476972;-118.24769722;0;No Special Jurisdiction;12;Motor Vehicle In-Transport;2;Front-to-Front;0;No;3;Intersection-Related;3;T-Intersection;0;None;1;On Roadway;3;Dark - Lighted;1;Clear;0;No Additional Atmospheric Conditions;1;Clear;0;No;0;Not Applicable;99;Unknown;99;Unknown;99;Unknown EMS Scene Arrival Hour;99;Unknown EMS Scene Arrival Minutes;99;Unknown;99;Unknown EMS Hospital Arrival Time;0;None;0;None;0;None;1;0
6;California;63034;2;2;0;0;3;3;0;37;LOS ANGELES (37);0;NOT APPLICABLE;3;3;11;November;2019;1;Sunday;13;1:00pm-1:59pm;23;23;0;This section IS NOT on the NHS;3;State Highway;SR-2;VINCENT GULCH DIVIDE PRK LT;1;Rural;4;Minor Arterial;1;State Highway Agency;748;748;34.37338611;34.37338611;-117.7520139;-117.75201389;0;No Special Jurisdiction;12;Motor Vehicle In-Transport;6;Angle;0;No;2;Intersection;3;T-Intersection;0;None;1;On Roadway;1;Daylight;1;Clear;0;No Additional Atmospheric Conditions;1;Clear;0;No;0;Not Applicable;99;Unknown;99;Unknown;99;Unknown EMS Scene Arrival Hour;99;Unknown EMS Scene Arrival Minutes;99;Unknown;99;Unknown EMS Hospital Arrival Time;0;None;0;None;0;None;1;0
6;California;63062;2;2;0;0;2;2;0;19;FRESNO (19);0;NOT APPLICABLE;16;16;12;December;2019;2;Monday;11;11:00am-11:59am;32;32;1;This section IS ON the NHS;3;State Highway;SR-168;ACADEMY OAKS LANE;2;Urban;3;Principal Arterial - Other;1;State Highway Agency;172;172;36.88921111;36.88921111;-119.5342611;-119.53426111;0;No Special Jurisdiction;12;Motor Vehicle In-Transport;6;Angle;0;No;2;Intersection;3;T-Intersection;0;None;1;On Roadway;1;Daylight;10;Cloudy;0;No Additional Atmospheric Conditions;10;Cloudy;0;No;0;Not Applicable;99;Unknown;99;Unknown;99;Unknown EMS Scene Arrival Hour;99;Unknown EMS Scene Arrival Minutes;99;Unknown;99;Unknown EMS Hospital Arrival Time;0;None;0;None;0;None;1;1
6;California;63079;2;2;0;0;4;4;0;73;SAN DIEGO (73);1080;EL CAJON;17;17;6;June;2019;2;Monday;0;0:00am-0:59am;12;12;1;This section IS ON the NHS;9;Unknown;JAMACHA RD;VISTA DEL VALLE BL;2;Urban;3;Principal Arterial - Other;98;Not Reported;0;None;32.77926389;32.77926389;-116.92775;-116.92775;0;No Special Jurisdiction;12;Motor Vehicle In-Transport;1;Front-to-Rear;0;No;3;Intersection-Related;3;T-Intersection;0;None;1;On Roadway;3;Dark - Lighted;10;Cloudy;0;No Additional Atmospheric Conditions;10;Cloudy;0;No;0;Not Applicable;99;Unknown;99;Unknown;99;Unknown EMS Scene Arrival Hour;99;Unknown EMS Scene Arrival Minutes;99;Unknown;99;Unknown EMS Hospital Arrival Time;0;None;0;None;0;None;1;0
6;California;63080;2;2;0;0;2;2;0;1;ALAMEDA (1);2480;OAKLAND;18;18;4;April;2019;5;Thursday;17;5:00pm-5:59pm;33;33;0;This section IS NOT on the NHS;9;Unknown;CLAREMONT AVE;HILLEGASS AVE;2;Urban;4;Minor Arterial;98;Not Reported;0;None;37.84713889;37.84713889;-122.25415;-122.25415;0;No Special Jurisdiction;12;Motor Vehicle In-Transport;2;Front-to-Front;0;No;2;Intersection;3;T-Intersection;0;None;1;On Roadway;1;Daylight;1;Clear;0;No Additional Atmospheric Conditions;1;Clear;0;No;0;Not Applicable;99;Unknown;99;Unknown;99;Unknown EMS Scene Arrival Hour;99;Unknown EMS Scene Arrival Minutes;99;Unknown;99;Unknown EMS Hospital Arrival Time;0;None;0;None;0;None;1;1
6;California;63083;1;1;0;0;1;1;0;37;LOS ANGELES (37);1980;LOS ANGELES;9;9;10;October;2019;4;Wednesday;19;7:00pm-7:59pm;20;20;0;This section IS NOT on the NHS;6;Local Street - Municipality;BAGLEY AVE;BOLTON RD;2;Urban;7;Local;98;Not Reported;0;None;34.04492222;34.04492222;-118.3919861;-118.39198611;0;No Special Jurisdiction;33;Curb;0;The First Harmful Event was Not a Collision with a Motor Vehicle in Transport;0;No;3;Intersection-Related;3;T-Intersection;0;None;4;On Roadside;2;Dark - Not Lighted;1;Clear;0;No Additional Atmospheric Conditions;1;Clear;0;No;0;Not Applicable;99;Unknown;99;Unknown;99;Unknown EMS Scene Arrival Hour;99;Unknown EMS Scene Arrival Minutes;99;Unknown;99;Unknown EMS Hospital Arrival Time;0;None;0;None;0;None;1;0
6;California;63084;2;2;0;0;3;3;0;29;KERN (29);1000;DELANO;2;2;11;November;2019;7;Saturday;22;10:00pm-10:59pm;45;45;0;This section IS NOT on the NHS;6;Local Street - Municipality;COUNTY LINE ROAD;HIETT AVE;1;Rural;6;Minor Collector;98;Not Reported;0;None;35.79041944;35.79041944;-119.2674667;-119.26746667;0;No Special Jurisdiction;12;Motor Vehicle In-Transport;6;Angle;0;No;3;Intersection-Related;3;T-Intersection;0;None;1;On Roadway;2;Dark - Not Lighted;1;Clear;0;No Additional Atmospheric Conditions;1;Clear;0;No;0;Not Applicable;99;Unknown;99;Unknown;99;Unknown EMS Scene Arrival Hour;99;Unknown EMS Scene Arrival Minutes;99;Unknown;99;Unknown EMS Hospital Arrival Time;0;None;0;None;0;None;1;0
6;California;63086;2;2;0;0;3;3;0;71;SAN BERNARDINO (71);4291;YUCCA VALLEY;19;19;10;October;2019;7;Saturday;6;6:00am-6:59am;33;33;1;This section IS ON the NHS;3;State Highway;SR-62;RICHARDS DR;2;Urban;3;Principal Arterial - Other;1;State Highway Agency;20;20;34.13495;34.13495;-116.3777917;-116.37779167;0;No Special Jurisdiction;12;Motor Vehicle In-Transport;6;Angle;0;No;2;Intersection;3;T-Intersection;0;None;1;On Roadway;4;Dawn;1;Clear;0;No Additional Atmospheric Conditions;1;Clear;0;No;0;Not Applicable;99;Unknown;99;Unknown;99;Unknown EMS Scene Arrival Hour;99;Unknown EMS Scene Arrival Minutes;99;Unknown;99;Unknown EMS Hospital Arrival Time;0;None;0;None;0;None;1;1
6;California;63105;1;1;0;1;1;1;1;37;LOS ANGELES (37);1980;LOS ANGELES;28;28;8;August;2019;4;Wednesday;7;7:00am-7:59am;35;35;1;This section IS ON the NHS;9;Unknown;RHEA AV;SHERMAN WY;2;Urban;3;Principal Arterial - Other;98;Not Reported;0;None;34.20108889;34.20108889;-118.5414972;-118.54149722;0;No Special Jurisdiction;8;Pedestrian;0;The First Harmful Event was Not a Collision with a Motor Vehicle in Transport;0;No;3;Intersection-Related;3;T-Intersection;0;None;1;On Roadway;1;Daylight;1;Clear;0;No Additional Atmospheric Conditions;1;Clear;0;No;0;Not Applicable;99;Unknown;99;Unknown;99;Unknown EMS Scene Arrival Hour;99;Unknown EMS Scene Arrival Minutes;99;Unknown;99;Unknown EMS Hospital Arrival Time;0;None;0;None;0;None;1;0
6;California;63134;1;1;0;1;1;1;1;71;SAN BERNARDINO (71);3210;SAN BERNARDINO;23;23;12;December;2019;2;Monday;16;4:00pm-4:59pm;16;16;0;This section IS NOT on the NHS;9;Unknown;E BASELINE ST;N CRESTVIEW AVE;2;Urban;4;Minor Arterial;98;Not Reported;0;None;34.12133611;34.12133611;-117.273375;-117.273375;0;No Special Jurisdiction;9;Pedalcyclist;0;The First Harmful Event was Not a Collision with a Motor Vehicle in Transport;0;No;2;Intersection;3;T-Intersection;0;None;1;On Roadway;1;Daylight;2;Rain;0;No Additional Atmospheric Conditions;2;Rain;0;No;0;Not Applicable;99;Unknown;99;Unknown;99;Unknown EMS Scene Arrival Hour;99;Unknown EMS Scene Arrival Minutes;99;Unknown;99;Unknown EMS Hospital Arrival Time;0;None;0;None;0;None;1;0
6;California;63135;1;1;0;1;1;1;1;111;VENTURA (111);2620;OXNARD;23;23;9;September;2019;2;Monday;21;9:00pm-9:59pm;45;45;1;This section IS ON the NHS;9;Unknown;OXNARD BL;ASH ST;2;Urban;3;Principal Arterial - Other;98;Not Reported;0;None;34.18664722;34.18664722;-119.173425;-119.173425;0;No Special Jurisdiction;8;Pedestrian;0;The First Harmful Event was Not a Collision with a Motor Vehicle in Transport;0;No;3;Intersection-Related;3;T-Intersection;0;None;1;On Roadway;3;Dark - Lighted;1;Clear;0;No Additional Atmospheric Conditions;1;Clear;0;No;0;Not Applicable;99;Unknown;99;Unknown;99;Unknown EMS Scene Arrival Hour;99;Unknown EMS Scene Arrival Minutes;99;Unknown;99;Unknown EMS Hospital Arrival Time;0;None;0;None;0;None;1;0
6;California;63138;1;1;0;1;1;1;1;37;LOS ANGELES (37);1980;LOS ANGELES;13;13;12;December;2019;6;Friday;11;11:00am-11:59am;25;25;1;This section IS ON the NHS;9;Unknown;N FAIRFAX AVE;W 1ST ST;2;Urban;3;Principal Arterial - Other;98;Not Reported;0;None;34.074325;34.074325;-118.3614472;-118.36144722;0;No Special Jurisdiction;8;Pedestrian;0;The First Harmful Event was Not a Collision with a Motor Vehicle in Transport;0;No;3;Intersection-Related;3;T-Intersection;0;None;1;On Roadway;1;Daylight;1;Clear;0;No Additional Atmospheric Conditions;1;Clear;0;No;0;Not Applicable;99;Unknown;99;Unknown;99;Unknown EMS Scene Arrival Hour;99;Unknown EMS Scene Arrival Minutes;99;Unknown;99;Unknown EMS Hospital Arrival Time;0;None;0;None;0;None;1;0
6;California;63141;1;1;0;1;1;1;1;37;LOS ANGELES (37);1980;LOS ANGELES;11;11;11;November;2019;2;Monday;21;9:00pm-9:59pm;44;44;1;This section IS ON the NHS;1;Interstate;I-110;EL SEGUNDO BL;2;Urban;1;Interstate;1;State Highway Agency;129;129;33.91661389;33.91661389;-118.2860083;-118.28600833;0;No Special Jurisdiction;8;Pedestrian;0;The First Harmful Event was Not a Collision with a Motor Vehicle in Transport;0;No;3;Intersection-Related;3;T-Intersection;0;None;1;On Roadway;3;Dark - Lighted;10;Cloudy;0;No Additional Atmospheric Conditions;10;Cloudy;0;No;0;Not Applicable;99;Unknown;99;Unknown;99;Unknown EMS Scene Arrival Hour;99;Unknown EMS Scene Arrival Minutes;88;Not Applicable (Not Transported);88;Not Applicable (Not Transported);0;None;0;None;0;None;1;0
6;California;63157;1;1;0;0;2;2;0;95;SOLANO (95);4020;VALLEJO;4;4;8;August;2019;1;Sunday;4;4:00am-4:59am;46;46;0;This section IS NOT on the NHS;9;Unknown;WILSON AVE;LIGHTHOUSE DR;2;Urban;4;Minor Arterial;98;Not Reported;0;None;38.119875;38.119875;-122.2751306;-122.27513056;0;No Special Jurisdiction;33;Curb;0;The First Harmful Event was Not a Collision with a Motor Vehicle in Transport;0;No;3;Intersection-Related;3;T-Intersection;0;None;4;On Roadside;3;Dark - Lighted;10;Cloudy;0;No Additional Atmospheric Conditions;10;Cloudy;0;No;0;Not Applicable;99;Unknown;99;Unknown;99;Unknown EMS Scene Arrival Hour;99;Unknown EMS Scene Arrival Minutes;99;Unknown;99;Unknown EMS Hospital Arrival Time;0;None;0;None;0;None;1;0
6;California;63158;1;1;0;0;1;1;0;59;ORANGE (59);2560;ORANGE;22;22;9;September;2019;1;Sunday;2;2:00am-2:59am;37;37;1;This section IS ON the NHS;9;Unknown;TUSTIN ST;TOYOTA WY/ VANOWEN AV;2;Urban;3;Principal Arterial - Other;98;Not Reported;0;None;33.81114167;33.81114167;-117.8357833;-117.83578333;0;No Special Jurisdiction;33;Curb;0;The First Harmful Event was Not a Collision with a Motor Vehicle in Transport;0;No;3;Intersection-Related;3;T-Intersection;0;None;4;On Roadside;3;Dark - Lighted;1;Clear;0;No Additional Atmospheric Conditions;1;Clear;0;No;0;Not Applicable;99;Unknown;99;Unknown;99;Unknown EMS Scene Arrival Hour;99;Unknown EMS Scene Arrival Minutes;88;Not Applicable (Not Transported);88;Not Applicable (Not Transported);0;None;0;None;0;None;1;0
6;California;63164;2;2;0;0;2;2;0;65;RIVERSIDE (65);3070;RIVERSIDE;23;23;11;November;2019;7;Saturday;11;11:00am-11:59am;51;51;0;This section IS NOT on the NHS;9;Unknown;RUBIDOUX BLVD;24TH ST;2;Urban;4;Minor Arterial;98;Not Reported;0;None;34.01593333;34.01593333;-117.3901833;-117.39018333;0;No Special Jurisdiction;12;Motor Vehicle In-Transport;2;Front-to-Front;0;No;2;Intersection;3;T-Intersection;0;None;1;On Roadway;1;Daylight;1;Clear;0;No Additional Atmospheric Conditions;1;Clear;0;No;0;Not Applicable;99;Unknown;99;Unknown;99;Unknown EMS Scene Arrival Hour;99;Unknown EMS Scene Arrival Minutes;99;Unknown;99;Unknown EMS Hospital Arrival Time;0;None;0;None;0;None;1;0
6;California;63168;2;2;0;0;2;2;0;73;SAN DIEGO (73);1080;EL CAJON;24;24;7;July;2019;4;Wednesday;11;11:00am-11:59am;55;55;0;This section IS NOT on the NHS;6;Local Street - Municipality;GREENFIELD DR;I-8 ON RAMP;2;Urban;6;Minor Collector;98;Not Reported;0;None;32.81159722;32.81159722;-116.9167028;-116.91670278;0;No Special Jurisdiction;12;Motor Vehicle In-Transport;6;Angle;0;No;3;Intersection-Related;3;T-Intersection;0;None;1;On Roadway;1;Daylight;1;Clear;0;No Additional Atmospheric Conditions;1;Clear;0;No;0;Not Applicable;99;Unknown;99;Unknown;99;Unknown EMS Scene Arrival Hour;99;Unknown EMS Scene Arrival Minutes;88;Not Applicable (Not Transported);88;Not Applicable (Not Transported);0;None;0;None;0;None;1;1
6;California;63177;1;1;0;1;1;1;1;29;KERN (29);240;BAKERSFIELD;10;10;6;June;2019;2;Monday;21;9:00pm-9:59pm;36;36;1;This section IS ON the NHS;9;Unknown;MING AV;COURTLEIGH DR;2;Urban;3;Principal Arterial - Other;98;Not Reported;0;None;35.33720833;35.33720833;-119.0632389;-119.06323889;0;No Special Jurisdiction;8;Pedestrian;0;The First Harmful Event was Not a Collision with a Motor Vehicle in Transport;0;No;2;Intersection;3;T-Intersection;0;None;1;On Roadway;3;Dark - Lighted;1;Clear;0;No Additional Atmospheric Conditions;1;Clear;0;No;0;Not Applicable;99;Unknown;99;Unknown;99;Unknown EMS Scene Arrival Hour;99;Unknown EMS Scene Arrival Minutes;99;Unknown;99;Unknown EMS Hospital Arrival Time;0;None;0;None;0;None;1;0
6;California;63181;1;1;0;0;1;1;0;59;ORANGE (59);2400;NEWPORT BEACH;17;17;11;November;2019;1;Sunday;0;0:00am-0:59am;0;0;1;This section IS ON the NHS;3;State Highway;SR-1 COAST HWY W;61ST ST;2;Urban;3;Principal Arterial - Other;1;State Highway Agency;210;210;33.62600278;33.62600278;-117.9484278;-117.94842778;0;No Special Jurisdiction;33;Curb;0;The First Harmful Event was Not a Collision with a Motor Vehicle in Transport;0;No;3;Intersection-Related;3;T-Intersection;0;None;4;On Roadside;3;Dark - Lighted;1;Clear;0;No Additional Atmospheric Conditions;1;Clear;0;No;0;Not Applicable;99;Unknown;99;Unknown;99;Unknown EMS Scene Arrival Hour;99;Unknown EMS Scene Arrival Minutes;88;Not Applicable (Not Transported);88;Not Applicable (Not Transported);0;None;0;None;0;None;1;1
6;California;63182;1;1;0;1;1;1;1;29;KERN (29);240;BAKERSFIELD;7;7;12;December;2019;7;Saturday;23;11:00pm-11:59pm;52;52;0;This section IS NOT on the NHS;9;Unknown;COLUMBUS ST;LOYOLA ST;2;Urban;4;Minor Arterial;98;Not Reported;0;None;35.39771389;35.39771389;-118.9613861;-118.96138611;0;No Special Jurisdiction;8;Pedestrian;0;The First Harmful Event was Not a Collision with a Motor Vehicle in Transport;0;No;3;Intersection-Related;3;T-Intersection;0;None;1;On Roadway;3;Dark - Lighted;2;Rain;0;No Additional Atmospheric Conditions;2;Rain;0;No;0;Not Applicable;99;Unknown;99;Unknown;99;Unknown EMS Scene Arrival Hour;99;Unknown EMS Scene Arrival Minutes;99;Unknown;99;Unknown EMS Hospital Arrival Time;0;None;0;None;0;None;1;0
6;California;63187;2;2;0;0;3;3;0;71;SAN BERNARDINO (71);790;COLTON;7;7;12;December;2019;7;Saturday;19;7:00pm-7:59pm;59;59;0;This section IS NOT on the NHS;9;Unknown;S RANCHO AVE;WEST N ST;2;Urban;4;Minor Arterial;98;Not Reported;0;None;34.06218056;34.06218056;-117.3333583;-117.33335833;0;No Special Jurisdiction;12;Motor Vehicle In-Transport;6;Angle;0;No;2;Intersection;3;T-Intersection;0;None;1;On Roadway;3;Dark - Lighted;2;Rain;10;Cloudy;2;Rain;0;No;0;Not Applicable;99;Unknown;99;Unknown;99;Unknown EMS Scene Arrival Hour;99;Unknown EMS Scene Arrival Minutes;99;Unknown;99;Unknown EMS Hospital Arrival Time;0;None;0;None;0;None;1;0
6;California;63193;1;1;0;1;1;1;1;37;LOS ANGELES (37);2870;POMONA;9;9;12;December;2019;2;Monday;0;0:00am-0:59am;21;21;1;This section IS ON the NHS;3;State Highway;SR-57;TEMPLE AVE;2;Urban;3;Principal Arterial - Other;1;State Highway Agency;0;None;34.04368889;34.04368889;-117.8009583;-117.80095833;0;No Special Jurisdiction;8;Pedestrian;0;The First Harmful Event was Not a Collision with a Motor Vehicle in Transport;0;No;3;Intersection-Related;3;T-Intersection;0;None;1;On Roadway;3;Dark - Lighted;10;Cloudy;0;No Additional Atmospheric Conditions;10;Cloudy;0;No;0;Not Applicable;99;Unknown;99;Unknown;99;Unknown EMS Scene Arrival Hour;99;Unknown EMS Scene Arrival Minutes;88;Not Applicable (Not Transported);88;Not Applicable (Not Transported);0;None;0;None;0;None;1;0
6;California;63194;1;1;0;1;1;1;1;85;SANTA CLARA (85);3340;SAN JOSE;11;11;10;October;2019;6;Friday;7;7:00am-7:59am;5;5;0;This section IS NOT on the NHS;9;Unknown;MONTERREY RD;FEHREN RD;2;Urban;3;Principal Arterial - Other;98;Not Reported;0;None;37.284075;37.284075;-121.8415639;-121.84156389;0;No Special Jurisdiction;9;Pedalcyclist;0;The First Harmful Event was Not a Collision with a Motor Vehicle in Transport;0;No;3;Intersection-Related;3;T-Intersection;0;None;1;On Roadway;1;Daylight;1;Clear;0;No Additional Atmospheric Conditions;1;Clear;0;No;0;Not Applicable;99;Unknown;99;Unknown;99;Unknown EMS Scene Arrival Hour;99;Unknown EMS Scene Arrival Minutes;99;Unknown;99;Unknown EMS Hospital Arrival Time;0;None;0;None;0;None;1;0
6;California;63200;1;1;0;0;2;2;0;85;SANTA CLARA (85);1975;LOS ALTOS;11;11;12;December;2019;4;Wednesday;5;5:00am-5:59am;18;18;0;This section IS NOT on the NHS;9;Unknown;FREMONT AVE;TRUMAN AVE;2;Urban;5;Major Collector;98;Not Reported;0;None;37.35205556;37.35205556;-122.0685417;-122.06854167;0;No Special Jurisdiction;33;Curb;0;The First Harmful Event was Not a Collision with a Motor Vehicle in Transport;0;No;3;Intersection-Related;3;T-Intersection;0;None;4;On Roadside;3;Dark - Lighted;10;Cloudy;0;No Additional Atmospheric Conditions;10;Cloudy;0;No;0;Not Applicable;99;Unknown;99;Unknown;99;Unknown EMS Scene Arrival Hour;99;Unknown EMS Scene Arrival Minutes;99;Unknown;99;Unknown EMS Hospital Arrival Time;0;None;0;None;0;None;1;0
6;California;63201;1;1;0;0;2;2;0;67;SACRAMENTO (67);3150;SACRAMENTO;2;2;9;September;2019;2;Monday;12;12:00pm-12:59pm;56;56;0;This section IS NOT on the NHS;9;Unknown;DEL PASO BLVD;JULIESSE AVE;2;Urban;5;Major Collector;98;Not Reported;0;None;38.62073333;38.62073333;-121.4329722;-121.43297222;0;No Special Jurisdiction;42;Tree (Standing Only);0;The First Harmful Event was Not a Collision with a Motor Vehicle in Transport;0;No;3;Intersection-Related;3;T-Intersection;0;None;4;On Roadside;1;Daylight;1;Clear;0;No Additional Atmospheric Conditions;1;Clear;0;No;0;Not Applicable;99;Unknown;99;Unknown;99;Unknown EMS Scene Arrival Hour;99;Unknown EMS Scene Arrival Minutes;99;Unknown;99;Unknown EMS Hospital Arrival Time;0;None;0;None;0;None;1;0
6;California;63238;1;1;0;1;1;1;1;73;SAN DIEGO (73);1080;EL CAJON;6;6;11;November;2019;4;Wednesday;18;6:00pm-6:59pm;24;24;0;This section IS NOT on the NHS;9;Unknown;CHASE;LINCOLN AVE;2;Urban;4;Minor Arterial;98;Not Reported;0;None;32.78040278;32.78040278;-116.9535194;-116.95351944;0;No Special Jurisdiction;8;Pedestrian;0;The First Harmful Event was Not a Collision with a Motor Vehicle in Transport;0;No;3;Intersection-Related;3;T-Intersection;0;None;1;On Roadway;3;Dark - Lighted;1;Clear;0;No Additional Atmospheric Conditions;1;Clear;0;No;0;Not Applicable;99;Unknown;99;Unknown;99;Unknown EMS Scene Arrival Hour;99;Unknown EMS Scene Arrival Minutes;99;Unknown;99;Unknown EMS Hospital Arrival Time;0;None;0;None;0;None;1;0
6;California;63241;2;2;0;0;2;2;0;19;FRESNO (19);1370;FRESNO;26;26;10;October;2019;7;Saturday;14;2:00pm-2:59pm;25;25;1;This section IS ON the NHS;9;Unknown;FRIANT RD;SHEPHERD AVE;2;Urban;3;Principal Arterial - Other;98;Not Reported;0;None;36.86637778;36.86637778;-119.7793639;-119.77936389;0;No Special Jurisdiction;12;Motor Vehicle In-Transport;6;Angle;0;No;2;Intersection;3;T-Intersection;0;None;1;On Roadway;1;Daylight;1;Clear;0;No Additional Atmospheric Conditions;1;Clear;0;No;0;Not Applicable;99;Unknown;99;Unknown;99;Unknown EMS Scene Arrival Hour;99;Unknown EMS Scene Arrival Minutes;99;Unknown;99;Unknown EMS Hospital Arrival Time;0;None;0;None;0;None;1;0
6;California;63243;1;1;0;0;3;3;0;111;VENTURA (111);3641;SIMI VALLEY;10;10;12;December;2019;3;Tuesday;1;1:00am-1:59am;33;33;0;This section IS NOT on the NHS;9;Unknown;SYCAMORE DR;MORLEY DR;2;Urban;4;Minor Arterial;98;Not Reported;0;None;34.26612778;34.26612778;-118.7479833;-118.74798333;0;No Special Jurisdiction;33;Curb;0;The First Harmful Event was Not a Collision with a Motor Vehicle in Transport;0;No;3;Intersection-Related;3;T-Intersection;0;None;4;On Roadside;3;Dark - Lighted;1;Clear;0;No Additional Atmospheric Conditions;1;Clear;0;No;0;Not Applicable;99;Unknown;99;Unknown;99;Unknown EMS Scene Arrival Hour;99;Unknown EMS Scene Arrival Minutes;99;Unknown;99;Unknown EMS Hospital Arrival Time;0;None;0;None;0;None;2;1
6;California;63258;4;3;1;0;3;3;0;59;ORANGE (59);1380;FULLERTON;13;13;12;December;2019;6;Friday;15;3:00pm-3:59pm;5;5;0;This section IS NOT on the NHS;9;Unknown;RAYMOND AVE;ORANGEFAIR LN;2;Urban;4;Minor Arterial;98;Not Reported;0;None;33.85585278;33.85585278;-117.9067556;-117.90675556;0;No Special Jurisdiction;12;Motor Vehicle In-Transport;6;Angle;0;No;2;Intersection;3;T-Intersection;0;None;1;On Roadway;1;Daylight;1;Clear;0;No Additional Atmospheric Conditions;1;Clear;0;No;0;Not Applicable;99;Unknown;99;Unknown;99;Unknown EMS Scene Arrival Hour;99;Unknown EMS Scene Arrival Minutes;99;Unknown;99;Unknown EMS Hospital Arrival Time;14;Motor Vehicle struck by falling cargo,or something that came loose from or something that was set in motion by a vehicle;0;None;0;None;1;1
6;California;63259;1;1;0;1;1;1;1;85;SANTA CLARA (85);3340;SAN JOSE;28;28;12;December;2019;7;Saturday;17;5:00pm-5:59pm;43;43;1;This section IS ON the NHS;9;Unknown;OAKLAND RD;MCKAY DR;2;Urban;3;Principal Arterial - Other;98;Not Reported;0;None;37.38571667;37.38571667;-121.8979889;-121.89798889;0;No Special Jurisdiction;8;Pedestrian;0;The First Harmful Event was Not a Collision with a Motor Vehicle in Transport;0;No;2;Intersection;3;T-Intersection;0;None;1;On Roadway;3;Dark - Lighted;1;Clear;0;No Additional Atmospheric Conditions;1;Clear;0;No;0;Not Applicable;99;Unknown;99;Unknown;99;Unknown EMS Scene Arrival Hour;99;Unknown EMS Scene Arrival Minutes;99;Unknown;99;Unknown EMS Hospital Arrival Time;0;None;0;None;0;None;1;0