STATE;STATENAME;ST_CASE;VE_TOTAL;VE_FORMS;PVH_INVL;PEDS;PERSONS;PERMVIT;PERNOTMVIT;COUNTY;COUNTYNAME;CITY;CITYNAME;DAY;DAYNAME;MONTH;MONTHNAME;YEAR;DAY_WEEK;DAY_WEEKNAME;HOUR;HOURNAME;MINUTE;MINUTENAME;NHS;NHSNAME;ROUTE;ROUTENAME;TWAY_ID;TWAY_ID2;RUR_URB;RUR_URBNAME;FUNC_SYS;FUNC_SYSNAME;RD_OWNER;RD_OWNERNAME;MILEPT;MILEPTNAME;LATITUDE;LATITUDENAME;LONGITUD;LONGITUDNAME;SP_JUR;SP_JURNAME;HARM_EV;HARM_EVNAME;MAN_COLL;MAN_COLLNAME;RELJCT1;RELJCT1NAME;RELJCT2;RELJCT2NAME;TYP_INT;TYP_INTNAME;WRK_ZONE;WRK_ZONENAME;REL_ROAD;REL_ROADNAME;LGT_COND;LGT_CONDNAME;WEATHER1;WEATHER1NAME;WEATHER2;WEATHER2NAME;WEATHER;WEATHERNAME;SCH_BUS;SCH_BUSNAME;RAIL;RAILNAME;NOT_HOUR;NOT_HOURNAME;NOT_MIN;NOT_MINNAME;ARR_HOUR;ARR_HOURNAME;ARR_MIN;ARR_MINNAME;HOSP_HR;HOSP_HRNAME;HOSP_MN;HOSP_MNNAME;CF1;CF1NAME;CF2;CF2NAME;CF3;CF3NAME;FATALS;DRUNK_DR
6;California;63260;2;2;0;0;2;2;0;71;SAN BERNARDINO (71);790;COLTON;13;13;12;December;2019;6;Friday;15;3:00pm-3:59pm;27;27;1;This section IS ON the NHS;9;Unknown;RIVERSIDE AV;KEY ST;2;Urban;3;Principal Arterial - Other;98;Not Reported;0;None;34.02115;34.02115;-117.3624278;-117.36242778;0;No Special Jurisdiction;12;Motor Vehicle In-Transport;6;Angle;0;No;2;Intersection;3;T-Intersection;0;None;1;On Roadway;1;Daylight;1;Clear;0;No Additional Atmospheric Conditions;1;Clear;0;No;0;Not Applicable;99;Unknown;99;Unknown;99;Unknown EMS Scene Arrival Hour;99;Unknown EMS Scene Arrival Minutes;99;Unknown;99;Unknown EMS Hospital Arrival Time;0;None;0;None;0;None;1;1
6;California;63276;5;5;0;0;8;8;0;19;FRESNO (19);1370;FRESNO;3;3;8;August;2019;7;Saturday;14;2:00pm-2:59pm;25;25;1;This section IS ON the NHS;6;Local Street - Municipality;SHAW AVE;JENNIFER AVE;2;Urban;3;Principal Arterial - Other;98;Not Reported;0;None;36.80833611;36.80833611;-119.8746139;-119.87461389;0;No Special Jurisdiction;12;Motor Vehicle In-Transport;6;Angle;0;No;3;Intersection-Related;3;T-Intersection;0;None;1;On Roadway;1;Daylight;1;Clear;0;No Additional Atmospheric Conditions;1;Clear;0;No;0;Not Applicable;99;Unknown;99;Unknown;99;Unknown EMS Scene Arrival Hour;99;Unknown EMS Scene Arrival Minutes;99;Unknown;99;Unknown EMS Hospital Arrival Time;14;Motor Vehicle struck by falling cargo,or something that came loose from or something that was set in motion by a vehicle;0;None;0;None;2;0
6;California;63304;2;2;0;0;3;3;0;59;ORANGE (59);1380;FULLERTON;18;18;9;September;2019;4;Wednesday;8;8:00am-8:59am;35;35;1;This section IS ON the NHS;9;Unknown;BASTANCHURRY RD;MORELIA AV;2;Urban;3;Principal Arterial - Other;98;Not Reported;0;None;33.89348333;33.89348333;-117.9332944;-117.93329444;0;No Special Jurisdiction;12;Motor Vehicle In-Transport;6;Angle;0;No;2;Intersection;3;T-Intersection;0;None;1;On Roadway;1;Daylight;1;Clear;0;No Additional Atmospheric Conditions;1;Clear;0;No;0;Not Applicable;99;Unknown;99;Unknown;99;Unknown EMS Scene Arrival Hour;99;Unknown EMS Scene Arrival Minutes;99;Unknown;99;Unknown EMS Hospital Arrival Time;0;None;0;None;0;None;1;0
6;California;63306;1;1;0;0;1;1;0;37;LOS ANGELES (37);230;AZUSA;4;4;8;August;2019;1;Sunday;8;8:00am-8:59am;26;26;0;This section IS NOT on the NHS;9;Unknown;CITRUS AVE;FOOTHILL BLVD;2;Urban;4;Minor Arterial;98;Not Reported;0;None;34.13608333;34.13608333;-117.8898111;-117.88981111;0;No Special Jurisdiction;24;Guardrail Face;0;The First Harmful Event was Not a Collision with a Motor Vehicle in Transport;0;No;3;Intersection-Related;3;T-Intersection;0;None;4;On Roadside;1;Daylight;1;Clear;0;No Additional Atmospheric Conditions;1;Clear;0;No;0;Not Applicable;99;Unknown;99;Unknown;99;Unknown EMS Scene Arrival Hour;99;Unknown EMS Scene Arrival Minutes;88;Not Applicable (Not Transported);88;Not Applicable (Not Transported);0;None;0;None;0;None;1;1
6;California;63314;1;1;0;1;1;1;1;29;KERN (29);240;BAKERSFIELD;1;1;2;February;2019;6;Friday;18;6:00pm-6:59pm;6;6;0;This section IS NOT on the NHS;9;Unknown;H ST;CHERRY ST;2;Urban;4;Minor Arterial;98;Not Reported;0;None;35.36406111;35.36406111;-119.0212528;-119.02125278;0;No Special Jurisdiction;8;Pedestrian;0;The First Harmful Event was Not a Collision with a Motor Vehicle in Transport;0;No;3;Intersection-Related;3;T-Intersection;0;None;1;On Roadway;3;Dark - Lighted;2;Rain;0;No Additional Atmospheric Conditions;2;Rain;0;No;0;Not Applicable;99;Unknown;99;Unknown;99;Unknown EMS Scene Arrival Hour;99;Unknown EMS Scene Arrival Minutes;99;Unknown;99;Unknown EMS Hospital Arrival Time;0;None;0;None;0;None;1;0
6;California;63319;2;2;0;0;2;2;0;37;LOS ANGELES (37);9997;Other;24;24;4;April;2019;4;Wednesday;17;5:00pm-5:59pm;23;23;1;This section IS ON the NHS;1;Interstate;I-605 OFF RAMP;ARROW HIGHWAY;2;Urban;1;Interstate;1;State Highway Agency;231;231;34.11485833;34.11485833;-117.9790167;-117.97901667;0;No Special Jurisdiction;12;Motor Vehicle In-Transport;6;Angle;1;Yes;2;Intersection;3;T-Intersection;0;None;1;On Roadway;1;Daylight;1;Clear;0;No Additional Atmospheric Conditions;1;Clear;0;No;0;Not Applicable;99;Unknown;99;Unknown;99;Unknown EMS Scene Arrival Hour;99;Unknown EMS Scene Arrival Minutes;99;Unknown;99;Unknown EMS Hospital Arrival Time;0;None;0;None;0;None;1;0
6;California;63320;2;2;0;0;2;2;0;59;ORANGE (59);1660;HUNTINGTON BEACH;2;2;8;August;2019;6;Friday;8;8:00am-8:59am;39;39;1;This section IS ON the NHS;3;State Highway;SR-39 BEACH BL;CLAY AV;2;Urban;3;Principal Arterial - Other;1;State Highway Agency;24;24;33.68307778;33.68307778;-117.9888083;-117.98880833;0;No Special Jurisdiction;12;Motor Vehicle In-Transport;6;Angle;0;No;2;Intersection;3;T-Intersection;0;None;1;On Roadway;1;Daylight;1;Clear;0;No Additional Atmospheric Conditions;1;Clear;0;No;0;Not Applicable;99;Unknown;99;Unknown;99;Unknown EMS Scene Arrival Hour;99;Unknown EMS Scene Arrival Minutes;88;Not Applicable (Not Transported);88;Not Applicable (Not Transported);0;None;0;None;0;None;1;1
6;California;63326;2;2;0;0;3;3;0;71;SAN BERNARDINO (71);360;BIG BEAR LAKE;24;24;5;May;2019;6;Friday;19;7:00pm-7:59pm;56;56;0;This section IS NOT on the NHS;9;Unknown;BIG BEAR BLVD;MOUNTAINAIRE LN;2;Urban;4;Minor Arterial;98;Not Reported;0;None;34.243575;34.243575;-116.9025889;-116.90258889;0;No Special Jurisdiction;1;Rollover/Overturn;0;The First Harmful Event was Not a Collision with a Motor Vehicle in Transport;0;No;2;Intersection;3;T-Intersection;0;None;1;On Roadway;1;Daylight;1;Clear;0;No Additional Atmospheric Conditions;1;Clear;0;No;0;Not Applicable;99;Unknown;99;Unknown;99;Unknown EMS Scene Arrival Hour;99;Unknown EMS Scene Arrival Minutes;99;Unknown;99;Unknown EMS Hospital Arrival Time;0;None;0;None;0;None;1;1
6;California;63327;1;1;0;0;2;2;0;85;SANTA CLARA (85);3340;SAN JOSE;5;5;5;May;2019;1;Sunday;21;9:00pm-9:59pm;54;54;1;This section IS ON the NHS;9;Unknown;SANTA TERESA BLVD;LONG CT;2;Urban;3;Principal Arterial - Other;98;Not Reported;0;None;37.23721944;37.23721944;-121.8184806;-121.81848056;0;No Special Jurisdiction;33;Curb;0;The First Harmful Event was Not a Collision with a Motor Vehicle in Transport;0;No;3;Intersection-Related;3;T-Intersection;0;None;3;On Median;3;Dark - Lighted;1;Clear;0;No Additional Atmospheric Conditions;1;Clear;0;No;0;Not Applicable;99;Unknown;99;Unknown;99;Unknown EMS Scene Arrival Hour;99;Unknown EMS Scene Arrival Minutes;99;Unknown;99;Unknown EMS Hospital Arrival Time;0;None;0;None;0;None;1;1
6;California;63333;1;1;0;1;2;2;1;85;SANTA CLARA (85);3340;SAN JOSE;14;14;12;December;2019;7;Saturday;2;2:00am-2:59am;26;26;1;This section IS ON the NHS;1;Interstate;I-280 RAMP;RACE ST;2;Urban;1;Interstate;1;State Highway Agency;0;None;37.31665278;37.31665278;-121.9109611;-121.91096111;0;No Special Jurisdiction;8;Pedestrian;0;The First Harmful Event was Not a Collision with a Motor Vehicle in Transport;0;No;2;Intersection;3;T-Intersection;0;None;1;On Roadway;2;Dark - Not Lighted;10;Cloudy;0;No Additional Atmospheric Conditions;10;Cloudy;0;No;0;Not Applicable;99;Unknown;99;Unknown;99;Unknown EMS Scene Arrival Hour;99;Unknown EMS Scene Arrival Minutes;99;Unknown;99;Unknown EMS Hospital Arrival Time;0;None;0;None;0;None;1;0
6;California;63340;2;2;0;0;2;2;0;59;ORANGE (59);1155;LAKE FOREST;10;10;12;December;2019;3;Tuesday;7;7:00am-7:59am;50;50;1;This section IS ON the NHS;9;Unknown;EL TORO RD;CREEKSIDE;2;Urban;3;Principal Arterial - Other;1;State Highway Agency;223;223;33.63986944;33.63986944;-117.6710389;-117.67103889;0;No Special Jurisdiction;12;Motor Vehicle In-Transport;6;Angle;0;No;2;Intersection;3;T-Intersection;0;None;1;On Roadway;1;Daylight;1;Clear;0;No Additional Atmospheric Conditions;1;Clear;0;No;0;Not Applicable;99;Unknown;99;Unknown;99;Unknown EMS Scene Arrival Hour;99;Unknown EMS Scene Arrival Minutes;99;Unknown;99;Unknown EMS Hospital Arrival Time;0;None;0;None;0;None;1;0
6;California;63341;1;1;0;0;1;1;0;71;SAN BERNARDINO (71);2550;ONTARIO;12;12;7;July;2019;6;Friday;1;1:00am-1:59am;55;55;1;This section IS ON the NHS;9;Unknown;HOLT BL;CORONA AV;2;Urban;3;Principal Arterial - Other;98;Not Reported;0;None;34.06346111;34.06346111;-117.6134333;-117.61343333;0;No Special Jurisdiction;30;Utility Pole/Light Support;0;The First Harmful Event was Not a Collision with a Motor Vehicle in Transport;0;No;3;Intersection-Related;3;T-Intersection;0;None;4;On Roadside;3;Dark - Lighted;1;Clear;0;No Additional Atmospheric Conditions;1;Clear;0;No;0;Not Applicable;99;Unknown;99;Unknown;99;Unknown EMS Scene Arrival Hour;99;Unknown EMS Scene Arrival Minutes;88;Not Applicable (Not Transported);88;Not Applicable (Not Transported);0;None;0;None;0;None;1;1
6;California;63345;1;1;0;3;1;1;3;111;VENTURA (111);2620;OXNARD;30;30;9;September;2019;2;Monday;7;7:00am-7:59am;40;40;0;This section IS NOT on the NHS;9;Unknown;COOPER RD;ANITA AV;2;Urban;7;Local;98;Not Reported;0;None;34.20450833;34.20450833;-119.1695639;-119.16956389;0;No Special Jurisdiction;8;Pedestrian;0;The First Harmful Event was Not a Collision with a Motor Vehicle in Transport;0;No;3;Intersection-Related;3;T-Intersection;0;None;1;On Roadway;1;Daylight;1;Clear;0;No Additional Atmospheric Conditions;1;Clear;0;No;0;Not Applicable;99;Unknown;99;Unknown;99;Unknown EMS Scene Arrival Hour;99;Unknown EMS Scene Arrival Minutes;99;Unknown;99;Unknown EMS Hospital Arrival Time;0;None;0;None;0;None;1;0
6;California;63352;1;1;0;1;1;1;1;1;ALAMEDA (1);1364;FREMONT;29;29;11;November;2019;6;Friday;20;8:00pm-8:59pm;29;29;0;This section IS NOT on the NHS;9;Unknown;NILES BLVD;ROCK AVE;2;Urban;4;Minor Arterial;98;Not Reported;0;None;37.580625;37.580625;-121.9956389;-121.99563889;0;No Special Jurisdiction;8;Pedestrian;0;The First Harmful Event was Not a Collision with a Motor Vehicle in Transport;0;No;3;Intersection-Related;3;T-Intersection;0;None;1;On Roadway;3;Dark - Lighted;10;Cloudy;0;No Additional Atmospheric Conditions;10;Cloudy;0;No;0;Not Applicable;99;Unknown;99;Unknown;99;Unknown EMS Scene Arrival Hour;99;Unknown EMS Scene Arrival Minutes;88;Not Applicable (Not Transported);88;Not Applicable (Not Transported);0;None;0;None;0;None;1;0
6;California;63357;1;1;0;1;1;1;1;59;ORANGE (59);3420;SANTA ANA;28;28;6;June;2019;6;Friday;22;10:00pm-10:59pm;37;37;1;This section IS ON the NHS;9;Unknown;1ST ST;TOWNSEND ST;2;Urban;3;Principal Arterial - Other;98;Not Reported;0;None;33.74538333;33.74538333;-117.896025;-117.896025;0;No Special Jurisdiction;15;Non-Motorist on Personal Conveyance;0;The First Harmful Event was Not a Collision with a Motor Vehicle in Transport;0;No;3;Intersection-Related;3;T-Intersection;0;None;1;On Roadway;3;Dark - Lighted;1;Clear;0;No Additional Atmospheric Conditions;1;Clear;0;No;0;Not Applicable;99;Unknown;99;Unknown;99;Unknown EMS Scene Arrival Hour;99;Unknown EMS Scene Arrival Minutes;99;Unknown;99;Unknown EMS Hospital Arrival Time;0;None;0;None;0;None;1;0
6;California;63359;2;2;0;0;3;3;0;89;SHASTA (89);2950;REDDING;6;6;11;November;2019;4;Wednesday;9;9:00am-9:59am;38;38;0;This section IS NOT on the NHS;9;Unknown;HILLTOP DR;PALISADES AV;2;Urban;4;Minor Arterial;98;Not Reported;0;None;40.59543333;40.59543333;-122.3617333;-122.36173333;0;No Special Jurisdiction;12;Motor Vehicle In-Transport;6;Angle;0;No;2;Intersection;3;T-Intersection;0;None;1;On Roadway;1;Daylight;1;Clear;0;No Additional Atmospheric Conditions;1;Clear;0;No;0;Not Applicable;99;Unknown;99;Unknown;99;Unknown EMS Scene Arrival Hour;99;Unknown EMS Scene Arrival Minutes;88;Not Applicable (Not Transported);88;Not Applicable (Not Transported);0;None;0;None;0;None;1;0
6;California;63361;3;3;0;0;3;3;0;65;RIVERSIDE (65);2646;PALM DESERT;15;15;6;June;2019;7;Saturday;6;6:00am-6:59am;49;49;1;This section IS ON the NHS;9;Unknown;MONTEREY AVE;SHADOW RIDGE RD;2;Urban;3;Principal Arterial - Other;98;Not Reported;0;None;33.78281389;33.78281389;-116.3882583;-116.38825833;0;No Special Jurisdiction;12;Motor Vehicle In-Transport;6;Angle;0;No;2;Intersection;3;T-Intersection;0;None;1;On Roadway;1;Daylight;1;Clear;0;No Additional Atmospheric Conditions;1;Clear;0;No;0;Not Applicable;99;Unknown;99;Unknown;99;Unknown EMS Scene Arrival Hour;99;Unknown EMS Scene Arrival Minutes;99;Unknown;99;Unknown EMS Hospital Arrival Time;0;None;0;None;0;None;1;0
6;California;63366;1;1;0;1;1;1;1;59;ORANGE (59);1410;GARDEN GROVE;27;27;12;December;2019;6;Friday;18;6:00pm-6:59pm;0;0;0;This section IS NOT on the NHS;9;Unknown;HARBOR BLVD;TRASK AVE;2;Urban;4;Minor Arterial;4;City or Municipal Highway Agency;5;5;33.76711389;33.76711389;-117.9203389;-117.92033889;0;No Special Jurisdiction;9;Pedalcyclist;0;The First Harmful Event was Not a Collision with a Motor Vehicle in Transport;0;No;2;Intersection;3;T-Intersection;0;None;1;On Roadway;3;Dark - Lighted;1;Clear;0;No Additional Atmospheric Conditions;1;Clear;0;No;0;Not Applicable;99;Unknown;99;Unknown;99;Unknown EMS Scene Arrival Hour;99;Unknown EMS Scene Arrival Minutes;88;Not Applicable (Not Transported);88;Not Applicable (Not Transported);0;None;0;None;0;None;1;1
6;California;63374;1;1;0;1;1;1;1;37;LOS ANGELES (37);3870;TORRANCE;29;29;4;April;2019;2;Monday;20;8:00pm-8:59pm;40;40;1;This section IS ON the NHS;9;Unknown;DEL AMO BL;MARINER AVE;2;Urban;3;Principal Arterial - Other;98;Not Reported;0;None;33.84857778;33.84857778;-118.3496611;-118.34966111;0;No Special Jurisdiction;8;Pedestrian;0;The First Harmful Event was Not a Collision with a Motor Vehicle in Transport;0;No;3;Intersection-Related;3;T-Intersection;0;None;1;On Roadway;3;Dark - Lighted;1;Clear;0;No Additional Atmospheric Conditions;1;Clear;0;No;0;Not Applicable;99;Unknown;99;Unknown;99;Unknown EMS Scene Arrival Hour;99;Unknown EMS Scene Arrival Minutes;88;Not Applicable (Not Transported);88;Not Applicable (Not Transported);0;None;0;None;0;None;1;0
6;California;63376;1;1;0;1;1;1;1;59;ORANGE (59);4130;WESTMINSTER;15;15;12;December;2019;1;Sunday;18;6:00pm-6:59pm;58;58;0;This section IS NOT on the NHS;9;Unknown;WESTMINSTER BL;CHERRY ST;2;Urban;3;Principal Arterial - Other;98;Not Reported;0;None;33.75906389;33.75906389;-118.0035806;-118.00358056;0;No Special Jurisdiction;8;Pedestrian;0;The First Harmful Event was Not a Collision with a Motor Vehicle in Transport;0;No;2;Intersection;3;T-Intersection;0;None;1;On Roadway;3;Dark - Lighted;1;Clear;0;No Additional Atmospheric Conditions;1;Clear;0;No;0;Not Applicable;99;Unknown;99;Unknown;99;Unknown EMS Scene Arrival Hour;99;Unknown EMS Scene Arrival Minutes;88;Not Applicable (Not Transported);88;Not Applicable (Not Transported);0;None;0;None;0;None;1;0
6;California;63397;1;1;0;1;1;1;1;59;ORANGE (59);80;ANAHEIM;18;18;8;August;2019;1;Sunday;18;6:00pm-6:59pm;23;23;0;This section IS NOT on the NHS;9;Unknown;STATE COLLEGE ROAD;VIRGINIA AVE;2;Urban;3;Principal Arterial - Other;98;Not Reported;0;None;33.83504167;33.83504167;-117.8891639;-117.88916389;0;No Special Jurisdiction;9;Pedalcyclist;0;The First Harmful Event was Not a Collision with a Motor Vehicle in Transport;0;No;3;Intersection-Related;3;T-Intersection;0;None;1;On Roadway;1;Daylight;1;Clear;0;No Additional Atmospheric Conditions;1;Clear;0;No;0;Not Applicable;99;Unknown;99;Unknown;99;Unknown EMS Scene Arrival Hour;99;Unknown EMS Scene Arrival Minutes;99;Unknown;99;Unknown EMS Hospital Arrival Time;0;None;0;None;0;None;1;1
6;California;63399;2;2;0;0;3;3;0;95;SOLANO (95);4020;VALLEJO;10;10;6;June;2019;2;Monday;10;10:00am-10:59am;51;51;0;This section IS NOT on the NHS;9;Unknown;RAILROAD AV;4TH ST;2;Urban;7;Local;98;Not Reported;0;None;38.10163333;38.10163333;-122.2734389;-122.27343889;0;No Special Jurisdiction;12;Motor Vehicle In-Transport;6;Angle;0;No;2;Intersection;3;T-Intersection;0;None;1;On Roadway;1;Daylight;1;Clear;0;No Additional Atmospheric Conditions;1;Clear;0;No;0;Not Applicable;99;Unknown;99;Unknown;99;Unknown EMS Scene Arrival Hour;99;Unknown EMS Scene Arrival Minutes;99;Unknown;99;Unknown EMS Hospital Arrival Time;0;None;0;None;0;None;1;0
6;California;63411;2;2;0;0;2;2;0;59;ORANGE (59);1155;LAKE FOREST;17;17;10;October;2019;5;Thursday;19;7:00pm-7:59pm;7;7;1;This section IS ON the NHS;9;Unknown;EL TORO RD;CREEKSIDE;2;Urban;3;Principal Arterial - Other;98;Not Reported;0;None;33.63991111;33.63991111;-117.6709194;-117.67091944;0;No Special Jurisdiction;12;Motor Vehicle In-Transport;2;Front-to-Front;0;No;2;Intersection;3;T-Intersection;0;None;1;On Roadway;3;Dark - Lighted;1;Clear;0;No Additional Atmospheric Conditions;1;Clear;0;No;0;Not Applicable;99;Unknown;99;Unknown;99;Unknown EMS Scene Arrival Hour;99;Unknown EMS Scene Arrival Minutes;99;Unknown;99;Unknown EMS Hospital Arrival Time;0;None;0;None;0;None;1;0
6;California;63415;2;2;0;1;2;2;1;97;SONOMA (97);3490;SANTA ROSA;18;18;10;October;2019;6;Friday;15;3:00pm-3:59pm;48;48;0;This section IS NOT on the NHS;9;Unknown;CLEVELAND AVE;STATE FARM DR;2;Urban;4;Minor Arterial;98;Not Reported;0;None;38.46623056;38.46623056;-122.7284278;-122.72842778;0;No Special Jurisdiction;12;Motor Vehicle In-Transport;7;Sideswipe - Same Direction;0;No;3;Intersection-Related;3;T-Intersection;0;None;1;On Roadway;1;Daylight;1;Clear;0;No Additional Atmospheric Conditions;1;Clear;0;No;0;Not Applicable;99;Unknown;99;Unknown;99;Unknown EMS Scene Arrival Hour;99;Unknown EMS Scene Arrival Minutes;99;Unknown;99;Unknown EMS Hospital Arrival Time;0;None;0;None;0;None;1;0
6;California;63420;1;1;0;1;2;2;1;37;LOS ANGELES (37);1980;LOS ANGELES;15;15;3;March;2019;6;Friday;19;7:00pm-7:59pm;45;45;1;This section IS ON the NHS;9;Unknown;EAGLE ROCK BLVD;W AVENUE 41;2;Urban;3;Principal Arterial - Other;98;Not Reported;0;None;34.12104167;34.12104167;-118.2271222;-118.22712222;0;No Special Jurisdiction;8;Pedestrian;0;The First Harmful Event was Not a Collision with a Motor Vehicle in Transport;0;No;3;Intersection-Related;3;T-Intersection;0;None;1;On Roadway;3;Dark - Lighted;1;Clear;0;No Additional Atmospheric Conditions;1;Clear;0;No;0;Not Applicable;99;Unknown;99;Unknown;99;Unknown EMS Scene Arrival Hour;99;Unknown EMS Scene Arrival Minutes;99;Unknown;99;Unknown EMS Hospital Arrival Time;0;None;0;None;0;None;1;0
6;California;63436;2;2;0;0;2;2;0;59;ORANGE (59);1782;LAGUNA HILLS;21;21;12;December;2019;7;Saturday;17;5:00pm-5:59pm;20;20;0;This section IS NOT on the NHS;9;Unknown;LA PAZ RD;APPALOOSA PL;2;Urban;4;Minor Arterial;98;Not Reported;0;None;33.58185;33.58185;-117.6932278;-117.69322778;0;No Special Jurisdiction;12;Motor Vehicle In-Transport;7;Sideswipe - Same Direction;0;No;3;Intersection-Related;3;T-Intersection;0;None;1;On Roadway;3;Dark - Lighted;1;Clear;0;No Additional Atmospheric Conditions;1;Clear;0;No;0;Not Applicable;99;Unknown;99;Unknown;99;Unknown EMS Scene Arrival Hour;99;Unknown EMS Scene Arrival Minutes;88;Not Applicable (Not Transported);88;Not Applicable (Not Transported);0;None;0;None;0;None;1;0
6;California;63443;2;2;0;0;2;2;0;111;VENTURA (111);2620;OXNARD;12;12;10;October;2019;7;Saturday;12;12:00pm-12:59pm;34;34;1;This section IS ON the NHS;9;Unknown;STATHAM BL;CHANNEL ISLANDS BL;2;Urban;3;Principal Arterial - Other;98;Not Reported;0;None;34.17336944;34.17336944;-119.1656639;-119.16566389;0;No Special Jurisdiction;12;Motor Vehicle In-Transport;6;Angle;0;No;2;Intersection;3;T-Intersection;0;None;1;On Roadway;1;Daylight;1;Clear;0;No Additional Atmospheric Conditions;1;Clear;0;No;0;Not Applicable;99;Unknown;99;Unknown;99;Unknown EMS Scene Arrival Hour;99;Unknown EMS Scene Arrival Minutes;99;Unknown;99;Unknown EMS Hospital Arrival Time;0;None;0;None;0;None;1;0
6;California;63444;1;1;0;2;1;1;2;59;ORANGE (59);1410;GARDEN GROVE;12;12;10;October;2019;7;Saturday;20;8:00pm-8:59pm;50;50;1;This section IS ON the NHS;9;Unknown;GARDEN GROVE BL;BENTON ST;2;Urban;3;Principal Arterial - Other;98;Not Reported;0;None;33.77405278;33.77405278;-117.9463556;-117.94635556;0;No Special Jurisdiction;8;Pedestrian;0;The First Harmful Event was Not a Collision with a Motor Vehicle in Transport;0;No;2;Intersection;3;T-Intersection;0;None;1;On Roadway;3;Dark - Lighted;1;Clear;0;No Additional Atmospheric Conditions;1;Clear;0;No;0;Not Applicable;99;Unknown;99;Unknown;99;Unknown EMS Scene Arrival Hour;99;Unknown EMS Scene Arrival Minutes;88;Not Applicable (Not Transported);88;Not Applicable (Not Transported);0;None;0;None;0;None;2;0
6;California;63447;2;1;1;1;1;1;1;37;LOS ANGELES (37);1845;LA PUENTE;18;18;10;October;2019;6;Friday;22;10:00pm-10:59pm;6;6;0;This section IS NOT on the NHS;9;Unknown;ORANGE AVE;BECKNER ST;2;Urban;4;Minor Arterial;98;Not Reported;0;None;34.04276389;34.04276389;-117.9742778;-117.97427778;0;No Special Jurisdiction;8;Pedestrian;0;The First Harmful Event was Not a Collision with a Motor Vehicle in Transport;0;No;3;Intersection-Related;3;T-Intersection;0;None;1;On Roadway;3;Dark - Lighted;1;Clear;0;No Additional Atmospheric Conditions;1;Clear;0;No;0;Not Applicable;99;Unknown;99;Unknown;99;Unknown EMS Scene Arrival Hour;99;Unknown EMS Scene Arrival Minutes;88;Not Applicable (Not Transported);88;Not Applicable (Not Transported);14;Motor Vehicle struck by falling cargo,or something that came loose from or something that was set in motion by a vehicle;0;None;0;None;1;0
6;California;63450;2;2;0;0;2;2;0;71;SAN BERNARDINO (71);3970;TWENTYNINE PALMS;18;18;9;September;2019;4;Wednesday;21;9:00pm-9:59pm;6;6;1;This section IS ON the NHS;9;Unknown;ADOBE RD;SUNNYSLOPE DR;2;Urban;3;Principal Arterial - Other;98;Not Reported;0;None;34.14672222;34.14672222;-116.0542472;-116.05424722;0;No Special Jurisdiction;12;Motor Vehicle In-Transport;6;Angle;0;No;2;Intersection;3;T-Intersection;0;None;1;On Roadway;3;Dark - Lighted;1;Clear;0;No Additional Atmospheric Conditions;1;Clear;0;No;0;Not Applicable;99;Unknown;99;Unknown;99;Unknown EMS Scene Arrival Hour;99;Unknown EMS Scene Arrival Minutes;99;Unknown;99;Unknown EMS Hospital Arrival Time;0;None;0;None;0;None;1;0
6;California;63461;1;1;0;1;1;1;1;59;ORANGE (59);1713;EAST IRVINE;17;17;12;December;2019;3;Tuesday;19;7:00pm-7:59pm;32;32;1;This section IS ON the NHS;9;Unknown;ALTON PRKWY;ENTERPRISE DR;2;Urban;3;Principal Arterial - Other;1;State Highway Agency;0;None;33.65551667;33.65551667;-117.744675;-117.744675;0;No Special Jurisdiction;8;Pedestrian;0;The First Harmful Event was Not a Collision with a Motor Vehicle in Transport;0;No;3;Intersection-Related;3;T-Intersection;0;None;1;On Roadway;3;Dark - Lighted;1;Clear;0;No Additional Atmospheric Conditions;1;Clear;0;No;0;Not Applicable;99;Unknown;99;Unknown;99;Unknown EMS Scene Arrival Hour;99;Unknown EMS Scene Arrival Minutes;99;Unknown;99;Unknown EMS Hospital Arrival Time;0;None;0;None;0;None;1;0