STATE;STATENAME;ST_CASE;VE_TOTAL;VE_FORMS;PVH_INVL;PEDS;PERSONS;PERMVIT;PERNOTMVIT;COUNTY;COUNTYNAME;CITY;CITYNAME;DAY;DAYNAME;MONTH;MONTHNAME;YEAR;DAY_WEEK;DAY_WEEKNAME;HOUR;HOURNAME;MINUTE;MINUTENAME;NHS;NHSNAME;ROUTE;ROUTENAME;TWAY_ID;TWAY_ID2;RUR_URB;RUR_URBNAME;FUNC_SYS;FUNC_SYSNAME;RD_OWNER;RD_OWNERNAME;MILEPT;MILEPTNAME;LATITUDE;LATITUDENAME;LONGITUD;LONGITUDNAME;SP_JUR;SP_JURNAME;HARM_EV;HARM_EVNAME;MAN_COLL;MAN_COLLNAME;RELJCT1;RELJCT1NAME;RELJCT2;RELJCT2NAME;TYP_INT;TYP_INTNAME;WRK_ZONE;WRK_ZONENAME;REL_ROAD;REL_ROADNAME;LGT_COND;LGT_CONDNAME;WEATHER1;WEATHER1NAME;WEATHER2;WEATHER2NAME;WEATHER;WEATHERNAME;SCH_BUS;SCH_BUSNAME;RAIL;RAILNAME;NOT_HOUR;NOT_HOURNAME;NOT_MIN;NOT_MINNAME;ARR_HOUR;ARR_HOURNAME;ARR_MIN;ARR_MINNAME;HOSP_HR;HOSP_HRNAME;HOSP_MN;HOSP_MNNAME;CF1;CF1NAME;CF2;CF2NAME;CF3;CF3NAME;FATALS;DRUNK_DR
6;California;63463;1;1;0;1;2;2;1;37;LOS ANGELES (37);1045;DOWNEY;10;10;12;December;2019;3;Tuesday;6;6:00am-6:59am;22;22;0;This section IS NOT on the NHS;9;Unknown;FOSTER RD;DUNROBIN AV;2;Urban;4;Minor Arterial;98;Not Reported;0;None;33.90976389;33.90976389;-118.1204833;-118.12048333;0;No Special Jurisdiction;9;Pedalcyclist;0;The First Harmful Event was Not a Collision with a Motor Vehicle in Transport;0;No;2;Intersection;3;T-Intersection;0;None;1;On Roadway;4;Dawn;1;Clear;0;No Additional Atmospheric Conditions;1;Clear;0;No;0;Not Applicable;99;Unknown;99;Unknown;99;Unknown EMS Scene Arrival Hour;99;Unknown EMS Scene Arrival Minutes;88;Not Applicable (Not Transported);88;Not Applicable (Not Transported);0;None;0;None;0;None;1;0
6;California;63464;1;1;0;0;1;1;0;37;LOS ANGELES (37);804;COMMERCE;10;10;11;November;2019;1;Sunday;20;8:00pm-8:59pm;50;50;0;This section IS NOT on the NHS;9;Unknown;TELEGRAPH RD;FETTERLY AVE;2;Urban;4;Minor Arterial;98;Not Reported;0;None;34.01424167;34.01424167;-118.1669056;-118.16690556;0;No Special Jurisdiction;19;Building;0;The First Harmful Event was Not a Collision with a Motor Vehicle in Transport;0;No;3;Intersection-Related;3;T-Intersection;0;None;5;Outside Trafficway;3;Dark - Lighted;1;Clear;0;No Additional Atmospheric Conditions;1;Clear;0;No;0;Not Applicable;99;Unknown;99;Unknown;99;Unknown EMS Scene Arrival Hour;99;Unknown EMS Scene Arrival Minutes;88;Not Applicable (Not Transported);88;Not Applicable (Not Transported);0;None;0;None;0;None;1;1
6;California;63490;1;1;0;1;1;1;1;85;SANTA CLARA (85);3340;SAN JOSE;22;22;9;September;2019;1;Sunday;19;7:00pm-7:59pm;44;44;0;This section IS NOT on the NHS;9;Unknown;S KING RD;LIDO WY;2;Urban;4;Minor Arterial;98;Not Reported;0;None;37.341475;37.341475;-121.84475;-121.84475;0;No Special Jurisdiction;8;Pedestrian;0;The First Harmful Event was Not a Collision with a Motor Vehicle in Transport;0;No;3;Intersection-Related;3;T-Intersection;0;None;1;On Roadway;3;Dark - Lighted;1;Clear;0;No Additional Atmospheric Conditions;1;Clear;0;No;0;Not Applicable;99;Unknown;99;Unknown;99;Unknown EMS Scene Arrival Hour;99;Unknown EMS Scene Arrival Minutes;99;Unknown;99;Unknown EMS Hospital Arrival Time;0;None;0;None;0;None;1;0
32;Nevada;320001;1;1;0;1;1;1;1;3;CLARK (3);0;NOT APPLICABLE;2;2;1;January;2019;4;Wednesday;18;6:00pm-6:59pm;52;52;1;This section IS ON the NHS;3;State Highway;SR-159;COLBATH ST;2;Urban;3;Principal Arterial - Other;1;State Highway Agency;99998;Not Reported;36.15931111;36.15931111;-115.0559833;-115.05598333;0;No Special Jurisdiction;8;Pedestrian;0;The First Harmful Event was Not a Collision with a Motor Vehicle in Transport;0;No;3;Intersection-Related;3;T-Intersection;0;None;1;On Roadway;3;Dark - Lighted;1;Clear;0;No Additional Atmospheric Conditions;1;Clear;0;No;0;Not Applicable;99;Unknown;99;Unknown;99;Unknown EMS Scene Arrival Hour;99;Unknown EMS Scene Arrival Minutes;99;Unknown;99;Unknown EMS Hospital Arrival Time;0;None;0;None;0;None;1;0
32;Nevada;320003;1;1;0;1;1;1;1;3;CLARK (3);120;LAS VEGAS;9;9;1;January;2019;4;Wednesday;23;11:00pm-11:59pm;13;13;0;This section IS NOT on the NHS;5;Local Street - Township;W BONANZA RD;W D ST;2;Urban;4;Minor Arterial;4;City or Municipal Highway Agency;99998;Not Reported;36.1773;36.1773;-115.1468611;-115.14686111;0;No Special Jurisdiction;8;Pedestrian;0;The First Harmful Event was Not a Collision with a Motor Vehicle in Transport;0;No;3;Intersection-Related;3;T-Intersection;0;None;1;On Roadway;3;Dark - Lighted;1;Clear;0;No Additional Atmospheric Conditions;1;Clear;0;No;0;Not Applicable;99;Unknown;98;Unknown if Notified;99;Unknown EMS Scene Arrival Hour;98;Unknown if Arrived;88;Not Applicable (Not Transported);88;Not Applicable (Not Transported);0;None;0;None;0;None;1;0
32;Nevada;320009;2;2;0;0;5;5;0;3;CLARK (3);0;NOT APPLICABLE;19;19;1;January;2019;7;Saturday;13;1:00pm-1:59pm;8;8;0;This section IS NOT on the NHS;3;State Highway;SR-147;STEVENS ST;2;Urban;3;Principal Arterial - Other;1;State Highway Agency;99998;Not Reported;36.19567222;36.19567222;-115.092025;-115.092025;0;No Special Jurisdiction;12;Motor Vehicle In-Transport;6;Angle;0;No;2;Intersection;3;T-Intersection;0;None;1;On Roadway;1;Daylight;1;Clear;0;No Additional Atmospheric Conditions;1;Clear;0;No;0;Not Applicable;13;1:00pm-1:59pm;8;8;13;1:00pm-1:59pm;9;9;13;1:00pm-1:59pm;28;28;0;None;0;None;0;None;1;1
32;Nevada;320025;1;1;0;1;1;1;1;3;CLARK (3);150;NORTH LAS VEGAS;12;12;3;March;2019;3;Tuesday;6;6:00am-6:59am;32;32;0;This section IS NOT on the NHS;5;Local Street - Township;W OWENS AVE;STOCKER;2;Urban;4;Minor Arterial;3;Town or Township Highway Agency;99998;Not Reported;36.18845;36.18845;-115.1398139;-115.13981389;0;No Special Jurisdiction;8;Pedestrian;0;The First Harmful Event was Not a Collision with a Motor Vehicle in Transport;0;No;3;Intersection-Related;3;T-Intersection;0;None;1;On Roadway;4;Dawn;10;Cloudy;2;Rain;2;Rain;0;No;0;Not Applicable;99;Unknown;98;Unknown if Notified;99;Unknown EMS Scene Arrival Hour;98;Unknown if Arrived;88;Not Applicable (Not Transported);88;Not Applicable (Not Transported);0;None;0;None;0;None;1;0
32;Nevada;320031;1;1;0;0;1;1;0;3;CLARK (3);0;NOT APPLICABLE;29;29;3;March;2019;6;Friday;0;0:00am-0:59am;37;37;0;This section IS NOT on the NHS;5;Local Street - Township;S VALLEY VIEW BLVD;W STARR AVE;2;Urban;7;Local;3;Town or Township Highway Agency;99998;Not Reported;35.98508333;35.98508333;-115.1902444;-115.19024444;0;No Special Jurisdiction;42;Tree (Standing Only);0;The First Harmful Event was Not a Collision with a Motor Vehicle in Transport;0;No;3;Intersection-Related;3;T-Intersection;0;None;4;On Roadside;3;Dark - Lighted;1;Clear;0;No Additional Atmospheric Conditions;1;Clear;0;No;0;Not Applicable;0;0:00am-0:59am;39;39;0;0:00am-0:59am;46;46;1;1:00am-1:59am;5;5;0;None;0;None;0;None;1;1
32;Nevada;320038;1;1;0;1;2;2;1;3;CLARK (3);120;LAS VEGAS;7;7;4;April;2019;1;Sunday;9;9:00am-9:59am;49;49;0;This section IS NOT on the NHS;6;Local Street - Municipality;N LAMB BLVD;MANOR GREEN LN;2;Urban;4;Minor Arterial;25;Other Local Agency;99998;Not Reported;36.16246944;36.16246944;-115.0803972;-115.08039722;0;No Special Jurisdiction;8;Pedestrian;0;The First Harmful Event was Not a Collision with a Motor Vehicle in Transport;0;No;3;Intersection-Related;3;T-Intersection;0;None;1;On Roadway;1;Daylight;1;Clear;0;No Additional Atmospheric Conditions;1;Clear;0;No;0;Not Applicable;9;9:00am-9:59am;50;50;9;9:00am-9:59am;54;54;10;10:00am-10:59am;8;8;0;None;0;None;0;None;1;0
32;Nevada;320041;1;1;0;1;1;1;1;3;CLARK (3);120;LAS VEGAS;9;9;4;April;2019;3;Tuesday;10;10:00am-10:59am;55;55;0;This section IS NOT on the NHS;6;Local Street - Municipality;W WASHINGTON AVE;TWIN LAKES DR;2;Urban;4;Minor Arterial;4;City or Municipal Highway Agency;99998;Not Reported;36.18123889;36.18123889;-115.1880083;-115.18800833;0;No Special Jurisdiction;8;Pedestrian;0;The First Harmful Event was Not a Collision with a Motor Vehicle in Transport;0;No;3;Intersection-Related;3;T-Intersection;0;None;1;On Roadway;1;Daylight;1;Clear;0;No Additional Atmospheric Conditions;1;Clear;0;No;0;Not Applicable;99;Unknown;99;Unknown;99;Unknown EMS Scene Arrival Hour;99;Unknown EMS Scene Arrival Minutes;99;Unknown;99;Unknown EMS Hospital Arrival Time;0;None;0;None;0;None;1;0
32;Nevada;320045;2;2;0;0;3;3;0;31;WASHOE (31);190;SPARKS;21;21;3;March;2019;5;Thursday;17;5:00pm-5:59pm;46;46;0;This section IS NOT on the NHS;6;Local Street - Municipality;SULLIVAN LN;BYRD DR;2;Urban;7;Local;4;City or Municipal Highway Agency;99998;Not Reported;39.55006111;39.55006111;-119.7712389;-119.77123889;0;No Special Jurisdiction;12;Motor Vehicle In-Transport;6;Angle;0;No;2;Intersection;3;T-Intersection;0;None;1;On Roadway;5;Dusk;1;Clear;0;No Additional Atmospheric Conditions;1;Clear;0;No;0;Not Applicable;99;Unknown;98;Unknown if Notified;99;Unknown EMS Scene Arrival Hour;98;Unknown if Arrived;88;Not Applicable (Not Transported);88;Not Applicable (Not Transported);0;None;0;None;0;None;1;0
32;Nevada;320079;1;1;0;0;1;1;0;3;CLARK (3);110;HENDERSON;13;13;5;May;2019;2;Monday;1;1:00am-1:59am;11;11;0;This section IS NOT on the NHS;5;Local Street - Township;ROBINDALE RD;JESSUP RD;2;Urban;4;Minor Arterial;3;Town or Township Highway Agency;99998;Not Reported;36.04961389;36.04961389;-115.1092611;-115.10926111;0;No Special Jurisdiction;38;Fence;0;The First Harmful Event was Not a Collision with a Motor Vehicle in Transport;0;No;3;Intersection-Related;3;T-Intersection;0;None;4;On Roadside;3;Dark - Lighted;1;Clear;0;No Additional Atmospheric Conditions;1;Clear;0;No;0;Not Applicable;99;Unknown;99;Unknown;99;Unknown EMS Scene Arrival Hour;99;Unknown EMS Scene Arrival Minutes;99;Unknown;99;Unknown EMS Hospital Arrival Time;0;None;0;None;0;None;1;1
32;Nevada;320088;2;2;0;0;2;2;0;3;CLARK (3);120;LAS VEGAS;4;4;6;June;2019;3;Tuesday;19;7:00pm-7:59pm;1;1;0;This section IS NOT on the NHS;6;Local Street - Municipality;CERTITUDE AVE;LICENSE ST;2;Urban;4;Minor Arterial;4;City or Municipal Highway Agency;99998;Not Reported;36.30195556;36.30195556;-115.2626139;-115.26261389;0;No Special Jurisdiction;12;Motor Vehicle In-Transport;6;Angle;0;No;2;Intersection;3;T-Intersection;0;None;1;On Roadway;3;Dark - Lighted;1;Clear;0;No Additional Atmospheric Conditions;1;Clear;0;No;0;Not Applicable;99;Unknown;99;Unknown;99;Unknown EMS Scene Arrival Hour;99;Unknown EMS Scene Arrival Minutes;88;Not Applicable (Not Transported);88;Not Applicable (Not Transported);0;None;0;None;0;None;1;0
32;Nevada;320090;2;2;0;0;2;2;0;3;CLARK (3);0;NOT APPLICABLE;28;28;3;March;2019;5;Thursday;18;6:00pm-6:59pm;40;40;0;This section IS NOT on the NHS;3;State Highway;SR-159 E CHARLESTON BLVD;TREE LINE DR;2;Urban;3;Principal Arterial - Other;1;State Highway Agency;99998;Not Reported;36.15943611;36.15943611;-115.039825;-115.039825;0;No Special Jurisdiction;12;Motor Vehicle In-Transport;6;Angle;0;No;2;Intersection;3;T-Intersection;0;None;1;On Roadway;5;Dusk;1;Clear;0;No Additional Atmospheric Conditions;1;Clear;0;No;0;Not Applicable;99;Unknown;99;Unknown;99;Unknown EMS Scene Arrival Hour;99;Unknown EMS Scene Arrival Minutes;99;Unknown;99;Unknown EMS Hospital Arrival Time;0;None;0;None;0;None;1;0
32;Nevada;320095;2;2;0;0;2;2;0;3;CLARK (3);120;LAS VEGAS;21;21;4;April;2019;1;Sunday;18;6:00pm-6:59pm;15;15;0;This section IS NOT on the NHS;3;State Highway;SR-147 W LAKE MEAD BLVD;LIRIO WAY;2;Urban;3;Principal Arterial - Other;1;State Highway Agency;99998;Not Reported;36.19578056;36.19578056;-115.2298889;-115.22988889;0;No Special Jurisdiction;12;Motor Vehicle In-Transport;6;Angle;0;No;2;Intersection;3;T-Intersection;0;None;1;On Roadway;1;Daylight;1;Clear;0;No Additional Atmospheric Conditions;1;Clear;0;No;0;Not Applicable;18;6:00pm-6:59pm;16;16;18;6:00pm-6:59pm;19;19;18;6:00pm-6:59pm;42;42;0;None;0;None;0;None;1;0
32;Nevada;320115;2;2;0;0;4;4;0;19;LYON (19);91;FERNLEY;19;19;4;April;2019;6;Friday;16;4:00pm-4:59pm;5;5;1;This section IS ON the NHS;2;U.S. Highway;US-50A E;DESERT ROSE;1;Rural;3;Principal Arterial - Other;1;State Highway Agency;99998;Not Reported;39.59264722;39.59264722;-119.155;-119.155;0;No Special Jurisdiction;12;Motor Vehicle In-Transport;6;Angle;0;No;2;Intersection;3;T-Intersection;0;None;1;On Roadway;1;Daylight;10;Cloudy;0;No Additional Atmospheric Conditions;10;Cloudy;0;No;0;Not Applicable;99;Unknown;99;Unknown;99;Unknown EMS Scene Arrival Hour;99;Unknown EMS Scene Arrival Minutes;99;Unknown;99;Unknown EMS Hospital Arrival Time;0;None;0;None;0;None;1;0
32;Nevada;320123;2;2;0;0;5;5;0;31;WASHOE (31);170;RENO;26;26;7;July;2019;6;Friday;16;4:00pm-4:59pm;7;7;0;This section IS NOT on the NHS;6;Local Street - Municipality;N VIRGINIA ST;LOVITT LN;2;Urban;6;Minor Collector;4;City or Municipal Highway Agency;99998;Not Reported;39.57023611;39.57023611;-119.8253306;-119.82533056;0;No Special Jurisdiction;12;Motor Vehicle In-Transport;6;Angle;0;No;2;Intersection;3;T-Intersection;0;None;1;On Roadway;1;Daylight;10;Cloudy;0;No Additional Atmospheric Conditions;10;Cloudy;0;No;0;Not Applicable;99;Unknown;99;Unknown;99;Unknown EMS Scene Arrival Hour;99;Unknown EMS Scene Arrival Minutes;99;Unknown;99;Unknown EMS Hospital Arrival Time;0;None;0;None;0;None;1;0
32;Nevada;320133;2;2;0;0;2;2;0;31;WASHOE (31);170;RENO;6;6;5;May;2019;2;Monday;20;8:00pm-8:59pm;37;37;1;This section IS ON the NHS;2;U.S. Highway;US-395 N VIRGINIA ST;NONE;2;Urban;3;Principal Arterial - Other;1;State Highway Agency;99998;Not Reported;39.55343889;39.55343889;-119.8261611;-119.82616111;0;No Special Jurisdiction;12;Motor Vehicle In-Transport;6;Angle;0;No;2;Intersection;3;T-Intersection;0;None;1;On Roadway;2;Dark - Not Lighted;10;Cloudy;2;Rain;2;Rain;0;No;0;Not Applicable;99;Unknown;99;Unknown;99;Unknown EMS Scene Arrival Hour;99;Unknown EMS Scene Arrival Minutes;99;Unknown;99;Unknown EMS Hospital Arrival Time;0;None;0;None;0;None;1;1
32;Nevada;320143;2;2;0;0;3;3;0;3;CLARK (3);0;NOT APPLICABLE;25;25;7;July;2019;5;Thursday;13;1:00pm-1:59pm;10;10;0;This section IS NOT on the NHS;3;State Highway;SR-604;CHECKERED FLAG LANE;2;Urban;4;Minor Arterial;1;State Highway Agency;99998;Not Reported;36.26531944;36.26531944;-115.012;-115.012;0;No Special Jurisdiction;12;Motor Vehicle In-Transport;2;Front-to-Front;0;No;2;Intersection;3;T-Intersection;0;None;1;On Roadway;1;Daylight;1;Clear;0;No Additional Atmospheric Conditions;1;Clear;0;No;0;Not Applicable;99;Unknown;99;Unknown;99;Unknown EMS Scene Arrival Hour;99;Unknown EMS Scene Arrival Minutes;99;Unknown;99;Unknown EMS Hospital Arrival Time;0;None;0;None;0;None;1;0
32;Nevada;320150;2;2;0;0;3;3;0;3;CLARK (3);0;NOT APPLICABLE;13;13;9;September;2019;6;Friday;19;7:00pm-7:59pm;25;25;0;This section IS NOT on the NHS;3;State Highway;SR-592 W FLAMINGO RD;DUNEVILLE ST;2;Urban;4;Minor Arterial;1;State Highway Agency;99998;Not Reported;36.11480833;36.11480833;-115.2206444;-115.22064444;0;No Special Jurisdiction;12;Motor Vehicle In-Transport;6;Angle;0;No;2;Intersection;3;T-Intersection;0;None;1;On Roadway;3;Dark - Lighted;1;Clear;0;No Additional Atmospheric Conditions;1;Clear;0;No;0;Not Applicable;99;Unknown;98;Unknown if Notified;99;Unknown EMS Scene Arrival Hour;98;Unknown if Arrived;88;Not Applicable (Not Transported);88;Not Applicable (Not Transported);0;None;0;None;0;None;3;1
32;Nevada;320179;2;2;0;0;2;2;0;5;DOUGLAS (5);0;NOT APPLICABLE;1;1;8;August;2019;5;Thursday;8;8:00am-8:59am;15;15;0;This section IS NOT on the NHS;5;Local Street - Township;ORCHARD RD;SCOTI LANE;1;Rural;7;Local;3;Town or Township Highway Agency;99998;Not Reported;38.94297222;38.94297222;-119.7220333;-119.72203333;0;No Special Jurisdiction;12;Motor Vehicle In-Transport;6;Angle;0;No;2;Intersection;3;T-Intersection;0;None;1;On Roadway;1;Daylight;1;Clear;0;No Additional Atmospheric Conditions;1;Clear;0;No;0;Not Applicable;99;Unknown;99;Unknown;99;Unknown EMS Scene Arrival Hour;99;Unknown EMS Scene Arrival Minutes;99;Unknown;99;Unknown EMS Hospital Arrival Time;0;None;0;None;0;None;1;0
32;Nevada;320194;2;2;0;0;3;3;0;3;CLARK (3);0;NOT APPLICABLE;15;15;7;July;2019;2;Monday;13;1:00pm-1:59pm;26;26;1;This section IS ON the NHS;3;State Highway;SR-604;I-15 RAMP;2;Urban;3;Principal Arterial - Other;1;State Highway Agency;570;570;35.93203333;35.93203333;-115.1906028;-115.19060278;0;No Special Jurisdiction;12;Motor Vehicle In-Transport;6;Angle;1;Yes;2;Intersection;3;T-Intersection;0;None;1;On Roadway;1;Daylight;1;Clear;0;No Additional Atmospheric Conditions;1;Clear;0;No;0;Not Applicable;99;Unknown;99;Unknown;99;Unknown EMS Scene Arrival Hour;99;Unknown EMS Scene Arrival Minutes;99;Unknown;99;Unknown EMS Hospital Arrival Time;0;None;0;None;0;None;1;0
32;Nevada;320196;2;2;0;0;3;3;0;3;CLARK (3);120;LAS VEGAS;16;16;8;August;2019;6;Friday;9;9:00am-9:59am;20;20;1;This section IS ON the NHS;3;State Highway;SR-589 E SAHARA AVE;S BRUCE ST;2;Urban;3;Principal Arterial - Other;1;State Highway Agency;99998;Not Reported;36.14429722;36.14429722;-115.1254556;-115.12545556;0;No Special Jurisdiction;12;Motor Vehicle In-Transport;6;Angle;0;No;2;Intersection;3;T-Intersection;0;None;1;On Roadway;1;Daylight;1;Clear;0;No Additional Atmospheric Conditions;1;Clear;0;No;0;Not Applicable;99;Unknown;99;Unknown;99;Unknown EMS Scene Arrival Hour;99;Unknown EMS Scene Arrival Minutes;99;Unknown;99;Unknown EMS Hospital Arrival Time;0;None;0;None;0;None;1;0
32;Nevada;320217;2;2;0;0;2;2;0;3;CLARK (3);110;HENDERSON;27;27;11;November;2019;4;Wednesday;23;11:00pm-11:59pm;21;21;0;This section IS NOT on the NHS;5;Local Street - Township;W WARM SPRINGS RD;GRAYSON CIR;2;Urban;4;Minor Arterial;3;Town or Township Highway Agency;99998;Not Reported;36.05660833;36.05660833;-115.0892194;-115.08921944;0;No Special Jurisdiction;12;Motor Vehicle In-Transport;1;Front-to-Rear;0;No;2;Intersection;3;T-Intersection;0;None;1;On Roadway;3;Dark - Lighted;10;Cloudy;0;No Additional Atmospheric Conditions;10;Cloudy;0;No;0;Not Applicable;99;Unknown;98;Unknown if Notified;99;Unknown EMS Scene Arrival Hour;98;Unknown if Arrived;88;Not Applicable (Not Transported);88;Not Applicable (Not Transported);0;None;0;None;0;None;1;1
32;Nevada;320240;2;2;0;0;2;2;0;3;CLARK (3);120;LAS VEGAS;5;5;11;November;2019;3;Tuesday;12;12:00pm-12:59pm;32;32;0;This section IS NOT on the NHS;6;Local Street - Municipality;S RAMPART BLVD;CANYON RUN DR;2;Urban;7;Local;4;City or Municipal Highway Agency;99998;Not Reported;36.17403889;36.17403889;-115.2871556;-115.28715556;0;No Special Jurisdiction;12;Motor Vehicle In-Transport;6;Angle;0;No;2;Intersection;3;T-Intersection;0;None;1;On Roadway;1;Daylight;1;Clear;0;No Additional Atmospheric Conditions;1;Clear;0;No;0;Not Applicable;12;12:00pm-12:59pm;34;34;12;12:00pm-12:59pm;39;39;12;12:00pm-12:59pm;53;53;0;None;0;None;0;None;1;0
32;Nevada;320259;2;2;0;0;3;3;0;3;CLARK (3);0;NOT APPLICABLE;13;13;12;December;2019;6;Friday;3;3:00am-3:59am;4;4;0;This section IS NOT on the NHS;6;Local Street - Municipality;N PECOS RD;EMMONS AVE;2;Urban;4;Minor Arterial;4;City or Municipal Highway Agency;99998;Not Reported;36.19453889;36.19453889;-115.0984417;-115.09844167;0;No Special Jurisdiction;12;Motor Vehicle In-Transport;7;Sideswipe - Same Direction;0;No;2;Intersection;3;T-Intersection;0;None;1;On Roadway;3;Dark - Lighted;1;Clear;0;No Additional Atmospheric Conditions;1;Clear;0;No;0;Not Applicable;99;Unknown;98;Unknown if Notified;99;Unknown EMS Scene Arrival Hour;98;Unknown if Arrived;88;Not Applicable (Not Transported);88;Not Applicable (Not Transported);0;None;0;None;0;None;2;1
32;Nevada;320265;1;1;0;0;1;1;0;23;NYE (23);0;NOT APPLICABLE;18;18;5;May;2019;7;Saturday;21;9:00pm-9:59pm;32;32;0;This section IS NOT on the NHS;5;Local Street - Township;E MESQUITE AVE;N ROCKAFELLER DR;2;Urban;7;Local;3;Town or Township Highway Agency;99998;Not Reported;36.249075;36.249075;-115.9937833;-115.99378333;0;No Special Jurisdiction;1;Rollover/Overturn;0;The First Harmful Event was Not a Collision with a Motor Vehicle in Transport;0;No;2;Intersection;3;T-Intersection;0;None;1;On Roadway;9;Reported as Unknown;1;Clear;0;No Additional Atmospheric Conditions;1;Clear;0;No;0;Not Applicable;99;Unknown;98;Unknown if Notified;99;Unknown EMS Scene Arrival Hour;98;Unknown if Arrived;88;Not Applicable (Not Transported);88;Not Applicable (Not Transported);0;None;0;None;0;None;1;1
32;Nevada;320271;1;1;0;1;1;1;1;3;CLARK (3);0;NOT APPLICABLE;10;10;10;October;2019;5;Thursday;13;1:00pm-1:59pm;7;7;0;This section IS NOT on the NHS;6;Local Street - Municipality;S MARYLAND PKWY;E UNIVERSITY AVE;2;Urban;4;Minor Arterial;2;County Highway Agency;99998;Not Reported;36.10444167;36.10444167;-115.1371583;-115.13715833;0;No Special Jurisdiction;8;Pedestrian;0;The First Harmful Event was Not a Collision with a Motor Vehicle in Transport;0;No;3;Intersection-Related;3;T-Intersection;0;None;1;On Roadway;1;Daylight;1;Clear;0;No Additional Atmospheric Conditions;1;Clear;0;No;0;Not Applicable;99;Unknown;99;Unknown;99;Unknown EMS Scene Arrival Hour;99;Unknown EMS Scene Arrival Minutes;99;Unknown;99;Unknown EMS Hospital Arrival Time;0;None;0;None;0;None;1;0
32;Nevada;320272;2;2;0;0;2;2;0;3;CLARK (3);150;NORTH LAS VEGAS;12;12;11;November;2019;3;Tuesday;8;8:00am-8:59am;0;0;0;This section IS NOT on the NHS;5;Local Street - Township;FARPOINT RD;W ANN RD;2;Urban;3;Principal Arterial - Other;2;County Highway Agency;99998;Not Reported;36.26181667;36.26181667;-115.1625722;-115.16257222;0;No Special Jurisdiction;12;Motor Vehicle In-Transport;6;Angle;0;No;2;Intersection;3;T-Intersection;0;None;1;On Roadway;1;Daylight;1;Clear;0;No Additional Atmospheric Conditions;1;Clear;0;No;0;Not Applicable;99;Unknown;99;Unknown;99;Unknown EMS Scene Arrival Hour;99;Unknown EMS Scene Arrival Minutes;99;Unknown;99;Unknown EMS Hospital Arrival Time;0;None;0;None;0;None;1;0
32;Nevada;320275;1;1;0;0;1;1;0;1;CHURCHILL (1);0;NOT APPLICABLE;3;3;11;November;2019;1;Sunday;11;11:00am-11:59am;17;17;0;This section IS NOT on the NHS;5;Local Street - Township;WILDES RD;TESTOLIN RD;1;Rural;7;Local;4;City or Municipal Highway Agency;99998;Not Reported;39.45873889;39.45873889;-118.7440528;-118.74405278;0;No Special Jurisdiction;3;Immersion or Partial Immersion;0;The First Harmful Event was Not a Collision with a Motor Vehicle in Transport;0;No;3;Intersection-Related;3;T-Intersection;0;None;4;On Roadside;9;Reported as Unknown;99;Reported as Unknown;0;No Additional Atmospheric Conditions;99;Reported as Unknown;0;No;0;Not Applicable;99;Unknown;98;Unknown if Notified;99;Unknown EMS Scene Arrival Hour;98;Unknown if Arrived;88;Not Applicable (Not Transported);88;Not Applicable (Not Transported);0;None;0;None;0;None;1;1